{"type": "FeatureCollection", "features": [{"type": "Feature", "properties": {"aoi_name": "Feni", "sensor": "Sentinel-1", "acquisition_date": "2024-08-21", "baseline_date": "2024-08-09", "area_km2": 0.8868, "threshold": 1.25, "detects": "open_water_only"}, "geometry": {"type": "Polygon", "coordinates": [[[91.47328714421434, 23.109307035154348], [91.4732891866185, 23.109126433148504], [91.47309394181285, 23.10912454380768], [91.4730959844574, 23.108943941813987], [91.47290073993325, 23.10894205224819], [91.47291503969618, 23.10767783828693], [91.47271979701912, 23.107675948594846], [91.47272184002111, 23.10749534659961], [91.47252659762553, 23.107493456682587], [91.47253272729088, 23.10695165072042], [91.47272796890371, 23.1069535405881], [91.47273001182346, 23.106772938575663], [91.47253477047155, 23.106771048724426], [91.47253885677121, 23.106409844719526], [91.47234361596169, 23.106407954659804], [91.47234565934158, 23.106227352667357], [91.47215041881351, 23.10622546238271], [91.47215246243375, 23.106044860402413], [91.47195722218716, 23.106042969892854], [91.47195926604773, 23.105862367924694], [91.4717640260826, 23.105860477190223], [91.47176198196112, 23.106041079141928], [91.47117626140644, 23.10603540544096], [91.47117217153637, 23.106396609232704], [91.4713674122225, 23.106398500740646], [91.4713653675175, 23.106579102646528], [91.47195109048204, 23.10658477577151], [91.47194291458729, 23.107307183549484], [91.47174767253487, 23.107305292683378], [91.47174358394226, 23.107666496513644], [91.47115785634294, 23.107660822368306], [91.471155811233, 23.107841424227615], [91.47096056848012, 23.107839532346603], [91.47095852308867, 23.108020134185143], [91.47037279417077, 23.10801445704438], [91.47037484034499, 23.107833855255244], [91.47017959767446, 23.10783196240868], [91.47018573685638, 23.10729015706486], [91.4699904949892, 23.10728826402633], [91.4699925416029, 23.10710766225293], [91.46979730001723, 23.1071057689895], [91.46979934687127, 23.106925167228265], [91.46960410556711, 23.10692327373993], [91.46961434083286, 23.106020264951606], [91.46980958083249, 23.106022158357554], [91.46981572096209, 23.105480352983495], [91.47001096019963, 23.105482246098656], [91.47001300660742, 23.105301644282232], [91.46981776763076, 23.105299751183548], [91.46982800066522, 23.104396742119224], [91.47002323833748, 23.10439863513554], [91.47002733088534, 23.10403743144675], [91.47022256805644, 23.104039324188765], [91.47022666000021, 23.103678120449825], [91.47042189667015, 23.10368001291756], [91.47043007926722, 23.10295760532217], [91.4706253149143, 23.1029594974827], [91.4706294055676, 23.102598293626258], [91.47082464071357, 23.10260018551253], [91.47083282072984, 23.101877777682162], [91.47063758662726, 23.10187588586175], [91.4706457673576, 23.101153478028422], [91.47084100041684, 23.101155369782965], [91.47086144819387, 23.099349349733874], [91.47203283133241, 23.099360694206197], [91.47203078821214, 23.099541296329214], [91.47320217365572, 23.099552632213815], [91.47320421521115, 23.099372029992132], [91.47359467666848, 23.099375806657125], [91.47360079964673, 23.098833999867672], [91.4737960296238, 23.098835887788937], [91.47380011098501, 23.098474683208263], [91.47497148814908, 23.098486005471795], [91.4749694490435, 23.098666607862835], [91.47516467890348, 23.098668494078698], [91.4751728341595, 23.097946084423057], [91.47419669028064, 23.09793665125938], [91.47419873034727, 23.097756048916835], [91.47400350189386, 23.097754161576706], [91.47400554220073, 23.097573559246285], [91.47381031402864, 23.09757167168132], [91.4738184760939, 23.096849262382364], [91.47362324898542, 23.096847374641854], [91.47363141176514, 23.096124965339822], [91.47343618572027, 23.096123077423794], [91.4734402675084, 23.09576187277985], [91.47324504200557, 23.095759984655444], [91.47325116531597, 23.09521817770658], [91.47305594061594, 23.095216289390244], [91.47306206452366, 23.094674482451996], [91.47442863237967, 23.094687695255196], [91.47442659292281, 23.094868297687274], [91.47501226595128, 23.094873956747954], [91.4750102272561, 23.095054559224995], [91.47559590125147, 23.095060216163784], [91.47558978738955, 23.095602023716847], [91.47598023838684, 23.09560579390163], [91.47597820091336, 23.09578639644354], [91.47617342670351, 23.09578828119047], [91.4761795382802, 23.095246473502627], [91.47656998835753, 23.095250242174313], [91.47658017130121, 23.094347229111207], [91.47618972383128, 23.094343460603554], [91.47619176088, 23.094162858010844], [91.47580131401355, 23.094159088571082], [91.47580946408915, 23.093436678288498], [91.47600468646921, 23.093438563063362], [91.47601079802844, 23.09289675525706], [91.47562035485309, 23.092892985564568], [91.47562646779201, 23.092351177818035], [91.47543124701723, 23.09234929265921], [91.47543736055367, 23.09180748492321], [91.4768039009331, 23.09182067562509], [91.47679168462517, 23.09290429174745], [91.47659646294525, 23.092902407986674], [91.47658628082146, 23.093805421221756], [91.47678150380499, 23.09380730506453], [91.47677539506694, 23.094349113003187], [91.47716584265983, 23.094352880063447], [91.4771638068943, 23.094533482733862], [91.47735903098221, 23.094535365918535], [91.47735495991115, 23.094896571279254], [91.47774540919141, 23.094900336990467], [91.47774337414663, 23.09508093969716], [91.4781338240303, 23.095084704476186], [91.47811754710675, 23.09652952623717], [91.4785080012444, 23.09653329031337], [91.47850596705835, 23.096713893046907], [91.47870119441866, 23.096715774739494], [91.4786991604729, 23.09689637748512], [91.47889438811445, 23.096898258952823], [91.47888828693664, 23.097440067213032], [91.47869305851277, 23.09743818569619], [91.47868492227934, 23.09816059658411], [91.4784896928328, 23.09815871476048], [91.47848765846247, 23.098339317455324], [91.47829242877562, 23.098337435374034], [91.47829039412402, 23.09851803804821], [91.47789993429015, 23.098514273129013], [91.47789789909649, 23.09869487576611], [91.47770266894948, 23.098692992928207], [91.47769859797911, 23.099054198156722], [91.477503367331, 23.099052315044748], [91.47750133155428, 23.09923291763617], [91.47730610066584, 23.099231034266516], [91.47730406460782, 23.099411636837242], [91.47710883347908, 23.099409753209905], [91.47710679713978, 23.099590355759933], [91.47691156577072, 23.099588471874902], [91.47690749250899, 23.099949676929267], [91.47710272439967, 23.099951560847085], [91.4771006879989, 23.100132163384213], [91.47729592017087, 23.100134047077137], [91.47728981162801, 23.100675854711906], [91.47709457867356, 23.1006739709698], [91.47709050568754, 23.101035176005357], [91.47689527223191, 23.10103329198915], [91.47689323544733, 23.101213894484083], [91.47669800175137, 23.101212010210165], [91.4766918904921, 23.10175381761995], [91.47649665603414, 23.101751933055514], [91.47649461864589, 23.101932535500445], [91.47629938394759, 23.101930650678284], [91.47629530858786, 23.102291855522427], [91.47610007338837, 23.10228997042613], [91.4760980354169, 23.10247057282535], [91.47629327087725, 23.102472457938052], [91.47629123314611, 23.10265306034937], [91.47648646888783, 23.102654945237145], [91.47648443139705, 23.102835547660572], [91.47667966742011, 23.102837432323426], [91.47667355560733, 23.103379239617098], [91.47589260850782, 23.10337169932084], [91.47589464684269, 23.103191096959538], [91.47550417393772, 23.103187325396213], [91.47550621277381, 23.103006723063437], [91.47453003217474, 23.10299729001386], [91.4745320722946, 23.102816687758875], [91.47433683649722, 23.102814800441394], [91.47434499781471, 23.10209239144416], [91.47414976308127, 23.102090503951054], [91.47415180362015, 23.101909901707423], [91.47376133473655, 23.1019061260301], [91.47376541679608, 23.101544921595657], [91.47357018290677, 23.101543033427884], [91.47357222416655, 23.101362431220647], [91.47337699055862, 23.101360542828], [91.47337903205869, 23.1011799406329], [91.47318379873214, 23.101178052015374], [91.47318992389158, 23.100636245453565], [91.47338515643565, 23.100638134021768], [91.47339128062772, 23.100096327371933], [91.4728055854045, 23.100090661091357], [91.47280354324523, 23.100271263262954], [91.47260831128445, 23.100269374003723], [91.47260422638263, 23.100630578301114], [91.47279945886507, 23.100632467593236], [91.47278312052227, 23.10207728474233], [91.47258788595317, 23.102075395318664], [91.47258584330699, 23.102255997426493], [91.47278107813693, 23.10225788686661], [91.4727769933046, 23.10261909110227], [91.47316746406953, 23.1026228693243], [91.47316542214423, 23.10280347146856], [91.47336065781839, 23.102805360234026], [91.4733586161334, 23.10298596239042], [91.47355385208894, 23.10298785093099], [91.47355181064428, 23.10316845309952], [91.4739422831387, 23.103172229489527], [91.47393616024661, 23.10371403606792], [91.47413139730723, 23.103715923950215], [91.47412731579821, 23.104077128347157], [91.47490826633296, 23.104084677594336], [91.47490622659116, 23.10426527985205], [91.47568717849781, 23.10427282530338], [91.47568513977899, 23.104453427622467], [91.47607561637717, 23.104457198932863], [91.4760715399215, 23.10481840362377], [91.47626677877312, 23.10482028894976], [91.47626270275721, 23.10518149365629], [91.4764579421511, 23.105183378773734], [91.47645590437327, 23.105363981136946], [91.47684638374439, 23.105367750680564], [91.47684842100043, 23.105187148284546], [91.47723889993175, 23.10519091682993], [91.4772450100116, 23.10464910951769], [91.47744024872534, 23.104650993379156], [91.47744228511675, 23.10447039091674], [91.4776375235901, 23.104472274520468], [91.47763955970015, 23.104291672037366], [91.47783479793311, 23.104293555383347], [91.47784294112489, 23.10357114534236], [91.4784286528162, 23.10357679373559], [91.4784266178316, 23.103757396301447], [91.47862185536387, 23.10375927863289], [91.47861982061966, 23.103939881210824], [91.47881505843327, 23.10394176331731], [91.47880692029518, 23.10466417365157], [91.4790021591728, 23.104666055582218], [91.47900012484797, 23.104846658171407], [91.47919536400693, 23.10484853987708], [91.47919332992252, 23.10502914247834], [91.47958380882362, 23.10503290519836], [91.47958584238626, 23.104852302564346], [91.48075727801525, 23.10486358483363], [91.48074102146435, 23.106308406570818], [91.47956957331226, 23.10629712351605], [91.47956753958593, 23.106477726115656], [91.47917705651041, 23.10647396313367], [91.47917298795271, 23.106835168254506], [91.47897774592383, 23.106833286368698], [91.47897367676241, 23.10719449143957], [91.47877843423215, 23.10719260927963], [91.47877639935982, 23.107373211792233], [91.47858115658913, 23.107371329374534], [91.47857912143539, 23.10755193186646], [91.47779814951376, 23.107544399716257], [91.47780222188815, 23.10718319485919], [91.47760697948081, 23.107181311250955], [91.47760901589818, 23.107000708832363], [91.47702328958185, 23.106995056608557], [91.4770212523817, 23.107175658977965], [91.47545931435293, 23.107160575629194], [91.47545727504493, 23.10734117786305], [91.47467630547925, 23.107333630329848], [91.47467426510704, 23.10751423249372], [91.47408853736557, 23.107508569260023], [91.47408241377741, 23.108050375577992], [91.47427765712015, 23.108052263613228], [91.47427561614396, 23.108232865727047], [91.4746661034129, 23.108236641106206], [91.47466406293803, 23.108417243248564], [91.47485930686423, 23.108419130592477], [91.47485726662977, 23.108599732746967], [91.47505251083744, 23.108601619865908], [91.47504639079374, 23.10914342635282], [91.47407016604656, 23.109133988097785], [91.4740681246862, 23.10931459016937], [91.47328714421434, 23.109307035154348]], [[91.47488378807654, 23.106251904403106], [91.47546951058514, 23.106257564395406], [91.47547154977003, 23.10607696213575], [91.47586203102323, 23.10608073422427], [91.47586406966579, 23.105900131927484], [91.47605931006227, 23.105902017593284], [91.47606134842341, 23.105721415275784], [91.4756708681728, 23.105717643735638], [91.47567290703522, 23.105537041446652], [91.47508718759585, 23.10553138237546], [91.47508310828508, 23.10589258685062], [91.4748878679912, 23.10589069997799], [91.47488378807654, 23.106251904403106]], [[91.47557348285528, 23.097046843669162], [91.47596393802475, 23.097050614116515], [91.47596597564178, 23.0968700116047], [91.47616120299651, 23.09687189645008], [91.47616324033227, 23.096691293917555], [91.47596801323832, 23.096689409088594], [91.47597208836986, 23.09632820404347], [91.47577686181793, 23.096326319006064], [91.47577482400165, 23.096506921514365], [91.47538437043782, 23.09650315068296], [91.47538029370067, 23.096864355621012], [91.47557552099386, 23.096866241190174], [91.47557348285528, 23.097046843669162]]]}}, {"type": "Feature", "properties": {"aoi_name": "Feni", "sensor": "Sentinel-1", "acquisition_date": "2024-08-21", "baseline_date": "2024-08-09", "area_km2": 0.54, "threshold": 1.25, "detects": "open_water_only"}, "geometry": {"type": "Polygon", "coordinates": [[[91.42537283529111, 23.232559198592725], [91.42538131132487, 23.231836818272306], [91.42557672974242, 23.23183877638423], [91.42557884843501, 23.23165818127633], [91.42577426661111, 23.231660139128476], [91.42577850340707, 23.231298948865756], [91.42597392107902, 23.231300906441163], [91.42597603918243, 23.231120311286347], [91.42617145661293, 23.231122268601997], [91.42617357443238, 23.23094167342588], [91.42695524331607, 23.230949500192597], [91.4269573600635, 23.23076890494433], [91.4275436111612, 23.230774772419103], [91.42754995891178, 23.230232986495803], [91.42774537519874, 23.230234941784293], [91.42775383751824, 23.229512560424826], [91.427558422282, 23.22951060520411], [91.42756053807149, 23.229330009870356], [91.42736512311916, 23.2293280544238], [91.42736723915009, 23.22914745910267], [91.42717182448166, 23.229145503430274], [91.42717394075402, 23.22896490812176], [91.42697852636952, 23.228962952223537], [91.42698064288331, 23.228782356927645], [91.42658981470333, 23.22877844443677], [91.42659193172122, 23.228597849170452], [91.42620110415154, 23.228593935742385], [91.4262032216735, 23.228413340505647], [91.4260078081832, 23.228411383444417], [91.42600569039858, 23.228591978664188], [91.42581027666685, 23.228590021343223], [91.42579756793681, 23.229673592469158], [91.42462507653678, 23.229661842834194], [91.42463143572559, 23.229120057596173], [91.42443602135471, 23.229118098524868], [91.42443814130444, 23.228937503453835], [91.4242427272175, 23.228935544156727], [91.42424484740862, 23.228754949098356], [91.42385401982389, 23.228751029809768], [91.42386038184557, 23.22820924471055], [91.42366496887311, 23.22820728475305], [91.42367345232138, 23.227484904628085], [91.42347804042079, 23.227482944495765], [91.42348228254252, 23.22712175444127], [91.42328687118852, 23.22711979410017], [91.42329959861871, 23.2260362239347], [91.42388582801722, 23.226042103923955], [91.42388794839322, 23.225861508830256], [91.42408335797265, 23.225863468324206], [91.42409607820612, 23.224779897569196], [91.42429148623114, 23.224781856718522], [91.424293605933, 23.224601261560547], [91.4244890137167, 23.22460322045017], [91.42449113313465, 23.22442262527089], [91.42507735582555, 23.224428500432463], [91.42507947443444, 23.22424790519793], [91.425274881778, 23.2242498630827], [91.42527700010304, 23.224069267826867], [91.42547240720525, 23.22407122545195], [91.42547452524644, 23.223890630174825], [91.42606074589281, 23.223896501542846], [91.42605862863941, 23.224077096870868], [91.42625403582663, 23.224079053525067], [91.42624980178127, 23.224440244202032], [91.42644520951494, 23.224442200647427], [91.42644309272299, 23.22462279599637], [91.42663850074051, 23.22462475221599], [91.42664061726985, 23.224444156850094], [91.42742224850184, 23.224451979233493], [91.4274201330229, 23.224632574667194], [91.42781094929151, 23.224636484436424], [91.4278151791777, 23.22427529349692], [91.42976925654159, 23.224294827440737], [91.42976714423513, 23.224475423081966], [91.43015796048758, 23.224479326991865], [91.43015584868513, 23.2246599226626], [91.43132829952663, 23.224671628668297], [91.43132618927864, 23.22485222443617], [91.43152159808896, 23.224854174604463], [91.43151948808242, 23.225034770384905], [91.43171489717652, 23.22503672032737], [91.43171278741143, 23.225217316120386], [91.43190819678932, 23.22521926583701], [91.43190186815484, 23.225761053240777], [91.43170645798908, 23.22575910347345], [91.43170223826833, 23.22612029502053], [91.43131141694981, 23.22611639469004], [91.43130719609383, 23.226477586152196], [91.43150260726777, 23.226479536472613], [91.43149416635224, 23.227201919412586], [91.43090792974232, 23.2271960675202], [91.43090581867256, 23.227376663193652], [91.43110123111732, 23.22737861408411], [91.43109912028903, 23.22755920977015], [91.43188077133051, 23.227567010971985], [91.43187866153166, 23.227747606721298], [91.43207407460761, 23.22774955643175], [91.43206563625105, 23.228471939453303], [91.43187022212447, 23.228469989675265], [91.43186389234678, 23.22901177684529], [91.43166847745334, 23.229009826773783], [91.43165792608704, 23.229912805219413], [91.43146250990141, 23.229910854820613], [91.43146039930193, 23.230091450479858], [91.43126498287478, 23.230089499821357], [91.43126287199144, 23.230270095459367], [91.430676622049, 23.230264241976403], [91.43067451035641, 23.230444837559354], [91.43028367664202, 23.230440933989577], [91.43028156440285, 23.23062152953436], [91.42989073024785, 23.23061762495956], [91.42988439182699, 23.23115941146646], [91.42968897399318, 23.231157458764102], [91.42968686088112, 23.23133805424082], [91.42949144280583, 23.231336101278725], [91.42948932940986, 23.2315166967342], [91.42929391109305, 23.23151474351237], [91.42929179741319, 23.231695338946587], [91.42909637885488, 23.23169338546502], [91.42909426489108, 23.231873980877975], [91.42889884609127, 23.231872027136678], [91.42889673184355, 23.23205262252837], [91.4283104747833, 23.232046759796784], [91.42831258981916, 23.23186616445589], [91.42811717110422, 23.23186420974334], [91.42812351687262, 23.231322423745496], [91.42734184537763, 23.231314602670476], [91.42733972909191, 23.231495197939648], [91.42753514719651, 23.231497153589558], [91.42752668289212, 23.232219534690728], [91.42694042548948, 23.23221366680919], [91.42694254238558, 23.232033071591243], [91.42655170474877, 23.232029158490043], [91.42654958732724, 23.23220975367408], [91.42615874924999, 23.232205839567715], [91.4261566312818, 23.232386434713508], [91.42596121201233, 23.232384477279137], [91.42595909376016, 23.23256507240364], [91.42537283529111, 23.232559198592725]]]}}, {"type": "Feature", "properties": {"aoi_name": "Feni", "sensor": "Sentinel-1", "acquisition_date": "2024-08-21", "baseline_date": "2024-08-09", "area_km2": 0.5316, "threshold": 1.25, "detects": "open_water_only"}, "geometry": {"type": "Polygon", "coordinates": [[[91.46304166814795, 23.13449449071102], [91.46304784391359, 23.133952689012514], [91.4632431237231, 23.13395459270693], [91.46324518200893, 23.13377399211559], [91.46265934342641, 23.13376828035694], [91.46265522526622, 23.134129481435984], [91.46187410535566, 23.134121862241702], [91.46188646585888, 23.1330382593503], [91.46208174423768, 23.13304016441203], [91.46208586371712, 23.132678963380634], [91.46228114159406, 23.132680868167565], [91.46228320104143, 23.13250026762885], [91.46267375633485, 23.132504076444565], [91.46267581523897, 23.132323475868425], [91.46287109265546, 23.132325379897225], [91.46287520987899, 23.131964178698915], [91.46346104068502, 23.131969889235997], [91.46346927174847, 23.131247486589075], [91.46366454768012, 23.13124938955193], [91.46366660513299, 23.131068788862876], [91.46386188082408, 23.13107069156753], [91.46386599514521, 23.130709490143424], [91.46367071997663, 23.13070758747186], [91.46367483473753, 23.13034638606362], [91.46328428550746, 23.130342580061733], [91.46327193784141, 23.13142618403621], [91.46307666168987, 23.131424280573498], [91.46307460341183, 23.13160488120429], [91.46287932701972, 23.131602977483368], [91.4628772684597, 23.13178357809329], [91.46170560897428, 23.13177215059354], [91.46170354882595, 23.131952751099803], [91.46131299530731, 23.13194893996679], [91.46130681317031, 23.13249074136032], [91.46033042581728, 23.132481209050056], [91.4603366118734, 23.131939407905154], [91.45994605864499, 23.13193559338886], [91.45996049570788, 23.130671390798796], [91.4597652209536, 23.13066948329426], [91.45976728356945, 23.130488882923604], [91.45957200909717, 23.130486975193996], [91.45957407195353, 23.130306374835627], [91.45937879776325, 23.130304466880965], [91.4593829239362, 23.129943266184466], [91.45918765028917, 23.129941358021348], [91.4591938401767, 23.129399556994063], [91.45938911304003, 23.129401465107406], [91.45939530195712, 23.128859663991573], [91.45920002987748, 23.128857755928014], [91.45920621939152, 23.128315954823176], [91.45940149068748, 23.12831786283697], [91.45940974203752, 23.12759546123718], [91.45999555291534, 23.127601183629793], [91.45999761491736, 23.127420583169314], [91.45980234486522, 23.12741867596331], [91.45980646932946, 23.1270574750626], [91.45922066086472, 23.12705175209445], [91.45922684975628, 23.126509950860378], [91.4594221184402, 23.126511858708263], [91.45942830636146, 23.125970057385647], [91.45981884222441, 23.125973872257088], [91.45982090430097, 23.125793271774423], [91.46001617200236, 23.125795178831172], [91.46002029557091, 23.125433977819757], [91.45982502839188, 23.12543207079618], [91.45982709040622, 23.125251470300594], [91.4596318235091, 23.125249563052023], [91.45963388576389, 23.12506896256871], [91.45943861914868, 23.125067055095133], [91.45944480657207, 23.124525253669145], [91.4592495407611, 23.12452334600376], [91.45925366612863, 23.124162145064734], [91.45905840086074, 23.124160237190964], [91.45906046377455, 23.12397963673158], [91.45886519878854, 23.123977728632827], [91.45887138818891, 23.123435927278635], [91.45906665239146, 23.1234378353276], [91.45907077803233, 23.123076634370076], [91.45965656919753, 23.123082356968062], [91.45965863120342, 23.122901756433066], [91.46024442177189, 23.122907476807267], [91.46024648297362, 23.122726876218216], [91.46063700960065, 23.122730688560072], [91.46063907025936, 23.12255008793355], [91.46102959644703, 23.12255389927604], [91.46103165656275, 23.122373298612064], [91.46142218231104, 23.122377108955188], [91.46142424188379, 23.122196508253772], [91.46181476719268, 23.122200317597567], [91.46181682622245, 23.12201971685871], [91.46201208864683, 23.122021621151713], [91.46201414739477, 23.121841020391987], [91.46357624544608, 23.12185624590787], [91.46357007540728, 23.122398048571405], [91.4637653385402, 23.12239995072356], [91.46375916909862, 23.122941753397967], [91.46395443303565, 23.1229436553582], [91.46395032049345, 23.123304857152682], [91.4645361139955, 23.123310561683237], [91.46453405847683, 23.123491162623637], [91.46472932328001, 23.12349306366723], [91.46472726800182, 23.12367366461985], [91.46531306331885, 23.123679366350814], [91.46531100880344, 23.123859967348718], [91.46570153964043, 23.123863767327894], [91.46569948562669, 23.124044368354543], [91.46589475133733, 23.124046267998295], [91.4658885899556, 23.124588071101975], [91.46510752410303, 23.124580470879234], [91.46510957896227, 23.12439986991508], [91.46491431281196, 23.12439796927197], [91.46491225769157, 23.124578570219605], [91.46452172493062, 23.124574768175595], [91.46451966926722, 23.124755369085857], [91.46432440265659, 23.124753467684947], [91.46432234671136, 23.124934068574355], [91.46412707986023, 23.124932166915332], [91.46412502363313, 23.125112767783904], [91.46392975654153, 23.12511086586675], [91.46392564350293, 23.12547206755789], [91.46412091111691, 23.125473969508118], [91.46411474218743, 23.12601577206214], [91.46391947378991, 23.126013870062287], [91.46391536054448, 23.12637507171036], [91.46372009164527, 23.126373169435826], [91.46371803473032, 23.12655377023686], [91.46352276559062, 23.126551867704183], [91.46351659393807, 23.127093670031808], [91.46371186386139, 23.127095572614113], [91.46370980686369, 23.127276173397924], [91.46410034729477, 23.1272799778708], [91.4640982907988, 23.12746057868338], [91.46429356130658, 23.127462480573943], [91.46428327982258, 23.128365484654935], [91.46408800800873, 23.128363582681683], [91.46406744087727, 23.130169590355262], [91.46445798975034, 23.130173394390905], [91.46445387712083, 23.130534595940087], [91.46484442712163, 23.130538399075288], [91.46483209187193, 23.13162200381788], [91.46463681529363, 23.131620102271903], [91.46463064660584, 23.13216190453544], [91.46482592396796, 23.13216380613102], [91.46481564371449, 23.13306680990011], [91.46462036504595, 23.133064908221865], [91.46461008296909, 23.133967911800603], [91.46441480301473, 23.133966009797998], [91.46441274627603, 23.134146610484283], [91.46402218590677, 23.134142805720934], [91.46402012862477, 23.134323406369838], [91.46382484820987, 23.134321503609087], [91.46382279064586, 23.13450210423714], [91.46304166814795, 23.13449449071102]], [[91.46036341596013, 23.12959160249588], [91.46114450908055, 23.129599227766555], [91.46114656974328, 23.12941862725399], [91.46212293530388, 23.129428153322692], [91.46212499463972, 23.129247552722997], [91.46232026755276, 23.129249457195275], [91.46233056261516, 23.12834645404937], [91.46291637756008, 23.128352165768074], [91.46291843572678, 23.128171565076308], [91.46311370715527, 23.128173468482746], [91.46311782290414, 23.12781226705318], [91.46253201024807, 23.127806556208323], [91.4625340688751, 23.12762595553674], [91.46214352773032, 23.127622147131877], [91.46214558685907, 23.12744154648911], [91.46155977608085, 23.127435832119406], [91.46156389584343, 23.127074630920315], [91.46117335647301, 23.127070820198735], [91.46116923566562, 23.127432021331543], [91.46077869533327, 23.127428209577243], [91.46077045138014, 23.128150611658583], [91.46057518020021, 23.12814870535271], [91.46057311889889, 23.1283293058457], [91.46037784747848, 23.128327399281627], [91.46037372429119, 23.128688600221523], [91.46017845236908, 23.128686693382672], [91.46017020470077, 23.129409095144446], [91.46036547766782, 23.129411002049626], [91.46036341596013, 23.12959160249588]], [[91.46198120494277, 23.124730632030793], [91.4623717376881, 23.124734440388956], [91.46237379622434, 23.12455383966071], [91.4629595947141, 23.124559550336432], [91.46296576784815, 23.124017747976865], [91.46277050244767, 23.124015844709522], [91.46277256037878, 23.123835243930944], [91.46238203016225, 23.12383143670466], [91.46238408859496, 23.123650835954887], [91.4621888237789, 23.123648931995948], [91.46218470637045, 23.12401013345808], [91.4619894410528, 23.124008229224454], [91.46198120494277, 23.124730632030793]]]}}, {"type": "Feature", "properties": {"aoi_name": "Feni", "sensor": "Sentinel-1", "acquisition_date": "2024-08-21", "baseline_date": "2024-08-09", "area_km2": 0.3832, "threshold": 1.25, "detects": "open_water_only"}, "geometry": {"type": "Polygon", "coordinates": [[[91.45618935399692, 23.118894182249814], [91.45619142022524, 23.118713581914648], [91.45599616312315, 23.118711670674504], [91.45600029603958, 23.11835047002449], [91.45560978294205, 23.118346646886188], [91.45561598372718, 23.117804845978647], [91.45581123948237, 23.117806757618666], [91.4558133061081, 23.117626157290903], [91.456008561623, 23.1176280686728], [91.45601476059231, 23.117086267613807], [91.45562425114964, 23.117082444708288], [91.45561805061399, 23.117624245667518], [91.45503228425643, 23.11761850934839], [91.45503641953401, 23.11725730881301], [91.4548411646452, 23.11725539625692], [91.45484323251384, 23.117074795999397], [91.45464797790689, 23.117072883218455], [91.45465211410387, 23.11671168272378], [91.45445686003983, 23.116709769734637], [91.45445892836814, 23.11652916949748], [91.45406842082456, 23.116525342828027], [91.45406014529802, 23.117247743617654], [91.45327912628383, 23.117240087114563], [91.45328119624091, 23.117059486990218], [91.45308594180047, 23.117057572277382], [91.45309008217423, 23.116696372049077], [91.45230906670913, 23.116688710916147], [91.45231113790896, 23.116508110862185], [91.45192063082351, 23.11650427888016], [91.45192684586421, 23.11596247879242], [91.4513410877417, 23.115956729158334], [91.4513473049441, 23.115414929181874], [91.45193306071734, 23.115420678665902], [91.45192891750276, 23.115781878754554], [91.45251467502973, 23.115787626165375], [91.45251260417429, 23.115968226253237], [91.45270785698598, 23.115970141590566], [91.4527099275804, 23.115789541486034], [91.45290518015189, 23.11579145656523], [91.45291553150638, 23.1148884558947], [91.45272028024002, 23.114886540898805], [91.45272442115805, 23.11452534063376], [91.45155291712962, 23.114513845787712], [91.45155913304863, 23.113972045657846], [91.45194963274204, 23.113975878138994], [91.45195170415136, 23.113795278053747], [91.45214695376829, 23.113797193915474], [91.4521510960024, 23.11343599369872], [91.45195584690745, 23.113434077870323], [91.4519599895802, 23.113072877669673], [91.45176474102807, 23.113070961633174], [91.45176266944112, 23.113251561718982], [91.45156742064884, 23.11324964542438], [91.45156534878006, 23.113430245489198], [91.45137009974762, 23.11342832893647], [91.451368027597, 23.113608928980323], [91.4507822798418, 23.113603177823443], [91.45078435277543, 23.113422577829628], [91.4505891038264, 23.113420660311128], [91.45059117700018, 23.113240060329694], [91.450395928333, 23.11323814258643], [91.45040422186345, 23.11251574268433], [91.45059946948668, 23.112517660360858], [91.45060154255616, 23.112337060357877], [91.45118728476798, 23.11234281188881], [91.45118521248145, 23.11252341194183], [91.45157570791555, 23.11252724512198], [91.45157363613014, 23.11270784520404], [91.45176888413944, 23.112709761448635], [91.45177095566386, 23.1125291613499], [91.45216145122302, 23.112532993081455], [91.45216352220463, 23.112352392945077], [91.45274926491668, 23.11235813868166], [91.452747194718, 23.11253873886803], [91.4541139302685, 23.11255213725317], [91.45410979346255, 23.11291333784612], [91.45430504200355, 23.112915250968687], [91.45430297383037, 23.113095851275347], [91.45469347149682, 23.113099676829457], [91.4546914038248, 23.113280277165092], [91.45488665295022, 23.11328218959662], [91.45490525890067, 23.111656786271137], [91.45451476536836, 23.111652961466135], [91.45451683311413, 23.111472361108387], [91.45412634018697, 23.11146853537097], [91.4541284084339, 23.111287935042192], [91.4539331622625, 23.111286021828004], [91.45393109375462, 23.111466622140128], [91.4533453545824, 23.111460880999076], [91.45335570082817, 23.110557879645125], [91.4549176619317, 23.110573183860353], [91.45491972903075, 23.11039258344348], [91.45511497400133, 23.110394495367398], [91.45511704081865, 23.110213894929583], [91.45589801986515, 23.110221540144625], [91.45590008561783, 23.110040939635986], [91.45609533017047, 23.1100428503196], [91.45610152652101, 23.109501048717974], [91.45668725795508, 23.1095067791708], [91.45668519330852, 23.109687379758842], [91.45688043742237, 23.109689289443594], [91.4568742441409, 23.110231091231743], [91.45667899924419, 23.110229181497132], [91.45667280499292, 23.110770983196677], [91.45686805067248, 23.11077289298113], [91.45686598614147, 23.11095349355565], [91.45706123210279, 23.11095540311531], [91.45705916781196, 23.111136003702136], [91.45725441405501, 23.111137913036984], [91.4572523500044, 23.11131851363612], [91.45744759652918, 23.11132042274615], [91.45743727726946, 23.112223425760284], [91.45763252511989, 23.11222533471194], [91.45763046146665, 23.112405935318463], [91.45802095775176, 23.1124097525307], [91.45801889459972, 23.112590353166112], [91.4582141430344, 23.112592261426684], [91.45820795423671, 23.113134063356913], [91.45801270501906, 23.11313215504654], [91.45801064178399, 23.11331275566474], [91.45781539232608, 23.11331084709631], [91.45781126527167, 23.11367204828658], [91.45800651525158, 23.11367395688821], [91.45800032529728, 23.114215758691127], [91.45721932237012, 23.114208122636605], [91.45720280655924, 23.115652926723442], [91.45700755379119, 23.115651016973267], [91.45700135923629, 23.116192818384924], [91.45719661278746, 23.116194728184944], [91.45718835413429, 23.116917130073322], [91.45699309953895, 23.11691522020685], [91.45698896956564, 23.117276421091972], [91.45679371446896, 23.11727451095078], [91.45678338786682, 23.11817751300513], [91.45697864426884, 23.1181794232294], [91.45697244884147, 23.118721224460167], [91.45677719165624, 23.11871931418605], [91.45677512621116, 23.118899914571074], [91.45618935399692, 23.118894182249814]], [[91.45546413373123, 23.11401032700818], [91.45604988455145, 23.114016060880655], [91.45605608227365, 23.113474259563237], [91.45586083276245, 23.113472348563747], [91.4558628988893, 23.113291748132625], [91.45527715126346, 23.113286013735355], [91.4552709504716, 23.11382781486614], [91.45546620044243, 23.113829726623234], [91.45546413373123, 23.11401032700818]]]}}, {"type": "Feature", "properties": {"aoi_name": "Feni", "sensor": "Sentinel-1", "acquisition_date": "2024-08-21", "baseline_date": "2024-08-09", "area_km2": 0.3324, "threshold": 1.25, "detects": "open_water_only"}, "geometry": {"type": "Polygon", "coordinates": [[[91.47385112106913, 23.093959624498503], [91.47385316120554, 23.093779022094207], [91.4724866029064, 23.093765804800412], [91.47248864484732, 23.093585202506887], [91.47229342257607, 23.09358331337361], [91.47229546475715, 23.093402711092235], [91.47210024276718, 23.093400821734186], [91.47210228518843, 23.093220219464964], [91.47190706347972, 23.09321832988214], [91.47190910614113, 23.093037727625063], [91.47151866330682, 23.093033947768685], [91.47152070646908, 23.092853345540213], [91.47113026423845, 23.092849564751887], [91.47113639516611, 23.092307758139427], [91.47211249698631, 23.09231720805432], [91.47211453928422, 23.092136605759286], [91.47270019984097, 23.092142272764402], [91.47269815832516, 23.092322875108774], [91.47328381984892, 23.09232853999237], [91.47328790129579, 23.09196733520069], [91.47367834137157, 23.091971110517978], [91.47368038154279, 23.09179050808282], [91.47387560135078, 23.091792395363225], [91.47387764124079, 23.091611792907344], [91.47368242169348, 23.091609905643367], [91.47369262213896, 23.090706893381597], [91.47388784038282, 23.09070878056341], [91.47388988014964, 23.090528178081733], [91.47408509815337, 23.09053006500593], [91.47409937412147, 23.089265847398764], [91.4739041579424, 23.089263960589562], [91.47391027668849, 23.08872215302844], [91.47410549208558, 23.088724039788353], [91.47410957062569, 23.088362834693246], [91.47430478552201, 23.08836472117914], [91.47430886345873, 23.088003516033982], [91.47411364908368, 23.088001629580944], [91.47411568828187, 23.087821027018343], [91.47372526011466, 23.087817253421655], [91.4737272998136, 23.087636650887617], [91.47353208602142, 23.087634763743967], [91.4735402456544, 23.086912353630552], [91.47334503292527, 23.08691046631149], [91.47334911313979, 23.08654926126186], [91.47295868878562, 23.086545485966056], [91.47296276996046, 23.086184280964982], [91.47276755833543, 23.08618239298825], [91.47278592495077, 23.08455697041858], [91.47298113423041, 23.084558858247345], [91.47298929559408, 23.083836448038856], [91.47279408735677, 23.08383456027585], [91.47282061290632, 23.08148672683699], [91.47321102262687, 23.081490501694482], [91.47321306238888, 23.081309899059296], [91.47360347167047, 23.081313672919602], [91.47360551089086, 23.081133070247258], [91.47419112418561, 23.08113872918033], [91.47418093178655, 23.082041742745538], [91.47398572603171, 23.082039856593457], [91.47396941504147, 23.083484677942888], [91.47377420722263, 23.083482791418284], [91.47376197155431, 23.084566407151247], [91.47395718093662, 23.084568293774428], [91.47395514184731, 23.08474889639798], [91.47415035151074, 23.084750782796466], [91.4741462737917, 23.085111988063524], [91.47434148399687, 23.085113874253747], [91.47433944536715, 23.085294476897246], [91.47453465585342, 23.08529636286277], [91.4745326174638, 23.0854769655184], [91.47492303901909, 23.08548073675891], [91.47492507688752, 23.08530013407044], [91.47590112983173, 23.085309557869902], [91.47590723940495, 23.084767749532503], [91.47610244927351, 23.08476963351979], [91.47610652169864, 23.08440842790723], [91.47513047516675, 23.08439900572368], [91.4751325126515, 23.084218402992995], [91.47493730366723, 23.084216517849356], [91.47493934139206, 23.084035915130794], [91.47474413268888, 23.08403402976246], [91.47475432230814, 23.083131016187295], [91.47494952970843, 23.083132901473537], [91.47495156731016, 23.082952298729193], [91.4751467744704, 23.082954183757913], [91.47514881179104, 23.082773580992853], [91.47534401871124, 23.082775465764062], [91.47534605575082, 23.082594862978286], [91.47554126243094, 23.082596747491987], [91.47554329918945, 23.0824161446855], [91.47632412507275, 23.08242368026372], [91.47632005361972, 23.08278488600365], [91.47690567481075, 23.08279053525423], [91.47690770976584, 23.082609932337213], [91.47749333035956, 23.08261557936874], [91.47749129618619, 23.08279618233493], [91.47807691774595, 23.08280182724575], [91.47807081744804, 23.08334363626604], [91.47787560945928, 23.083341754821042], [91.47787357572513, 23.083522357802824], [91.47670232665914, 23.0835110639713], [91.47668197255616, 23.08531709256918], [91.4764867618443, 23.085315209256056], [91.4764826902566, 23.08567641489126], [91.47628747904403, 23.085674531304196], [91.47628340685314, 23.086035736889404], [91.47608819513985, 23.0860338530284], [91.47608615875303, 23.086214455798146], [91.47569573486675, 23.086210687319916], [91.47568962401961, 23.08675249550493], [91.47588483673437, 23.08675437991384], [91.47588280000492, 23.086934982649993], [91.4760780130008, 23.08693686683417], [91.47606986692055, 23.087659277801414], [91.47587465288215, 23.087657393551613], [91.47587261605021, 23.08783799626627], [91.47567740177168, 23.0878361117589], [91.47567332752499, 23.088197317142505], [91.4760637571451, 23.088201085981712], [91.47605968385896, 23.088562291413755], [91.47625489922108, 23.088564175504438], [91.4762467534454, 23.089286586382563], [91.47566110429271, 23.089280933190143], [91.47565499239974, 23.08982274115593], [91.47585020954546, 23.089824625843804], [91.47583594956879, 23.091088844395056], [91.47564073059834, 23.091086959592307], [91.47563665561337, 23.091448164821156], [91.47524621669127, 23.091444394426425], [91.47524417864663, 23.091624997001574], [91.47504895895567, 23.091623111426], [91.47504692062982, 23.09180371398043], [91.47446126089794, 23.091798055757234], [91.4744592217695, 23.0919786582581], [91.4746544419203, 23.09198054459013], [91.47465240303202, 23.09216114710312], [91.47484762346403, 23.09216303321036], [91.47483946874853, 23.092885443285017], [91.47444902581937, 23.092881670697956], [91.47444698656777, 23.09306227317303], [91.4746422082828, 23.093064159603593], [91.47463405211401, 23.093786569526582], [91.4744388293561, 23.093784683030325], [91.47443679000186, 23.0939652854839], [91.47385112106913, 23.093959624498503]]]}}, {"type": "Feature", "properties": {"aoi_name": "Feni", "sensor": "Sentinel-1", "acquisition_date": "2024-08-21", "baseline_date": "2024-08-09", "area_km2": 0.312, "threshold": 1.25, "detects": "open_water_only"}, "geometry": {"type": "Polygon", "coordinates": [[[91.45633390135036, 23.140389417117945], [91.45633596953017, 23.14020881726229], [91.45575010490118, 23.140203078331158], [91.45575838054913, 23.13948067906497], [91.45614895485659, 23.139484505127783], [91.45615102319381, 23.1393039052672], [91.45654159706169, 23.139307730329776], [91.45654366485537, 23.139127130431643], [91.45673895155913, 23.139129042583683], [91.45674101907063, 23.13894844266461], [91.45693630553382, 23.138950354558286], [91.45694043997173, 23.138589154673976], [91.45713572593294, 23.138591066292683], [91.45713779285937, 23.138410466327443], [91.45733307858, 23.138412377687793], [91.45733721184777, 23.13805117771116], [91.45753249706645, 23.13805308879654], [91.4575386960282, 23.13751128874943], [91.45734341159357, 23.137509377713883], [91.4573516776304, 23.136786977657174], [91.45774224442967, 23.136790799353655], [91.45774431036425, 23.136610199295482], [91.45813487672392, 23.136614019991878], [91.45813694211505, 23.136433419896182], [91.4575510933907, 23.136427688538834], [91.45755729179149, 23.135885888375363], [91.45736200970892, 23.135883977489318], [91.45737853995408, 23.13443917699666], [91.45718325998281, 23.13443726600183], [91.45718532643127, 23.134256665937464], [91.4565994874261, 23.134250931552675], [91.45659742019375, 23.13443153156718], [91.45640214030563, 23.13442961960558], [91.45640007279115, 23.134610219599153], [91.45542367235592, 23.13460065608268], [91.45542574117692, 23.13442005617225], [91.45523046141358, 23.134418142760513], [91.45524080651299, 23.133515143226884], [91.45543608496985, 23.13351705655544], [91.45544229099596, 23.13297525673364], [91.45563756868975, 23.132977169770623], [91.45564170541391, 23.132615969834614], [91.4554464282427, 23.13261405683089], [91.45544849683486, 23.13243345687305], [91.45505794307738, 23.13242963017387], [91.45506415029669, 23.13188783037431], [91.4552594263812, 23.13188974379483], [91.45526149515143, 23.13170914383638], [91.4554567709955, 23.1317110569986], [91.45545883948364, 23.131530457019213], [91.45604466635683, 23.131536195006035], [91.4560467340404, 23.13135559497244], [91.45643728487062, 23.131359419055457], [91.45644141913036, 23.130998218908864], [91.45663669405413, 23.131000130554646], [91.4566408277082, 23.13063893035757], [91.4564455533069, 23.130637018745027], [91.45644762036402, 23.13045641865665], [91.45625234624478, 23.130454506819085], [91.45625441354233, 23.130273906743028], [91.45605913970513, 23.130271994680445], [91.45606327476037, 23.129910794548636], [91.4556727281933, 23.129906969765063], [91.45567479621221, 23.129726369725955], [91.45508897730134, 23.12972063078822], [91.45509104608315, 23.1295400307947], [91.45450522814323, 23.12953428973217], [91.45451350619719, 23.128811889914687], [91.45607567942706, 23.128827194049798], [91.45607361203459, 23.129007794143707], [91.45724524439768, 23.129019262196525], [91.45725350757347, 23.128296861396155], [91.45744877866183, 23.12829877182614], [91.45745084414263, 23.128118171598665], [91.45803665674869, 23.128123901389095], [91.4580118790124, 23.130291104432356], [91.45820715305739, 23.130293014078514], [91.45820095893983, 23.130834814792202], [91.45839623378933, 23.13083672424653], [91.45839004026868, 23.131378524971247], [91.45780421343113, 23.13137279573389], [91.45780214809893, 23.131553395917024], [91.4576068722667, 23.131551485671324], [91.45760480665245, 23.131732085833544], [91.45740953057974, 23.131730175329572], [91.45740746468346, 23.131910775470875], [91.45721218837022, 23.13190886470863], [91.45719772468561, 23.133173065460802], [91.45739300282779, 23.13317497633934], [91.45739093676531, 23.133355576446174], [91.45758621518954, 23.13335748709965], [91.45758414936758, 23.13353808721878], [91.45836526431742, 23.133545727482325], [91.45836939385026, 23.133184527106895], [91.45895522871292, 23.133190254667312], [91.45895316474075, 23.13337085490698], [91.45914844333112, 23.133372763627026], [91.45914637959949, 23.133553363878974], [91.45934165847189, 23.133555272373936], [91.4593395949808, 23.13373587263817], [91.45953487413526, 23.133737780908035], [91.45953281088472, 23.13391838118455], [91.45972809032122, 23.133920289229323], [91.45972602731123, 23.13410088951812], [91.46011658676908, 23.134104704915778], [91.46010833661214, 23.13482710616055], [91.45991305582763, 23.134825198516225], [91.45991099297522, 23.135005798800066], [91.45971571195014, 23.13500389089746], [91.45971364881567, 23.1351844911604], [91.45951836755002, 23.135182582999505], [91.45951011375942, 23.135904983941828], [91.4593148314692, 23.135903075472864], [91.45928800095945, 23.13825087784355], [91.45948328664714, 23.1382527865282], [91.45947915908785, 23.138613986861458], [91.45967444531904, 23.138615895337548], [91.4596641273645, 23.139518896178238], [91.45868768988174, 23.13950935096554], [91.45868975482105, 23.13932875088899], [91.45790860625407, 23.139321110433738], [91.45790654026925, 23.139501710443874], [91.45771125291805, 23.139499799709085], [91.4577050540548, 23.140041599663807], [91.45731447784642, 23.140037777369308], [91.45731241099435, 23.14021837731236], [91.4569218343463, 23.14021455401761], [91.45691976695066, 23.14039515392313], [91.45633390135036, 23.140389417117945]]]}}, {"type": "Feature", "properties": {"aoi_name": "Feni", "sensor": "Sentinel-1", "acquisition_date": "2024-08-21", "baseline_date": "2024-08-09", "area_km2": 0.2488, "threshold": 1.25, "detects": "open_water_only"}, "geometry": {"type": "Polygon", "coordinates": [[[91.46597277941498, 23.11718342533097], [91.46598304404702, 23.116280419254036], [91.4661782985509, 23.11628231794594], [91.46618856136142, 23.115379311678804], [91.46599330816277, 23.11537741306948], [91.46599536092396, 23.115196811819654], [91.46580010800697, 23.11519491298538], [91.46580626694974, 23.114653109259642], [91.46522051067195, 23.114647411456694], [91.46521845692861, 23.114828012653355], [91.46482795232467, 23.11482421287768], [91.4648238437319, 23.11518541519195], [91.46443333816653, 23.11518161438429], [91.46442922844696, 23.115542816615214], [91.46462448174138, 23.115544717172845], [91.46462242711164, 23.11572531829839], [91.46501293428454, 23.115729118722296], [91.46500677183751, 23.116270922172262], [91.46481151745759, 23.116269022031464], [91.4648094630062, 23.11644962315631], [91.46422369920732, 23.116443921235405], [91.46422575444186, 23.116263320160154], [91.46403050014462, 23.116261419053423], [91.46402638913278, 23.11662262116654], [91.46344062479889, 23.116616916298206], [91.46344268109829, 23.11643631529342], [91.46305217216786, 23.116432510873526], [91.46305834250822, 23.115890707932643], [91.46325359617997, 23.115892610213688], [91.46326799108938, 23.11462840308511], [91.46365849484047, 23.11463220669113], [91.46366055065133, 23.114451605622445], [91.46385580229688, 23.114453507046722], [91.46386196882226, 23.113911703765233], [91.46366671795975, 23.11390980239058], [91.4636708293953, 23.113548600214475], [91.46347557907548, 23.113546698631456], [91.4634838027424, 23.112824294293763], [91.46367905201821, 23.112826195810605], [91.46368110762224, 23.11264559469888], [91.46407160571391, 23.112649396975154], [91.46407366077527, 23.112468795826036], [91.46426890959113, 23.112470696585486], [91.46427096437083, 23.112290095415524], [91.46466146154258, 23.112293896177032], [91.46466762419172, 23.111752092542126], [91.46505811988024, 23.111755892238705], [91.46506017353333, 23.111575290985407], [91.46545066878254, 23.11157908968321], [91.46545272189302, 23.11139848839256], [91.46564796928763, 23.111400387362796], [91.46565002211648, 23.111219786051315], [91.46584526927076, 23.111221684763606], [91.46584937434456, 23.110860482094687], [91.46643511436552, 23.11086617668393], [91.46643306262186, 23.111046778070094], [91.4670188036115, 23.11105247053608], [91.4670167526301, 23.11123307196746], [91.46760249458838, 23.111238762310165], [91.46760454478685, 23.11105816082927], [91.46819028614787, 23.111063848949648], [91.46819438491711, 23.110702645875968], [91.46897537159936, 23.11071022652464], [91.4689692265462, 23.11125203132657], [91.46877397906182, 23.111250136477075], [91.46876783304025, 23.11179194119082], [91.46896308130758, 23.111793836089777], [91.46895488736754, 23.112516242380465], [91.46856438876559, 23.112512452209224], [91.46856233970705, 23.112693053738163], [91.468367090176, 23.112691158273886], [91.46835889269175, 23.113413564280645], [91.46816364213733, 23.11341166850895], [91.46815954274946, 23.11377287145351], [91.46796429169363, 23.11377097540738], [91.46796224170775, 23.113951576856717], [91.46776699041155, 23.113949680552636], [91.46776494014404, 23.114130281981165], [91.46756968860743, 23.114128385419125], [91.46756763805827, 23.11430898682685], [91.46776288985589, 23.114310883405388], [91.46775673886773, 23.114852687652245], [91.46873300208054, 23.11486216717043], [91.46872685482218, 23.11540397162594], [91.4677505876939, 23.115394491860357], [91.46775263810581, 23.115213890461956], [91.46736213192094, 23.115210096898405], [91.46735803003237, 23.115571299624904], [91.46716277644882, 23.115569402447917], [91.46716072521255, 23.115750003788197], [91.46677021758526, 23.115746208676782], [91.46676816580627, 23.11592680997974], [91.46715867395564, 23.115930605124177], [91.4671566226781, 23.11611120645586], [91.46735187704478, 23.116113103682356], [91.46734982600765, 23.116293705026237], [91.467545080656, 23.11629560202776], [91.46753892820396, 23.11683740608306], [91.46675790660173, 23.116829816430005], [91.4667538027754, 23.117191018979977], [91.46597277941498, 23.11718342533097]], [[91.46444772153384, 23.11391740644045], [91.46503347443148, 23.113923106942583], [91.46504168991167, 23.11320070211016], [91.46484643996915, 23.113198802250352], [91.4648443858691, 23.11337940344839], [91.46464913568624, 23.113377503330607], [91.4646470813045, 23.113558104507803], [91.46445183088133, 23.113556204132035], [91.46444772153384, 23.11391740644045]]]}}, {"type": "Feature", "properties": {"aoi_name": "Feni", "sensor": "Sentinel-1", "acquisition_date": "2024-08-21", "baseline_date": "2024-08-09", "area_km2": 0.2328, "threshold": 1.25, "detects": "open_water_only"}, "geometry": {"type": "Polygon", "coordinates": [[[91.45922083901321, 23.19532605237497], [91.45922290880081, 23.195145453531786], [91.45883217244356, 23.19514162643269], [91.45883424273475, 23.194961027618387], [91.4586388748495, 23.19495911372185], [91.4586409453821, 23.194778514919843], [91.45844557777983, 23.194776600797514], [91.4584476485538, 23.194596002007795], [91.45688471058193, 23.194580680435926], [91.45688263771048, 23.194761279092717], [91.45668727029548, 23.194759362788847], [91.45668519714101, 23.19493996142469], [91.45648982948462, 23.194938044861797], [91.45648775604715, 23.195118643476693], [91.45590165241637, 23.19511289228376], [91.45591617154714, 23.193848702238093], [91.45572080554713, 23.193846784805444], [91.45572287988753, 23.193666186226856], [91.45552751417051, 23.19366426856846], [91.45552543956795, 23.19384486713042], [91.45474397585959, 23.193837194006495], [91.45474605151082, 23.193656595511108], [91.45435532030604, 23.193652757528163], [91.45436154870767, 23.193110962116023], [91.45455691351314, 23.193112881178735], [91.45455898934317, 23.192932282682733], [91.45475435390733, 23.19293420148642], [91.45476265597036, 23.192211807392635], [91.4545672924548, 23.192209888655544], [91.45457559523288, 23.191487494559258], [91.45496632018772, 23.1914913316579], [91.45497047040317, 23.191130134517262], [91.45575191846582, 23.191137805673183], [91.45574984441706, 23.191318404312227], [91.45614056909764, 23.191322238469358], [91.45615300993232, 23.19023864637071], [91.45634837073109, 23.190240562985956], [91.45635044386852, 23.190059964271104], [91.4567411650043, 23.190063796741324], [91.4567432375967, 23.189883197988895], [91.4571339582915, 23.189887029456514], [91.45713603033884, 23.189706430666522], [91.45752675059266, 23.18971026113156], [91.45752882209499, 23.18952966230401], [91.4581149018454, 23.189535406134215], [91.4581169725406, 23.189354807252506], [91.4583123322369, 23.189356721361303], [91.4583144026492, 23.18917612245866], [91.45890048107651, 23.18918186328124], [91.45889013273877, 23.19008485800034], [91.45947621528482, 23.190090596890958], [91.4594782842076, 23.189909997905975], [91.46084580904073, 23.189923380052736], [91.46083960771458, 23.190465177343118], [91.46044888465714, 23.190461354984798], [91.46044681698265, 23.190641954039787], [91.46025145522295, 23.190640042480524], [91.46024938726556, 23.190820641514616], [91.4600540252645, 23.19081872969641], [91.46005195702423, 23.190999328709594], [91.4586844217636, 23.190985939080274], [91.45868235166763, 23.19116653797295], [91.45848698930855, 23.19116462418276], [91.45848491892966, 23.19134522305451], [91.45828955632923, 23.191343309005358], [91.45828334428136, 23.1918851055449], [91.45886943450427, 23.191890847114752], [91.45885908460748, 23.192793841510053], [91.45905444936744, 23.192795754964965], [91.45905237958789, 23.192976353847673], [91.45924774463079, 23.192978267076814], [91.4592456750926, 23.193158865971814], [91.45944104041845, 23.19316077897518], [91.45943897112166, 23.193341377882454], [91.45963433673045, 23.193343290660046], [91.45962812950185, 23.193885087405754], [91.45943276310655, 23.193883174578378], [91.45943069372662, 23.19406377346838], [91.45923532708991, 23.194061860382018], [91.45923118774334, 23.194423058115873], [91.45942655490441, 23.194424971235435], [91.45942448546212, 23.194605570112486], [91.45961985290614, 23.19460748300625], [91.45961778370528, 23.194788081895584], [91.45981315143226, 23.19478999456355], [91.45980694449155, 23.19533179125542], [91.45922083901321, 23.19532605237497]], [[91.45592861570407, 23.192765110601965], [91.45612398015193, 23.19276702769242], [91.45612605384304, 23.192586429054657], [91.45651678227692, 23.192590262475207], [91.45652092854806, 23.192229065120184], [91.45632556484499, 23.192227148564353], [91.45632763821148, 23.192046549897], [91.45574154801368, 23.19204079882522], [91.45573532549244, 23.192582594664632], [91.45593068965732, 23.192584511980826], [91.45592861570407, 23.192765110601965]]]}}, {"type": "Feature", "properties": {"aoi_name": "Feni", "sensor": "Sentinel-1", "acquisition_date": "2024-08-21", "baseline_date": "2024-08-09", "area_km2": 0.214, "threshold": 1.25, "detects": "open_water_only"}, "geometry": {"type": "Polygon", "coordinates": [[[91.39892524275793, 22.791580719620054], [91.39892735182029, 22.791400116818384], [91.39873256929044, 22.79139816118213], [91.3987367878637, 22.79103695560037], [91.39854200586784, 22.791034999760843], [91.3985462248682, 22.790673794196397], [91.39835144340634, 22.79067183815361], [91.39835566283377, 22.79031063260649], [91.39816088190588, 22.790308676360436], [91.39816510176038, 22.78994747083064], [91.39797032136647, 22.789945514381337], [91.39799142191859, 22.788139486648145], [91.3993548671852, 22.788153175598026], [91.39935697532891, 22.7879725726808], [91.4028629776361, 22.78800771905788], [91.40286718463392, 22.78764651259222], [91.40306196223004, 22.787648462876778], [91.4030640654407, 22.78746785962039], [91.40325884280189, 22.787469809650144], [91.40326094573496, 22.787289206372332], [91.40423483157927, 22.78729895287077], [91.4042327299275, 22.787479556234324], [91.40481706245853, 22.787485401333143], [91.40481496155422, 22.787666004743855], [91.40500973936344, 22.78766795265198], [91.40501184001145, 22.787487349224136], [91.4063752834781, 22.787500977807102], [91.4063731846239, 22.787681581354846], [91.40656796260338, 22.787683527361818], [91.40655956799894, 22.788405941578564], [91.40675434702476, 22.78840788741636], [91.40675015010746, 22.788769094533343], [91.40694492966712, 22.788771040167724], [91.40693863490048, 22.789312850862522], [91.40615951371409, 22.78930506669364], [91.40616161301604, 22.789124463201446], [91.40557727311851, 22.789118622630706], [91.40558147319629, 22.788757415736278], [91.40382845926655, 22.78873988149888], [91.40382635693177, 22.788920484793984], [91.40363157745648, 22.78891853533996], [91.40362737221044, 22.789279741883057], [91.40323781229866, 22.789275842193426], [91.40323570913108, 22.789456445424264], [91.40304092895087, 22.7894544952058], [91.4030367220392, 22.789815701620352], [91.40284194136774, 22.78981375112991], [91.40283983762362, 22.789994354313624], [91.40264505671718, 22.789992403568355], [91.40264295269546, 22.790173006730637], [91.40186382825779, 22.790165201304205], [91.40186593330472, 22.789984598210584], [91.40167115250493, 22.78998264627697], [91.40166904720172, 22.790163249353423], [91.40147426616697, 22.790161297164968], [91.40147216058611, 22.79034190021998], [91.40127737931641, 22.79033994777668], [91.40127527345791, 22.79052055081024], [91.40088571046995, 22.790516645176265], [91.40088360407749, 22.7906972481712], [91.40010447733256, 22.790689433982422], [91.40010236989353, 22.790870036904348], [91.39990758800438, 22.790868082745774], [91.39990548028769, 22.791048685646246], [91.3997106981636, 22.7910467312328], [91.39970648215348, 22.79140793698653], [91.39951169953812, 22.791405982301026], [91.3995095912447, 22.791586585154292], [91.39892524275793, 22.791580719620054]]]}}, {"type": "Feature", "properties": {"aoi_name": "Feni", "sensor": "Sentinel-1", "acquisition_date": "2024-08-21", "baseline_date": "2024-08-09", "area_km2": 0.2128, "threshold": 1.25, "detects": "open_water_only"}, "geometry": {"type": "Polygon", "coordinates": [[[91.5329093812039, 22.940986464774436], [91.53292300784469, 22.93972218923202], [91.53311801421452, 22.93972399200703], [91.53312190684647, 22.939362770353537], [91.53331691271894, 22.939364572857535], [91.53332275074388, 22.938822740298], [91.53351775586047, 22.938824542515217], [91.53352748421639, 22.937921488085173], [91.53333248039229, 22.93791968594682], [91.533334426263, 22.93773907506379], [91.53313942271704, 22.937737272701774], [91.53314136882658, 22.937556661830257], [91.53197134951472, 22.9375458427247], [91.5319771923781, 22.93700401036864], [91.53217219477212, 22.937005814104122], [91.53217414209541, 22.936825203294443], [91.53236914425064, 22.93682700677471], [91.53237109129579, 22.936646395945], [91.53295609710403, 22.936651804901906], [91.5329580433541, 22.936471194020577], [91.53354304856387, 22.936476600775357], [91.53354499401885, 22.936295989842442], [91.53452000180248, 22.936304996233154], [91.53451805763984, 22.936485607244897], [91.53490806140772, 22.936489208156768], [91.53491000505342, 22.936308597113502], [91.5360800152774, 22.93631939400847], [91.53607807318252, 22.936500005146232], [91.53627307521369, 22.936501803806507], [91.53627113335766, 22.93668241495575], [91.53666113799575, 22.9366860115895], [91.53665919663707, 22.936866622765965], [91.5374392071825, 22.93687381322329], [91.53744114750725, 22.936693201983893], [91.53763614993414, 22.93669499898393], [91.53763808998083, 22.93651438772454], [91.53783309216884, 22.936516184469422], [91.53783503193746, 22.93633557319004], [91.53803003388659, 22.936337369679773], [91.53803197337714, 22.9361567583804], [91.53822697508738, 22.93615855461499], [91.53823473181981, 22.93543610931199], [91.53842973251581, 22.935437905244285], [91.53843361024757, 22.93507668253577], [91.53901861090229, 22.935082068801883], [91.53900116747094, 22.936707571280262], [91.53880616490692, 22.93670577595621], [91.53880034930192, 22.937247609991797], [91.53860534598205, 22.937245814381164], [91.53859952942533, 22.937787648331234], [91.53840452534958, 22.937785852434022], [91.5383987078411, 22.938327686298567], [91.53761868863201, 22.938320500126625], [91.53761674838933, 22.938501111343385], [91.53742174337755, 22.938499314186064], [91.53741980285677, 22.93867992538283], [91.53663978197169, 22.93867273429613], [91.53664172352647, 22.9384921231623], [91.53644671861272, 22.938490324807745], [91.5364486604064, 22.938309713685396], [91.53586364655837, 22.938304317232284], [91.53586170398918, 22.938484928307407], [91.53566669915391, 22.938483128995067], [91.5356608705531, 22.939024962147617], [91.53546586496195, 22.939023162548587], [91.53546392179724, 22.93920377357515], [91.5356589276469, 22.939205573189934], [91.53564144060803, 22.940831072378923], [91.53388636772745, 22.940814865949097], [91.53388442229816, 22.940995476806943], [91.5329093812039, 22.940986464774436]]]}}, {"type": "Feature", "properties": {"aoi_name": "Feni", "sensor": "Sentinel-1", "acquisition_date": "2024-08-21", "baseline_date": "2024-08-09", "area_km2": 0.212, "threshold": 1.25, "detects": "open_water_only"}, "geometry": {"type": "Polygon", "coordinates": [[[91.44897292619106, 23.169035632547597], [91.44897500710381, 23.16885503397774], [91.44838901994572, 23.168849260967846], [91.44839526491468, 23.168307465382767], [91.4481999366892, 23.1683055406121], [91.44820410042085, 23.167944343567225], [91.4480087727399, 23.16794241858792], [91.44801293691144, 23.167581221559217], [91.44781760977497, 23.16757929637127], [91.44781969209114, 23.167398697867156], [91.44762436523737, 23.16739677245386], [91.44762644779442, 23.167216173962146], [91.44743112122335, 23.167214248323496], [91.44743320402124, 23.167033649844203], [91.44723787773287, 23.16703172398021], [91.44724412678627, 23.166489928566595], [91.44743945228932, 23.166491854380407], [91.44744153500349, 23.166311255883848], [91.44763686026569, 23.166313181438888], [91.44764518986604, 23.16559078734258], [91.44744986565088, 23.165588861854438], [91.44745194826042, 23.165408263336293], [91.44725662432793, 23.165406337622823], [91.44726079000772, 23.165045140607035], [91.44687014325255, 23.165041288520854], [91.44687222658455, 23.164860690039944], [91.44667690350012, 23.164858763650518], [91.44669148806999, 23.16359457428039], [91.44688680932228, 23.1635965005527], [91.44689097563037, 23.163235303517503], [91.44728161715085, 23.16323915526914], [91.4472982773585, 23.16179436668808], [91.44788423351513, 23.161800142099064], [91.44788215184754, 23.16198074073697], [91.44807747086995, 23.16198266540666], [91.4480733079954, 23.162343862702954], [91.4484639471498, 23.16234771138319], [91.44846186620458, 23.162528310058285], [91.44924314581118, 23.162536004581444], [91.44923690599057, 23.16307780078135], [91.44943222672964, 23.163079723857212], [91.44944262501757, 23.162176730085616], [91.45002858343443, 23.1621824976106], [91.45002650460377, 23.162363096423643], [91.45061246399376, 23.162368861820617], [91.45060622973185, 23.16291065838408], [91.45041090912916, 23.16290873677703], [91.45040675232669, 23.16326993443106], [91.45021143122145, 23.163268012548606], [91.45020103754109, 23.16417100652469], [91.45039635995501, 23.1641729284906], [91.45038804568168, 23.164895323660556], [91.45019272222082, 23.164893401627875], [91.45017816960605, 23.16615759289231], [91.4503734948992, 23.166159515041844], [91.45037141613243, 23.166340113793336], [91.45056674170824, 23.166342035717495], [91.45055842747938, 23.16706443074708], [91.44997244767336, 23.167058664048092], [91.4499703682786, 23.167239262744616], [91.44977504145659, 23.16723734001079], [91.44977296177916, 23.167417938686306], [91.44996828886293, 23.167419861436827], [91.44995997099134, 23.168142256162515], [91.44976464286042, 23.168140333345203], [91.4497563236073, 23.168862727935043], [91.44956099445008, 23.168860804808848], [91.44955891432275, 23.169041403428817], [91.44897292619106, 23.169035632547597]]]}}, {"type": "Feature", "properties": {"aoi_name": "Feni", "sensor": "Sentinel-1", "acquisition_date": "2024-08-21", "baseline_date": "2024-08-09", "area_km2": 0.1988, "threshold": 1.25, "detects": "open_water_only"}, "geometry": {"type": "Polygon", "coordinates": [[[91.42652906654078, 23.200601622385477], [91.42653329497969, 23.200240430565998], [91.42633792243234, 23.20023847615004], [91.42634426571823, 23.199696688439243], [91.42614889397885, 23.199694733831706], [91.42615100862726, 23.19951413793641], [91.42595563717134, 23.199512183103398], [91.42599158740347, 23.1964420525098], [91.42579622042648, 23.196440097722654], [91.42579833521711, 23.196259501783416], [91.42521223520009, 23.196253636018486], [91.42521435075605, 23.196073040125803], [91.4250189843884, 23.196071084403002], [91.42502533171536, 23.195529296749914], [91.42482996615549, 23.19552734083563], [91.42483419812494, 23.19516614907921], [91.42463883311068, 23.195164192956472], [91.42464518169197, 23.194622405340322], [91.42484054591972, 23.194624361412142], [91.42484266180882, 23.194443765514468], [91.42503802579566, 23.194445721326947], [91.42504014140135, 23.194265125407977], [91.42582159651245, 23.194272946166272], [91.42581736737714, 23.19463413813559], [91.42601273173233, 23.194636092753143], [91.42601484604843, 23.19445549675369], [91.4266009384549, 23.194461359101222], [91.42660305196328, 23.194280763046578], [91.42679841587906, 23.194282716660723], [91.42680052910407, 23.1941021205848], [91.4269958927789, 23.194104073939624], [91.42699800572052, 23.193923477842436], [91.42719336915442, 23.193925430937938], [91.42719548181265, 23.19374483481948], [91.42739084500562, 23.193746787655673], [91.42740563118426, 23.19248261458675], [91.4281870768281, 23.192490423033554], [91.42818496562906, 23.19267101926698], [91.42857568910246, 23.192674922070125], [91.42857146768932, 23.19303611459173], [91.42876682998212, 23.193038065663625], [91.4287626090085, 23.19339925820179], [91.42915333470626, 23.1934031596862], [91.42915122471197, 23.193583755982647], [91.42934658785477, 23.193585706378226], [91.42934447810144, 23.193766302687273], [91.4295398415276, 23.1937682528574], [91.42953351292697, 23.194310041809356], [91.42933814871434, 23.194308091588464], [91.42933181913655, 23.19484988045074], [91.42874572426626, 23.19484402818149], [91.42874783493323, 23.19466343194916], [91.42855247028102, 23.19466148072491], [91.4285503593519, 23.194842076940308], [91.42815962958674, 23.1948381737308], [91.42815329509911, 23.195379962249454], [91.42873939213821, 23.19538581685252], [91.42873094900406, 23.196108201686677], [91.4289263157749, 23.196110152803968], [91.42891998398831, 23.19665194143496], [91.42833388137964, 23.196646087203547], [91.42833599278295, 23.196465491048325], [91.42755452398367, 23.196457682080553], [91.427546074048, 23.197180066404485], [91.42832754704249, 23.19718787564325], [91.4283296585094, 23.197007279501012], [91.42891576269129, 23.197013133834], [91.42890731984289, 23.197735518580178], [91.42871195071224, 23.197733567310543], [91.42870983968493, 23.19791416346935], [91.4281237316335, 23.197908308155153], [91.42812161979836, 23.19808890425884], [91.42792625022807, 23.19808695198567], [91.42792413810949, 23.19826754806809], [91.42753339850812, 23.198263642760622], [91.42752917315843, 23.198624834844733], [91.42733380286512, 23.198622881793483], [91.42733168989623, 23.198803477812103], [91.42674557835689, 23.198797617152955], [91.4267434645801, 23.19897821311642], [91.4265480938472, 23.198976259061563], [91.42654597978695, 23.199156855003743], [91.42674135078208, 23.199158809075552], [91.42673923696285, 23.199339405030358], [91.42712997954125, 23.199343312480572], [91.42711518588371, 23.200607484280376], [91.42652906654078, 23.200601622385477]]]}}, {"type": "Feature", "properties": {"aoi_name": "Feni", "sensor": "Sentinel-1", "acquisition_date": "2024-08-21", "baseline_date": "2024-08-09", "area_km2": 0.1592, "threshold": 1.25, "detects": "open_water_only"}, "geometry": {"type": "Polygon", "coordinates": [[[91.49427877354317, 23.04791609815469], [91.49428078190071, 23.0477354929866], [91.49389046573224, 23.047731775335183], [91.49389247458966, 23.04755117019521], [91.49330700126896, 23.047545591961498], [91.49330901088632, 23.04736498686589], [91.4931138534133, 23.047363126989477], [91.49311184353589, 23.047543732068867], [91.49291668582306, 23.047541871935554], [91.4929146756653, 23.047722476994434], [91.49232920186819, 23.047716895101622], [91.49233724549833, 23.04699447503504], [91.49272755926236, 23.046998196407806], [91.49272956959913, 23.04681759134799], [91.49233925635522, 23.04681387000767], [91.49234126719183, 23.046633264976013], [91.4907800171072, 23.046618370117162], [91.49078605573654, 23.0460765553861], [91.49098121114602, 23.04607841803712], [91.49098322372187, 23.045897813101945], [91.4913735340816, 23.045901537649478], [91.49137755813233, 23.0455403277013], [91.49118240346239, 23.04553846558035], [91.49119246453452, 23.04463544071605], [91.49138761790434, 23.04463730275581], [91.49138962979791, 23.044456697753844], [91.49158478292799, 23.044458559536714], [91.49159081770706, 23.04391674445638], [91.49178597007736, 23.04391860594989], [91.49178798136984, 23.043738000898298], [91.49217828565125, 23.043741723130896], [91.49218029640345, 23.043561118042557], [91.49257060024588, 23.043564839280105], [91.49257261045783, 23.043384234155024], [91.49276776214943, 23.043386094396606], [91.4927697720811, 23.04320548925102], [91.49335522649743, 23.04321106848322], [91.49335321734576, 23.04339167367746], [91.49374352091121, 23.0433953919948], [91.49374151225929, 23.04357599721718], [91.4941318164257, 23.04357971460435], [91.49411976720926, 23.04466334604311], [91.4943149208829, 23.044665204472956], [91.49430889678156, 23.045207020183067], [91.49411374232784, 23.0452051617046], [91.49410570886931, 23.045927582526552], [91.49469117541155, 23.045933157434398], [91.49469318302643, 23.045752552186727], [91.49488833832092, 23.04575440999179], [91.49489436026407, 23.045212594174462], [91.49547982392863, 23.045218165999827], [91.49547380432577, 23.04575998196293], [91.49566895970116, 23.04576183880529], [91.49566294069645, 23.046303654778374], [91.49585809687218, 23.04630551142863], [91.49585207846566, 23.046847327411687], [91.49565692150979, 23.046845470712864], [91.49565090214116, 23.047387286608757], [91.49526058672973, 23.047383572391883], [91.49525857971297, 23.047564177649555], [91.49506342177752, 23.047562320163873], [91.49506141448047, 23.04774292540106], [91.49486625630519, 23.047741067658492], [91.49486424872785, 23.04792167287519], [91.49427877354317, 23.04791609815469]]]}}, {"type": "Feature", "properties": {"aoi_name": "Feni", "sensor": "Sentinel-1", "acquisition_date": "2024-08-21", "baseline_date": "2024-08-09", "area_km2": 0.154, "threshold": 1.25, "detects": "open_water_only"}, "geometry": {"type": "Polygon", "coordinates": [[[91.4781378879653, 22.92078238976475], [91.4781399053667, 22.92060178305275], [91.4779449312757, 22.920599914200867], [91.47795098413219, 22.920058094088333], [91.47814595744856, 22.920059962891116], [91.47815402660565, 22.919337535949115], [91.47834899890958, 22.91933940444724], [91.47835504978877, 22.918797584146777], [91.47855002133852, 22.91879945235662], [91.47855808785933, 22.91807702516406], [91.47836311734233, 22.918075157019665], [91.47836916779347, 22.917533336629468], [91.4781741980714, 22.91753146829498], [91.47817823211993, 22.917170254712875], [91.47798326293456, 22.917168386171937], [91.47798528018642, 22.916987779390837], [91.4777903112796, 22.916985910627094], [91.47779232876923, 22.916805303858094], [91.47759736014096, 22.91680343487155], [91.47759937786836, 22.916622828114647], [91.47740440951866, 22.9166209589053], [91.4774084454286, 22.91625974541141], [91.47721347761558, 22.916257875995647], [91.4772154957981, 22.916077269258665], [91.4768255607496, 22.916073529742395], [91.47683161672369, 22.915531709604075], [91.47800141746734, 22.91554292498824], [91.4779953661399, 22.91608474542126], [91.4781903337763, 22.916086613864003], [91.47818831688454, 22.91626722068283], [91.47838328479948, 22.916269088902773], [91.47838126814548, 22.916449695733693], [91.47877120455283, 22.916453431488808], [91.47876515601752, 22.91699525205408], [91.4793500631048, 22.917000854040197], [91.47934804766011, 22.917181460935808], [91.48090780285422, 22.91719638917256], [91.48090578945451, 22.91737699619464], [91.48110075920354, 22.91737886116428], [91.48109673285941, 22.9177400752283], [91.4814866734512, 22.917743804515357], [91.48148466076498, 22.91792441157362], [91.48167963134956, 22.9179262758747], [91.4816816437776, 22.917745668800112], [91.48246152528657, 22.917753123547303], [91.48245750247557, 22.91811433782279], [91.48265247341999, 22.91811620094426], [91.48264643982561, 22.918658022374416], [91.48206152472966, 22.918652432145553], [91.48205951271632, 22.918833039231437], [91.48186454080012, 22.918831175327103], [91.4818564915106, 22.9195536035626], [91.48166151858196, 22.919551739353764], [91.48165950595055, 22.919732346385633], [91.48146453278403, 22.91973048192127], [91.48146251987407, 22.919911088932533], [91.4812675464697, 22.91990922421264], [91.48126553328117, 22.920089831203292], [91.48107055963894, 22.920087966227854], [91.48106451917667, 22.92062978712521], [91.47911477612746, 22.92061112372396], [91.47911276001714, 22.920791730517752], [91.4781378879653, 22.92078238976475]], [[91.47972589633866, 22.918268835910183], [91.48011583819459, 22.918272568643868], [91.48011785272877, 22.918091961708505], [91.4803128234291, 22.918093827700222], [91.48031483768474, 22.91791322074424], [91.4801198672426, 22.917911354768865], [91.48012188173605, 22.917730747824958], [91.47953697130633, 22.917725148512766], [91.47953495603834, 22.917905755407634], [91.47933998567764, 22.91790388847552], [91.47933797013111, 22.918084495349763], [91.47972791138922, 22.918088229007505], [91.47972589633866, 22.918268835910183]]]}}, {"type": "Feature", "properties": {"aoi_name": "Feni", "sensor": "Sentinel-1", "acquisition_date": "2024-08-21", "baseline_date": "2024-08-09", "area_km2": 0.1504, "threshold": 1.25, "detects": "open_water_only"}, "geometry": {"type": "Polygon", "coordinates": [[[91.48012467758124, 23.091672058000743], [91.48012670910856, 23.091491455015852], [91.4789553897613, 23.09148017422276], [91.47895742283231, 23.0912995713318], [91.47856698373495, 23.09129580917059], [91.47857511789982, 23.090573397694765], [91.47877033639554, 23.090575278830453], [91.4787744028338, 23.090214073033998], [91.47916483884391, 23.09021783451631], [91.47916687151101, 23.090037231578886], [91.47936208928607, 23.090039111941888], [91.47936412167205, 23.08985850898379], [91.47955933920689, 23.089860389089242], [91.47956340339611, 23.089499183127412], [91.47936818638259, 23.0894973030547], [91.47937428329497, 23.088955494128843], [91.47976471577851, 23.088959253934874], [91.47976674752043, 23.08877865091825], [91.4805476116903, 23.088786167570806], [91.4805537036655, 23.08824435829881], [91.48035848837432, 23.0882424795465], [91.4803625501102, 23.087881273376393], [91.48016733536075, 23.087879394415648], [91.48017342859315, 23.087337585177348], [91.48095428458599, 23.087345099377096], [91.4809522545715, 23.087525702526253], [91.48114746888145, 23.087527580489663], [91.48113528992924, 23.088611199392513], [91.48133050582348, 23.088613077212873], [91.48133253543928, 23.088432474056795], [91.4819181824626, 23.088438106021815], [91.4819120958998, 23.0889799156243], [91.48171687942296, 23.08897803849475], [91.4817148502672, 23.08915864167064], [91.48191006700469, 23.089160518816527], [91.48190803808913, 23.08934112200446], [91.48210325510772, 23.089342998925517], [91.4821012264324, 23.089523602125496], [91.48229644373208, 23.089525478821717], [91.48229847214671, 23.089344875605395], [91.48249368920614, 23.0893467520441], [91.48249774545282, 23.088985545565897], [91.48230252891473, 23.088983669159866], [91.48230861391362, 23.088441859459348], [91.48289426124326, 23.088447487806885], [91.48289223371266, 23.0886280910937], [91.48406353048685, 23.08863934137525], [91.48406150449978, 23.088819944755723], [91.48425672096086, 23.088821818974882], [91.48425469521403, 23.089002422367386], [91.48444991195618, 23.089004296361686], [91.48444383537537, 23.089546106562352], [91.48424861785125, 23.0895442325191], [91.48424659202288, 23.089724835894415], [91.48405137425848, 23.089722961593665], [91.48404934814904, 23.08990356494836], [91.4836589121601, 23.089899815590663], [91.48365688550892, 23.09008041890842], [91.48346166728437, 23.090078543851472], [91.48345761339945, 23.090439750441437], [91.48326239467396, 23.090437875110645], [91.48326036744021, 23.09061847838285], [91.48306514847442, 23.09061660279454], [91.4830631209596, 23.09079720604612], [91.48286790175355, 23.090795330200294], [91.48286587395762, 23.09097593343124], [91.48267065451131, 23.090974057327877], [91.48266862643428, 23.091154660538194], [91.48149730862103, 23.091143398754873], [91.48149527895943, 23.091324001862844], [91.48110483933038, 23.091320245972785], [91.48110077890314, 23.09168145211043], [91.48012467758124, 23.091672058000743]]]}}, {"type": "Feature", "properties": {"aoi_name": "Feni", "sensor": "Sentinel-1", "acquisition_date": "2024-08-21", "baseline_date": "2024-08-09", "area_km2": 0.1296, "threshold": 1.25, "detects": "open_water_only"}, "geometry": {"type": "Polygon", "coordinates": [[[91.47982972137584, 23.083179955271433], [91.47983175246333, 23.082999352117294], [91.47944133718023, 23.082995593391562], [91.47944540033615, 23.082634387135865], [91.4792501932464, 23.082632507444096], [91.47925832035503, 23.081910094946622], [91.479063114328, 23.081908215079235], [91.47906717828069, 23.081547008837465], [91.47887197279519, 23.08154512876174], [91.47889026191446, 23.079919700608443], [91.47947587139782, 23.07992533967031], [91.47947384013688, 23.08010594286476], [91.47966904359943, 23.080107822086287], [91.47967107459985, 23.079927218875476], [91.47986627782232, 23.079929097839567], [91.47987033924078, 23.07956789137232], [91.48026074470496, 23.07957164851186], [91.48027292534348, 23.07848802881065], [91.48046812654317, 23.07848990692067], [91.48047015631754, 23.078309303605735], [91.48144616131998, 23.078318690458335], [91.48144413284811, 23.07849929385503], [91.48163933417038, 23.078501170518756], [91.48163122112075, 23.07922358412796], [91.48143601875643, 23.07922170739885], [91.48143196158804, 23.079582914144982], [91.4816271644734, 23.07958479090679], [91.48162513611909, 23.07976539428976], [91.48221074567923, 23.07977102317782], [91.48221277325196, 23.079590419745823], [91.48318878829116, 23.079599796322945], [91.48318068308824, 23.08032221035184], [91.48298547899748, 23.080320335453223], [91.48298345238521, 23.080500938933376], [91.48278824805432, 23.08049906377735], [91.48277608638897, 23.08158268447007], [91.48180005722442, 23.081573304583692], [91.48180411379997, 23.081212097866693], [91.48141370331926, 23.081208344289927], [91.4814116745206, 23.08138894761788], [91.48121646905034, 23.081387070451527], [91.48121038175015, 23.08192888036057], [91.48101517551866, 23.081927002904077], [91.48101111669527, 23.082288209455918], [91.48081590996311, 23.082286331725633], [91.4808138802602, 23.082466934978758], [91.48061867328792, 23.08246505699102], [91.48061461329968, 23.082826263451665], [91.4804194058267, 23.08282438519011], [91.48041534523556, 23.083185591600852], [91.47982972137584, 23.083179955271433]]]}}, {"type": "Feature", "properties": {"aoi_name": "Feni", "sensor": "Sentinel-1", "acquisition_date": "2024-08-21", "baseline_date": "2024-08-09", "area_km2": 0.128, "threshold": 1.25, "detects": "open_water_only"}, "geometry": {"type": "Polygon", "coordinates": [[[91.39208081654904, 23.041671851403628], [91.39208296053766, 23.041491254890506], [91.39169268137597, 23.041487286020345], [91.39170125919381, 23.04076490006321], [91.39209153627617, 23.04076886879492], [91.39209582401578, 23.04040767572126], [91.39229096206955, 23.040409659691647], [91.39230382321054, 23.039326080263415], [91.3924989597265, 23.03932806388943], [91.3925011029145, 23.03914746728567], [91.39230596665844, 23.03914548367695], [91.39231454023401, 23.03842309728802], [91.39250967545054, 23.03842508082753], [91.39251181853056, 23.03824448420223], [91.39270695350882, 23.038246467483894], [91.39270909630736, 23.038065870836984], [91.3930993658089, 23.038069836644098], [91.39310365030173, 23.037708643268154], [91.3929085160599, 23.037706660519458], [91.39291065853381, 23.03752606384231], [91.39271552457343, 23.037524080870373], [91.39273266566617, 23.036079307436452], [91.3929277975477, 23.03608129027003], [91.39293422432168, 23.035539500109312], [91.3937147489455, 23.035547428830952], [91.39371260774845, 23.035728025624657], [91.39410287070953, 23.035731988576966], [91.39410715204268, 23.0353707949161], [91.39371689012096, 23.035366832032935], [91.39372117240715, 23.035005638423968], [91.39352604199833, 23.035003656656187], [91.39353888989794, 23.033920075829606], [91.3939291476193, 23.03392403891723], [91.39393128834075, 23.033743442063138], [91.39432154562878, 23.033747404154223], [91.39432368580903, 23.033566807261266], [91.3945188142256, 23.03356878792879], [91.39452095412447, 23.033388191014257], [91.3954965952317, 23.03339809065815], [91.3954880407031, 23.034120478635902], [91.39529291139928, 23.034118499119028], [91.39528221645439, 23.035021483907933], [91.395087085873, 23.035019504064213], [91.39508066786789, 23.035561294834036], [91.39488553652855, 23.035559314697995], [91.39487911754985, 23.036101105377224], [91.39468398545255, 23.036099124948844], [91.39468184549001, 23.03627972181603], [91.39448671315444, 23.036277741129854], [91.39448243264493, 23.036638934816743], [91.39428729981123, 23.036636953855492], [91.39428087810565, 23.037178744301656], [91.39408574451393, 23.03717676304803], [91.3940793218346, 23.03771855340358], [91.39388418748486, 23.03771657185757], [91.39387990507102, 23.038077765371828], [91.3936847702231, 23.03807578355071], [91.3936804872032, 23.03843697701314], [91.39348535185712, 23.03843499491691], [91.39348321005491, 23.038615591624378], [91.39309293890774, 23.038611626675685], [91.39308436940397, 23.039334013324137], [91.39327950600631, 23.039335995987923], [91.39327522164466, 23.03969718932087], [91.39347035878838, 23.039699171778686], [91.39345964880602, 23.040602155122077], [91.39326451036278, 23.04060017257782], [91.39326236804163, 23.040780769216276], [91.3934575067448, 23.040782751777826], [91.39345108043159, 23.041324541719213], [91.39325594094869, 23.041322559105794], [91.3932537985412, 23.041503155727007], [91.39305865881995, 23.04150117285571], [91.39305651613095, 23.041681769455327], [91.39208081654904, 23.041671851403628]]]}}, {"type": "Feature", "properties": {"aoi_name": "Feni", "sensor": "Sentinel-1", "acquisition_date": "2024-08-21", "baseline_date": "2024-08-09", "area_km2": 0.126, "threshold": 1.25, "detects": "open_water_only"}, "geometry": {"type": "Polygon", "coordinates": [[[91.42517509513227, 23.048868465824768], [91.42517929631853, 23.048507267298532], [91.42498414347197, 23.04850532325709], [91.42498834509365, 23.048144124747534], [91.42479319278834, 23.04814218049932], [91.42479739484541, 23.047780982006454], [91.42460224308134, 23.047779037551475], [91.42461695143446, 23.046514842809557], [91.4244218015117, 23.046512898232603], [91.4244260042278, 23.046151699730085], [91.42423085484623, 23.046149754946388], [91.42423505799763, 23.04578855646058], [91.42403990915727, 23.045786611470152], [91.42404201096122, 23.045606012237748], [91.42365171386399, 23.045602121568887], [91.42366222516597, 23.044699125511947], [91.42385737240402, 23.044701070881878], [91.42385947434089, 23.044520471640613], [91.42405462134013, 23.04452241675295], [91.42405672299583, 23.044341817490423], [91.42483731016463, 23.044349595465636], [91.42483941075923, 23.044168996130978], [91.42561999722676, 23.044176770188336], [91.42561789767208, 23.044357369590784], [91.42581304460184, 23.0443593125205], [91.42581094528599, 23.04453991193559], [91.42620123972893, 23.044543797107004], [91.4261991409119, 23.04472439655167], [91.42639428842509, 23.044726338793367], [91.42638799262706, 23.045268137152362], [91.42658314094136, 23.045270079204226], [91.42658104255973, 23.045450678665546], [91.42677619115517, 23.04545262049371], [91.42677199484848, 23.04581381943731], [91.42696714398507, 23.045815761058687], [91.42696085014649, 23.04635755949261], [91.4265705503344, 23.046353675907618], [91.42656635329627, 23.046714874774324], [91.42734695508508, 23.046722641117125], [91.42733017440763, 23.04816743695357], [91.42713502184849, 23.048165495593445], [91.42713292390866, 23.048346095036703], [91.42654746557798, 23.04834026946148], [91.42654536683689, 23.04852086884965], [91.42635021384224, 23.04851892649295], [91.42634601577652, 23.048880125222496], [91.42517509513227, 23.048868465824768]]]}}, {"type": "Feature", "properties": {"aoi_name": "Feni", "sensor": "Sentinel-1", "acquisition_date": "2024-08-21", "baseline_date": "2024-08-09", "area_km2": 0.1252, "threshold": 1.25, "detects": "open_water_only"}, "geometry": {"type": "Polygon", "coordinates": [[[91.44553207066119, 23.162499421109526], [91.44553624038198, 23.162138224256843], [91.44534092137, 23.162136296424315], [91.44534717657915, 23.161594501163155], [91.44515185837324, 23.16159257313885], [91.44515602893128, 23.161231376309996], [91.44496071126972, 23.161229448077183], [91.44495862573947, 23.16141004647703], [91.44417735425604, 23.161402331058827], [91.44417944083304, 23.16122173272601], [91.44378880574052, 23.161217873598428], [91.44379924092782, 23.160314882037152], [91.4441898734035, 23.16031874099713], [91.44419613269416, 23.159776945908018], [91.44380550178852, 23.159773087048602], [91.44380132790235, 23.160134283711955], [91.44321538013115, 23.160128493507393], [91.44321746786973, 23.159947895228164], [91.44302215224961, 23.159945964692785], [91.44302424022888, 23.159765366426008], [91.44282892489143, 23.159763435665415], [91.44283101311139, 23.1595828374111], [91.44263569805659, 23.15958090642529], [91.44264405177317, 23.158858513431962], [91.44381593613686, 23.158870095314683], [91.44381384930912, 23.159050693670096], [91.44479042149727, 23.159060338668663], [91.44478833595686, 23.15924093710355], [91.44635085464094, 23.15925635665264], [91.44635293808805, 23.159075758083816], [91.44713419688605, 23.159083461984054], [91.44713211448558, 23.159264060619797], [91.44771805958884, 23.159269836054424], [91.44771597795243, 23.15945043473602], [91.4481066086492, 23.15945428384933], [91.44809828398775, 23.160176678666303], [91.4486842333298, 23.160182450721972], [91.44869047450221, 23.159640654465306], [91.44927642167741, 23.159646424192744], [91.44927018286005, 23.160188220599778], [91.44887954981898, 23.160184374256563], [91.44886498818336, 23.161448565488048], [91.44827903328316, 23.161442793807414], [91.44828111436462, 23.161262195123136], [91.44808579636806, 23.161260270762302], [91.4480878776903, 23.161079672090423], [91.44789255997635, 23.161077747504304], [91.44789464153938, 23.16089714884483], [91.44769932410803, 23.16089522403344], [91.4477014059118, 23.160714625386362], [91.44731077163527, 23.16071077507104], [91.4473128539415, 23.160530176453097], [91.44633626992484, 23.160520546513567], [91.44633210267465, 23.160881743577846], [91.44613678541076, 23.1608798168305], [91.44613470149255, 23.16106041533943], [91.44593938398792, 23.16105848833335], [91.44593313132259, 23.161600283784036], [91.4461284496123, 23.16160221084033], [91.44611802939302, 23.16250520325551], [91.44553207066119, 23.162499421109526]]]}}, {"type": "Feature", "properties": {"aoi_name": "Feni", "sensor": "Sentinel-1", "acquisition_date": "2024-08-21", "baseline_date": "2024-08-09", "area_km2": 0.1228, "threshold": 1.25, "detects": "open_water_only"}, "geometry": {"type": "Polygon", "coordinates": [[[91.41874375568426, 22.997869337848808], [91.41874796361387, 22.997508138119397], [91.41855288475745, 22.997506190213105], [91.41855498894971, 22.997325590358965], [91.41816483181914, 22.997321693860172], [91.41816693650878, 22.997141094035772], [91.41797185823464, 22.997139145443267], [91.4179760680688, 22.99677794581561], [91.41778099033446, 22.996775997017075], [91.41778309547898, 22.996595397213824], [91.41758801802517, 22.99659344819224], [91.41759222876907, 22.99623224860688], [91.41739715185506, 22.996230299379278], [91.41740346858946, 22.995688500020073], [91.41759854472562, 22.995690449196605], [91.417600650002, 22.995509849384582], [91.41779572590013, 22.995511798304033], [91.41780414575622, 22.994789398944867], [91.41897459536851, 22.99480108701191], [91.4189766987239, 22.994620487059283], [91.41917177347429, 22.994622434213266], [91.4191738765492, 22.994441834239336], [91.41936895106156, 22.994443781136265], [91.419371053856, 22.994263181141026], [91.41956612813031, 22.994265127780906], [91.41956823064429, 22.994084527764368], [91.42034852691661, 22.994092311855436], [91.42034642543965, 22.994272911939973], [91.42054149982, 22.994274857379626], [91.4205436010377, 22.994094257278096], [91.42112882352815, 22.99410009210581], [91.42112042164119, 22.99482249269002], [91.4209253464195, 22.994820547919538], [91.42092114483034, 22.99518174815188], [91.421311296332, 22.995185637520727], [91.4213217975533, 22.99428263673778], [91.42190702107575, 22.994288468735913], [91.42191331922105, 22.993746668061757], [91.42171824547013, 22.993744724353355], [91.42172454420256, 22.993202923691463], [91.42269990928024, 22.993212639578406], [91.42269781102014, 22.99339323988821], [91.42289288435843, 22.993395182362466], [91.42289078633642, 22.99357578268494], [91.42308585995512, 22.993577724936127], [91.42307327293408, 22.994661326882532], [91.42268312260681, 22.99465744193651], [91.42268102417736, 22.994838042211946], [91.42248594878623, 22.994836099361887], [91.42248385007636, 22.99501669961605], [91.42209369883908, 22.995012813161832], [91.4220915995895, 22.995193413377745], [91.42189652374336, 22.995191469773573], [91.42188392624556, 22.99627507087698], [91.42207900364735, 22.996277014583008], [91.42207270539039, 22.996818815127625], [91.42129239279883, 22.996811038659317], [91.42129449327615, 22.996630438549992], [91.42109941544051, 22.996628493849713], [91.42110151615594, 22.996447893753086], [91.42090643860078, 22.99644594882972], [91.42090853955429, 22.99626534874578], [91.42051838502611, 22.996261458212814], [91.42052258790669, 22.995900258099997], [91.42032751119297, 22.995898312507407], [91.42032961286073, 22.995717712461545], [91.42013453642748, 22.995715766645876], [91.42013874021796, 22.995354566575262], [91.41994366432445, 22.995352620553533], [91.41994576644716, 22.995172020528774], [91.41936053967167, 22.995166181074236], [91.41935633384945, 22.995527381017443], [91.41916125778151, 22.995525434018475], [91.4191591545793, 22.995706033966623], [91.41876900198854, 22.995702139214483], [91.41875848306647, 22.996605138720664], [91.41914863825005, 22.996609033642898], [91.41914443156983, 22.99697023348332], [91.41953458787542, 22.996974127513294], [91.41953248502207, 22.99715472746107], [91.41972756346598, 22.997156674132942], [91.41971915287768, 22.99787907394909], [91.41874375568426, 22.997869337848808]]]}}, {"type": "Feature", "properties": {"aoi_name": "Feni", "sensor": "Sentinel-1", "acquisition_date": "2024-08-21", "baseline_date": "2024-08-09", "area_km2": 0.1112, "threshold": 1.25, "detects": "open_water_only"}, "geometry": {"type": "Polygon", "coordinates": [[[91.48290034371257, 23.087905677920656], [91.48290237116153, 23.087725074616653], [91.48231672695962, 23.08771944646515], [91.48233092400407, 23.086455223559877], [91.48135485986467, 23.086445839056264], [91.48136297722463, 23.08572342619988], [91.4811677655005, 23.085721548641136], [91.48117182457912, 23.085360342219865], [91.48078140223457, 23.085356586444377], [91.48079155217957, 23.084453570479532], [91.48157239173845, 23.084461080738965], [91.48157036283268, 23.08464168400593], [91.48215599349811, 23.08464731421778], [91.48214990900368, 23.085189124139998], [91.48195469797965, 23.08518724759481], [91.48195266951339, 23.085367850877272], [91.48214788079802, 23.085369727438803], [91.48214382432548, 23.085730934023537], [91.48272945986551, 23.08573656235937], [91.48273148733017, 23.08555595902014], [91.48253627572369, 23.085554083165665], [91.48253830342854, 23.085373479838466], [91.48234309210308, 23.0853716037592], [91.48234917587696, 23.08482979380086], [91.48352043944504, 23.084841046365533], [91.48351841310442, 23.085021649787276], [91.4841040459457, 23.085027272863403], [91.48410202036649, 23.085207876329807], [91.48429723161496, 23.08520975022258], [91.48429520627596, 23.085390353701015], [91.48449041780543, 23.08539222736897], [91.48448839270665, 23.085572830859423], [91.48468360451713, 23.085574704302566], [91.48468157965857, 23.085755307805037], [91.4854624281467, 23.085762799231517], [91.48545230876053, 23.086665817005606], [91.48525709530483, 23.086663944429162], [91.48525304688648, 23.087025151476116], [91.48505783292991, 23.0870232786259], [91.48505175936765, 23.087565089115177], [91.48466132995185, 23.087561342593435], [91.48465930486906, 23.087741946048645], [91.48446408993108, 23.087740072409726], [91.48446206456725, 23.087920675844323], [91.48290034371257, 23.087905677920656]]]}}, {"type": "Feature", "properties": {"aoi_name": "Feni", "sensor": "Sentinel-1", "acquisition_date": "2024-08-21", "baseline_date": "2024-08-09", "area_km2": 0.104, "threshold": 1.25, "detects": "open_water_only"}, "geometry": {"type": "Polygon", "coordinates": [[[91.43760939614359, 23.036890226095366], [91.43761147895746, 23.036709625482647], [91.4372212049441, 23.036705769704792], [91.43722537154842, 23.03634456853371], [91.43624968948119, 23.03633492504778], [91.43625177405121, 23.036154324539904], [91.43605663796066, 23.036152395137925], [91.43605872276953, 23.03597179464258], [91.43586358695984, 23.035969865016888], [91.43586567200758, 23.03578926453408], [91.43508513001848, 23.03578154369331], [91.43509138815388, 23.03523974242112], [91.43528652284004, 23.035241672941595], [91.4352906943055, 23.034880472038285], [91.43607123118154, 23.03488819158022], [91.43607331584334, 23.034707591054776], [91.43665871794146, 23.034713378135255], [91.4366566340592, 23.03489397871117], [91.43685176839375, 23.034895907273775], [91.43686010275738, 23.034173504877], [91.43705523607355, 23.03417543313179], [91.43705731935212, 23.03399483250503], [91.43725245242946, 23.033996760502486], [91.43725453542719, 23.03381615985461], [91.43744966826569, 23.03381808759474], [91.43746424684322, 23.032553882821478], [91.4378545089456, 23.032557737344813], [91.43785659099595, 23.032377136612094], [91.43844198352747, 23.032382916542943], [91.43842949558747, 23.033466521177296], [91.4386246280322, 23.033468447440743], [91.43862046573739, 23.033829648984746], [91.43881559872275, 23.033831575041283], [91.43880935590273, 23.034373377375456], [91.4390044896886, 23.03437530324188], [91.4390003282234, 23.034736504810095], [91.43919546254993, 23.0347384304696], [91.43918505981924, 23.035641434398897], [91.43898992419341, 23.035639508655407], [91.43898576243463, 23.036000710163442], [91.43879062631004, 23.03599878414581], [91.43878854513932, 23.03617938487658], [91.43898368152377, 23.036181310911008], [91.43897535767061, 23.03690371385829], [91.43760939614359, 23.036890226095366]], [[91.43781494600185, 23.03598915044961], [91.43840035412381, 23.03599493138894], [91.43840868067588, 23.035272528557314], [91.437628140713, 23.035264820426075], [91.4376218927121, 23.03580662235453], [91.43781702845092, 23.035808549798578], [91.43781494600185, 23.03598915044961]]]}}, {"type": "Feature", "properties": {"aoi_name": "Feni", "sensor": "Sentinel-1", "acquisition_date": "2024-08-21", "baseline_date": "2024-08-09", "area_km2": 0.104, "threshold": 1.25, "detects": "open_water_only"}, "geometry": {"type": "Polygon", "coordinates": [[[91.45781182346367, 23.19892462680168], [91.45781803951834, 23.198382830867036], [91.45762266675503, 23.19838091544282], [91.45761852221491, 23.19874211270366], [91.45664165608814, 23.198732531779783], [91.45664372967981, 23.198551933234633], [91.45586223820213, 23.19854426419816], [91.4558601635615, 23.198724862676784], [91.45527404438522, 23.198719108303926], [91.45527819521911, 23.198357911442198], [91.45508282272651, 23.198355992866325], [91.45508489837442, 23.198175394445627], [91.45469415397622, 23.198171556599874], [91.45469623012777, 23.19799095820815], [91.45430548633742, 23.19798711942597], [91.45431171624031, 23.197445324324793], [91.45489782959706, 23.197451081984568], [91.45490405695232, 23.196909286694673], [91.45588090903045, 23.19691887769621], [91.45588505787428, 23.196557680648276], [91.456080427828, 23.196559598088054], [91.45608250195646, 23.196378999540975], [91.45627787166876, 23.196380916721708], [91.4562799455142, 23.19620031815368], [91.45686605398949, 23.19620606819154], [91.45686398093068, 23.196386666809463], [91.4580362000165, 23.19639816043985], [91.45803412851014, 23.19657875915317], [91.4582294986928, 23.1965806739264], [91.45822328483555, 23.19712247009027], [91.45783254291774, 23.197118640201708], [91.45783047106596, 23.19729923888115], [91.4572443575586, 23.1972934921803], [91.45724021221926, 23.19765468942649], [91.4570448405673, 23.197652773341453], [91.45704276760421, 23.197833371941446], [91.45743351145337, 23.19783720390234], [91.45742936651362, 23.198198401155867], [91.45762473899389, 23.19820031680591], [91.4576309555856, 23.197658520869293], [91.45782632729997, 23.197660436227046], [91.45782839919336, 23.197479837556255], [91.45841451367464, 23.197485582125136], [91.45841658476056, 23.19730498340019], [91.45919806997783, 23.197312639364988], [91.45919599994082, 23.197493238156355], [91.45939137155932, 23.1974951515581], [91.45938516211024, 23.19803694795609], [91.45997127945054, 23.198042686856116], [91.45996093388663, 23.19894568101534], [91.45781182346367, 23.19892462680168]]]}}, {"type": "Feature", "properties": {"aoi_name": "Feni", "sensor": "Sentinel-1", "acquisition_date": "2024-08-21", "baseline_date": "2024-08-09", "area_km2": 0.1004, "threshold": 1.25, "detects": "open_water_only"}, "geometry": {"type": "Polygon", "coordinates": [[[91.45380758173413, 23.139280934585074], [91.45381172461914, 23.13891973525032], [91.45361643848891, 23.13891781948877], [91.45361436679543, 23.139098419141654], [91.4530285077456, 23.139092670356572], [91.45304301465106, 23.137828473045673], [91.45284773017232, 23.137826556417124], [91.45285187533761, 23.137465357179963], [91.45265659140242, 23.137463440343012], [91.45266073700705, 23.137102241121937], [91.45246545361539, 23.13710032407658], [91.4524737456199, 23.136377925649356], [91.45266902796621, 23.136379842628045], [91.45267317332073, 23.136018643355243], [91.45325901891673, 23.136024392741078], [91.45325694703386, 23.13620499242962], [91.45442864035627, 23.13621648477509], [91.45443071067115, 23.13603588498664], [91.45482127475587, 23.13603971380151], [91.45482334452727, 23.135859113975467], [91.45540919002644, 23.135864855335033], [91.45540712103902, 23.136045455210983], [91.45579768533182, 23.136049281608756], [91.45579561684625, 23.13622988151367], [91.4561861817449, 23.136233706977865], [91.45617997773141, 23.1367755067665], [91.45637526099594, 23.136777419185904], [91.45636492186428, 23.137680418830545], [91.45597435274256, 23.137676593583752], [91.45597228433112, 23.1378571934665], [91.45558171476989, 23.137853367219535], [91.45557757683923, 23.138214566905578], [91.45518700631577, 23.13821073962516], [91.4551849367965, 23.138391339428445], [91.45479436583355, 23.138387511147812], [91.45479229577076, 23.138568110913507], [91.45459701005915, 23.138566196393946], [91.45459493971417, 23.138746796138687], [91.454399653762, 23.138744881360743], [91.45439344181806, 23.139286680519177], [91.45380758173413, 23.139280934585074]]]}}, {"type": "Feature", "properties": {"aoi_name": "Feni", "sensor": "Sentinel-1", "acquisition_date": "2024-08-21", "baseline_date": "2024-08-09", "area_km2": 0.0944, "threshold": 1.25, "detects": "open_water_only"}, "geometry": {"type": "Polygon", "coordinates": [[[91.47299703703553, 22.909714856103705], [91.47299906016109, 22.90953424957363], [91.47280410236766, 22.909532375264686], [91.47280612573083, 22.909351768746763], [91.47222125324737, 22.909346144434718], [91.47222530146065, 22.908984931484582], [91.47203034452318, 22.908983056268593], [91.47203236885719, 22.90880244980355], [91.47183741219821, 22.90880057436491], [91.4718414613209, 22.908439361454853], [91.47125659301503, 22.90843373380311], [91.47126469411124, 22.90771130812893], [91.47204451443149, 22.907718810923505], [91.47204653862225, 22.907538204428544], [91.47263140330321, 22.90754382896504], [91.47263342669945, 22.907363222416524], [91.47321829079041, 22.907368844752217], [91.47322031339213, 22.907188238150173], [91.47380517689304, 22.90719385828509], [91.47380719870026, 22.907013251629532], [91.47419710728703, 22.90701699715804], [91.47419912855776, 22.906836390465394], [91.47614867013691, 22.906855103600638], [91.47613857647998, 22.907758137840915], [91.47594362094009, 22.907756267521208], [91.47594160188946, 22.90793687434006], [91.47574664611193, 22.907935003764894], [91.47574462678286, 22.908115610563087], [91.4755496707677, 22.908113739732464], [91.47554765116018, 22.908294346509997], [91.47535269490743, 22.908292475423913], [91.47535067502145, 22.908473082180784], [91.47496076206109, 22.908469339258602], [91.4749587416386, 22.90864994597841], [91.47476378493103, 22.908648074142317], [91.47476176423008, 22.90882868084144], [91.47437185036011, 22.90882493641923], [91.47436982912265, 22.909005543081282], [91.47417487196026, 22.909003670495157], [91.47417285044432, 22.90918427713653], [91.47397789304432, 22.90918240429492], [91.47397587124989, 22.909363010915616], [91.47378091361227, 22.909361137818507], [91.47377889153937, 22.909541744418522], [91.47358393366413, 22.90953987106592], [91.47358191131272, 22.90972047764525], [91.47299703703553, 22.909714856103705]]]}}, {"type": "Feature", "properties": {"aoi_name": "Feni", "sensor": "Sentinel-1", "acquisition_date": "2024-08-21", "baseline_date": "2024-08-09", "area_km2": 0.0944, "threshold": 1.25, "detects": "open_water_only"}, "geometry": {"type": "Polygon", "coordinates": [[[91.53017532604059, 22.923259539364658], [91.53017922336024, 22.922898317440513], [91.52998424133607, 22.92289651230444], [91.52998619022462, 22.922715901351776], [91.52979120847841, 22.92271409599226], [91.52979315760555, 22.922533485051133], [91.52959817613731, 22.92253167946816], [91.52960207484904, 22.922170457604764], [91.52940709391703, 22.92216865181416], [91.52941489213711, 22.921446208099475], [91.52902493239826, 22.921442595927036], [91.5290288324231, 22.921081374107384], [91.52883385309973, 22.921079567693933], [91.52883775356223, 22.92071834588886], [91.52864277477507, 22.92071653926782], [91.5286486260957, 22.920174706575715], [91.52845364810295, 22.9201728997629], [91.52845950002092, 22.919631067079898], [91.52826452282257, 22.919629260075336], [91.52826647368069, 22.919448649188304], [91.52807149676029, 22.91944684196034], [91.528077349991, 22.918905009321143], [91.52788237386497, 22.91890320190145], [91.5278921301462, 22.918000147496688], [91.5284770547103, 22.918005568800716], [91.52847510426811, 22.918186179737674], [91.52944998022683, 22.918195210539373], [91.529451929378, 22.918014599523325], [91.53042680453817, 22.9180236242658], [91.53042096089865, 22.9185654575383], [91.53022598505261, 22.9185636530208], [91.53022208867809, 22.91892487514955], [91.5300271123353, 22.918923070361227], [91.53002516386029, 22.919103681403403], [91.53022014046128, 22.919105486207528], [91.5302065023924, 22.92036976349405], [91.53001152398382, 22.92036795857928], [91.53000567802708, 22.920909791590713], [91.5302006572104, 22.920911596552912], [91.53019676032395, 22.92127281857083], [91.53058671978263, 22.921276427840723], [91.53058087585481, 22.921818260930465], [91.53077585638843, 22.92182006525395], [91.53076806524213, 22.922542509377138], [91.53096304682852, 22.922544313524558], [91.53096109925099, 22.922724924560505], [91.53115608111531, 22.92272672848447], [91.53115023903952, 22.9232685616141], [91.53017532604059, 22.923259539364658]]]}}, {"type": "Feature", "properties": {"aoi_name": "Feni", "sensor": "Sentinel-1", "acquisition_date": "2024-08-21", "baseline_date": "2024-08-09", "area_km2": 0.0928, "threshold": 1.25, "detects": "open_water_only"}, "geometry": {"type": "Polygon", "coordinates": [[[91.4690272036877, 23.123354224189594], [91.46902925317929, 23.123173622865156], [91.46863872372977, 23.123169831231326], [91.46864077372302, 23.122989229935555], [91.46825024487828, 23.12298543736846], [91.46825229537322, 23.122804836101363], [91.46805703124294, 23.12280293947197], [91.4680631833874, 23.122261135694355], [91.46728213020619, 23.122253546959175], [91.46729238859031, 23.121350540907052], [91.46748765054903, 23.121352438370653], [91.46748970190282, 23.12117183713081], [91.4680754871194, 23.121177528022873], [91.46807753766922, 23.12099692672923], [91.46827279918823, 23.120998823193673], [91.4682748494563, 23.120818221879226], [91.4684701107348, 23.120820118085636], [91.46847216072113, 23.120639516750394], [91.46886268281779, 23.12064330840563], [91.46886473226128, 23.1204627070331], [91.46847421068685, 23.120458915410847], [91.46848241034348, 23.1197365100096], [91.46887292982909, 23.119740301499938], [91.46887497916951, 23.119559700105885], [91.46946075776924, 23.11956538548051], [91.4694587092121, 23.119745986924016], [91.46965396904766, 23.119747881582317], [91.46965192073102, 23.119928483038002], [91.47004244098616, 23.119932271663], [91.47003629747927, 23.12047407610308], [91.46964577565751, 23.120470287379217], [91.4696416788388, 23.120831490251838], [91.4694464174366, 23.120829595494648], [91.46944436873522, 23.12101019690802], [91.46963963039855, 23.121012091681692], [91.46963758193768, 23.12119269310724], [91.47080915391686, 23.12120405677577], [91.47080710700213, 23.12138465829585], [91.47119763168217, 23.12138844428595], [91.47119149238117, 23.121930248919163], [91.47099622924748, 23.12192835599549], [91.47099213575494, 23.122289559029852], [91.47060160850477, 23.12228577239199], [91.47059956120535, 23.122466373869774], [91.47040429735003, 23.12246448017204], [91.47039815454477, 23.123006284530163], [91.4702028899266, 23.123004390541464], [91.4702008420225, 23.123184991969083], [91.46981031232568, 23.123181203234036], [91.4698082638787, 23.123361804624402], [91.4690272036877, 23.123354224189594]]]}}, {"type": "Feature", "properties": {"aoi_name": "Feni", "sensor": "Sentinel-1", "acquisition_date": "2024-08-21", "baseline_date": "2024-08-09", "area_km2": 0.0916, "threshold": 1.25, "detects": "open_water_only"}, "geometry": {"type": "Polygon", "coordinates": [[[91.42609146805108, 22.783903611095717], [91.42609561304741, 22.783542400371303], [91.42590083910343, 22.78354047853511], [91.42590498452815, 22.783179267827457], [91.42493111768569, 22.783169655251587], [91.42492904370278, 22.783350260522976], [91.42395517610488, 22.783340641922482], [91.42396347703448, 22.782618221149882], [91.42454779445563, 22.782623992819847], [91.42454986886683, 22.78244338756525], [91.42493941340703, 22.782447234123413], [91.42494148728481, 22.78226662883071], [91.42513625933024, 22.782268551736482], [91.4251383329308, 22.782087946422592], [91.42533310474107, 22.782089869073857], [91.42533517806442, 22.781909263738786], [91.4255299496395, 22.781911186135552], [91.42553202268564, 22.7817305807793], [91.42572679402555, 22.78173250292157], [91.4257309395424, 22.78137129216244], [91.42651002306269, 22.78137897822041], [91.42650173604397, 22.78210139999213], [91.42630696410764, 22.782099478766387], [91.42630281995986, 22.782460689592853], [91.42610804753214, 22.782458768095704], [91.42610183038431, 22.783000584252694], [91.4268809232957, 22.783008269018563], [91.4268829946745, 22.782827663569552], [91.42746731380993, 22.782833424598476], [91.4274693843991, 22.782652819094512], [91.42844324876359, 22.782662415973], [91.42844531805076, 22.782481810380325], [91.4286400907304, 22.782483729026357], [91.42864215974039, 22.78230312341254], [91.4290317046502, 22.782306959958063], [91.42903584158248, 22.781945748650113], [91.42923061355644, 22.781947666532737], [91.42923268173494, 22.781767060855497], [91.42962222523337, 22.781770895874235], [91.4296325632495, 22.78086786725534], [91.4304116453742, 22.780875534104467], [91.43040957883763, 22.78105613990424], [91.43099389141967, 22.781061887597122], [91.43098562813809, 22.781784310955874], [91.43079085623171, 22.7817823952284], [91.43078879010275, 22.781963001040566], [91.43059401796114, 22.781961085058647], [91.43058988512799, 22.782322296636494], [91.43039511249492, 22.782320380383258], [91.43039304579072, 22.78250098614892], [91.4301982729224, 22.782499069641236], [91.43019620594106, 22.782679675385772], [91.43000143283749, 22.782677758623624], [91.42999936557896, 22.78285836434703], [91.42960981892229, 22.782854530076214], [91.42960568331756, 22.783215741442763], [91.42843704077617, 22.78320423272544], [91.4284349714051, 22.783384838301053], [91.42804542354668, 22.783381000127363], [91.42804335364218, 22.783561605664943], [91.42706948308232, 22.78355200598818], [91.42706741187575, 22.783732611437046], [91.42667786328634, 22.7837287698693], [91.42667579154634, 22.78390937528009], [91.42609146805108, 22.783903611095717]]]}}, {"type": "Feature", "properties": {"aoi_name": "Feni", "sensor": "Sentinel-1", "acquisition_date": "2024-08-21", "baseline_date": "2024-08-09", "area_km2": 0.0904, "threshold": 1.25, "detects": "open_water_only"}, "geometry": {"type": "Polygon", "coordinates": [[[91.45444582016111, 23.151749966430312], [91.45444789200522, 23.151569366995997], [91.45405728299426, 23.151565534834518], [91.45405935534066, 23.15138493542919], [91.45288753037708, 23.151373433239378], [91.45288545646139, 23.151554032544755], [91.4521042391897, 23.15154635951382], [91.45211461379071, 23.1506433632771], [91.45230991676962, 23.150645281814317], [91.45231821502888, 23.149922884680628], [91.4521229130961, 23.149920966210097], [91.4521353614285, 23.148837370480205], [91.45174476076379, 23.148833533013608], [91.4517509862175, 23.14829173519048], [91.45194628575491, 23.14829365399468], [91.45194836060293, 23.148113054695006], [91.45253425855574, 23.14811880960651], [91.45252803630271, 23.148660607642626], [91.45272333644652, 23.148662525512762], [91.45271918869662, 23.149023724215272], [91.4535003915725, 23.149031393410556], [91.45349831871235, 23.149211992821986], [91.45369361974494, 23.14921390953281], [91.45368118371557, 23.150297506010762], [91.45387648633816, 23.15029942257965], [91.45387855880028, 23.150118823160785], [91.45465976845281, 23.150126486951002], [91.45466183984797, 23.149945887461236], [91.45485714205164, 23.149947802787466], [91.45486128425642, 23.1495866037617], [91.45544718942315, 23.149592348189348], [91.45544304878753, 23.149953547314936], [91.45563835107446, 23.149955461673688], [91.45563007059963, 23.15067785993966], [91.4558253739535, 23.150679774123066], [91.45582123411432, 23.151040973263452], [91.45601653801211, 23.151042887238233], [91.45600825913026, 23.15176528553377], [91.45444582016111, 23.151749966430312]]]}}, {"type": "Feature", "properties": {"aoi_name": "Feni", "sensor": "Sentinel-1", "acquisition_date": "2024-08-21", "baseline_date": "2024-08-09", "area_km2": 0.0856, "threshold": 1.25, "detects": "open_water_only"}, "geometry": {"type": "Polygon", "coordinates": [[[91.5171452644178, 22.937949883354765], [91.51714723176275, 22.937769273792465], [91.51695222959889, 22.937767451541674], [91.51697583928987, 22.93560013665257], [91.51717083835213, 22.935601958711974], [91.51717477250548, 22.93524073947214], [91.51775976826079, 22.93524620411826], [91.51775780196938, 22.935426813788148], [91.51795280085267, 22.935428634873993], [91.51795083479986, 22.935609244555543], [91.51814583396146, 22.935611065417927], [91.51813993645922, 22.936152894484792], [91.51774993660516, 22.936149252424993], [91.51774797021444, 22.936329862073535], [91.51755297005874, 22.936328040668577], [91.51754706999202, 22.936869869540768], [91.51774207092309, 22.936871690993556], [91.51774010445293, 22.937052300625034], [91.51813010689165, 22.93705594284423], [91.51813207284488, 22.936875333180875], [91.51832707383555, 22.936877153915404], [91.51832903951046, 22.936696544231847], [91.51852404026252, 22.93669836471102], [91.5185260056591, 22.936517755007266], [91.51891600670587, 22.936521395215504], [91.51891797156567, 22.93634078547562], [91.51989297323755, 22.9363498817268], [91.51989100967006, 22.936530491546307], [91.5206710123985, 22.93653776430146], [91.52067297493211, 22.936357154418296], [91.52047797447872, 22.936355336604546], [91.520483862736, 22.935813506977198], [91.520678862414, 22.935815324743217], [91.52068082486832, 22.935634714842994], [91.5208758243077, 22.93563653235369], [91.52087974863996, 22.935275312508615], [91.52146474552629, 22.935280763508857], [91.52146278414541, 22.935461373481246], [91.52165778340562, 22.935463190018424], [91.52164993871783, 22.936185629928886], [91.52184493903167, 22.93618744629025], [91.52183709506076, 22.936909886196045], [91.52164209371306, 22.936908069771086], [91.52164013241233, 22.93708867972097], [91.52125012925943, 22.937085046120988], [91.52124620556462, 22.937446265944352], [91.52085620145708, 22.937442631323044], [91.52085423906298, 22.937623241196516], [91.52007423005186, 22.937615969017138], [91.52007619347987, 22.937435359207317], [91.51949118770523, 22.937429902606542], [91.51948922350178, 22.937610512368604], [91.51890421713024, 22.937605053565207], [91.51890225213151, 22.93778566327522], [91.51831724516317, 22.937780202269174], [91.51831527936913, 22.93796081192712], [91.5171452644178, 22.937949883354765]]]}}, {"type": "Feature", "properties": {"aoi_name": "Feni", "sensor": "Sentinel-1", "acquisition_date": "2024-08-21", "baseline_date": "2024-08-09", "area_km2": 0.0828, "threshold": 1.25, "detects": "open_water_only"}, "geometry": {"type": "Polygon", "coordinates": [[[91.46748136117024, 22.914719252830736], [91.46748339209599, 22.9145386468809], [91.46728842764976, 22.914536765416226], [91.46729248995592, 22.914175553536694], [91.4659277430209, 22.91416237681891], [91.46592977595, 22.913981770988148], [91.4655398489554, 22.91397800409241], [91.4655418823802, 22.91379739829037], [91.46476202967006, 22.91378986169533], [91.46476406410673, 22.91360925595503], [91.46456910123871, 22.913607371224956], [91.4645752051997, 22.913065554027927], [91.46438024312656, 22.91306366910825], [91.46438634767674, 22.91252185192228], [91.46555611577827, 22.912533157556375], [91.46555408249735, 22.912713763388336], [91.46594400587847, 22.912717530053104], [91.4659419730932, 22.912898135913796], [91.46691678319601, 22.912907548473587], [91.46691475168069, 22.91308815441245], [91.46866941348203, 22.913105082103744], [91.46867144267445, 22.912924476016595], [91.46984121658309, 22.912935750284806], [91.46983918893929, 22.91311635647071], [91.47003415158726, 22.91311823469493], [91.47003212418105, 22.913298840893013], [91.47022708710762, 22.91330071889456], [91.47021695105987, 22.914203749903095], [91.46943709431436, 22.91419623613306], [91.46944317910186, 22.9136544177382], [91.46885828908101, 22.91364878004789], [91.46885423102782, 22.914009992216634], [91.46904919486383, 22.9140118717188], [91.4690431084046, 22.914553689989237], [91.46826325008617, 22.91454617034819], [91.46826122019291, 22.914726776363924], [91.46748136117024, 22.914719252830736]]]}}, {"type": "Feature", "properties": {"aoi_name": "Feni", "sensor": "Sentinel-1", "acquisition_date": "2024-08-21", "baseline_date": "2024-08-09", "area_km2": 0.0816, "threshold": 1.25, "detects": "open_water_only"}, "geometry": {"type": "Polygon", "coordinates": [[[91.41715788073998, 23.166732251934544], [91.4171600040905, 23.166551656068325], [91.4169646813396, 23.166549692702453], [91.41697105204844, 23.166007905129014], [91.41658040818116, 23.166003977773446], [91.41658678026839, 23.165462190263412], [91.41619613805695, 23.16545826204202], [91.41619826256682, 23.16527766623081], [91.41600294175485, 23.165275701774128], [91.41600081698326, 23.165456297568277], [91.41561017489991, 23.165452367894687], [91.4156059242457, 23.165813559401748], [91.41482463824138, 23.165805697013596], [91.41483101733152, 23.16526390995135], [91.41424505540827, 23.165258010772533], [91.4142471825141, 23.165077415127705], [91.41366122156843, 23.165071513821857], [91.41366760511325, 23.164529727015175], [91.41386292462192, 23.164531694307893], [91.41386930718915, 23.163989907411036], [91.4134786697635, 23.163985972686095], [91.41347654173903, 23.164166568288532], [91.41328122279658, 23.16416460054595], [91.41327909448901, 23.16434519612697], [91.4130837753062, 23.164343228125272], [91.41308164671554, 23.16452382368488], [91.41288632729241, 23.164521855424073], [91.41288419841862, 23.16470245096226], [91.41268887875516, 23.164700482442335], [91.41268249122027, 23.165242268979668], [91.41190120963967, 23.165234392274503], [91.4119033398863, 23.165053796834798], [91.41170801980638, 23.165051827070535], [91.41172293276541, 23.163787658991204], [91.41191825101329, 23.16378962863572], [91.41192038108865, 23.163609033161414], [91.41309228945502, 23.163620845843614], [91.41309441793875, 23.163440250262386], [91.4134850537086, 23.163444185852853], [91.41348718164753, 23.16326359023312], [91.41407313467755, 23.163269491752484], [91.41406888034855, 23.163630683090137], [91.41485015344814, 23.163638548531136], [91.41484802729843, 23.163819144261787], [91.41504334588846, 23.163821110034082], [91.415032716128, 23.164724088707842], [91.41561867595206, 23.16472998482866], [91.4156208011617, 23.16454938905135], [91.41581612088403, 23.16455135392384], [91.41581824581061, 23.164370758125138], [91.4165995238666, 23.16437861512663], [91.41659739998691, 23.164559210993563], [91.416792719816, 23.164561174655937], [91.41678210140613, 23.165464154011055], [91.41717274374562, 23.165468080780236], [91.41716637401407, 23.166009868443737], [91.41755701800936, 23.16601379434706], [91.41755489524634, 23.16619439026034], [91.41775021753773, 23.166196352865988], [91.41774384990592, 23.166738140631022], [91.41715788073998, 23.166732251934544]]]}}, {"type": "Feature", "properties": {"aoi_name": "Feni", "sensor": "Sentinel-1", "acquisition_date": "2024-08-21", "baseline_date": "2024-08-09", "area_km2": 0.0808, "threshold": 1.25, "detects": "open_water_only"}, "geometry": {"type": "Polygon", "coordinates": [[[91.47492746737231, 23.06777976897218], [91.4749315395895, 23.067418562781558], [91.47473635486931, 23.06741667868268], [91.47474042752515, 23.06705547250771], [91.47454524334614, 23.067053588200753], [91.47455542592847, 23.06615057277025], [91.4749457917037, 23.066154340979068], [91.474947827638, 23.065973737847244], [91.4753381929746, 23.065977505059617], [91.47534836973537, 23.065074489171923], [91.47515318835839, 23.06507260576825], [91.47515522390935, 23.06489200259425], [91.47496004281317, 23.064890118966098], [91.4749681858532, 23.06416770629276], [91.47574890619613, 23.064175239097437], [91.4757509408637, 23.06399463585272], [91.47497022156195, 23.06398710311369], [91.4749722572502, 23.063806499930315], [91.4747770777363, 23.063804616159782], [91.47478318545886, 23.06326280663316], [91.47497836419191, 23.063264690354448], [91.47498039979814, 23.063084087153893], [91.4751755782914, 23.0630859706179], [91.4751877899366, 23.06200235122593], [91.47577332085451, 23.062007999877356], [91.47576925194973, 23.062369206456985], [91.47596442948388, 23.062371088891894], [91.47595629246945, 23.063093502065232], [91.47615147106518, 23.06309538432489], [91.47614536887006, 23.06363719420902], [91.4765357276847, 23.063640958104138], [91.47652352586483, 23.064724577953235], [91.4763283448855, 23.064722696027708], [91.4762998674603, 23.067251141511353], [91.47610468285697, 23.067249259115307], [91.47610061380489, 23.067610465511436], [91.47571024361832, 23.06760669993098], [91.47570820854087, 23.067787303089794], [91.47492746737231, 23.06777976897218]]]}}, {"type": "Feature", "properties": {"aoi_name": "Feni", "sensor": "Sentinel-1", "acquisition_date": "2024-08-21", "baseline_date": "2024-08-09", "area_km2": 0.0788, "threshold": 1.25, "detects": "open_water_only"}, "geometry": {"type": "Polygon", "coordinates": [[[91.4436331441196, 23.15778457548327], [91.44363523106215, 23.1576039771144], [91.44285398214576, 23.157596256328752], [91.44285607011389, 23.15741565802264], [91.44227013443184, 23.157409864943208], [91.44227222316387, 23.157229266683107], [91.44168628845564, 23.15722347147645], [91.4416821094008, 23.15758466789165], [91.44109617331179, 23.157578870406727], [91.44110244421725, 23.157037075928542], [91.44129775544103, 23.1570390086151], [91.4412998454392, 23.156858410430285], [91.44110453447706, 23.156856477760517], [91.44111498546097, 23.15595348685563], [91.44209153394125, 23.155963147365398], [91.44208944509455, 23.156143745638936], [91.44287068530316, 23.156151469759028], [91.44287486088267, 23.15579027307344], [91.44307017046405, 23.155792203465076], [91.44307225796072, 23.155611605099036], [91.44346287666323, 23.15561546512298], [91.44346496361571, 23.15543486671909], [91.44366027273682, 23.155436796351406], [91.44366235940672, 23.15525619792644], [91.4438576682872, 23.15525812730006], [91.44386392738625, 23.15471633194898], [91.4440592355029, 23.154718261030396], [91.44406132156573, 23.154537662554652], [91.4448425531956, 23.154545376394086], [91.4448342130041, 23.155267770539254], [91.44463890401879, 23.15526584237527], [91.44462847699984, 23.156168834875903], [91.44443316672744, 23.156166906386222], [91.44442899524988, 23.156528103322756], [91.44462430604553, 23.156530031845936], [91.44461179267954, 23.157613622652494], [91.44441648031413, 23.157611694028784], [91.44441439441813, 23.15779229246469], [91.4436331441196, 23.15778457548327]]]}}, {"type": "Feature", "properties": {"aoi_name": "Feni", "sensor": "Sentinel-1", "acquisition_date": "2024-08-21", "baseline_date": "2024-08-09", "area_km2": 0.0784, "threshold": 1.25, "detects": "open_water_only"}, "geometry": {"type": "Polygon", "coordinates": [[[91.45183398620442, 22.987539523738388], [91.4518360451299, 22.9873589207776], [91.45164097776015, 22.987357014412886], [91.45164303692401, 22.987176411464464], [91.4514479698342, 22.98717450487643], [91.45145826663766, 22.98627149015327], [91.45106813511198, 22.986267676423896], [91.45107431449962, 22.985725867638507], [91.45165950948694, 22.98573158772268], [91.45165539147087, 22.986092793683856], [91.45204552260289, 22.986096605940126], [91.45205787329212, 22.985012987805256], [91.45186280927058, 22.985011081897028], [91.45186898511218, 22.984469272821652], [91.45342949164677, 22.984484512969328], [91.45342743512671, 22.984665116131907], [91.45362249879607, 22.984667020087247], [91.45361838621194, 22.985028226432828], [91.45400851464944, 22.985032033690203], [91.45400645884455, 22.98521263688982], [91.45420152335353, 22.98521454017521], [91.45420357889931, 22.985033936958953], [91.45498383610614, 22.985041547634452], [91.45497972706697, 22.985402754195675], [91.45517479193879, 22.98540465629791], [91.455168629002, 22.985946466157444], [91.45458343211642, 22.985940758981272], [91.45457521146729, 22.98666317186781], [91.45438014484363, 22.98666126892932], [91.45437808937034, 22.986841872123605], [91.45418302250823, 22.98683996892851], [91.45418096675505, 22.987020572101883], [91.45359576551571, 22.987014861026864], [91.45359782204639, 22.986834257903393], [91.45340275526728, 22.986832353748408], [91.45340892551228, 22.986290544402173], [91.45282372763188, 22.98628483064715], [91.45281961260102, 22.986646036782414], [91.45262454616409, 22.98664413168418], [91.45262248835836, 22.986824734728724], [91.45242742168303, 22.986822829373878], [91.45241918921582, 22.987545241442604], [91.45183398620442, 22.987539523738388]], [[91.45438836652936, 22.98593885610929], [91.45458343211642, 22.985940758981272], [91.45458548722685, 22.985760155748913], [91.45439042189894, 22.98575825289356], [91.45438836652936, 22.98593885610929]]]}}, {"type": "Feature", "properties": {"aoi_name": "Feni", "sensor": "Sentinel-1", "acquisition_date": "2024-08-21", "baseline_date": "2024-08-09", "area_km2": 0.0768, "threshold": 1.25, "detects": "open_water_only"}, "geometry": {"type": "Polygon", "coordinates": [[[91.44882096307803, 23.182219316487195], [91.44882304551746, 23.182038718232494], [91.44843234915386, 23.18203486736153], [91.44843443209635, 23.181854269135936], [91.44784838849387, 23.181848491062834], [91.44785047220141, 23.18166789288308], [91.44765512463776, 23.18166596639096], [91.44766346030653, 23.180943573695632], [91.44785880682224, 23.180945500120867], [91.44786089042512, 23.18076490191952], [91.4486422756493, 23.18077260513131], [91.44864435818336, 23.180592006858777], [91.44883970427973, 23.18059393203945], [91.44884386876114, 23.180232735448012], [91.44864852318871, 23.18023081030076], [91.44865477053983, 23.17968901543135], [91.44767804692097, 23.179679386312557], [91.4476801306393, 23.179498788097703], [91.44748478624028, 23.179496861564026], [91.44749103805555, 23.178955066943725], [91.44827241263378, 23.178962771424512], [91.44827032976411, 23.17914336970248], [91.44866101770269, 23.179147220523067], [91.44865893533598, 23.179327818830142], [91.45002634561348, 23.179341289189605], [91.4500284261465, 23.179160690765602], [91.45061445865026, 23.17916646009357], [91.45060821934614, 23.179708255502884], [91.45041287437145, 23.179706332585692], [91.45038791213086, 23.18187351363407], [91.45019256403333, 23.181871590274334], [91.4501904834488, 23.18205218865027], [91.44979978679244, 23.182048341170685], [91.44979770566302, 23.182228939508914], [91.44882096307803, 23.182219316487195]]]}}, {"type": "Feature", "properties": {"aoi_name": "Feni", "sensor": "Sentinel-1", "acquisition_date": "2024-08-21", "baseline_date": "2024-08-09", "area_km2": 0.076, "threshold": 1.25, "detects": "open_water_only"}, "geometry": {"type": "Polygon", "coordinates": [[[91.47461849417037, 22.99119240593721], [91.474620523161, 22.99101180112349], [91.4744254484535, 22.99100992252516], [91.47442747768287, 22.990829317723566], [91.47384225446096, 22.990823680537634], [91.47384428444755, 22.990643075781005], [91.47364921034044, 22.990641196255392], [91.47365124056576, 22.990460591510896], [91.47345616673834, 22.99045871176168], [91.47345819720242, 22.99027810702933], [91.47306805012752, 22.990274346843673], [91.473066019145, 22.99045495154318], [91.47228572420418, 22.990447428225895], [91.47229588409621, 22.98954440501415], [91.47307617385268, 22.989551928002804], [91.47307414295213, 22.989732532719444], [91.47326921570169, 22.989734412883], [91.47327327696388, 22.989373203412576], [91.47346834921551, 22.989375083303266], [91.47347037955667, 22.9891944785452], [91.47386052360297, 22.98919823757371], [91.47386255340523, 22.98901763277852], [91.47405762519989, 22.989019511916347], [91.47405965472248, 22.988838907100458], [91.47483994106904, 22.988846421186032], [91.47483791258325, 22.989027026067568], [91.4754231283357, 22.98903265916091], [91.47542515604387, 22.988852054230154], [91.47562022774306, 22.988853931431514], [91.47562428257962, 22.98849272152434], [91.47542921139882, 22.988490844355777], [91.47543732186325, 22.98776842455563], [91.47680281330092, 22.987781559236478], [91.47680078752983, 22.987962164307703], [91.47719092864294, 22.987965914946486], [91.47718485276218, 22.988507730232772], [91.47698978141781, 22.988505854984222], [91.47698775582414, 22.9886864600547], [91.47640254113608, 22.988680832819888], [91.47639848833222, 22.989042042849658], [91.47620341629202, 22.98904016659192], [91.47619936288797, 22.989401376571777], [91.4760042903498, 22.98939950004125], [91.4760022633579, 22.989580105008343], [91.47580719058097, 22.98957822822141], [91.4758051633094, 22.98975883316783], [91.47521994432368, 22.98975320131772], [91.47520371919335, 22.99119804034125], [91.47461849417037, 22.99119240593721]], [[91.47502487136936, 22.989751323554316], [91.47521994432368, 22.98975320131772], [91.47522197237289, 22.9895725964205], [91.47502689967779, 22.989570718673512], [91.47502487136936, 22.989751323554316]]]}}, {"type": "Feature", "properties": {"aoi_name": "Feni", "sensor": "Sentinel-1", "acquisition_date": "2024-08-21", "baseline_date": "2024-08-09", "area_km2": 0.0744, "threshold": 1.25, "detects": "open_water_only"}, "geometry": {"type": "Polygon", "coordinates": [[[91.41139834305322, 23.158185258853184], [91.41140047325, 23.158004663296172], [91.4098379953677, 23.157988897937976], [91.40984012763606, 23.15780830251359], [91.4092541995686, 23.157802386563567], [91.40925633260038, 23.15762179118625], [91.40906102354904, 23.157619818736162], [91.40906315682102, 23.157439223371654], [91.40886784805275, 23.157437250696763], [91.40887424852487, 23.156895464628693], [91.4090695565083, 23.156897437252177], [91.40907168969453, 23.156716841870374], [91.4094623052025, 23.156720786357283], [91.40946657046419, 23.156359595512175], [91.4104431069931, 23.156369452324416], [91.410440975681, 23.15655004783476], [91.41122220633615, 23.15655792899835], [91.41122646684613, 23.15619673783641], [91.41200769575102, 23.156204614992287], [91.4120098249275, 23.1560240193364], [91.41279105312837, 23.15603189255308], [91.41278254047971, 23.156754275424287], [91.41297784862982, 23.156756243192024], [91.41296295250245, 23.158020413169854], [91.41257233256097, 23.158016477153108], [91.41257020393397, 23.15819707281275], [91.41139834305322, 23.158185258853184]]]}}, {"type": "Feature", "properties": {"aoi_name": "Feni", "sensor": "Sentinel-1", "acquisition_date": "2024-08-21", "baseline_date": "2024-08-09", "area_km2": 0.0724, "threshold": 1.25, "detects": "open_water_only"}, "geometry": {"type": "Polygon", "coordinates": [[[91.42423611434637, 23.129415306783436], [91.4242382244018, 23.12923470944476], [91.4240429550546, 23.129232757822233], [91.42404928587726, 23.128690965831208], [91.4238540173349, 23.128689014017983], [91.42385612782789, 23.12850841669598], [91.42366085956795, 23.12850646465812], [91.42366508101263, 23.128145270035112], [91.42346981329635, 23.128143317789597], [91.42346348031387, 23.128685109666698], [91.42092499174804, 23.12865970782652], [91.42093344926461, 23.127937319531924], [91.42112871644352, 23.12793927490127], [91.42113083050832, 23.12775867779982], [91.42093556359059, 23.12775672244748], [91.42094190644096, 23.127214931168258], [91.42172297110511, 23.12722275092404], [91.42172085788766, 23.127403348089434], [91.42191612436802, 23.127405302441396], [91.42191189839176, 23.127766496793214], [91.42210716541575, 23.12776845093757], [91.42210927815331, 23.127587853746824], [91.42230454493738, 23.127589807632585], [91.42230665739251, 23.127409210420534], [91.42269719050198, 23.1274131174333], [91.42269930241349, 23.12723252018296], [91.4228945687389, 23.12723447330997], [91.42289879197585, 23.12687327876236], [91.42387512130958, 23.126883040603744], [91.42387090068443, 23.12724423532112], [91.42426143361124, 23.12724813843443], [91.42426565319164, 23.126886943649172], [91.42446091916452, 23.126888894809507], [91.4244630286617, 23.126708297393442], [91.42504882592405, 23.126714149374017], [91.42503828214367, 23.127617136665645], [91.42425721394595, 23.127609333202425], [91.42425510408148, 23.127789930579947], [91.4240598368239, 23.12778797909318], [91.42405772667702, 23.12796857644942], [91.42483879687943, 23.127976381014758], [91.42483246944583, 23.128518173261167], [91.42502773783308, 23.12852012384938], [91.4250214109922, 23.129061916107837], [91.42482614182134, 23.12905996546874], [91.42482192329895, 23.129421160252207], [91.42423611434637, 23.129415306783436]]]}}, {"type": "Feature", "properties": {"aoi_name": "Feni", "sensor": "Sentinel-1", "acquisition_date": "2024-08-21", "baseline_date": "2024-08-09", "area_km2": 0.072, "threshold": 1.25, "detects": "open_water_only"}, "geometry": {"type": "Polygon", "coordinates": [[[91.50324652056939, 22.942696333287298], [91.50325247922515, 22.942154508346288], [91.5026674576587, 22.94214898867037], [91.50266944461279, 22.941968380396457], [91.50247443772265, 22.94196654004164], [91.50248039924007, 22.941424715242597], [91.50267540535461, 22.9414265555491], [91.50267739222842, 22.941245947258103], [91.50326240991687, 22.941251466692506], [91.50326638205313, 22.940890250001097], [91.50268136591582, 22.940884730663296], [91.50268335272942, 22.940704122359488], [91.50209833754829, 22.940698600914864], [91.50210032511737, 22.940517992655106], [91.50190532035566, 22.940516151710767], [91.50191128371797, 22.939974326954182], [91.50210628770417, 22.939976167850194], [91.50210827519294, 22.93979555957335], [91.5024982827085, 22.939799240614807], [91.50250026966019, 22.939618632301475], [91.50308528030855, 22.939624152019512], [91.50308329413237, 22.939804760381143], [91.50366830573681, 22.93981027799245], [91.50366632031609, 22.93999088639811], [91.50386132448284, 22.939992725139074], [91.50385735409826, 22.94035394196976], [91.50444236826992, 22.940359456852484], [91.5044443526967, 22.94017884839101], [91.50483436172766, 22.940182523750053], [91.50483634561739, 22.940001915252147], [91.5054213585386, 22.94000742644658], [91.50540549306423, 22.941452294696116], [91.50482047393855, 22.941446783115822], [91.5048184898885, 22.941627391579562], [91.50462348329484, 22.941625553891107], [91.50461753024888, 22.942167379208463], [91.50442252289963, 22.942165541232292], [91.50442053825235, 22.94234614964678], [91.50403052309689, 22.94234247294384], [91.50402655270801, 22.942703689695662], [91.50324652056939, 22.942696333287298]], [[91.50326042381865, 22.94143207503181], [91.5036504362283, 22.941435753489614], [91.50365242180948, 22.94125514511812], [91.50326240991687, 22.941251466692506], [91.50326042381865, 22.94143207503181]]]}}, {"type": "Feature", "properties": {"aoi_name": "Feni", "sensor": "Sentinel-1", "acquisition_date": "2024-08-21", "baseline_date": "2024-08-09", "area_km2": 0.0712, "threshold": 1.25, "detects": "open_water_only"}, "geometry": {"type": "Polygon", "coordinates": [[[91.37332446944004, 22.9130602715202], [91.37333309130322, 22.9123378804407], [91.37352804374605, 22.912339877036263], [91.37353019889933, 22.91215927923816], [91.37333524671455, 22.912157282660083], [91.37333955747185, 22.911796087085964], [91.37314460582492, 22.911794090303797], [91.37314891701118, 22.911432894747485], [91.3729539659021, 22.91143089776124], [91.37295612172058, 22.911250299994123], [91.37276117089132, 22.91124830278631], [91.37277195094697, 22.910345313973803], [91.37296690048609, 22.910347311094146], [91.37296905617384, 22.910166713301255], [91.37316400547674, 22.910168710165053], [91.37317262697779, 22.909446318880594], [91.37297767870692, 22.90944432208677], [91.37298414537796, 22.9089025286308], [91.37395888308019, 22.908912509947214], [91.37395672883494, 22.909093107857615], [91.37415167669873, 22.90909510342127], [91.3741495226897, 22.90927570134485], [91.37434447083325, 22.90927769668695], [91.37434231706047, 22.90945829462371], [91.37453726548378, 22.909460289744256], [91.37453511194724, 22.909640887694206], [91.37473006065032, 22.90964288259318], [91.37472575402793, 22.910004078515144], [91.37492070326881, 22.91000607321002], [91.37490778442744, 22.911089660977655], [91.37471283363844, 22.91108766617793], [91.37469775886036, 22.91235185158909], [91.37450280628687, 22.91234985642797], [91.37449849849544, 22.91271105218611], [91.37410859238159, 22.912707061076738], [91.37410643793712, 22.912887658914407], [91.37391148465478, 22.912885662983623], [91.37390932993048, 22.913066260799518], [91.37332446944004, 22.9130602715202]]]}}, {"type": "Feature", "properties": {"aoi_name": "Feni", "sensor": "Sentinel-1", "acquisition_date": "2024-08-21", "baseline_date": "2024-08-09", "area_km2": 0.0696, "threshold": 1.25, "detects": "open_water_only"}, "geometry": {"type": "Polygon", "coordinates": [[[91.38804370664664, 22.987264541221716], [91.3880458503574, 22.987083943827933], [91.38785078940255, 22.987081958961163], [91.3878636527676, 22.985998374612077], [91.38766859338915, 22.985996389609422], [91.38767073746673, 22.985815792220194], [91.38728061929297, 22.98581182152978], [91.38728276386713, 22.985631224170934], [91.38572229411066, 22.98561533195082], [91.38572444073608, 22.98543473472654], [91.38533432403172, 22.985430759306944], [91.38534291238963, 22.984708370505697], [91.38670831397899, 22.984722279789395], [91.38670616873571, 22.984902877117694], [91.38709628418856, 22.98490684907418], [91.38709413944184, 22.985087446432885], [91.38728919745984, 22.98508943206859], [91.38728705295057, 22.98527002944034], [91.38767716956968, 22.985274000026678], [91.38767931356072, 22.98509340262023], [91.38787437164363, 22.985095387536166], [91.38787651535395, 22.984914790108068], [91.38807157319938, 22.98491677476673], [91.38807800342326, 22.98437498240462], [91.38905328908827, 22.984384901839075], [91.38905114699743, 22.984565499384093], [91.38924620445437, 22.984567482568558], [91.38924192072602, 22.984928677680337], [91.38943697872278, 22.984930660659543], [91.38943269542621, 22.98529185578877], [91.38982281252098, 22.985295821096702], [91.38982067135848, 22.98547641868951], [91.39001573019738, 22.985478401000897], [91.39000930735763, 22.986020193805466], [91.38961918814675, 22.98601622883882], [91.38961704663873, 22.986196826397094], [91.38922692699603, 22.986192860436052], [91.38922478494814, 22.986373457955374], [91.3890297249001, 22.986371474597615], [91.38902115545596, 22.98709386456254], [91.38863103335166, 22.987089896988536], [91.38862889041832, 22.98727049443434], [91.38804370664664, 22.987264541221716]]]}}, {"type": "Feature", "properties": {"aoi_name": "Feni", "sensor": "Sentinel-1", "acquisition_date": "2024-08-21", "baseline_date": "2024-08-09", "area_km2": 0.0692, "threshold": 1.25, "detects": "open_water_only"}, "geometry": {"type": "Polygon", "coordinates": [[[91.41939759631025, 23.158988198962223], [91.41939971586537, 23.158807602722742], [91.41920440413298, 23.158805642751524], [91.4192086437026, 23.158444450293644], [91.4190133325148, 23.158442490114524], [91.41901545252928, 23.15826189389613], [91.41803889821803, 23.158252089456383], [91.41804101951938, 23.15807149331883], [91.41784570898271, 23.158069531722067], [91.41784783052438, 23.157888935597235], [91.41765252027066, 23.15788697377556], [91.41766949392931, 23.156442204757695], [91.4182554184756, 23.156448089087913], [91.41825753930216, 23.156267492890112], [91.41845284726529, 23.15626945383263], [91.41846769062319, 23.15500528020778], [91.41827238449123, 23.155003319384516], [91.41828298755826, 23.154100338179457], [91.41886890209436, 23.154106219668023], [91.41886254267229, 23.154648008557317], [91.41925315403903, 23.15465192844234], [91.41925103471222, 23.15483252476419], [91.41944634068913, 23.154834484360865], [91.41943574504351, 23.15573746599039], [91.41963105234969, 23.155739425430262], [91.41962257649622, 23.1564618107242], [91.41923195981238, 23.156457891466346], [91.41922984027254, 23.156638487744978], [91.4188392231507, 23.156634567485337], [91.41883498296068, 23.15699575996153], [91.41863967390849, 23.156993799434755], [91.41863331267879, 23.15753558806554], [91.41882862251585, 23.157537548643415], [91.41882650232495, 23.15771814486206], [91.41902181244492, 23.15772010521502], [91.41901969249436, 23.157900701446376], [91.41921500289727, 23.15790266157442], [91.41921712258622, 23.15772206532603], [91.41941243274881, 23.1577240251951], [91.41941879090298, 23.157182236372943], [91.42020002862685, 23.157190073225525], [91.4201788444994, 23.158996036495598], [91.41939759631025, 23.158988198962223]]]}}, {"type": "Feature", "properties": {"aoi_name": "Feni", "sensor": "Sentinel-1", "acquisition_date": "2024-08-21", "baseline_date": "2024-08-09", "area_km2": 0.0688, "threshold": 1.25, "detects": "open_water_only"}, "geometry": {"type": "Polygon", "coordinates": [[[91.33526446308927, 22.964141701120134], [91.33526888586522, 22.96378051483823], [91.33448879660217, 22.963772321911975], [91.33449100899173, 22.96359172883619], [91.33390594305523, 22.963585581678878], [91.33390815619875, 22.963404988652528], [91.33371313452336, 22.96340293913871], [91.3337153479033, 22.963222346125967], [91.333520326509, 22.963220296390425], [91.33352475371937, 22.962859110387853], [91.33313471203287, 22.96285501026953], [91.33314135423332, 22.96231323134087], [91.33353139436731, 22.962317331351645], [91.33353360787194, 22.96213673833095], [91.3343136873731, 22.96214493540518], [91.3343158998204, 22.961964342308494], [91.33451091949279, 22.961966390960054], [91.33451313165902, 22.96178579784114], [91.334708151095, 22.96178784623515], [91.33471036298018, 22.961607253094016], [91.33549043991239, 22.96161544420212], [91.33548380729479, 22.962157223827468], [91.33567882735989, 22.962159271059132], [91.33567661670146, 22.962339864276856], [91.33626167780685, 22.962346004587705], [91.33625946790235, 22.962526597854808], [91.33645448857418, 22.962528644163708], [91.33645669821992, 22.962348050878717], [91.33704175959298, 22.962354188313903], [91.33703292398125, 22.963076561642705], [91.33683790246624, 22.96307451599906], [91.33683348400905, 22.963435702601817], [91.33663846199882, 22.963433656682746], [91.33663625247802, 22.963614249959768], [91.33644123023133, 22.96361220378316], [91.33643460075874, 22.96415398353468], [91.33526446308927, 22.964141701120134]]]}}, {"type": "Feature", "properties": {"aoi_name": "Feni", "sensor": "Sentinel-1", "acquisition_date": "2024-08-21", "baseline_date": "2024-08-09", "area_km2": 0.0676, "threshold": 1.25, "detects": "open_water_only"}, "geometry": {"type": "Polygon", "coordinates": [[[91.47471420783086, 23.052063518151627], [91.47471827752138, 23.051702311279413], [91.47452311548193, 23.05170042812721], [91.47453125565738, 23.05097801439693], [91.47511673871594, 23.050983662934332], [91.47512080712006, 23.050622455944936], [91.47531596766038, 23.05062433827646], [91.47532410318232, 23.049901924180503], [91.47512894368238, 23.049900041914622], [91.47513504588892, 23.04935823134681], [91.47630599851438, 23.049369521036066], [91.47630803098177, 23.049188917406443], [91.4765031895643, 23.04919079816244], [91.47650522175114, 23.049010194512125], [91.47670038009406, 23.049012075011017], [91.47670241200035, 23.048831471340005], [91.47748304453644, 23.04883899086296], [91.47748101367046, 23.04901959459953], [91.47787133058142, 23.04902335294956], [91.47786726982837, 23.049384560475357], [91.47806242883469, 23.049386439322074], [91.47805633833192, 23.049928250627723], [91.47786117854535, 23.049926371731853], [91.47785914807676, 23.05010697547544], [91.47766398805054, 23.05010509632248], [91.47765789574173, 23.050646907478317], [91.47668209201619, 23.050637507856884], [91.47668005990516, 23.050818111484954], [91.47648489896136, 23.0508162308221], [91.47648286656977, 23.05099683442949], [91.47628770538634, 23.05099495350951], [91.47628567271417, 23.051175557096204], [91.47609051129112, 23.0511736759191], [91.47608847833837, 23.051354279485096], [91.47589331667568, 23.05135239805085], [91.47588925018849, 23.05171360513717], [91.47569408802607, 23.051711723429385], [91.47569002093671, 23.052072930465712], [91.47471420783086, 23.052063518151627]]]}}, {"type": "Feature", "properties": {"aoi_name": "Feni", "sensor": "Sentinel-1", "acquisition_date": "2024-08-21", "baseline_date": "2024-08-09", "area_km2": 0.0676, "threshold": 1.25, "detects": "open_water_only"}, "geometry": {"type": "Polygon", "coordinates": [[[91.44416080872244, 23.196622788172892], [91.44416289886644, 23.196442190648707], [91.44377216153096, 23.196438325952705], [91.44377425217836, 23.196257728457724], [91.44221130577402, 23.196242260111635], [91.44221339849801, 23.196061662746537], [91.44201803055421, 23.19605972812924], [91.44201593756802, 23.196240325477557], [91.44103909685332, 23.196230648671108], [91.44104119115049, 23.196050051406743], [91.44045508776061, 23.196044242464435], [91.44045718282332, 23.195863645246153], [91.44006644785965, 23.195859771439544], [91.44007482999766, 23.19513738265762], [91.44066092932849, 23.195143192802288], [91.4406588346121, 23.19532379005466], [91.44104956812888, 23.195327662306084], [91.44105166232089, 23.19514706502012], [91.44124702884864, 23.195149000765444], [91.44124912275745, 23.19496840345836], [91.44203058802995, 23.194976143948615], [91.44202849516988, 23.195156741322855], [91.44222386180273, 23.195158675856227], [91.4422217691838, 23.195339273242936], [91.44280786999501, 23.195345075439054], [91.44280996182736, 23.19516447800201], [91.44300532854426, 23.19516641156582], [91.44300742009344, 23.194985814107678], [91.44320278656915, 23.19498774741232], [91.44320487783514, 23.194807149933087], [91.44476780829923, 23.194822607510098], [91.44476571913067, 23.19500320512344], [91.44496108579531, 23.19500513624658], [91.44494228469405, 23.196630514723054], [91.44416080872244, 23.196622788172892]]]}}, {"type": "Feature", "properties": {"aoi_name": "Feni", "sensor": "Sentinel-1", "acquisition_date": "2024-08-21", "baseline_date": "2024-08-09", "area_km2": 0.0672, "threshold": 1.25, "detects": "open_water_only"}, "geometry": {"type": "Polygon", "coordinates": [[[91.5156158304172, 23.006573893082255], [91.51561780636035, 23.006393285207476], [91.51542270586415, 23.006391455932203], [91.51542468204684, 23.006210848069134], [91.51444918116222, 23.006201698169285], [91.51445115862234, 23.00602109038182], [91.5142560587647, 23.006019259697172], [91.51425803646434, 23.00583865192142], [91.51406293688612, 23.00583682101253], [91.51407084852308, 23.00511438993069], [91.51426594706345, 23.005116220775626], [91.51426990224333, 23.00475500517706], [91.51446500028476, 23.00475683574982], [91.51446697758531, 23.004576227928137], [91.51466207538724, 23.004578058244704], [91.5146640524084, 23.004397450402756], [91.51505424755315, 23.004401110283315], [91.5150562240355, 23.00422050240514], [91.51447093212663, 23.004215012271935], [91.51447290936738, 23.004034404437416], [91.51427781236374, 23.004032573928598], [91.514279789844, 23.003851966105785], [91.51408469311974, 23.003850135372765], [91.5140906262191, 23.00330831192662], [91.51428572216504, 23.003310142611685], [91.51429363164722, 23.00258771122633], [91.51526910648755, 23.0025968607292], [91.51526713044403, 23.002777468661865], [91.51546222573133, 23.002779297857863], [91.51545432239564, 23.00350172960962], [91.51564941874058, 23.00350355862933], [91.51564546747203, 23.003864774511484], [91.51584056435574, 23.003866603322948], [91.51583858895103, 23.004047211273576], [91.51603368611413, 23.00404903986081], [91.5160297357638, 23.004410255781178], [91.51641993118753, 23.004413912298897], [91.51641400706932, 23.00495573624316], [91.51582871162854, 23.004950250962576], [91.51582476056008, 23.00531146680823], [91.51601985953933, 23.00531329550724], [91.51601195820116, 23.006035727211092], [91.5162070582382, 23.00603755573375], [91.5162011328038, 23.006579379514616], [91.5156158304172, 23.006573893082255]], [[91.5150562240355, 23.00422050240514], [91.51525132137832, 23.004222331969135], [91.5152532975813, 23.0040417240707], [91.51505820049792, 23.004039894522677], [91.5150562240355, 23.00422050240514]]]}}, {"type": "Feature", "properties": {"aoi_name": "Feni", "sensor": "Sentinel-1", "acquisition_date": "2024-08-21", "baseline_date": "2024-08-09", "area_km2": 0.0668, "threshold": 1.25, "detects": "open_water_only"}, "geometry": {"type": "Polygon", "coordinates": [[[91.48081267043065, 22.94320562365628], [91.48081871852592, 22.94266380436189], [91.48023370083142, 22.942658201873044], [91.48023571759805, 22.942477595482053], [91.48004071199917, 22.94247572752317], [91.48004272900397, 22.94229512114425], [91.4794577131051, 22.94228951587986], [91.47947587221161, 22.940664058718575], [91.47967087516417, 22.940665927232338], [91.47967289248228, 22.940485320843347], [91.4808429090745, 22.940496526799432], [91.48084492482121, 22.940315920308098], [91.48103992739937, 22.940317787113045], [91.4810459737418, 22.939775967564387], [91.48163097927188, 22.939781566395563], [91.48162493525592, 22.94032338609123], [91.48181993791549, 22.94032525193839], [91.48181590898677, 22.94068646508011], [91.4820109121837, 22.940688330720484], [91.48200285511616, 22.941410757017916], [91.48180785088519, 22.94140889131224], [91.48180583630891, 22.941589497859574], [91.48161083183976, 22.941587631898102], [91.4816047872133, 22.942129451465487], [91.48199479772309, 22.94213318324694], [91.48198875446467, 22.942675002873813], [91.481793748424, 22.94267313705384], [91.48179173370528, 22.94285374357125], [91.48159672742642, 22.94285187749547], [91.48159269741087, 22.94321309048481], [91.48081267043065, 22.94320562365628]]]}}, {"type": "Feature", "properties": {"aoi_name": "Feni", "sensor": "Sentinel-1", "acquisition_date": "2024-08-21", "baseline_date": "2024-08-09", "area_km2": 0.0668, "threshold": 1.25, "detects": "open_water_only"}, "geometry": {"type": "Polygon", "coordinates": [[[91.33522055141351, 22.98364778432376], [91.33522276496524, 22.983467191632954], [91.33502771437236, 22.983465142048708], [91.33503435567069, 22.982923364004122], [91.3348393058773, 22.982921314233725], [91.33484151985779, 22.982740721561473], [91.3344514208561, 22.982736621336876], [91.33444699183661, 22.983097806605404], [91.33386184194741, 22.983091654361935], [91.33386627252116, 22.982730469200927], [91.33347617374297, 22.98272636657759], [91.3334783895144, 22.982545774026466], [91.33328334041786, 22.982543722372913], [91.33329442023482, 22.98164075964218], [91.3327092769649, 22.98163460351128], [91.33271814352425, 22.980912233464203], [91.33330328368591, 22.980918389379926], [91.33330106785668, 22.981098981951963], [91.33369116192762, 22.981103084732368], [91.33368894659407, 22.981283677335945], [91.3338839939221, 22.98128572838429], [91.3338817788252, 22.981466321001474], [91.33407682643461, 22.981468371827876], [91.3340746115744, 22.981648964458667], [91.33465975531374, 22.981655115552492], [91.33466861151224, 22.980932744788436], [91.33505870537802, 22.980936844175048], [91.33506091885376, 22.980756251437427], [91.33525596556112, 22.980758300753045], [91.33525817875551, 22.98057770799319], [91.33545322522622, 22.980579757051057], [91.33545543813926, 22.980399164268984], [91.33604057690827, 22.98040530994976], [91.33603172823027, 22.98112768126698], [91.33622677556731, 22.98112972941913], [91.3362201396015, 22.98167150791543], [91.33602509148739, 22.98166945970958], [91.33602287919511, 22.98185005251515], [91.33582783084428, 22.981848004051535], [91.33582119305642, 22.982389782388665], [91.3356261439508, 22.98238773363148], [91.33562171812919, 22.98274891913218], [91.33542666852783, 22.982746870099316], [91.3354244553245, 22.98292746282529], [91.33581455506761, 22.98293156068695], [91.33581234236003, 22.98311215344442], [91.33600739252412, 22.983114202033338], [91.33600075504458, 22.98365598033355], [91.33522055141351, 22.98364778432376]]]}}, {"type": "Feature", "properties": {"aoi_name": "Feni", "sensor": "Sentinel-1", "acquisition_date": "2024-08-21", "baseline_date": "2024-08-09", "area_km2": 0.0668, "threshold": 1.25, "detects": "open_water_only"}, "geometry": {"type": "Polygon", "coordinates": [[[91.4152707598483, 23.22740039972772], [91.41527289195075, 23.227219805418013], [91.4150774812304, 23.227217834864202], [91.41507961357408, 23.227037240567242], [91.41429797195723, 23.2270293559928], [91.41431290511743, 23.22576519627107], [91.41489913078286, 23.225771109707264], [91.41490766039499, 23.225048732423097], [91.41510306794248, 23.225050703014706], [91.41510520002942, 23.224870108665755], [91.41451897823893, 23.224864196213996], [91.41452750952388, 23.22414181897985], [91.41511372816319, 23.224147731226633], [91.41511159616184, 23.22432832559291], [91.41530700268032, 23.22433029587348], [91.4153006073357, 23.224872078997556], [91.41588682938291, 23.22487798853661], [91.4158846983464, 23.225058582953857], [91.41627551367668, 23.225062521467063], [91.416273383144, 23.225243115914115], [91.41764123931158, 23.22525689318379], [91.41763911059579, 23.225437487745925], [91.4178345189678, 23.225439454973436], [91.4178260049415, 23.226161833246834], [91.41743518611788, 23.226157898412673], [91.41743305703267, 23.22633849293609], [91.41723764739028, 23.22633652513785], [91.41723551802106, 23.226517119639876], [91.41664928843424, 23.226511214737492], [91.41665354872706, 23.226150025831448], [91.41606732090835, 23.226144118846754], [91.41605240399419, 23.227408279583724], [91.4152707598483, 23.22740039972772]]]}}, {"type": "Feature", "properties": {"aoi_name": "Feni", "sensor": "Sentinel-1", "acquisition_date": "2024-08-21", "baseline_date": "2024-08-09", "area_km2": 0.066, "threshold": 1.25, "detects": "open_water_only"}, "geometry": {"type": "Polygon", "coordinates": [[[91.39770276365066, 23.176469375437414], [91.39770706453237, 23.176108187573114], [91.39731639502702, 23.176104210810866], [91.39731424407319, 23.17628480471066], [91.39672823919159, 23.176278837699368], [91.39673254264892, 23.175917649999064], [91.39653720825538, 23.175915660545535], [91.3965393602135, 23.175735066706167], [91.39634402610345, 23.175733077027765], [91.39634617830183, 23.17555248320133], [91.39615084447527, 23.17555049329806], [91.3961529969139, 23.175369899484572], [91.39595766337085, 23.175367909356442], [91.3959662739566, 23.174645534128317], [91.39655227150823, 23.174651503578996], [91.39655442331501, 23.17447090970932], [91.3967497556136, 23.17447289902468], [91.3967519071369, 23.174292305133402], [91.39577524716947, 23.174282356221685], [91.3957838582836, 23.173559980958782], [91.39636985105699, 23.17356595082487], [91.39636769909644, 23.17374654469892], [91.39695369284995, 23.173752512437737], [91.39695584402496, 23.17357191851188], [91.3977371682848, 23.173579872038204], [91.39773501815719, 23.17376046603312], [91.397930349538, 23.173762453826658], [91.39792819965065, 23.173943047834502], [91.39812353131491, 23.173945035403182], [91.39811278286336, 23.17484800546376], [91.39830811585853, 23.17484999287657], [91.39830596636529, 23.17503058689295], [91.39850129964391, 23.17503257408089], [91.39849915039095, 23.175213168110194], [91.39869448395302, 23.17521515507324], [91.39868158955312, 23.176298719261688], [91.39848625441977, 23.176296732195137], [91.39848410501565, 23.176477326194146], [91.39770276365066, 23.176469375437414]]]}}, {"type": "Feature", "properties": {"aoi_name": "Feni", "sensor": "Sentinel-1", "acquisition_date": "2024-08-21", "baseline_date": "2024-08-09", "area_km2": 0.064, "threshold": 1.25, "detects": "open_water_only"}, "geometry": {"type": "Polygon", "coordinates": [[[91.44232796042012, 23.01688776165635], [91.44233003493424, 23.016707160180495], [91.44213492626548, 23.016705239805276], [91.44214115046113, 23.016163435402206], [91.44233625835113, 23.016165355727146], [91.44234040719114, 23.015804152736763], [91.44292572942918, 23.015809912169168], [91.44292780303907, 23.01562931061726], [91.4421473744685, 23.01562163096048], [91.44215774739575, 23.0147186234717], [91.44235285320919, 23.014720543662545], [91.44235700171454, 23.014359340603434], [91.44216189642022, 23.01435742044612], [91.44217434299162, 23.013273811266295], [91.44295475806524, 23.01328149005164], [91.44295268472713, 23.013462091659385], [91.44314778880734, 23.013464010771788], [91.44314156944623, 23.01400581561949], [91.44294646458737, 23.014003896456835], [91.44293817077498, 23.014726302793306], [91.44371859448873, 23.014733978270236], [91.44372066693495, 23.014553376625557], [91.444305984161, 23.014559130659947], [91.44430391249347, 23.014739732354855], [91.44449901853683, 23.014741649902465], [91.44449487565822, 23.015102853312868], [91.44468998224161, 23.015104770653664], [91.4446858397986, 23.015465974080364], [91.44488094692198, 23.01546789121433], [91.44487473387956, 23.01600969637236], [91.44467962597743, 23.01600777918819], [91.44467755466194, 23.016188380882213], [91.44370201416669, 23.01617879127302], [91.4436999415324, 23.016359392879043], [91.4433097249614, 23.0163555553197], [91.4433035053756, 23.016897360011505], [91.44232796042012, 23.01688776165635]]]}}, {"type": "Feature", "properties": {"aoi_name": "Feni", "sensor": "Sentinel-1", "acquisition_date": "2024-08-21", "baseline_date": "2024-08-09", "area_km2": 0.0636, "threshold": 1.25, "detects": "open_water_only"}, "geometry": {"type": "Polygon", "coordinates": [[[91.48168335157256, 23.057188063397827], [91.48169145570073, 23.056465647758383], [91.48149628616099, 23.056463772847817], [91.48150033862298, 23.056102565035022], [91.48111000064546, 23.056098814556893], [91.48111608074642, 23.055557002903583], [91.48131124894445, 23.055558878214], [91.48131530172266, 23.055197670390974], [91.48151046942077, 23.05519954542792], [91.4815124955191, 23.05501894149362], [91.48248833301489, 23.055028312984955], [91.4824863082174, 23.05520891700095], [91.48268147603792, 23.055210790593215], [91.4826855250922, 23.054849582524277], [91.48327102711517, 23.054855201758432], [91.48326900337872, 23.05503580584403], [91.48385450636566, 23.05504142296017], [91.48385248338934, 23.05522202709045], [91.48404765135258, 23.05522389899726], [91.48404360585913, 23.055585107277572], [91.48423877436309, 23.055586978976226], [91.48423068417237, 23.056309395550606], [91.48442585373742, 23.05631126707374], [91.48441978666102, 23.056853079508404], [91.48383427568528, 23.056847464069794], [91.48383225250515, 23.057028068157145], [91.48285639998562, 23.057018704195176], [91.48285842446671, 23.056838100189452], [91.48246808412203, 23.056834352951725], [91.48246605912054, 23.057014956924792], [91.4822708887186, 23.05701308292839], [91.48226886343653, 23.057193686880836], [91.48168335157256, 23.057188063397827]]]}}, {"type": "Feature", "properties": {"aoi_name": "Feni", "sensor": "Sentinel-1", "acquisition_date": "2024-08-21", "baseline_date": "2024-08-09", "area_km2": 0.062, "threshold": 1.25, "detects": "open_water_only"}, "geometry": {"type": "Polygon", "coordinates": [[[91.53251760975127, 22.995351922921067], [91.53253322829295, 22.993907046722654], [91.53233814425003, 22.99390523921255], [91.53234790649496, 22.99300219152863], [91.5325429892414, 22.993003998959782], [91.532544941372, 22.992823389394392], [91.53293510640536, 22.992827003504907], [91.53293705799771, 22.992646393903666], [91.53313214028465, 22.992648200583034], [91.53313604289168, 22.99228698133617], [91.53333112467975, 22.992288787743895], [91.53333307569447, 22.99210817809828], [91.53352815724293, 22.99210998425016], [91.53353010797869, 22.99192937458449], [91.53509075900047, 22.991943815030933], [91.5350829642363, 22.992666254172594], [91.53488788175261, 22.99266444989397], [91.53488593275313, 22.992845059652947], [91.5350810154961, 22.99284686394733], [91.53507127150021, 22.993749912756936], [91.5339007675586, 22.993739082916445], [91.53390271795288, 22.993558473257675], [91.53370763429078, 22.993556667459732], [91.53370958492468, 22.99337605781247], [91.53351450154153, 22.993374251790218], [91.53351645241507, 22.993193642154456], [91.5331262862264, 22.993190029421275], [91.53312043199101, 22.993731858221064], [91.53331551585339, 22.993733664755034], [91.53331356466151, 22.993914274362204], [91.53350864880287, 22.993916080671873], [91.53349889384477, 22.994819128722515], [91.53369397930236, 22.994820934870983], [91.53368812686925, 22.995362763697425], [91.53251760975127, 22.995351922921067]]]}}, {"type": "Feature", "properties": {"aoi_name": "Feni", "sensor": "Sentinel-1", "acquisition_date": "2024-08-21", "baseline_date": "2024-08-09", "area_km2": 0.0608, "threshold": 1.25, "detects": "open_water_only"}, "geometry": {"type": "Polygon", "coordinates": [[[91.46752902176878, 23.134899417547], [91.46753107440917, 23.13471881661362], [91.46714051181081, 23.134715019485345], [91.46714256495318, 23.134534418580664], [91.46694728394628, 23.134532519670493], [91.46694933732932, 23.134351918778016], [91.4667540566044, 23.134350019642653], [91.46676021741355, 23.133808216988907], [91.46597909785599, 23.133800618228726], [91.46598320704923, 23.133439416570155], [91.4657879277341, 23.133437516308934], [91.4657982016621, 23.132534512169737], [91.46677459191217, 23.13254401064609], [91.46677253847432, 23.13272461156513], [91.46716309524149, 23.132728409296977], [91.46716104230556, 23.132909010244735], [91.4673563209814, 23.132910908764654], [91.46735426828612, 23.1330915097246], [91.46794010522134, 23.13309720388381], [91.4679380532893, 23.133277804888955], [91.46813333257028, 23.133279702475164], [91.4681312808789, 23.133460303492505], [91.46852184002533, 23.133464097972862], [91.46853004457674, 23.132741693745704], [91.46931115893642, 23.132749279542402], [91.46930910887467, 23.132929880671615], [91.46950438777742, 23.132931776533077], [91.46950233795634, 23.13311237767445], [91.46969761714101, 23.13311427331072], [91.46968941869575, 23.133836677899104], [91.4694941384659, 23.133834782196907], [91.46949003859699, 23.134195984432296], [91.46890419646327, 23.134190295776662], [91.46890829790001, 23.13382909364019], [91.46871301775263, 23.133827196971236], [91.46871096678326, 23.13400779802514], [91.46851568639521, 23.134005901098007], [91.46851158387199, 23.134367103159914], [91.46831630298192, 23.134365205958108], [91.46831219985357, 23.134726407969783], [91.46811691846152, 23.13472451049329], [91.46811486660508, 23.134905111476176], [91.46752902176878, 23.134899417547]]]}}, {"type": "Feature", "properties": {"aoi_name": "Feni", "sensor": "Sentinel-1", "acquisition_date": "2024-08-21", "baseline_date": "2024-08-09", "area_km2": 0.0608, "threshold": 1.25, "detects": "open_water_only"}, "geometry": {"type": "Polygon", "coordinates": [[[91.48900144336497, 23.048588247063275], [91.48901353582337, 23.04750461872331], [91.48881837853644, 23.047502753535415], [91.48882039413516, 23.04732214881334], [91.48823492317638, 23.04731655185431], [91.48823693953496, 23.047135947176752], [91.4868708431627, 23.04712287929548], [91.48688698786226, 23.045678042632098], [91.48864337894358, 23.04569484085567], [91.4886413632676, 23.04587544560009], [91.4888365181938, 23.04587731088229], [91.48883450275756, 23.046057915638688], [91.48902965796411, 23.046059780696467], [91.48902764276758, 23.046240385464834], [91.49000342040509, 23.046249707224902], [91.49000140648847, 23.04643031207027], [91.49039171820563, 23.046434039122047], [91.49038567789431, 23.0469758537299], [91.48999536461687, 23.046972126580624], [91.48999133660101, 23.047333336232747], [91.4897961794726, 23.047331472264577], [91.4897861077775, 23.048234496238553], [91.48959094936909, 23.04823263194841], [91.48958692002883, 23.048593841475462], [91.48900144336497, 23.048588247063275]]]}}, {"type": "Feature", "properties": {"aoi_name": "Feni", "sensor": "Sentinel-1", "acquisition_date": "2024-08-21", "baseline_date": "2024-08-09", "area_km2": 0.0572, "threshold": 1.25, "detects": "open_water_only"}, "geometry": {"type": "Polygon", "coordinates": [[[91.4024259432942, 23.124138547753034], [91.40243022068958, 23.123777356656735], [91.40223496130936, 23.123775378472814], [91.40224779454594, 23.122691805183464], [91.40244305235947, 23.12269378326416], [91.40244946790403, 23.12215199650956], [91.40186369687792, 23.122146061697713], [91.40186583613306, 23.12196546615582], [91.40167057942848, 23.121963487419368], [91.40168127668683, 23.121060509731148], [91.40324332048209, 23.121076332172073], [91.40324118316215, 23.121256927855974], [91.40363169484819, 23.121260881085473], [91.40362955802891, 23.121441476799436], [91.40382481416525, 23.121443453069098], [91.40382054098443, 23.121804644518438], [91.40421105436596, 23.121808596401966], [91.40420250983524, 23.1225309793863], [91.40400725208933, 23.122529003496563], [91.40400084268235, 23.123070790637907], [91.4038055841746, 23.123068814455078], [91.4038034474015, 23.12324941014303], [91.40360818865412, 23.12324743370148], [91.40360605159843, 23.123428029367922], [91.40341079261142, 23.123426052667643], [91.40340865527313, 23.123606648312585], [91.4032133960465, 23.123604671353572], [91.40320698311919, 23.12414645821088], [91.4024259432942, 23.124138547753034]]]}}, {"type": "Feature", "properties": {"aoi_name": "Feni", "sensor": "Sentinel-1", "acquisition_date": "2024-08-21", "baseline_date": "2024-08-09", "area_km2": 0.0572, "threshold": 1.25, "detects": "open_water_only"}, "geometry": {"type": "Polygon", "coordinates": [[[91.4657551431845, 22.912173829282054], [91.46575717614569, 22.911993223420765], [91.46517229426355, 22.911987572545588], [91.46517432797846, 22.911806966729518], [91.46497936765027, 22.911805082642754], [91.46498140160269, 22.911624476838913], [91.46478644155314, 22.91162259252954], [91.46478847574308, 22.911441986737938], [91.46459351597218, 22.91144010220597], [91.46460165355865, 22.91071767906283], [91.46479661229726, 22.91071956352876], [91.46480068045098, 22.910358351898527], [91.46499563869403, 22.910360236092355], [91.464997672482, 22.910179630254326], [91.46538758851365, 22.9101833978917], [91.46539165499567, 22.909822186136793], [91.4657815700773, 22.909825952751824], [91.46578360277137, 22.909645346834953], [91.46636847477373, 22.90965099491489], [91.46636441091336, 22.91001220684331], [91.46733920057525, 22.910021615693054], [91.4673310777693, 22.910744039828298], [91.4671361187636, 22.910742158470597], [91.46712596350395, 22.911645188461065], [91.4669310032284, 22.91164330678186], [91.46692694046467, 22.91200451871515], [91.46653701894286, 22.91200075457346], [91.46653498701401, 22.912181360500725], [91.4657551431845, 22.912173829282054]]]}}, {"type": "Feature", "properties": {"aoi_name": "Feni", "sensor": "Sentinel-1", "acquisition_date": "2024-08-21", "baseline_date": "2024-08-09", "area_km2": 0.0556, "threshold": 1.25, "detects": "open_water_only"}, "geometry": {"type": "Polygon", "coordinates": [[[91.43295177713044, 23.118845645424212], [91.4329538744473, 23.11866504708646], [91.43256336472636, 23.118661166853695], [91.43258224432782, 23.117035781923594], [91.43238699184846, 23.117033841596875], [91.43239538327794, 23.116311448250002], [91.43337164066494, 23.11632114713132], [91.43336954414438, 23.11650174555887], [91.4337600477689, 23.116505623454852], [91.43375795174931, 23.11668622191183], [91.43414845598025, 23.11669009887564], [91.43414216936125, 23.117231894321883], [91.43472792821511, 23.11723770810826], [91.43472373859666, 23.117598905152008], [91.4349189921122, 23.117600842631543], [91.43491480293157, 23.117962039691754], [91.43511005699027, 23.11796397696351], [91.4351016794204, 23.11868637109959], [91.43393014911884, 23.11867474344216], [91.43393224510928, 23.118494145015752], [91.43373699039387, 23.11849220624447], [91.43373279786974, 23.118853403059244], [91.43295177713044, 23.118845645424212]]]}}, {"type": "Feature", "properties": {"aoi_name": "Feni", "sensor": "Sentinel-1", "acquisition_date": "2024-08-21", "baseline_date": "2024-08-09", "area_km2": 0.0548, "threshold": 1.25, "detects": "open_water_only"}, "geometry": {"type": "Polygon", "coordinates": [[[91.45048953365747, 23.019857835375117], [91.45049985317006, 23.01895482478584], [91.4506949658512, 23.01895673502746], [91.45070115653019, 23.018414928572344], [91.45128649236183, 23.018420657705136], [91.45128855510103, 23.018240055494843], [91.45109344339596, 23.01823814604092], [91.45109550637397, 23.018057543842986], [91.45090039494933, 23.018055634165393], [91.45090452136218, 23.017694429789998], [91.45051429961372, 23.017690609780487], [91.45052461787782, 23.016787598933576], [91.4503295083328, 23.016785688651694], [91.4503315721828, 23.016605086486102], [91.45013646291818, 23.016603175980578], [91.45014265512208, 23.016061369508073], [91.45092308919031, 23.016069009888184], [91.45091896315189, 23.016430214340865], [91.45130918134917, 23.016434033155715], [91.45130711881794, 23.016614635408953], [91.45208755650042, 23.016622270221504], [91.45208137189711, 23.017164077155364], [91.45227648214848, 23.017165985307674], [91.45226617535862, 23.01806899686152], [91.4520710638092, 23.018067088625934], [91.45206487870702, 23.018608895456754], [91.45186976639954, 23.018606986930862], [91.45186770439761, 23.01878758918256], [91.45167259185129, 23.018785680399667], [91.45166021784537, 23.0198692937197], [91.45048953365747, 23.019857835375117]]]}}, {"type": "Feature", "properties": {"aoi_name": "Feni", "sensor": "Sentinel-1", "acquisition_date": "2024-08-21", "baseline_date": "2024-08-09", "area_km2": 0.054, "threshold": 1.25, "detects": "open_water_only"}, "geometry": {"type": "Polygon", "coordinates": [[[91.48658111578045, 23.090469722932216], [91.48658313856225, 23.090289119378415], [91.48638791977129, 23.090287247922962], [91.48639196579515, 23.08992604083507], [91.48619674754592, 23.089924169171024], [91.48619877078798, 23.089743565636926], [91.48580833487193, 23.08973982161788], [91.48581238233763, 23.089378614601994], [91.48561716493151, 23.0893767422633], [91.48562121283703, 23.089015535262842], [91.48523077912856, 23.08901178992715], [91.48523280357207, 23.088831186453074], [91.48503758700906, 23.088829313439778], [91.48504366099931, 23.08828750304073], [91.48621495599127, 23.08829873720947], [91.48621697905003, 23.08811813363671], [91.48699784174275, 23.088125618194045], [91.48699581972657, 23.088306221831985], [91.48758146774179, 23.08831183276662], [91.48757944648722, 23.088492436449123], [91.48777466279363, 23.088494306294617], [91.48777264177936, 23.0886749099891], [91.48816307497454, 23.088678648989134], [91.48816105446124, 23.088859252711885], [91.48835627135, 23.088861121866422], [91.48835021047007, 23.089402933057706], [91.48815499279932, 23.089401063854343], [91.48815297220467, 23.089581667559905], [91.4879577542936, 23.08957979809908], [91.48795573341793, 23.089760401784073], [91.48776051526653, 23.089758532065783], [91.48775849410985, 23.0899391357302], [91.48756327571813, 23.08993726575445], [91.48756125428044, 23.090117869398284], [91.48717081703667, 23.090114128690658], [91.48716677305751, 23.090475335900297], [91.48658111578045, 23.090469722932216]]]}}, {"type": "Feature", "properties": {"aoi_name": "Feni", "sensor": "Sentinel-1", "acquisition_date": "2024-08-21", "baseline_date": "2024-08-09", "area_km2": 0.054, "threshold": 1.25, "detects": "open_water_only"}, "geometry": {"type": "Polygon", "coordinates": [[[91.5192533750034, 22.95928365282856], [91.51925534158869, 22.959103043578747], [91.5190603086672, 22.95910122232182], [91.51906227549144, 22.95892061308367], [91.51847717762254, 22.958915147922625], [91.51847914520327, 22.958734538728002], [91.51828411287882, 22.958732716544237], [91.51828608069847, 22.958552107361278], [91.51789601662675, 22.95854846230662], [91.51790388977689, 22.957826025659603], [91.5188790449296, 22.957835136179998], [91.5188810118736, 22.95765452692788], [91.51907604270497, 22.95765634829704], [91.51907800937033, 22.957475739024733], [91.52063825466571, 22.95749030122282], [91.52064021924107, 22.957309691818864], [91.52025015831569, 22.957306052739135], [91.52025605347534, 22.956764224597148], [91.52045108315183, 22.956766044209093], [91.52045304790659, 22.95658543480398], [91.52123316577584, 22.956592710791615], [91.52122727455713, 22.957134539185088], [91.52103224428379, 22.95713272049993], [91.5210302802458, 22.957313329939968], [91.52122531077791, 22.957315148641033], [91.52122334697886, 22.957495758092715], [91.52141837778956, 22.957497576570027], [91.52141248704974, 22.95803940494716], [91.52121745546272, 22.958037586422133], [91.52121549158434, 22.958218195856734], [91.5206303961659, 22.958212738795925], [91.52062843149136, 22.958393348178525], [91.5204333994661, 22.95839152866301], [91.52043143451293, 22.958572138025424], [91.52023640224874, 22.95857031825431], [91.52023247176531, 22.95893153693451], [91.52003743900337, 22.958929716891895], [91.52003547347311, 22.959110326209668], [91.51984044047222, 22.959108505911455], [91.51983847466333, 22.95928911520904], [91.5192533750034, 22.95928365282856]]]}}, {"type": "Feature", "properties": {"aoi_name": "Feni", "sensor": "Sentinel-1", "acquisition_date": "2024-08-21", "baseline_date": "2024-08-09", "area_km2": 0.0536, "threshold": 1.25, "detects": "open_water_only"}, "geometry": {"type": "Polygon", "coordinates": [[[91.4501804864191, 23.06392653601382], [91.450182555184, 23.063745934936442], [91.44979220090698, 23.063742105940197], [91.4497942701716, 23.063561504891876], [91.44940391649848, 23.063557674965544], [91.44940184671331, 23.063738275980487], [91.44823078463274, 23.063726780320607], [91.44823285597955, 23.06354617940584], [91.44784250264011, 23.063542345625706], [91.44785078990085, 23.062819942057303], [91.4486314924989, 23.062827608386876], [91.4486335632209, 23.062647007417212], [91.44902391412455, 23.062650839103476], [91.44902598430517, 23.06247023809612], [91.44941633477171, 23.062474068785598], [91.44941840441095, 23.062293467740556], [91.45000392948634, 23.062299211918337], [91.45000806714077, 23.06193800971522], [91.45078876545101, 23.06194566511361], [91.45078669767521, 23.06212626628403], [91.4509818725651, 23.062128179548193], [91.45097980502874, 23.062308780730987], [91.45156533060408, 23.062314519128396], [91.45155706337347, 23.063036924016618], [91.45136188711984, 23.06303501139166], [91.45135981999988, 23.063215612586294], [91.45116464350677, 23.063213699703816], [91.45116050868386, 23.06357490204684], [91.45096533169104, 23.06357298889016], [91.45096326398806, 23.063753590038548], [91.4507680867558, 23.06375167662432], [91.45076601877172, 23.063932277751736], [91.4501804864191, 23.06392653601382]]]}}, {"type": "Feature", "properties": {"aoi_name": "Feni", "sensor": "Sentinel-1", "acquisition_date": "2024-08-21", "baseline_date": "2024-08-09", "area_km2": 0.0532, "threshold": 1.25, "detects": "open_water_only"}, "geometry": {"type": "Polygon", "coordinates": [[[91.40630757155805, 22.81007833630481], [91.40631177401012, 22.809717130230148], [91.40611696474697, 22.80971518213428], [91.40611906619766, 22.809534579107655], [91.40592425721239, 22.80953263079102], [91.40592635889836, 22.809352027777255], [91.40573155019095, 22.809350079239845], [91.40573575401217, 22.808988873233755], [91.40554094583922, 22.808986924492714], [91.40554515008839, 22.808625718503787], [91.40535034244985, 22.80862376955912], [91.40535454712698, 22.808262563587373], [91.40515974002287, 22.808260614439092], [91.40516604764846, 22.807718805500823], [91.40555566033862, 22.807722703456704], [91.40555776232478, 22.807542100434468], [91.40692140561518, 22.807555735667087], [91.4069193054249, 22.807736338809185], [91.40730891849825, 22.807740232483297], [91.40730471908006, 22.80810143882315], [91.40749952616176, 22.808103385337606], [91.4074932276446, 22.80864519486669], [91.40768803551727, 22.808647141194594], [91.40767334002878, 22.80991136339932], [91.40708891108652, 22.809905523342575], [91.40708681087618, 22.810086126446247], [91.40630757155805, 22.81007833630481]]]}}, {"type": "Feature", "properties": {"aoi_name": "Feni", "sensor": "Sentinel-1", "acquisition_date": "2024-08-21", "baseline_date": "2024-08-09", "area_km2": 0.0524, "threshold": 1.25, "detects": "open_water_only"}, "geometry": {"type": "Polygon", "coordinates": [[[91.45922203249366, 23.178167231129375], [91.4592241005692, 23.177986631892722], [91.45902875729726, 23.177984719799074], [91.459030825614, 23.1778041205747], [91.45883548262476, 23.177802208255454], [91.45883755118264, 23.177621609043367], [91.45864220847615, 23.17761969649853], [91.45864427727518, 23.17743909729873], [91.4582535924484, 23.177435271515687], [91.45825773103184, 23.177074073169567], [91.45747636372322, 23.177066418830076], [91.45748464483135, 23.176344022351863], [91.4578753263487, 23.17634784987306], [91.45788774424406, 23.175264254826885], [91.45808308346247, 23.17526616812456], [91.45808515277702, 23.175085568918483], [91.4588665088109, 23.175093219621058], [91.45886237225623, 23.17545441816174], [91.45905771184046, 23.17545633026517], [91.45905564379385, 23.17563692954565], [91.45925098366077, 23.17563884142351], [91.45924891585528, 23.175819440716264], [91.45944425600489, 23.17582135236855], [91.45944218844055, 23.176001951673584], [91.45963752887282, 23.176003863100295], [91.45963546154964, 23.17618446241761], [91.4598308022646, 23.176186373618737], [91.45980806321991, 23.178172966006912], [91.45922203249366, 23.178167231129375]]]}}, {"type": "Feature", "properties": {"aoi_name": "Feni", "sensor": "Sentinel-1", "acquisition_date": "2024-08-21", "baseline_date": "2024-08-09", "area_km2": 0.0516, "threshold": 1.25, "detects": "open_water_only"}, "geometry": {"type": "Polygon", "coordinates": [[[91.40720429025299, 22.983665314199765], [91.40720852596394, 22.983304115848643], [91.40681841126242, 22.983300193660053], [91.40682052960402, 22.983119594512313], [91.40643041550615, 22.98311567139836], [91.40643465316155, 22.982754473158543], [91.40584948372964, 22.98274858679116], [91.40586008138007, 22.981845591373595], [91.4056650262409, 22.98184362885707], [91.40567350501252, 22.981121232514244], [91.40645372155255, 22.981129080866612], [91.40645160292796, 22.98130968002735], [91.40684171184436, 22.9813136027985], [91.40683959371651, 22.98149420198922], [91.40742475802861, 22.981500084398174], [91.40742052326317, 22.981861282869534], [91.40761557859474, 22.981863243226996], [91.40761346143904, 22.982043842473367], [91.40780851705102, 22.98204580260806], [91.40780640013304, 22.98222640186725], [91.4083915678744, 22.982232280883323], [91.40838310309776, 22.982954678082628], [91.40857816009056, 22.982956637343328], [91.40857181206114, 22.98349843524904], [91.40837675429107, 22.983496475936967], [91.40837463797946, 22.98367707521316], [91.40720429025299, 22.983665314199765]]]}}, {"type": "Feature", "properties": {"aoi_name": "Feni", "sensor": "Sentinel-1", "acquisition_date": "2024-08-21", "baseline_date": "2024-08-09", "area_km2": 0.0512, "threshold": 1.25, "detects": "open_water_only"}, "geometry": {"type": "Polygon", "coordinates": [[[91.48253675763301, 23.102893859989564], [91.48254487512733, 23.102171448240064], [91.48293534637564, 23.10217520223112], [91.48294143271688, 23.101633393275833], [91.48274619786505, 23.10163151644997], [91.48275228480507, 23.101089707505004], [91.48255705075617, 23.101087830486833], [91.48255907995618, 23.100907227512916], [91.48236384618852, 23.100905350269773], [91.48236993444849, 23.100363541371244], [91.48256516743363, 23.100365418565374], [91.48256922564985, 23.100004212578856], [91.48354538827371, 23.100013594766583], [91.48353119328857, 23.101277816215838], [91.48372642770038, 23.10127969204376], [91.48372440002456, 23.101460295107074], [91.48450533891913, 23.10146779607091], [91.48450331226628, 23.10164839919521], [91.48489378235764, 23.10165214826185], [91.48488162514244, 23.102735767113142], [91.48468638852145, 23.102733892602597], [91.4846843619867, 23.10291449571312], [91.48253675763301, 23.102893859989564]]]}}, {"type": "Feature", "properties": {"aoi_name": "Feni", "sensor": "Sentinel-1", "acquisition_date": "2024-08-21", "baseline_date": "2024-08-09", "area_km2": 0.0504, "threshold": 1.25, "detects": "open_water_only"}, "geometry": {"type": "Polygon", "coordinates": [[[91.48183656346393, 23.078322443512047], [91.48183859139436, 23.07814184007836], [91.48164339057267, 23.078139963688383], [91.48164744689328, 23.077778756840818], [91.481452246613, 23.077776880242478], [91.48145427500317, 23.077596276828604], [91.48086867506639, 23.07759064563639], [91.4808707042176, 23.077410042267267], [91.48067550454002, 23.07740816473747], [91.48068362198248, 23.076685751283446], [91.48087882061813, 23.076687628747816], [91.48088287869581, 23.076326421962328], [91.48107807683093, 23.076328299152966], [91.48108010557864, 23.076147695737422], [91.48127530347374, 23.07614957267069], [91.4812854456036, 23.07524655544678], [91.48284701908072, 23.07526156158249], [91.48284499277928, 23.075442165166585], [91.48304018981622, 23.075444039865324], [91.48303816375483, 23.075624643461452], [91.48342855841084, 23.075628392168543], [91.48342045604502, 23.076350806640743], [91.48263966264709, 23.076343308001224], [91.48264168931104, 23.076162704454934], [91.48225129325544, 23.076158953721695], [91.48224926607055, 23.076339557235304], [91.4820540678129, 23.07633768149082], [91.48204595782731, 23.077060095436952], [91.48224115712688, 23.07706197124681], [91.48223710253257, 23.077423178226784], [91.48243230237352, 23.077425053828282], [91.48242216683299, 23.078328071284744], [91.48183656346393, 23.078322443512047]]]}}, {"type": "Feature", "properties": {"aoi_name": "Feni", "sensor": "Sentinel-1", "acquisition_date": "2024-08-21", "baseline_date": "2024-08-09", "area_km2": 0.05, "threshold": 1.25, "detects": "open_water_only"}, "geometry": {"type": "Polygon", "coordinates": [[[91.41767350849598, 23.20593128438482], [91.41767988844734, 23.20538949933362], [91.41807064690248, 23.205393430246573], [91.41807277298558, 23.20521283518676], [91.41826815198286, 23.20521480026244], [91.41827027778231, 23.205034205181253], [91.41924717177713, 23.205044026836994], [91.41925142068888, 23.20468283649127], [91.41905604237188, 23.20468087267918], [91.41906454098866, 23.203958492003927], [91.4188691637422, 23.20395652801748], [91.41887128860536, 23.203775932854874], [91.41848053470106, 23.203772004188608], [91.41848266006748, 23.203591409055758], [91.41809190677311, 23.20358747945365], [91.41810041012376, 23.202865099015284], [91.4184911613198, 23.202869028481064], [91.41849328657953, 23.202688433326568], [91.41888403733638, 23.20269236178839], [91.41888616205021, 23.2025117665955], [91.41966766277075, 23.202519620541388], [91.41966553910602, 23.202700215802402], [91.41986091460174, 23.202702178699738], [91.41985454426654, 23.203243964507905], [91.41926841548276, 23.20323807493525], [91.41926629120817, 23.20341867014491], [91.41985242077882, 23.20342455976864], [91.41985029726979, 23.20360515502505], [91.42004567409828, 23.203607117765028], [91.42003293417017, 23.204690689314713], [91.41983755576787, 23.204688726472593], [91.41983118472908, 23.205230512137945], [91.41963580556116, 23.20522854900225], [91.41963155757071, 23.20558973939012], [91.41943617789946, 23.205587775977868], [91.41943405360993, 23.205768371148285], [91.41884791393719, 23.20576247940543], [91.41884578883933, 23.205943074520416], [91.41767350849598, 23.20593128438482]]]}}, {"type": "Feature", "properties": {"aoi_name": "Feni", "sensor": "Sentinel-1", "acquisition_date": "2024-08-21", "baseline_date": "2024-08-09", "area_km2": 0.0492, "threshold": 1.25, "detects": "open_water_only"}, "geometry": {"type": "Polygon", "coordinates": [[[91.45945543891048, 23.243011664742866], [91.45945958734478, 23.24265046920098], [91.45906871272621, 23.242646635309818], [91.45907078743791, 23.242466037565595], [91.45887535042272, 23.242464120272196], [91.45887742537649, 23.242283522540262], [91.45868198864498, 23.242281605020523], [91.45868406384083, 23.24210100730087], [91.45848862739304, 23.24209908955479], [91.45849070283093, 23.241918491847436], [91.45829526666681, 23.241916573875027], [91.4583097959892, 23.240652389918697], [91.45870066465811, 23.24065622538798], [91.4587027396666, 23.24047562762941], [91.45889817376944, 23.24047754498305], [91.45890024849427, 23.240296947203547], [91.45909568235507, 23.240298864297653], [91.45910190561611, 23.239757070883364], [91.45968820495774, 23.239762820558713], [91.45968613134673, 23.23994341841761], [91.45988156476507, 23.239945334506817], [91.4598794913961, 23.240125932377993], [91.46007492509808, 23.24012784824088], [91.46007285197116, 23.240308446124324], [91.46026828595679, 23.240310361760887], [91.46026206723982, 23.240852155435057], [91.46006663246564, 23.24085023974871], [91.46006248602464, 23.241211435476682], [91.46025792132455, 23.241213351196215], [91.46025170229566, 23.241755144805527], [91.45986083013943, 23.241751313023943], [91.45985460934612, 23.242293106494756], [91.46005004620247, 23.24229502255681], [91.46004175257173, 23.24301741385708], [91.45945543891048, 23.243011664742866]]]}}, {"type": "Feature", "properties": {"aoi_name": "Feni", "sensor": "Sentinel-1", "acquisition_date": "2024-08-21", "baseline_date": "2024-08-09", "area_km2": 0.0484, "threshold": 1.25, "detects": "open_water_only"}, "geometry": {"type": "Polygon", "coordinates": [[[91.46565776778019, 22.86882266097935], [91.46566588287945, 22.868100233605585], [91.46488629120884, 22.868092711798248], [91.46489441009884, 22.86737028462014], [91.46547910073163, 22.86737592613556], [91.46547707181227, 22.867556532985983], [91.46567196898836, 22.867558413030434], [91.46567602629169, 22.86719719929233], [91.46587092297342, 22.86719907906521], [91.46587700800215, 22.866657258376556], [91.46568211209272, 22.866655378653153], [91.465684140652, 22.866474771764896], [91.46548924502054, 22.866472891819413], [91.46549533134754, 22.865931071178498], [91.46608001598673, 22.86593671015079], [91.46607798800386, 22.866117317084836], [91.46627288318204, 22.866119196281595], [91.46627085543608, 22.866299803227868], [91.46724533292189, 22.86630919571543], [91.4672412799427, 22.866670409759966], [91.46743617601625, 22.86667228757469], [91.46742807084155, 22.867394715678458], [91.46723317373825, 22.867392837797833], [91.46723114713589, 22.867573444796626], [91.46703624979564, 22.867571566660935], [91.46703422291533, 22.86775217363899], [91.46683932533816, 22.867750295248218], [91.46682918934164, 22.868653329992053], [91.46643939167429, 22.8686495723299], [91.46643736389854, 22.868830179232894], [91.46565776778019, 22.86882266097935]]]}}, {"type": "Feature", "properties": {"aoi_name": "Feni", "sensor": "Sentinel-1", "acquisition_date": "2024-08-21", "baseline_date": "2024-08-09", "area_km2": 0.0484, "threshold": 1.25, "detects": "open_water_only"}, "geometry": {"type": "Polygon", "coordinates": [[[91.49627648549523, 23.043780748456], [91.49628049605919, 23.04341953759438], [91.49589019196785, 23.043415825533877], [91.49589420349098, 23.043054614719857], [91.49569905199563, 23.043052758361007], [91.49571911099845, 23.041246704195522], [91.49591425989396, 23.041248560392482], [91.49591827093202, 23.04088734947555], [91.49669886463639, 23.040894771727682], [91.49669686016733, 23.041075377253023], [91.4968920089039, 23.041077232230684], [91.49688800042512, 23.04143844330086], [91.49708314970182, 23.041440298070253], [91.49708114569212, 23.04162090361508], [91.497276295249, 23.041622758160027], [91.49727228768897, 23.041983969269175], [91.49746743778599, 23.041985823605835], [91.49746543423566, 23.042166429170152], [91.49766058461287, 23.042168283282347], [91.49765056785836, 23.043071311120478], [91.4974554161812, 23.04306945692743], [91.49745140881807, 23.043430668000326], [91.4972562566411, 23.043428813534288], [91.49725425266925, 23.043609419048135], [91.49686394785587, 23.043605709361767], [91.4968619433438, 23.04378631483898], [91.49627648549523, 23.043780748456]]]}}, {"type": "Feature", "properties": {"aoi_name": "Feni", "sensor": "Sentinel-1", "acquisition_date": "2024-08-21", "baseline_date": "2024-08-09", "area_km2": 0.0484, "threshold": 1.25, "detects": "open_water_only"}, "geometry": {"type": "Polygon", "coordinates": [[[91.41706629355252, 22.772615535373845], [91.41707046001315, 22.772254325714442], [91.41687570293958, 22.77225239376534], [91.4168819532402, 22.771710579295267], [91.41707670954565, 22.77171251119336], [91.41708295888806, 22.771170696633888], [91.41688820335072, 22.771168764786815], [91.41689236998542, 22.77080755509318], [91.41669761498127, 22.770805623042662], [91.41669969852296, 22.77062501820646], [91.41533641587787, 22.770611487323244], [91.41534267175261, 22.77006967314635], [91.41690070300132, 22.770085135654746], [91.41690278620248, 22.769904530784473], [91.41748704750134, 22.76991032525628], [91.41748496506823, 22.770090930177552], [91.41767971913278, 22.770092861210262], [91.41767763693456, 22.77027346614428], [91.41787239127623, 22.77027539695654], [91.41787030931293, 22.770456001903284], [91.41825981857166, 22.77045986284946], [91.41825565560582, 22.770821072798114], [91.41845041077889, 22.770823002949008], [91.41844000427507, 22.771726027830987], [91.41824524782182, 22.771724097595147], [91.41823483951012, 22.77262712228556], [91.41706629355252, 22.772615535373845]]]}}, {"type": "Feature", "properties": {"aoi_name": "Feni", "sensor": "Sentinel-1", "acquisition_date": "2024-08-21", "baseline_date": "2024-08-09", "area_km2": 0.0464, "threshold": 1.25, "detects": "open_water_only"}, "geometry": {"type": "Polygon", "coordinates": [[[91.49820303846519, 23.028445951994478], [91.49820503970206, 23.02826534605592], [91.49761964854326, 23.028259788175664], [91.49762365251517, 23.027898576382686], [91.49742852268881, 23.02789672330733], [91.49743052490426, 23.02771611742058], [91.49723539535789, 23.02771426412092], [91.49723739781292, 23.027533658246064], [91.49684713930026, 23.027529950957693], [91.49684914225467, 23.027349345110892], [91.49645888434232, 23.027345636893017], [91.49646489464298, 23.02680381942399], [91.49685515099675, 23.02680752754479], [91.49685715387038, 23.026626921680847], [91.49705228181779, 23.026628775364387], [91.49705428441149, 23.026448169479995], [91.49822505096121, 23.02645928643471], [91.49822104887078, 23.02682049839324], [91.49841617721918, 23.026822350409766], [91.49841417640347, 23.027002956398757], [91.49899956234906, 23.027008511054063], [91.49900156238547, 23.026827905016603], [91.49958694773322, 23.026833457459333], [91.49957495188814, 23.02791709391053], [91.4993798218601, 23.027915243239853], [91.49937782222226, 23.028095849283904], [91.4991826919546, 23.028093998356614], [91.49918069203683, 23.02827460438024], [91.49898556152954, 23.028272753196326], [91.49898356133181, 23.028453359199506], [91.49820303846519, 23.028445951994478]]]}}, {"type": "Feature", "properties": {"aoi_name": "Feni", "sensor": "Sentinel-1", "acquisition_date": "2024-08-21", "baseline_date": "2024-08-09", "area_km2": 0.046, "threshold": 1.25, "detects": "open_water_only"}, "geometry": {"type": "Polygon", "coordinates": [[[91.46989904417994, 23.132574365169376], [91.46990724100299, 23.1318519603945], [91.4697119636267, 23.131850065115263], [91.46972221049818, 23.130947059132176], [91.46991748656811, 23.130948954329018], [91.46992158464992, 23.130587751872678], [91.4691404825839, 23.13058016976722], [91.46914663268707, 23.1300383662482], [91.47012300640236, 23.130047843028688], [91.47012095769482, 23.13022844428841], [91.47051150784769, 23.130232233342035], [91.47050945964205, 23.13041283463039], [91.47090001039982, 23.130416622750367], [91.47089796269609, 23.130597224067355], [91.4710932383671, 23.13059911778133], [91.47109119090406, 23.13077971911048], [91.4714817428304, 23.130783505846413], [91.47147969586928, 23.13096410720418], [91.47187024840048, 23.13096789300641], [91.4718600158988, 23.131870899895247], [91.47166473831656, 23.13186900703267], [91.47166269149321, 23.132049608381063], [91.47127213586792, 23.132045821897986], [91.47127008850143, 23.13222642320915], [91.47087953243593, 23.132222635726475], [91.47087748452628, 23.132403237000407], [91.47068220626315, 23.132401342880094], [91.47068015807162, 23.13258194413325], [91.46989904417994, 23.132574365169376]]]}}, {"type": "Feature", "properties": {"aoi_name": "Feni", "sensor": "Sentinel-1", "acquisition_date": "2024-08-21", "baseline_date": "2024-08-09", "area_km2": 0.046, "threshold": 1.25, "detects": "open_water_only"}, "geometry": {"type": "Polygon", "coordinates": [[[91.40679800314697, 23.183786338136734], [91.40680442008886, 23.183244554426427], [91.406999766102, 23.18324653173241], [91.40700404343185, 23.182885342536242], [91.4071993889425, 23.182887319565676], [91.4072015273132, 23.18270672494394], [91.40739687258335, 23.182708701713974], [91.4073990106706, 23.182528107070763], [91.40759435570024, 23.18253008358142], [91.40759863128636, 23.182168894247678], [91.40779397581352, 23.1821708704818], [91.4078025256802, 23.181448491693786], [91.40741183874314, 23.181444539120555], [91.40741825248949, 23.180902755087022], [91.4076135951614, 23.180904731443288], [91.40762214547473, 23.180182352602714], [91.40781748712028, 23.180184328648153], [91.40782389884401, 23.17964254442083], [91.408409921552, 23.1796484709496], [91.40839496606371, 23.180912634446226], [91.40819962330592, 23.180910659058803], [91.4081974864598, 23.181091253809576], [91.40858817252074, 23.18109520437649], [91.40858176342533, 23.181636988705733], [91.40838641959823, 23.181635013491945], [91.40838428292821, 23.18181560824256], [91.40877497112781, 23.181819558462198], [91.4087600175044, 23.18308372183533], [91.40817397973561, 23.183077795782502], [91.40817184263189, 23.183258390481356], [91.4079764964899, 23.183256414628794], [91.40797222169407, 23.1836176039792], [91.40738618182493, 23.18361167486517], [91.40738404360881, 23.18379226948242], [91.40679800314697, 23.183786338136734]]]}}, {"type": "Feature", "properties": {"aoi_name": "Feni", "sensor": "Sentinel-1", "acquisition_date": "2024-08-21", "baseline_date": "2024-08-09", "area_km2": 0.0452, "threshold": 1.25, "detects": "open_water_only"}, "geometry": {"type": "Polygon", "coordinates": [[[91.40313109868353, 22.998254539417346], [91.40313322346714, 22.99807394093538], [91.40274306711393, 22.998070006332764], [91.40275369330334, 22.997167014030246], [91.40294877017274, 22.997168981365686], [91.40295301997988, 22.996807784380213], [91.40275794362904, 22.99680581707914], [91.40276644402319, 22.99608342312529], [91.40296151933693, 22.99608539035763], [91.40296364412261, 22.99590479184123], [91.40374394455478, 22.995912658301286], [91.40373969703616, 22.9962738554672], [91.4039347727163, 22.99627582151641], [91.40393689622707, 22.996095222918438], [91.40471719812474, 22.996103084646013], [91.40471507565108, 22.996283683312654], [91.40491015143832, 22.996285648161557], [91.40490802920252, 22.996466246841067], [91.40529818135975, 22.99647017585301], [91.40529181607963, 22.99701197196868], [91.40509673921247, 22.99701000753127], [91.40509461715033, 22.99719060621073], [91.40431430885863, 22.997182745991726], [91.40431006259581, 22.99754394320045], [91.40411498505783, 22.997541977511183], [91.4041086147251, 22.998083773240495], [91.40371845815764, 22.9980798410387], [91.40371633415195, 22.99826043957219], [91.40313109868353, 22.998254539417346]]]}}, {"type": "Feature", "properties": {"aoi_name": "Feni", "sensor": "Sentinel-1", "acquisition_date": "2024-08-21", "baseline_date": "2024-08-09", "area_km2": 0.0452, "threshold": 1.25, "detects": "open_water_only"}, "geometry": {"type": "Polygon", "coordinates": [[[91.53884798483762, 22.950975855992617], [91.53885380413243, 22.95043402288208], [91.53904882636787, 22.950435819160937], [91.53905270528246, 22.95007459703449], [91.53924772702013, 22.950076393042334], [91.53925354446912, 22.949534559773532], [91.53944856545037, 22.949536355494665], [91.53945050430221, 22.949355744380824], [91.53925548357961, 22.94935394867541], [91.53925742267052, 22.949173337573008], [91.53906240222618, 22.949171541643736], [91.53906628086656, 22.94881031945758], [91.5388712609591, 22.948808523320157], [91.53887320050858, 22.948627912236397], [91.53867818087934, 22.94862611587513], [91.53868400018617, 22.94808428264541], [91.53946407571681, 22.948091466464543], [91.53946019826768, 22.948452688747658], [91.53965521771659, 22.948454484134967], [91.5396532792213, 22.948635095285834], [91.53984829894843, 22.94863689044929], [91.53984636069222, 22.948817501611597], [91.54004138069757, 22.948819296551186], [91.54003944268045, 22.948999907724936], [91.54023446296404, 22.949001702440658], [91.54023252518598, 22.94918231362585], [91.54042754574779, 22.949184108117706], [91.54042367065033, 22.94954533050669], [91.54061869174902, 22.94954712479037], [91.54061675442959, 22.94972773599416], [91.54081177580653, 22.94972953005396], [91.54080790162632, 22.950090752480143], [91.54100292354015, 22.950092546331756], [91.54099711289915, 22.950634379986138], [91.5408020902093, 22.950632586087444], [91.54080015303116, 22.950813197281345], [91.54060513010218, 22.95081140312737], [91.5406031926458, 22.95099201430131], [91.53884798483762, 22.950975855992617]]]}}, {"type": "Feature", "properties": {"aoi_name": "Feni", "sensor": "Sentinel-1", "acquisition_date": "2024-08-21", "baseline_date": "2024-08-09", "area_km2": 0.0444, "threshold": 1.25, "detects": "open_water_only"}, "geometry": {"type": "Polygon", "coordinates": [[[91.4371810712385, 23.141465005757755], [91.43718316518141, 23.141284407571607], [91.43679258918331, 23.141280534240202], [91.43679468362797, 23.141099936083403], [91.43601353293005, 23.141092186586807], [91.43601562839923, 23.14091158849305], [91.43562505369944, 23.140907712327888], [91.43563553334312, 23.14000472196286], [91.43602610542906, 23.140008597959568], [91.43603029609352, 23.139647401715973], [91.43700672406328, 23.1396570873088], [91.43700463004843, 23.13983768551695], [91.43798105985141, 23.13984736515035], [91.43797687437238, 23.140208561721966], [91.43817216091887, 23.140210496957057], [91.43817006840916, 23.140391095253218], [91.438560642088, 23.140394965031774], [91.43855227392993, 23.141117358307813], [91.43835698603442, 23.14111542347214], [91.43835489368092, 23.14129602176355], [91.43815960554507, 23.141294086669294], [91.43815751290913, 23.141474684939567], [91.4371810712385, 23.141465005757755]]]}}, {"type": "Feature", "properties": {"aoi_name": "Feni", "sensor": "Sentinel-1", "acquisition_date": "2024-08-21", "baseline_date": "2024-08-09", "area_km2": 0.0444, "threshold": 1.25, "detects": "open_water_only"}, "geometry": {"type": "Polygon", "coordinates": [[[91.4006970241448, 23.203953410961223], [91.40070991948888, 23.20286984950689], [91.40051454557066, 23.202867862813612], [91.40051884437061, 23.202506675661972], [91.3999327243191, 23.202500714230773], [91.3999348744735, 23.202320120700158], [91.39973950142844, 23.202318133088752], [91.39975240347508, 23.201234571917553], [91.3999477749466, 23.201236559425524], [91.39995207493159, 23.200875372299326], [91.40131967216497, 23.20088927782546], [91.401317524019, 23.201069871511347], [91.40151289540088, 23.201071857062544], [91.4015064516203, 23.201613638145883], [91.40131107945166, 23.201611652543015], [91.40129818973462, 23.20269521448939], [91.40168893724065, 23.202699185659334], [91.40167604989446, 23.203782747656422], [91.40148067455699, 23.20378076208935], [91.40147852632818, 23.203961355723152], [91.4006970241448, 23.203953410961223]]]}}, {"type": "Feature", "properties": {"aoi_name": "Feni", "sensor": "Sentinel-1", "acquisition_date": "2024-08-21", "baseline_date": "2024-08-09", "area_km2": 0.044, "threshold": 1.25, "detects": "open_water_only"}, "geometry": {"type": "Polygon", "coordinates": [[[91.42961494390428, 23.20406418718085], [91.4296191647562, 23.203702994983807], [91.42942378688626, 23.203701044125477], [91.42943011879213, 23.20315925584822], [91.42962549587517, 23.203161206655786], [91.4296276062058, 23.2029806105378], [91.43021373679517, 23.20298646145488], [91.4302179558191, 23.20262526910442], [91.4304133322, 23.202627218891333], [91.43041755061466, 23.20226602648976], [91.43061292649219, 23.20226797600038], [91.43061503540547, 23.202087379776195], [91.43081041104188, 23.20208932902744], [91.43081251967172, 23.201908732782016], [91.43178939685991, 23.201918475316734], [91.43178518220188, 23.20227966797226], [91.43198055822755, 23.202281615785594], [91.4319594862908, 23.20408757897269], [91.43137335040838, 23.204081734298352], [91.43137545848417, 23.203901138049794], [91.43098470185966, 23.203897240421593], [91.43098891899697, 23.20353604797912], [91.43079354124106, 23.203534098835096], [91.43079775881831, 23.20317290640913], [91.43060238160817, 23.203170957056443], [91.4305918361948, 23.204073938004363], [91.42961494390428, 23.20406418718085]]]}}, {"type": "Feature", "properties": {"aoi_name": "Feni", "sensor": "Sentinel-1", "acquisition_date": "2024-08-21", "baseline_date": "2024-08-09", "area_km2": 0.044, "threshold": 1.25, "detects": "open_water_only"}, "geometry": {"type": "Polygon", "coordinates": [[[91.38775108525753, 22.91320737899887], [91.38775749439911, 22.912665581830083], [91.38756254011501, 22.912663602669912], [91.38756681328421, 22.912302404570593], [91.38698195210978, 22.912296465759596], [91.38698408943615, 22.91211586675552], [91.38659418261064, 22.912111906387477], [91.38659204476818, 22.912292505356866], [91.38620213751298, 22.912288543997814], [91.38619999913281, 22.912469142928213], [91.38581009144798, 22.91246518057814], [91.38580795253009, 22.912645779469525], [91.3852230903908, 22.912639834099227], [91.38522523008285, 22.912459235259917], [91.38503027633773, 22.91245725300901], [91.3850366960583, 22.911915456517402], [91.38523164902928, 22.911917438716213], [91.38523378863484, 22.911736839859728], [91.3854287413694, 22.911738821802107], [91.38543088069528, 22.91155822292397], [91.38562583319343, 22.91156020460991], [91.38563225026726, 22.911018407897654], [91.38543729854322, 22.91101642626379], [91.38544371619656, 22.91047462956498], [91.38622352012607, 22.910482554457797], [91.38621496734018, 22.911204950325317], [91.3864099194087, 22.911206931020278], [91.38640778141624, 22.911387529993778], [91.3877724483071, 22.911401388286016], [91.3877703120993, 22.911581987376618], [91.38796526485672, 22.911583966193707], [91.38795885687792, 22.912125763491755], [91.38815381043105, 22.912127742121772], [91.38814740303211, 22.912669539433185], [91.38834235738098, 22.912671517876106], [91.38833595056194, 22.91321331520088], [91.38775108525753, 22.91320737899887]]]}}, {"type": "Feature", "properties": {"aoi_name": "Feni", "sensor": "Sentinel-1", "acquisition_date": "2024-08-21", "baseline_date": "2024-08-09", "area_km2": 0.0436, "threshold": 1.25, "detects": "open_water_only"}, "geometry": {"type": "Polygon", "coordinates": [[[91.40368297206284, 23.116926582654536], [91.40368724460531, 23.11656539100633], [91.40349199553893, 23.11656341495928], [91.40349626851747, 23.116202223328173], [91.40291052301345, 23.116196293841412], [91.4029126602535, 23.116015698070964], [91.40213166759321, 23.11600778877705], [91.40213380585581, 23.115827193071077], [91.40174331017674, 23.11582323700982], [91.40175186510007, 23.115100854280417], [91.40370433391556, 23.115120624240745], [91.40370219782697, 23.115301220101554], [91.40409269237003, 23.115305171230677], [91.40408842117243, 23.1156663630081], [91.40467416471414, 23.115672287994027], [91.40467202986615, 23.1158528839278], [91.40486727801736, 23.115854858457386], [91.4048651434089, 23.116035454404013], [91.40525564029775, 23.116039402773183], [91.40524496954353, 23.116942382613285], [91.40368297206284, 23.116926582654536]]]}}, {"type": "Feature", "properties": {"aoi_name": "Feni", "sensor": "Sentinel-1", "acquisition_date": "2024-08-21", "baseline_date": "2024-08-09", "area_km2": 0.0432, "threshold": 1.25, "detects": "open_water_only"}, "geometry": {"type": "Polygon", "coordinates": [[[91.37457756100021, 22.79133442090588], [91.37459254825085, 22.79007021636934], [91.37517688327985, 22.790076170666797], [91.37518330375522, 22.789534368501275], [91.37498852615937, 22.78953238402548], [91.37499066653073, 22.789351783312547], [91.37479588921285, 22.78934979861656], [91.37480873252296, 22.788266194353856], [91.3761721634405, 22.788280081502116], [91.37615719205982, 22.78954428731545], [91.3763519697858, 22.789546270365328], [91.37634983118669, 22.78972687119614], [91.37654460919062, 22.789728854025807], [91.3765381940321, 22.790270656544905], [91.37634341525933, 22.790268673662915], [91.3763412765735, 22.79044927447662], [91.37556216067405, 22.790441340502255], [91.37556002094139, 22.790621941241895], [91.37536524176447, 22.79061995713669], [91.37535668159178, 22.791342359982664], [91.37457756100021, 22.79133442090588]]]}}, {"type": "Feature", "properties": {"aoi_name": "Feni", "sensor": "Sentinel-1", "acquisition_date": "2024-08-21", "baseline_date": "2024-08-09", "area_km2": 0.0428, "threshold": 1.25, "detects": "open_water_only"}, "geometry": {"type": "Polygon", "coordinates": [[[91.46745645258139, 23.106902429437508], [91.46746055248947, 23.106541226297853], [91.46726531195448, 23.10653932994603], [91.46727556266823, 23.105636322104107], [91.46747080189874, 23.105638218373425], [91.46748105079234, 23.10473521034142], [91.46767628873904, 23.10473710628688], [91.46768243704507, 23.104195301366545], [91.467487199881, 23.104193405470586], [91.46749539837714, 23.1034709989159], [91.46827634298326, 23.10347858078775], [91.46827429443363, 23.10365918249886], [91.46846953089756, 23.103661077379968], [91.46846748258817, 23.10384167910327], [91.4688579560996, 23.103845468174466], [91.468851812613, 23.104387273417473], [91.46846133753633, 23.104383484247354], [91.46845724073202, 23.104744687655227], [91.46826200270286, 23.104742792675165], [91.46825995400891, 23.10492339435616], [91.46845519229896, 23.104925289352714], [91.46844904687609, 23.105467094419346], [91.46864428596942, 23.10546898922401], [91.46862994775422, 23.106733201010993], [91.4682394659356, 23.106729410929432], [91.46823741701486, 23.106910012563095], [91.46745645258139, 23.106902429437508]]]}}, {"type": "Feature", "properties": {"aoi_name": "Feni", "sensor": "Sentinel-1", "acquisition_date": "2024-08-21", "baseline_date": "2024-08-09", "area_km2": 0.0428, "threshold": 1.25, "detects": "open_water_only"}, "geometry": {"type": "Polygon", "coordinates": [[[91.55123138653457, 22.96030154592352], [91.5512390832951, 22.959579098631128], [91.55162915615676, 22.95958266184001], [91.5516310797807, 22.959402049975083], [91.55202115220244, 22.95940561219403], [91.55202307528933, 22.95922500029369], [91.55241314727111, 22.959228561522707], [91.55241506982097, 22.959047949586957], [91.55222003407918, 22.959046169107864], [91.55222772511974, 22.958323721384513], [91.5532028988467, 22.9583326210717], [91.55320482026434, 22.958152009052366], [91.55359488937336, 22.95815556721834], [91.553596810254, 22.957974955163625], [91.5543769476696, 22.95798206855719], [91.55437118807504, 22.95852390489521], [91.55417615291566, 22.958522126859688], [91.55417423275324, 22.958702738948283], [91.55378416197507, 22.958699182127063], [91.55378224127566, 22.958879794180287], [91.55358720565684, 22.95887801539459], [91.55358336368222, 22.95923923945714], [91.55338832756519, 22.95923746040063], [91.55338448499535, 22.959598684415003], [91.55318944838011, 22.959596905087682], [91.55318368360341, 22.960138741030587], [91.5529886462311, 22.960136961416868], [91.55298672434125, 22.960317573373747], [91.55123138653457, 22.96030154592352]]]}}, {"type": "Feature", "properties": {"aoi_name": "Feni", "sensor": "Sentinel-1", "acquisition_date": "2024-08-21", "baseline_date": "2024-08-09", "area_km2": 0.0424, "threshold": 1.25, "detects": "open_water_only"}, "geometry": {"type": "Polygon", "coordinates": [[[91.4587354719332, 22.99826359603227], [91.45873957354364, 22.99790238941595], [91.45776415798854, 22.997892893579], [91.45776621005933, 22.997712290347348], [91.45737604450082, 22.997708490365028], [91.45738835960276, 22.996624871084176], [91.4575834408158, 22.99662677109581], [91.45758549300102, 22.99644616785072], [91.45836581702288, 22.996453765429997], [91.45836171470619, 22.996814972048607], [91.45855679628201, 22.99681687087638], [91.45855474535193, 22.99699747419583], [91.45894490908425, 22.997001271164272], [91.45894695949569, 22.99682066781165], [91.45972728617126, 22.996828258801106], [91.45972318740218, 22.99718946563466], [91.460503516483, 22.99719705291518], [91.46049532284589, 22.99791946679591], [91.46030023950739, 22.997917570269664], [91.46029819078713, 22.998098173712556], [91.45971294011767, 22.998092482643493], [91.45971089059876, 22.99827308603239], [91.4587354719332, 22.99826359603227]]]}}, {"type": "Feature", "properties": {"aoi_name": "Feni", "sensor": "Sentinel-1", "acquisition_date": "2024-08-21", "baseline_date": "2024-08-09", "area_km2": 0.0424, "threshold": 1.25, "detects": "open_water_only"}, "geometry": {"type": "Polygon", "coordinates": [[[91.48361279908664, 23.059193444363967], [91.48361482277157, 23.05901284034444], [91.48302930267297, 23.059007221428544], [91.48303132711818, 23.058826617453697], [91.48264098100817, 23.05882287033831], [91.48264300595343, 23.058642266391836], [91.48166714233653, 23.058632894470666], [91.48166511609018, 23.058813498335454], [91.48068925168245, 23.05880412031207], [91.4806953342635, 23.058262308950056], [91.48050016222388, 23.058260432671975], [91.48050827308683, 23.057538017527936], [91.48128895720461, 23.05754552093373], [91.48128693056032, 23.05772612479159], [91.48148210190102, 23.057728000057367], [91.48148412828512, 23.057547396183164], [91.48206964164906, 23.05755302048663], [91.48206761604557, 23.057733624409856], [91.48304347336122, 23.057742993514495], [91.48304144903837, 23.057923597515092], [91.4834317926278, 23.05792734350394], [91.48342976880497, 23.058107947532896], [91.48362494089048, 23.058109820182427], [91.48362291730746, 23.058290424223415], [91.48381808967356, 23.058292296648446], [91.48381606633039, 23.058472900701467], [91.48401123897709, 23.058474772902], [91.48400921587373, 23.058655376967042], [91.48420438880103, 23.058657248943074], [91.48419832014939, 23.0591990611614], [91.48361279908664, 23.059193444363967]]]}}, {"type": "Feature", "properties": {"aoi_name": "Feni", "sensor": "Sentinel-1", "acquisition_date": "2024-08-21", "baseline_date": "2024-08-09", "area_km2": 0.0424, "threshold": 1.25, "detects": "open_water_only"}, "geometry": {"type": "Polygon", "coordinates": [[[91.51143745462515, 22.978356935819452], [91.51143943341947, 22.9781763276454], [91.51046413566301, 22.978167163738284], [91.51047205582175, 22.977444731319686], [91.51027699736663, 22.97744289788267], [91.51028491824184, 22.976720465459774], [91.5110651480374, 22.976727797512137], [91.51106316888476, 22.976908405688363], [91.51125822664264, 22.97691023811777], [91.51125624772907, 22.97709084630573], [91.51164636382282, 22.97709451047693], [91.51164834221831, 22.97691390225694], [91.51184340003608, 22.976915733966703], [91.51184735624905, 22.97655451748187], [91.51204241356871, 22.976556348919736], [91.51204439138621, 22.9763757406549], [91.51223944846679, 22.976377571836885], [91.51224142600529, 22.976196963551764], [91.51282659658966, 22.976202455610455], [91.51280880501898, 22.97782793045467], [91.51261374580612, 22.977826099864316], [91.51261176860613, 22.978006708142967], [91.51241670915418, 22.97800487729672], [91.51241473167515, 22.978185485555098], [91.51202461231298, 22.9781818231109], [91.51202263429587, 22.978362431332993], [91.51143745462515, 22.978356935819452]]]}}, {"type": "Feature", "properties": {"aoi_name": "Feni", "sensor": "Sentinel-1", "acquisition_date": "2024-08-21", "baseline_date": "2024-08-09", "area_km2": 0.0416, "threshold": 1.25, "detects": "open_water_only"}, "geometry": {"type": "Polygon", "coordinates": [[[91.51277123972923, 22.9812594873221], [91.51277321702932, 22.9810788791044], [91.51257815315297, 22.981077048226034], [91.5125801306922, 22.980896440020054], [91.5117998764228, 22.980889114171333], [91.51180581202999, 22.980347289719813], [91.5120008747901, 22.980349121493855], [91.51200483124354, 22.979987905139442], [91.51259001808909, 22.97999339892602], [91.51259199550859, 22.97981279069439], [91.51356730602143, 22.979821942127], [91.51356532989736, 22.980002550438613], [91.51395545476029, 22.98000620936423], [91.5139534791345, 22.980186817703544], [91.51414854185495, 22.98018864682246], [91.51415051722168, 22.98000803846715], [91.51434557970299, 22.98000986733016], [91.51434755479067, 22.979829258954606], [91.51512780387884, 22.97983657194353], [91.51511793342299, 22.980739614098155], [91.51453274269053, 22.98073412947667], [91.51453076776228, 22.980914737846845], [91.51433570396556, 22.980912909143843], [91.51433372875827, 22.981093517493765], [91.51413866472237, 22.98109168853485], [91.51413668923604, 22.981272296864503], [91.51277123972923, 22.9812594873221]]]}}, {"type": "Feature", "properties": {"aoi_name": "Feni", "sensor": "Sentinel-1", "acquisition_date": "2024-08-21", "baseline_date": "2024-08-09", "area_km2": 0.0408, "threshold": 1.25, "detects": "open_water_only"}, "geometry": {"type": "Polygon", "coordinates": [[[91.43733739409404, 23.17849336135578], [91.43736046516638, 23.176506790251256], [91.43755580428245, 23.176508729110445], [91.43755790126434, 23.176328131694557], [91.43775324013956, 23.176330070294746], [91.43775533683848, 23.176149472857702], [91.4383413528048, 23.17615528715477], [91.43834344869694, 23.175974689662922], [91.43892946406706, 23.175980501730017], [91.43891689311275, 23.177064086918996], [91.43872155306352, 23.177062149704565], [91.43871945756888, 23.17724274720412], [91.43891479788002, 23.177244684435372], [91.43890222604166, 23.178328269442925], [91.43870688415895, 23.178326332110768], [91.43870478851694, 23.178506929580088], [91.43733739409404, 23.17849336135578]]]}}, {"type": "Feature", "properties": {"aoi_name": "Feni", "sensor": "Sentinel-1", "acquisition_date": "2024-08-21", "baseline_date": "2024-08-09", "area_km2": 0.0408, "threshold": 1.25, "detects": "open_water_only"}, "geometry": {"type": "Polygon", "coordinates": [[[91.44978755165435, 23.132197275644064], [91.4497917038883, 23.131836076673338], [91.44959642838737, 23.13183415648638], [91.44960265736546, 23.131292358048036], [91.44999320682062, 23.131296198080122], [91.44999528258239, 23.13111559855867], [91.45038583159855, 23.131119437590765], [91.45039413234687, 23.130397039328315], [91.45058940584126, 23.130398958415146], [91.45059148071492, 23.130218358822074], [91.45078675396893, 23.130220277650587], [91.45078882856048, 23.130039678036514], [91.45098410157411, 23.130041596606695], [91.45098617588357, 23.129860996971633], [91.45137672145096, 23.129864833353736], [91.45138294268675, 23.129323034322624], [91.45157821471801, 23.129324952101193], [91.45158028816034, 23.129144352398857], [91.45177555995124, 23.12914626991913], [91.45177970625089, 23.128785070468183], [91.45236552018132, 23.128790821479217], [91.45236344782559, 23.12897142125685], [91.45255871943864, 23.128973337793944], [91.45254835865352, 23.129876336700804], [91.45235308573432, 23.12987442008038], [91.45235101325353, 23.13005501983216], [91.45156992074018, 23.130047350867436], [91.45156577362614, 23.130408550224686], [91.45137050002745, 23.130406632346062], [91.45135805661735, 23.13149023021435], [91.4509675063475, 23.13148639353202], [91.45096543185029, 23.13166699312829], [91.45057488114136, 23.13166315544598], [91.45056865595699, 23.132204954108822], [91.44978755165435, 23.132197275644064]]]}}, {"type": "Feature", "properties": {"aoi_name": "Feni", "sensor": "Sentinel-1", "acquisition_date": "2024-08-21", "baseline_date": "2024-08-09", "area_km2": 0.0408, "threshold": 1.25, "detects": "open_water_only"}, "geometry": {"type": "Polygon", "coordinates": [[[91.46104969619012, 23.13790684668705], [91.46105381940171, 23.137545646053997], [91.46066324980605, 23.13754183244336], [91.46066531190345, 23.137361232153516], [91.46047002739806, 23.137359325002183], [91.46048033888083, 23.13645632357125], [91.46106618853902, 23.136462044051427], [91.46106206557617, 23.13682324473619], [91.4612573493597, 23.136825151112628], [91.46125528810853, 23.137005751465118], [91.46145057217414, 23.137007657616408], [91.46145469413308, 23.13664645687398], [91.4618452612811, 23.13665026838512], [91.4618493821118, 23.1362890675592], [91.46145881600913, 23.136285256114324], [91.46146499866776, 23.135743454942514], [91.46205084550085, 23.135749171598167], [91.46204878541936, 23.135929772042775], [91.4640016121557, 23.135948812016096], [91.4639995546668, 23.136129412621916], [91.4641948377156, 23.13613131530638], [91.4641886659088, 23.136673117147623], [91.46223582851198, 23.136654078929396], [91.46222964867863, 23.13719588023535], [91.4620343642688, 23.13719397503439], [91.46203024375362, 23.13755517585036], [91.46163967395069, 23.137551364657], [91.46163555230723, 23.137912565389477], [91.46104969619012, 23.13790684668705]]]}}, {"type": "Feature", "properties": {"aoi_name": "Feni", "sensor": "Sentinel-1", "acquisition_date": "2024-08-21", "baseline_date": "2024-08-09", "area_km2": 0.0408, "threshold": 1.25, "detects": "open_water_only"}, "geometry": {"type": "Polygon", "coordinates": [[[91.41095231669348, 23.162876801006025], [91.41095871045974, 23.16233501476193], [91.41076339441253, 23.162333044044285], [91.4107655258868, 23.162152448638057], [91.4105702101227, 23.16215047769554], [91.41057660520205, 23.161608691502263], [91.40999066039345, 23.16160277737686], [91.40999705763507, 23.16106099129877], [91.41019237176481, 23.161062962864516], [91.41019450387415, 23.160882367479385], [91.41038981776367, 23.16088433878603], [91.41039194958992, 23.160703743379443], [91.41136851805045, 23.16071359619741], [91.41136638753252, 23.160894191689575], [91.41214764373304, 23.160902069656803], [91.41213486645614, 23.16198564292954], [91.41233018212984, 23.161987611919006], [91.41232805277048, 23.162168207466433], [91.41252336872725, 23.162170176231008], [91.41251698130584, 23.16271196289864], [91.41173571446681, 23.162704086183144], [91.41173358423677, 23.162884681661968], [91.41095231669348, 23.162876801006025]]]}}, {"type": "Feature", "properties": {"aoi_name": "Feni", "sensor": "Sentinel-1", "acquisition_date": "2024-08-21", "baseline_date": "2024-08-09", "area_km2": 0.0404, "threshold": 1.25, "detects": "open_water_only"}, "geometry": {"type": "Polygon", "coordinates": [[[91.33640634050717, 22.982395927220992], [91.33641739948983, 22.981492963035738], [91.33661244738956, 22.981495010743963], [91.33661465886013, 22.981314417876078], [91.33680970652313, 22.981316465326554], [91.33682297332379, 22.98023290792126], [91.33740811178443, 22.980239048511567], [91.33740590148379, 22.9804196414769], [91.33760094794096, 22.98042168787853], [91.33759431768227, 22.98096346680228], [91.33778936493879, 22.980965513017708], [91.33779157478828, 22.980784920029553], [91.33896185724143, 22.980797192177885], [91.33895523228836, 22.98133897145113], [91.33876018438005, 22.9813369266391], [91.3387557671152, 22.981698112763954], [91.33856071871112, 22.981696067676324], [91.33855630083907, 22.98205725374818], [91.33836125193922, 22.98205520838494], [91.33835904271072, 22.98223580139652], [91.33699369922283, 22.982221477012388], [91.33699148815877, 22.982402069894487], [91.33640634050717, 22.982395927220992]]]}}, {"type": "Feature", "properties": {"aoi_name": "Feni", "sensor": "Sentinel-1", "acquisition_date": "2024-08-21", "baseline_date": "2024-08-09", "area_km2": 0.0404, "threshold": 1.25, "detects": "open_water_only"}, "geometry": {"type": "Polygon", "coordinates": [[[91.406247971262, 22.898763689046472], [91.40625008167692, 22.89858308802696], [91.40586020985221, 22.89857917712424], [91.40586443164946, 22.89821797514092], [91.40547456094156, 22.89821406335105], [91.40547667232389, 22.89803346238724], [91.40508680221708, 22.898029549675954], [91.40509313778307, 22.89748774686168], [91.40450833510367, 22.897481876157194], [91.40451467279807, 22.896940073458698], [91.40509947315688, 22.896945944008834], [91.40510369663268, 22.89658474208551], [91.40549356261397, 22.896588654522468], [91.40549567380417, 22.896408053520087], [91.40608047216269, 22.89641392033232], [91.40607836174598, 22.896594521386124], [91.40627329483267, 22.896596476529528], [91.40626907445093, 22.89695767865854], [91.40646400807462, 22.89695963359731], [91.40645978812321, 22.897320835743447], [91.40665472228392, 22.89732279047757], [91.40665050276287, 22.89768399264083], [91.40704037217968, 22.89768790146083], [91.40703615360472, 22.89804910367546], [91.40723108886083, 22.898051057761336], [91.40722476161201, 22.89859286110251], [91.40702982558234, 22.89859090696526], [91.4070277161989, 22.898771508053287], [91.406247971262, 22.898763689046472]]]}}, {"type": "Feature", "properties": {"aoi_name": "Feni", "sensor": "Sentinel-1", "acquisition_date": "2024-08-21", "baseline_date": "2024-08-09", "area_km2": 0.0392, "threshold": 1.25, "detects": "open_water_only"}, "geometry": {"type": "Polygon", "coordinates": [[[91.41166696668536, 23.118813359103083], [91.41166909247909, 23.11863276262135], [91.41127858686703, 23.118628829709362], [91.41128496568619, 23.1180870403409], [91.41167546973197, 23.118090973150263], [91.41168822366039, 23.11700739409151], [91.41188347414912, 23.117009360031368], [91.41189197529633, 23.116286973837457], [91.41208722476233, 23.11628893946744], [91.41208934973466, 23.116108342891078], [91.41228459896104, 23.116110308262506], [91.41228884831955, 23.11574911506262], [91.41306984335061, 23.11575697399702], [91.4130677197261, 23.115937570667494], [91.41326296879829, 23.115939534814544], [91.41325659857964, 23.116481324851296], [91.41306134872438, 23.116479360652985], [91.41304860614413, 23.11756294050743], [91.41285335474406, 23.117560975965123], [91.41284910652432, 23.11792216918122], [91.41265385462353, 23.117920204363255], [91.41265173022055, 23.118100800947747], [91.41245647808009, 23.11809883587121], [91.41245222868793, 23.118460028993045], [91.41225697604673, 23.118458063640837], [91.412252726047, 23.118819256711205], [91.41166696668536, 23.118813359103083]]]}}, {"type": "Feature", "properties": {"aoi_name": "Feni", "sensor": "Sentinel-1", "acquisition_date": "2024-08-21", "baseline_date": "2024-08-09", "area_km2": 0.0388, "threshold": 1.25, "detects": "open_water_only"}, "geometry": {"type": "Polygon", "coordinates": [[[91.45112542956397, 23.2026519232389], [91.4511358363255, 23.201748933277237], [91.45094045928822, 23.201747009293204], [91.45094254084012, 23.201566411304597], [91.45074716408602, 23.201564487094775], [91.45075549113372, 23.20084209516391], [91.45114624256459, 23.20084594320757], [91.45114832374972, 23.200665345180678], [91.45173445026596, 23.200671115377652], [91.45173236986763, 23.200851713454597], [91.4519277456771, 23.200853636385347], [91.45192150514363, 23.201395430640318], [91.4528983884383, 23.201405041907268], [91.4528963095301, 23.20158564006699], [91.45309168651396, 23.20158756160964], [91.45308960784716, 23.2017681597817], [91.45328498511417, 23.201770081098548], [91.45327667128748, 23.202492473810278], [91.45308129297132, 23.202490552426763], [91.45307921420017, 23.202671150577235], [91.45112542956397, 23.2026519232389]]]}}, {"type": "Feature", "properties": {"aoi_name": "Feni", "sensor": "Sentinel-1", "acquisition_date": "2024-08-21", "baseline_date": "2024-08-09", "area_km2": 0.0384, "threshold": 1.25, "detects": "open_water_only"}, "geometry": {"type": "Polygon", "coordinates": [[[91.47752786396877, 22.94046475420234], [91.47753998451019, 22.93938111685853], [91.47773498544937, 22.93938298765216], [91.47773700520972, 22.93920238139685], [91.47793200591083, 22.939204251934676], [91.47793604485334, 22.938843039378483], [91.47813104505788, 22.93884490964414], [91.47813508340181, 22.938483697038112], [91.4783300831098, 22.938485567031613], [91.4783321019927, 22.938304960705814], [91.47989209832272, 22.938319911903744], [91.47988403094003, 22.939042337704674], [91.47968903029353, 22.93904046957751], [91.47968701313843, 22.939221076000706], [91.47949201225383, 22.939219207617764], [91.47948999481989, 22.93939981402033], [91.47929499369717, 22.939397945381597], [91.47929095825114, 22.939759158141193], [91.47909595663182, 22.939757289230315], [91.47909393861976, 22.93993789558735], [91.47889893676232, 22.939936026420675], [91.47889691847136, 22.940116632757075], [91.47850691430068, 22.94011289367269], [91.47850489547233, 22.940293499972086], [91.47830989315908, 22.940291630054364], [91.47830787405184, 22.940472236333125], [91.47752786396877, 22.94046475420234]]]}}, {"type": "Feature", "properties": {"aoi_name": "Feni", "sensor": "Sentinel-1", "acquisition_date": "2024-08-21", "baseline_date": "2024-08-09", "area_km2": 0.0384, "threshold": 1.25, "detects": "open_water_only"}, "geometry": {"type": "Polygon", "coordinates": [[[91.48442681090636, 23.07365111866794], [91.48443085891387, 23.073289911148375], [91.48423566485953, 23.07328803833254], [91.48423768909315, 23.07310743458264], [91.48404249531961, 23.073105561542132], [91.48404856867943, 23.0725637503156], [91.48463414771733, 23.07256936856732], [91.48463212406571, 23.072749972362736], [91.48482731737953, 23.072751844647662], [91.48482529396796, 23.072932448455095], [91.48521568117756, 23.072936192334605], [91.48521972693864, 23.072574984650203], [91.48541492005316, 23.072576856195866], [91.48541694264271, 23.07239625233092], [91.48522174978862, 23.072394380801562], [91.48522377261823, 23.072213776948626], [91.48463819495942, 23.072208160963605], [91.48464831270806, 23.071305141879158], [91.48562426906436, 23.071314500241627], [91.4856222468574, 23.071495104148646], [91.48581743845017, 23.07149697511453], [91.48581541648326, 23.071677579033555], [91.4860106083568, 23.071679449774777], [91.48600656488273, 23.07204065763252], [91.48620175729744, 23.072042528165365], [91.48619973579028, 23.072223132104106], [91.48639492848575, 23.072225002412257], [91.48638886462338, 23.07276681425158], [91.48619367114662, 23.072764943894537], [91.48618962794907, 23.07312615173336], [91.48599443397184, 23.07312428110274], [91.4859924120821, 23.073304884999406], [91.48579721786477, 23.073303014111495], [91.48579317350334, 23.073664221859364], [91.48442681090636, 23.07365111866794]]]}}, {"type": "Feature", "properties": {"aoi_name": "Feni", "sensor": "Sentinel-1", "acquisition_date": "2024-08-21", "baseline_date": "2024-08-09", "area_km2": 0.0384, "threshold": 1.25, "detects": "open_water_only"}, "geometry": {"type": "Polygon", "coordinates": [[[91.41739566149624, 23.163122296588746], [91.41739778415838, 23.162941700619026], [91.41700714910436, 23.162937774811276], [91.41700927226856, 23.162757178871324], [91.41661863782329, 23.162753252129658], [91.41662076148955, 23.162572656219492], [91.41623012765304, 23.162568728543928], [91.41623650009392, 23.162026940889838], [91.41662713236029, 23.162030868463063], [91.41663137950074, 23.161669676603825], [91.41682669514256, 23.161671639993344], [91.4168288184191, 23.161491044040186], [91.41800071114795, 23.161502819193192], [91.41799858944151, 23.161683415248625], [91.41838922104509, 23.161687338397783], [91.4183870998407, 23.16186793448297], [91.41858241593616, 23.1618698957116], [91.41858029497213, 23.162050491809495], [91.41877561135058, 23.162052452813164], [91.41877349062693, 23.16223304892377], [91.4189688072884, 23.162235009702474], [91.41895820465896, 23.163137990275825], [91.41739566149624, 23.163122296588746]]]}}, {"type": "Feature", "properties": {"aoi_name": "Feni", "sensor": "Sentinel-1", "acquisition_date": "2024-08-21", "baseline_date": "2024-08-09", "area_km2": 0.038, "threshold": 1.25, "detects": "open_water_only"}, "geometry": {"type": "Polygon", "coordinates": [[[91.45002445107286, 23.145565467623936], [91.45002652822265, 23.145384868426405], [91.44944064285046, 23.145379104834216], [91.44945103220807, 23.144476109032297], [91.44964632600397, 23.14447803038801], [91.44964840355138, 23.144297431197995], [91.44984369710673, 23.144299352295214], [91.4498457743718, 23.144118753084182], [91.45004106768657, 23.144120673922906], [91.45004314466932, 23.143940074690875], [91.45023843774354, 23.143941995271103], [91.4502446677822, 23.143400197499048], [91.45122112954485, 23.14340979652295], [91.45121905419336, 23.14359039586804], [91.45141434686992, 23.143592314964117], [91.45141227175901, 23.143772914321577], [91.45160756471788, 23.143774833192545], [91.45160548984752, 23.143955432562358], [91.4518007830887, 23.143957351208204], [91.45179040973132, 23.14486034807601], [91.45159511518291, 23.144858429346794], [91.45159304018739, 23.14503902869074], [91.45100715588295, 23.145033271002198], [91.45101338315997, 23.144491473107525], [91.45062279529674, 23.144487633539544], [91.45061864275378, 23.144848832073567], [91.45081393719786, 23.144850752011827], [91.45080770901126, 23.14539254983058], [91.45061241378279, 23.145390629842254], [91.45061033741739, 23.145571229089857], [91.45002445107286, 23.145565467623936]]]}}, {"type": "Feature", "properties": {"aoi_name": "Feni", "sensor": "Sentinel-1", "acquisition_date": "2024-08-21", "baseline_date": "2024-08-09", "area_km2": 0.0376, "threshold": 1.25, "detects": "open_water_only"}, "geometry": {"type": "Polygon", "coordinates": [[[91.4038312237753, 23.120901665862686], [91.40383549674122, 23.120540474370145], [91.4036402419103, 23.120538498186423], [91.40364451531241, 23.12017730671098], [91.40344926102512, 23.12017533032013], [91.4034535348634, 23.119814138861795], [91.40325828111975, 23.119812162263827], [91.40326682958262, 23.11908977936409], [91.403462082282, 23.11909175589328], [91.40346421908292, 23.118911160140364], [91.40365947154277, 23.118913136410878], [91.4036658810334, 23.118371349074618], [91.40347062935672, 23.118369372855668], [91.40347703943706, 23.117827585532098], [91.40406279218223, 23.117833513309815], [91.40405852038307, 23.118194704966307], [91.40425377186318, 23.118196680443624], [91.40424950050017, 23.1185578721172], [91.40444475252386, 23.118559847387406], [91.40444261707118, 23.118740443234902], [91.4046378693774, 23.118742418280807], [91.4046335989297, 23.119103609997193], [91.40482885177951, 23.119105584835964], [91.40482244673007, 23.119647372429682], [91.40462719309707, 23.119645397539383], [91.40462505777657, 23.11982599337814], [91.40482031167063, 23.119827968285616], [91.40480963605131, 23.12073094750051], [91.40461438085188, 23.120728972507138], [91.4046122454025, 23.120909568319984], [91.4038312237753, 23.120901665862686]]]}}, {"type": "Feature", "properties": {"aoi_name": "Feni", "sensor": "Sentinel-1", "acquisition_date": "2024-08-21", "baseline_date": "2024-08-09", "area_km2": 0.0372, "threshold": 1.25, "detects": "open_water_only"}, "geometry": {"type": "Polygon", "coordinates": [[[91.49228608582345, 22.946205088439864], [91.4922980922477, 22.94512144446081], [91.49249310274462, 22.945123297559917], [91.49249710420719, 22.94476208283361], [91.49288712422737, 22.944765788248475], [91.4928891244112, 22.94458518084648], [91.49386417352224, 22.944594440111338], [91.49386817124365, 22.944233225132507], [91.49445319940114, 22.94423877772025], [91.49445120132623, 22.944419385260396], [91.494646211011, 22.944421235660176], [91.49463622162664, 22.945324273377736], [91.49444121064899, 22.945322422896993], [91.494439212453, 22.9455030304115], [91.49424420123697, 22.945501179675055], [91.49424020426727, 22.945862394658853], [91.4938501808614, 22.94585869240265], [91.4938481818291, 22.946039299855745], [91.49306813422528, 22.94603189240436], [91.49306613413843, 22.946212499788356], [91.49228608582345, 22.946205088439864]]]}}, {"type": "Feature", "properties": {"aoi_name": "Feni", "sensor": "Sentinel-1", "acquisition_date": "2024-08-21", "baseline_date": "2024-08-09", "area_km2": 0.0372, "threshold": 1.25, "detects": "open_water_only"}, "geometry": {"type": "Polygon", "coordinates": [[[91.51321920096889, 23.011608939117924], [91.51322118058468, 23.011428331554775], [91.51302607306152, 23.01142649894884], [91.5130320125677, 23.010884676281712], [91.51342222607671, 23.01088834115732], [91.51342618460954, 23.010527125960518], [91.51303597213867, 23.0105234611489], [91.5130379518942, 23.01034285357608], [91.51284284594826, 23.010341020825866], [91.5128527457241, 23.009437982977563], [91.51207232733049, 23.00943064989413], [91.51207827007053, 23.008888827325872], [91.51227337386044, 23.008890660909092], [91.51227535447433, 23.00871005336177], [91.51286066518534, 23.008715552621897], [91.51285472561936, 23.009257375395066], [91.51344003884567, 23.009262872636913], [91.51343805972895, 23.00944348026741], [91.51402337391346, 23.00944897539491], [91.51402139555536, 23.0096295830691], [91.51441160563049, 23.00963324531811], [91.51440171613594, 23.010536283784766], [91.51420660979075, 23.010534452700462], [91.51419671849982, 23.011437490980217], [91.51400161087689, 23.011435659575696], [91.5139996322993, 23.01161626720282], [91.51321920096889, 23.011608939117924]]]}}, {"type": "Feature", "properties": {"aoi_name": "Feni", "sensor": "Sentinel-1", "acquisition_date": "2024-08-21", "baseline_date": "2024-08-09", "area_km2": 0.0368, "threshold": 1.25, "detects": "open_water_only"}, "geometry": {"type": "Polygon", "coordinates": [[[91.4883623320469, 23.088319310636475], [91.48836637240983, 23.08795810312836], [91.48797594125917, 23.087954364740874], [91.48797998258333, 23.087593157280686], [91.4875895525566, 23.08758941799367], [91.4875976370459, 23.08686700315198], [91.48837849301053, 23.08687448050093], [91.48837647296124, 23.08705508428291], [91.48857168726389, 23.087056953033542], [91.48857370705252, 23.08687634923529], [91.48876892111487, 23.086878217728508], [91.48877497957692, 23.086336406259168], [91.48955583290203, 23.086343877625325], [91.48955179603264, 23.08670508540597], [91.48974700993598, 23.086706952677165], [91.48974095526141, 23.0872487643647], [91.48993616996695, 23.08725063144352], [91.48992607973956, 23.088153650918116], [91.48953564774236, 23.088149916356723], [91.48953362911463, 23.088330520206238], [91.4883623320469, 23.088319310636475]]]}}, {"type": "Feature", "properties": {"aoi_name": "Feni", "sensor": "Sentinel-1", "acquisition_date": "2024-08-21", "baseline_date": "2024-08-09", "area_km2": 0.0368, "threshold": 1.25, "detects": "open_water_only"}, "geometry": {"type": "Polygon", "coordinates": [[[91.44538459164285, 22.85182764941188], [91.44538664554739, 22.85164704392089], [91.44499690032876, 22.85164323639779], [91.44499895472691, 22.85146263093596], [91.444804082406, 22.85146072683352], [91.44481230081944, 22.85073830501034], [91.44500717211157, 22.850740209045924], [91.44500922640574, 22.850559603562736], [91.44481435537081, 22.850557699543863], [91.44482051890016, 22.85001588311883], [91.44462564865756, 22.85001397891172], [91.44463797669782, 22.84893034604664], [91.44522258285885, 22.848936057651965], [91.44522052900896, 22.8491166631903], [91.44580513612858, 22.849122372700425], [91.44580102990948, 22.849483583864526], [91.44599589950526, 22.849485486591227], [91.44598563487972, 22.850388514510254], [91.44579076399803, 22.85038661170003], [91.44578665748799, 22.85074782280435], [91.44598152888405, 22.85074972564798], [91.4459753697347, 22.851291542322524], [91.44617024192314, 22.851293444977866], [91.44616408335837, 22.851835261664093], [91.44538459164285, 22.85182764941188]]]}}, {"type": "Feature", "properties": {"aoi_name": "Feni", "sensor": "Sentinel-1", "acquisition_date": "2024-08-21", "baseline_date": "2024-08-09", "area_km2": 0.0368, "threshold": 1.25, "detects": "open_water_only"}, "geometry": {"type": "Polygon", "coordinates": [[[91.46555920127949, 23.187801977230567], [91.46556126180754, 23.187621377675995], [91.46497518834083, 23.18761566201752], [91.46498343339103, 23.186893263954488], [91.46517879014425, 23.18689516935015], [91.46518085109295, 23.186714569807073], [91.4653762076048, 23.18671647494389], [91.46537826827075, 23.18653587537996], [91.4657689808324, 23.18653968489363], [91.46577310105394, 23.186178485686707], [91.46596845684167, 23.186180390047035], [91.46597051665934, 23.18599979042057], [91.46675193896886, 23.186007405372848], [91.46674988019944, 23.1861880050654], [91.4669452360906, 23.186189908214246], [91.46694111901385, 23.186551107619444], [91.46713647544982, 23.186553010559024], [91.4671344171425, 23.186733610271666], [91.4673297738612, 23.18673551298545], [91.46732771579529, 23.186916112710293], [91.46752307279674, 23.186918015198287], [91.46751689926123, 23.187459814396448], [91.46732154147354, 23.18745791185892], [91.46731948332494, 23.187638511566497], [91.46653805133259, 23.187630898927186], [91.46653599211498, 23.18781149856439], [91.46555920127949, 23.187801977230567]]]}}, {"type": "Feature", "properties": {"aoi_name": "Feni", "sensor": "Sentinel-1", "acquisition_date": "2024-08-21", "baseline_date": "2024-08-09", "area_km2": 0.0368, "threshold": 1.25, "detects": "open_water_only"}, "geometry": {"type": "Polygon", "coordinates": [[[91.47855149081371, 22.97100025337214], [91.47855351259251, 22.97081964776737], [91.47777332840289, 22.970812157511297], [91.47777535119704, 22.970631551967728], [91.47758030545961, 22.970629678820597], [91.47758232849229, 22.970449073289117], [91.47738728303422, 22.970447199918567], [91.47739739918595, 22.96954417227887], [91.47759244334935, 22.969546045567533], [91.4775944662595, 22.969365440010378], [91.47778951018442, 22.969367313042877], [91.47779153281523, 22.969186707465063], [91.47837666393572, 22.969192325074786], [91.47837464208166, 22.969372930701716], [91.47954490642708, 22.969384159545303], [91.47954086576483, 22.969745370982654], [91.47973591041165, 22.96974724165007], [91.47972985004212, 22.970289058823063], [91.47953480461851, 22.970287188106592], [91.47953076375234, 22.97064839950115], [91.47933571783126, 22.970646528512173], [91.47933369710864, 22.970827134186678], [91.479138650949, 22.970825262941542], [91.47913662994704, 22.971005868595405], [91.47855149081371, 22.97100025337214]]]}}, {"type": "Feature", "properties": {"aoi_name": "Feni", "sensor": "Sentinel-1", "acquisition_date": "2024-08-21", "baseline_date": "2024-08-09", "area_km2": 0.0368, "threshold": 1.25, "detects": "open_water_only"}, "geometry": {"type": "Polygon", "coordinates": [[[91.455149957807, 23.004731087731063], [91.45515201403697, 23.004550484878322], [91.45495692166064, 23.004548581254276], [91.4549589781293, 23.00436797841387], [91.45456879395769, 23.00436417047849], [91.45457496479568, 23.00382236203129], [91.45418478226354, 23.00381855323497], [91.45418272481946, 23.00399915602174], [91.45398763332511, 23.003997251246695], [91.45398146009015, 23.00453905953134], [91.45300599903851, 23.004529531803925], [91.45301423516523, 23.003807121081934], [91.45281914405483, 23.0038052148825], [91.45282738088689, 23.00308280415843], [91.4532175610532, 23.003086616183978], [91.4532196196905, 23.002906013458944], [91.4539999792347, 23.002913634561537], [91.45399792163498, 23.00309423735312], [91.45458319228922, 23.00309995070828], [91.45457702170017, 23.00364175920697], [91.45516229487576, 23.003647470550288], [91.45516023874947, 23.003828073424472], [91.45555042148904, 23.003831879819074], [91.45554836586084, 23.004012482722217], [91.45593854920216, 23.00401628818937], [91.45593032855737, 23.00473869989193], [91.455149957807, 23.004731087731063]]]}}, {"type": "Feature", "properties": {"aoi_name": "Feni", "sensor": "Sentinel-1", "acquisition_date": "2024-08-21", "baseline_date": "2024-08-09", "area_km2": 0.0368, "threshold": 1.25, "detects": "open_water_only"}, "geometry": {"type": "Polygon", "coordinates": [[[91.5034097501642, 22.94558790537564], [91.50341570900719, 22.945046080591368], [91.50361072039317, 22.945047920022432], [91.5036146923377, 22.944686703446035], [91.50380970322658, 22.9446885426054], [91.50381367457375, 22.944327325979735], [91.50400868496551, 22.94432916486742], [91.50401067035044, 22.944148556532095], [91.50420568050372, 22.944150395164183], [91.50420766561002, 22.943969786808488], [91.50440267552476, 22.943971625185], [91.5044086299477, 22.943429800044036], [91.5046036391068, 22.943431638132797], [91.50460760810476, 22.943070421318627], [91.50499762544887, 22.94307409671335], [91.50499960940067, 22.9428934882677], [91.5057796432951, 22.942900836119012], [91.50577369448224, 22.94344266163606], [91.50557868520292, 22.94344082498424], [91.50557670196667, 22.943621433465314], [91.50538169244882, 22.943619596557927], [91.50537970893399, 22.943800205018647], [91.5051846991776, 22.9437983678557], [91.50518271538417, 22.943978976296076], [91.50498770538925, 22.94397713887755], [91.50498373722513, 22.944338355713334], [91.50478872673312, 22.944336518023157], [91.5047847579717, 22.944697734809687], [91.50497976898087, 22.944699572532027], [91.50497778482868, 22.944880180934977], [91.50517279611645, 22.94488201843389], [91.50516486034161, 22.945604452067254], [91.5034097501642, 22.94558790537564]]]}}, {"type": "Feature", "properties": {"aoi_name": "Feni", "sensor": "Sentinel-1", "acquisition_date": "2024-08-21", "baseline_date": "2024-08-09", "area_km2": 0.0364, "threshold": 1.25, "detects": "open_water_only"}, "geometry": {"type": "Polygon", "coordinates": [[[91.41139624549047, 22.89195158560044], [91.41139834839272, 22.891770983973327], [91.41081356841686, 22.891765137844846], [91.41082408647561, 22.89086212990122], [91.41101901182417, 22.89086407876415], [91.41102111511435, 22.890683477145483], [91.41160589051435, 22.89068932224998], [91.41160799301002, 22.890508720575795], [91.41180291792813, 22.890510668449206], [91.41180712234018, 22.890149465053838], [91.41258682016321, 22.890157254022533], [91.41258471899879, 22.89033785579064], [91.41316949336239, 22.890343695060594], [91.41316739294997, 22.890524296875604], [91.41336231803808, 22.89052624283831], [91.41335181694616, 22.8914292519344], [91.41276703787923, 22.89142341307386], [91.41276493682385, 22.89160401482905], [91.41218015717484, 22.891598173767672], [91.41217805532492, 22.891778775467376], [91.41198312855998, 22.89177682795214], [91.41198102643102, 22.891957429630484], [91.41139624549047, 22.89195158560044]]]}}, {"type": "Feature", "properties": {"aoi_name": "Feni", "sensor": "Sentinel-1", "acquisition_date": "2024-08-21", "baseline_date": "2024-08-09", "area_km2": 0.0364, "threshold": 1.25, "detects": "open_water_only"}, "geometry": {"type": "Polygon", "coordinates": [[[91.48642197956515, 23.052356673107173], [91.48642399883379, 23.052176068696273], [91.48603367128395, 23.052172330974596], [91.48603569105249, 23.051991726591986], [91.4856453641043, 23.051987987939924], [91.48564738437273, 23.05180738358562], [91.48545222118929, 23.05180551391477], [91.48546030309993, 23.051083096519836], [91.4852651409773, 23.051081226673453], [91.48526716166418, 23.050900622330293], [91.4848768380002, 23.05089688194795], [91.4848829014993, 23.05035506899056], [91.48605386805365, 23.050366286955416], [91.48604982886249, 23.050727495793573], [91.486635313975, 23.05073310162397], [91.48663329512922, 23.050913706085492], [91.48702361915949, 23.050917442134676], [91.48702160081358, 23.05109804662448], [91.48741192544539, 23.051101781743313], [91.48739780009633, 23.052366013279745], [91.48642197956515, 23.052356673107173]]]}}, {"type": "Feature", "properties": {"aoi_name": "Feni", "sensor": "Sentinel-1", "acquisition_date": "2024-08-21", "baseline_date": "2024-08-09", "area_km2": 0.0364, "threshold": 1.25, "detects": "open_water_only"}, "geometry": {"type": "Polygon", "coordinates": [[[91.42056829174723, 23.125766243178393], [91.42057040634036, 23.125585646076168], [91.42037514262056, 23.12558369020314], [91.4203772574536, 23.125403093113608], [91.4201819940162, 23.125401137016024], [91.42018410908912, 23.125220539939182], [91.41979358280048, 23.12521662705333], [91.41980204496862, 23.124494238838913], [91.41999730705771, 23.12449619533456], [91.42000576784085, 23.123773806983035], [91.42020102890666, 23.12377576316907], [91.42020525864832, 23.123414568933388], [91.42040051921315, 23.123416524843854], [91.42040263379096, 23.123235927702524], [91.42059789411591, 23.12323788335444], [91.42060423693833, 23.122696091853534], [91.4207994965012, 23.122698047212882], [91.42080583834888, 23.122156255622112], [91.42139161481502, 23.122162120097922], [91.42137893562841, 23.12324570354665], [91.42118367521839, 23.12324374886092], [91.42117944813054, 23.123604943275293], [91.42098418721953, 23.12360298831401], [91.4209820733826, 23.12378358549773], [91.42078681223171, 23.123781630277893], [91.42077624142239, 23.124684616046707], [91.42097150387896, 23.124686571351567], [91.42096938991446, 23.124867168509386], [91.42116465265345, 23.124869123589686], [91.42116253892883, 23.1250497207602], [91.42135780195024, 23.125051675615932], [91.42134934788378, 23.12577406432279], [91.42056829174723, 23.125766243178393]]]}}, {"type": "Feature", "properties": {"aoi_name": "Feni", "sensor": "Sentinel-1", "acquisition_date": "2024-08-21", "baseline_date": "2024-08-09", "area_km2": 0.0364, "threshold": 1.25, "detects": "open_water_only"}, "geometry": {"type": "Polygon", "coordinates": [[[91.39093287373142, 22.973928067693425], [91.39093501221681, 22.973747469738726], [91.39073997012824, 22.973745489512257], [91.39074638623173, 22.973203695674282], [91.39055134494154, 22.97320171525995], [91.39055348385847, 22.973021117322673], [91.39035844284881, 22.973019136685867], [91.39036058200308, 22.97283853876159], [91.3899705005664, 22.972834576803262], [91.3899769194532, 22.972292783108543], [91.3905620393103, 22.972298725530536], [91.39056417811929, 22.972118127571747], [91.3917344168627, 22.972130005837897], [91.39173227960724, 22.97231060390052], [91.39192731973223, 22.972312582789623], [91.39192518271412, 22.972493180865243], [91.39212022311962, 22.972495159531874], [91.39211808633884, 22.97267575762048], [91.39250816773239, 22.972679714268974], [91.39249534970213, 22.973763302917874], [91.39152013861201, 22.97375340897937], [91.39151800090346, 22.97393400698598], [91.39093287373142, 22.973928067693425]]]}}, {"type": "Feature", "properties": {"aoi_name": "Feni", "sensor": "Sentinel-1", "acquisition_date": "2024-08-21", "baseline_date": "2024-08-09", "area_km2": 0.0364, "threshold": 1.25, "detects": "open_water_only"}, "geometry": {"type": "Polygon", "coordinates": [[[91.43990196915664, 23.176351378913555], [91.43990406297459, 23.176170781291525], [91.43951338530589, 23.176166909210348], [91.4395154796266, 23.175986311617613], [91.43892946406706, 23.175980501730017], [91.43893784428231, 23.17525811151764], [91.43991453174883, 23.17526779311658], [91.43991243803605, 23.175448390760213], [91.44030311369369, 23.175452261738283], [91.44030102048367, 23.175632859411195], [91.44127771130523, 23.17564253270254], [91.44127980320577, 23.175461934945652], [91.44147514117125, 23.17546386886064], [91.44147723278887, 23.175283271082634], [91.44167257051346, 23.175285204738675], [91.44167466184818, 23.175104606939563], [91.4418699993319, 23.17510654033666], [91.44187209038371, 23.174925942516442], [91.44206742762655, 23.1749278756546], [91.44206951839547, 23.174747277813292], [91.44285086652926, 23.17475500787724], [91.44284459730216, 23.175296801589564], [91.44264925945154, 23.17529486938648], [91.44264716940528, 23.17547546726518], [91.44245183131378, 23.175473534803167], [91.44244974098463, 23.175654132660767], [91.44225440265221, 23.175652199939805], [91.44225231204015, 23.1758327977763], [91.44205697346685, 23.1758308647964], [91.4420548825719, 23.176011462611804], [91.44185954375769, 23.17600952937295], [91.44185745257981, 23.176190127167253], [91.44127143547753, 23.176184325947315], [91.44126934349295, 23.176364923686936], [91.43990196915664, 23.176351378913555]]]}}, {"type": "Feature", "properties": {"aoi_name": "Feni", "sensor": "Sentinel-1", "acquisition_date": "2024-08-21", "baseline_date": "2024-08-09", "area_km2": 0.036, "threshold": 1.25, "detects": "open_water_only"}, "geometry": {"type": "Polygon", "coordinates": [[[91.47583419790807, 23.07392969141829], [91.47583623342203, 23.073749088389132], [91.47544584557002, 23.073745321211053], [91.47545602543657, 23.072842306164922], [91.47408967771543, 23.07282911402503], [91.47409171545016, 23.072648511117844], [91.47389652326105, 23.072646625578937], [91.47390467503642, 23.071924213972927], [91.4740998661839, 23.071926099446138], [91.47410190381603, 23.07174549651747], [91.47429709472362, 23.071747381733278], [91.47429913207483, 23.07156677878389], [91.47488470413947, 23.071572432936243], [91.47487859436792, 23.072114241919305], [91.47526897740933, 23.072118010247866], [91.47526694129863, 23.072298613266454], [91.4760477086691, 23.07230614709753], [91.47604567357953, 23.072486750177465], [91.47663125010384, 23.072492398069738], [91.47661700937198, 23.0737566198534], [91.47642181535375, 23.07375473734882], [91.4764197806211, 23.07393534042719], [91.47583419790807, 23.07392969141829]]]}}, {"type": "Feature", "properties": {"aoi_name": "Feni", "sensor": "Sentinel-1", "acquisition_date": "2024-08-21", "baseline_date": "2024-08-09", "area_km2": 0.0356, "threshold": 1.25, "detects": "open_water_only"}, "geometry": {"type": "Polygon", "coordinates": [[[91.4097580964466, 23.18128764514769], [91.40976450069795, 23.180745860484027], [91.40956915805195, 23.180743886809218], [91.40957342796955, 23.180382697046067], [91.40937808586891, 23.180380723163314], [91.40938022105749, 23.180200128292384], [91.40918487924024, 23.18019815418457], [91.40919342082786, 23.179475774726114], [91.40938876159733, 23.179477748765397], [91.40939089667867, 23.179297153872838], [91.40958623720766, 23.179299127652783], [91.40958837200562, 23.17911853273876], [91.40978371229411, 23.179120506259387], [91.40978584680869, 23.178939911323898], [91.4099811868567, 23.17894188458521], [91.4099833210879, 23.17876128962827], [91.41017866089541, 23.178763262630262], [91.41018079484326, 23.178582667651867], [91.41076681360862, 23.17858858515336], [91.41076254726308, 23.17894977520855], [91.41095788741825, 23.17895174725891], [91.41095575447527, 23.17913234229714], [91.41115109491379, 23.179134314122432], [91.41114256397533, 23.179856694300536], [91.41094722248904, 23.179854722406777], [91.41094508943891, 23.180035317423368], [91.4107497477121, 23.180033345270296], [91.41074761437862, 23.18021394026544], [91.4103569304654, 23.180209995198442], [91.41034412687088, 23.181293564873005], [91.4097580964466, 23.18128764514769]]]}}, {"type": "Feature", "properties": {"aoi_name": "Feni", "sensor": "Sentinel-1", "acquisition_date": "2024-08-21", "baseline_date": "2024-08-09", "area_km2": 0.0356, "threshold": 1.25, "detects": "open_water_only"}, "geometry": {"type": "Polygon", "coordinates": [[[91.4194343268276, 23.03905770012443], [91.41943643408571, 23.038877101140432], [91.41924129565363, 23.03887515078034], [91.4192497255133, 23.03815275486934], [91.41905458814205, 23.03815080433673], [91.41905669581374, 23.037970205365237], [91.41866642165472, 23.037966303612393], [91.41867485420819, 23.037243907819494], [91.41945539845308, 23.037251710090768], [91.41945329138609, 23.0374323091135], [91.42042897346937, 23.037442056625355], [91.42042686768055, 23.03762265572881], [91.42062200442076, 23.03762460452654], [91.4206198988706, 23.037805203642677], [91.42120530999819, 23.037811048643544], [91.42120320520647, 23.037991647806365], [91.4213983425513, 23.03799359567588], [91.42139202882855, 23.03853539318949], [91.42100175260073, 23.03853149710797], [91.42099964746426, 23.038712096236587], [91.42041423250195, 23.038706250259125], [91.42041212656457, 23.038886849332453], [91.42021698802634, 23.038884900175173], [91.42021488180784, 23.0390654992272], [91.4194343268276, 23.03905770012443]]]}}, {"type": "Feature", "properties": {"aoi_name": "Feni", "sensor": "Sentinel-1", "acquisition_date": "2024-08-21", "baseline_date": "2024-08-09", "area_km2": 0.0356, "threshold": 1.25, "detects": "open_water_only"}, "geometry": {"type": "Polygon", "coordinates": [[[91.45239090280776, 23.228492793303293], [91.45239506735163, 23.228131598300877], [91.45219965182561, 23.228129673822032], [91.45220173432887, 23.227949076331015], [91.45161548866422, 23.227943301487866], [91.45161132206078, 23.22830449636547], [91.45082965936591, 23.228296793042208], [91.45085050205321, 23.22649081914877], [91.45182756734117, 23.226500446861465], [91.45182548447978, 23.22668104435371], [91.45241172469134, 23.226686818118246], [91.452409642597, 23.22686741565621], [91.45260505630529, 23.226869339775533], [91.45259881068489, 23.227411132413508], [91.45279422520204, 23.227413056340097], [91.45279006187596, 23.2277742514438], [91.45298547693932, 23.22777617516096], [91.4529771510872, 23.22849856538318], [91.45239090280776, 23.228492793303293]]]}}, {"type": "Feature", "properties": {"aoi_name": "Feni", "sensor": "Sentinel-1", "acquisition_date": "2024-08-21", "baseline_date": "2024-08-09", "area_km2": 0.0356, "threshold": 1.25, "detects": "open_water_only"}, "geometry": {"type": "Polygon", "coordinates": [[[91.45685976378769, 22.940084477327186], [91.45687614337714, 22.9386396414461], [91.45668114541141, 22.938637745083582], [91.456691383275, 22.937734722601757], [91.45786136362571, 22.937746096687885], [91.45785931764509, 22.937926701292362], [91.45824931177759, 22.937930490772324], [91.45824726629323, 22.938111095405684], [91.45844226364893, 22.93811298980314], [91.45842794648908, 22.939377222232853], [91.4578429490561, 22.939371537974047], [91.45784090288947, 22.93955214253999], [91.457645903528, 22.939550247291628], [91.45764181061578, 22.939911456377512], [91.457446810758, 22.93990956085653], [91.45744476401241, 22.940090165376464], [91.45685976378769, 22.940084477327186]]]}}, {"type": "Feature", "properties": {"aoi_name": "Feni", "sensor": "Sentinel-1", "acquisition_date": "2024-08-21", "baseline_date": "2024-08-09", "area_km2": 0.0356, "threshold": 1.25, "detects": "open_water_only"}, "geometry": {"type": "Polygon", "coordinates": [[[91.4359700007036, 23.178479781263928], [91.4359762985677, 23.17793798955001], [91.4355856165032, 23.177934107445115], [91.43559821480504, 23.17685052410283], [91.43579355425521, 23.176852465175266], [91.43579565363645, 23.17667186791958], [91.43520963613496, 23.176666044026312], [91.43521173628083, 23.176485446816862], [91.43501639741775, 23.176483505051614], [91.43502479883787, 23.17576111623805], [91.43522013665333, 23.175763057935868], [91.43522433671299, 23.175401863469446], [91.4363963609059, 23.175413508368738], [91.436394262458, 23.175594105705198], [91.43658960015918, 23.175596045691037], [91.43658120720427, 23.176318435061077], [91.43638586845549, 23.176316495007875], [91.43637327681925, 23.17740007883227], [91.43656861713953, 23.17740201898653], [91.43655602631588, 23.17848560275646], [91.4359700007036, 23.178479781263928]]]}}, {"type": "Feature", "properties": {"aoi_name": "Feni", "sensor": "Sentinel-1", "acquisition_date": "2024-08-21", "baseline_date": "2024-08-09", "area_km2": 0.0356, "threshold": 1.25, "detects": "open_water_only"}, "geometry": {"type": "Polygon", "coordinates": [[[91.46226552154624, 22.92767384284919], [91.46226756066628, 22.92749323763646], [91.4620725781632, 22.9274913487636], [91.46207461752093, 22.92731074356313], [91.46187963529678, 22.927308854467512], [91.46188779355487, 22.926586433689025], [91.46208277474581, 22.92658832271848], [91.46208685323462, 22.92622711227049], [91.46228183392961, 22.926229001027593], [91.46229202849963, 22.925325974750063], [91.46268198736854, 22.925329751381113], [91.4626840257042, 22.925149146079704], [91.46326896338722, 22.925154809182214], [91.46326692582639, 22.925335414533205], [91.46346190535353, 22.925337301772046], [91.46343949366683, 22.92732396053241], [91.46324451129848, 22.927322073111803], [91.46324247349061, 22.927502678411464], [91.46304749088455, 22.92750079073504], [91.46304545279776, 22.927681396013895], [91.46226552154624, 22.92767384284919]]]}}, {"type": "Feature", "properties": {"aoi_name": "Feni", "sensor": "Sentinel-1", "acquisition_date": "2024-08-21", "baseline_date": "2024-08-09", "area_km2": 0.0348, "threshold": 1.25, "detects": "open_water_only"}, "geometry": {"type": "Polygon", "coordinates": [[[91.50226677072943, 22.907645380263098], [91.50226875488464, 22.90746477123824], [91.50187883995063, 22.90746109452756], [91.50188677843512, 22.906738658514328], [91.50169182203034, 22.90673681986482], [91.50169976122592, 22.90601438384776], [91.50267453828995, 22.906023574382566], [91.50267255481124, 22.906204183473754], [91.50286751054223, 22.906206020879647], [91.50286354404071, 22.906567239081422], [91.50364336922928, 22.906574586443163], [91.50364535145796, 22.90639397728004], [91.50423021978574, 22.906399485242932], [91.5042242753618, 22.906941312864305], [91.50402931845844, 22.90693947706748], [91.50402139124728, 22.90766191377192], [91.50226677072943, 22.907645380263098]]]}}, {"type": "Feature", "properties": {"aoi_name": "Feni", "sensor": "Sentinel-1", "acquisition_date": "2024-08-21", "baseline_date": "2024-08-09", "area_km2": 0.0348, "threshold": 1.25, "detects": "open_water_only"}, "geometry": {"type": "Polygon", "coordinates": [[[91.44975076926663, 22.96494125299063], [91.44975282870244, 22.964760649693865], [91.44955779395771, 22.964758742534283], [91.44955985363157, 22.96457813924991], [91.44936481916646, 22.964576231867287], [91.44936687907838, 22.9643956285953], [91.44858674246127, 22.964387996734423], [91.44858880338774, 22.964207393524894], [91.4483937695443, 22.964205484977086], [91.44839583070878, 22.964024881779952], [91.44800576360198, 22.964021063998597], [91.44800782526332, 22.963840460830557], [91.44761775875743, 22.963836642123766], [91.44762394516948, 22.96329483269412], [91.44781897763555, 22.963296742117272], [91.44782310128853, 22.962935535776005], [91.44801813325779, 22.962937444926077], [91.44802225630988, 22.962576238534282], [91.44860735078962, 22.962581964446183], [91.44860529005041, 22.962762567694295], [91.44899535365855, 22.962766383803817], [91.44898917286896, 22.96330819362255], [91.44918420548068, 22.96331010136782], [91.44918214543472, 22.96349070464884], [91.44957221123816, 22.963494519453647], [91.44957015168906, 22.963675122763732], [91.44976518488079, 22.963677029823256], [91.44976312556972, 22.963857633145746], [91.44995815904106, 22.96385953998224], [91.44995404087419, 22.964220746647698], [91.450149074884, 22.964222653277833], [91.45014701602821, 22.964403256620802], [91.45034205031763, 22.9644051630279], [91.4503358744021, 22.964946973081105], [91.44975076926663, 22.96494125299063]]]}}, {"type": "Feature", "properties": {"aoi_name": "Feni", "sensor": "Sentinel-1", "acquisition_date": "2024-08-21", "baseline_date": "2024-08-09", "area_km2": 0.0348, "threshold": 1.25, "detects": "open_water_only"}, "geometry": {"type": "Polygon", "coordinates": [[[91.47566989725627, 22.91479805909264], [91.47567191734068, 22.914617452452536], [91.47547695203458, 22.91461558103183], [91.47548301293968, 22.914073761135057], [91.47509308393754, 22.914070017674586], [91.47510318761879, 22.91316698459178], [91.4749082244389, 22.913165112584824], [91.47492439133168, 22.911720259561324], [91.474729430237, 22.911718387446438], [91.47473953517158, 22.91081535424988], [91.47532441464567, 22.91082096963123], [91.47532239447384, 22.91100157632829], [91.47551735459746, 22.911003447660264], [91.47550927473824, 22.91172587447131], [91.47570423591459, 22.911727745629747], [91.47567999747413, 22.913895025849385], [91.47626489041737, 22.913900638479994], [91.47626085194021, 22.914261851888444], [91.47645581681168, 22.914263722319802], [91.47644975971726, 22.914805542449574], [91.47566989725627, 22.91479805909264]]]}}, {"type": "Feature", "properties": {"aoi_name": "Feni", "sensor": "Sentinel-1", "acquisition_date": "2024-08-21", "baseline_date": "2024-08-09", "area_km2": 0.0344, "threshold": 1.25, "detects": "open_water_only"}, "geometry": {"type": "Polygon", "coordinates": [[[91.41250782402454, 23.1800510859287], [91.4125099549791, 23.179870490775233], [91.41211927172809, 23.179866550136317], [91.41212140318513, 23.17968595501273], [91.41192606185368, 23.17968398434708], [91.41192819355125, 23.17950338923627], [91.41173285250316, 23.179501418345527], [91.41174564381045, 23.17841784769248], [91.41194098328695, 23.178419818480574], [91.41194524636089, 23.178058628194066], [91.41214058533495, 23.178060598705763], [91.4121448477994, 23.17769940836774], [91.41273086327854, 23.17770531834715], [91.41272234140703, 23.178427699211113], [91.4131130205955, 23.17843163812328], [91.41311089059796, 23.178612233362642], [91.41389225027935, 23.178620108349133], [91.41388586330154, 23.179161894246366], [91.41349518184649, 23.17915795713497], [91.41349305228725, 23.17933855239122], [91.41329771132986, 23.17933658345514], [91.41329345162332, 23.17969777392047], [91.41309811016345, 23.17969580470801], [91.41309384984743, 23.180056995121863], [91.41250782402454, 23.1800510859287]]]}}, {"type": "Feature", "properties": {"aoi_name": "Feni", "sensor": "Sentinel-1", "acquisition_date": "2024-08-21", "baseline_date": "2024-08-09", "area_km2": 0.034, "threshold": 1.25, "detects": "open_water_only"}, "geometry": {"type": "Polygon", "coordinates": [[[91.55074697576329, 22.969147953898386], [91.55074890145255, 22.968967342321818], [91.55055385162788, 22.96896555906775], [91.55056155522637, 22.96824311278118], [91.55075660401526, 22.968244895972887], [91.55075852960735, 22.968064284375], [91.55095357815675, 22.968066067311316], [91.55095550347045, 22.967885455693565], [91.55076045517998, 22.967883672772835], [91.55077008275164, 22.96698061469807], [91.55096512974747, 22.966982397540853], [91.55096705494456, 22.96680178589752], [91.55194228892057, 22.96681069643681], [91.55193651715481, 22.967352531587768], [91.55213156478504, 22.967354313023012], [91.55212194608167, 22.968257371600522], [91.55192689715676, 22.96825559008739], [91.55191727667317, 22.969158648480406], [91.55074697576329, 22.969147953898386]]]}}, {"type": "Feature", "properties": {"aoi_name": "Feni", "sensor": "Sentinel-1", "acquisition_date": "2024-08-21", "baseline_date": "2024-08-09", "area_km2": 0.034, "threshold": 1.25, "detects": "open_water_only"}, "geometry": {"type": "Polygon", "coordinates": [[[91.44627050557771, 23.13234327388185], [91.4462809096242, 23.131440277948425], [91.44608563502206, 23.131438353445127], [91.44608771602984, 23.131257754262233], [91.44589244170984, 23.131255829534016], [91.44589036044081, 23.131436428700173], [91.44530453682272, 23.131430653015418], [91.4453066188755, 23.131250053899485], [91.44511134463927, 23.13124812820467], [91.4451134269324, 23.13106752910117], [91.44491815297835, 23.131065603181458], [91.44493064786477, 23.129982008570362], [91.44473537549914, 23.12998008250949], [91.44474162344332, 23.129438285195974], [91.44552270989675, 23.129445987788742], [91.44552062831455, 23.129626586964534], [91.44571590024148, 23.129628512025395], [91.44570965615297, 23.130170309577117], [91.44590492888454, 23.130172234446565], [91.4459028477411, 23.13035283363858], [91.44609812075483, 23.130354758283122], [91.44609603985168, 23.130535357487567], [91.44629131314758, 23.1305372819072], [91.44628923248476, 23.13071788112407], [91.44667977966184, 23.13072172927188], [91.4466756193184, 23.131082927759593], [91.44687089346083, 23.131084851504486], [91.44685633342868, 23.132349046192772], [91.44627050557771, 23.13234327388185]]]}}, {"type": "Feature", "properties": {"aoi_name": "Feni", "sensor": "Sentinel-1", "acquisition_date": "2024-08-21", "baseline_date": "2024-08-09", "area_km2": 0.034, "threshold": 1.25, "detects": "open_water_only"}, "geometry": {"type": "Polygon", "coordinates": [[[91.42597952137979, 22.793656294205707], [91.42598159502317, 22.793475689075976], [91.42559201896474, 22.79347184330571], [91.42559616721388, 22.793110633101104], [91.42540137972891, 22.79310870989323], [91.4254034540783, 22.79292810480143], [91.42520866687072, 22.792926181372756], [91.42521281601913, 22.79256497121021], [91.42501802934524, 22.79256304757766], [91.42502425367918, 22.792021232352607], [91.42599818341372, 22.792030847884526], [91.42599610993847, 22.792211453048388], [91.42638568249208, 22.79221529763105], [91.42638360950848, 22.792395902824467], [91.42696796926552, 22.792401667966384], [91.42696589702994, 22.792582273206236], [91.42793983166007, 22.792591877106418], [91.42793361867258, 22.793133693053818], [91.42734925552436, 22.793127931274803], [91.4273471837175, 22.793308536531388], [91.42715239578705, 22.793306615446056], [91.42715032370282, 22.793487220681477], [91.42695553553703, 22.79348529934153], [91.42695346317544, 22.793665904555795], [91.42597952137979, 22.793656294205707]]]}}, {"type": "Feature", "properties": {"aoi_name": "Feni", "sensor": "Sentinel-1", "acquisition_date": "2024-08-21", "baseline_date": "2024-08-09", "area_km2": 0.034, "threshold": 1.25, "detects": "open_water_only"}, "geometry": {"type": "Polygon", "coordinates": [[[91.4426123765232, 22.75281726578186], [91.4426144241696, 22.752636658288797], [91.4416407661445, 22.752627159732665], [91.44164281504902, 22.752446552319014], [91.44027969647742, 22.752433244493012], [91.44028789904921, 22.751710815264683], [91.44126154995242, 22.751720321705992], [91.44126359926453, 22.75153971430453], [91.44301616989803, 22.751556810802004], [91.44301412288779, 22.751737418354054], [91.44320885331783, 22.7517393167954], [91.44320680654258, 22.751919924359918], [91.44340153724914, 22.751921822580737], [91.44339130434034, 22.75282486042309], [91.4426123765232, 22.75281726578186]]]}}, {"type": "Feature", "properties": {"aoi_name": "Feni", "sensor": "Sentinel-1", "acquisition_date": "2024-08-21", "baseline_date": "2024-08-09", "area_km2": 0.034, "threshold": 1.25, "detects": "open_water_only"}, "geometry": {"type": "Polygon", "coordinates": [[[91.4361189992521, 23.165657366939623], [91.43612109706422, 23.16547676939928], [91.43475383667548, 23.165463185934343], [91.43476013548197, 23.164921393641297], [91.43495545754614, 23.164923334811835], [91.43495965612149, 23.1645621398945], [91.43554562087014, 23.164567961852782], [91.43554771934097, 23.164387364337067], [91.43496175537753, 23.16438154242935], [91.43496805301906, 23.163839750007995], [91.43516337353392, 23.163841690835362], [91.4351675713327, 23.16348049583248], [91.43575353143356, 23.163486316761333], [91.43575143332988, 23.163666914315485], [91.43614207402598, 23.163670793758318], [91.43613578115878, 23.164212586495946], [91.435940460015, 23.164210646845007], [91.43593836208872, 23.164391244398733], [91.43652432636846, 23.164397062676006], [91.43652013202303, 23.164758257871565], [91.43691077602851, 23.164762135580286], [91.4369002924136, 23.165665123662006], [91.4361189992521, 23.165657366939623]]]}}, {"type": "Feature", "properties": {"aoi_name": "Feni", "sensor": "Sentinel-1", "acquisition_date": "2024-08-21", "baseline_date": "2024-08-09", "area_km2": 0.0336, "threshold": 1.25, "detects": "open_water_only"}, "geometry": {"type": "Polygon", "coordinates": [[[91.4434598547578, 23.172774225051437], [91.44346403210457, 23.172413029026], [91.44326869838096, 23.172411097817697], [91.44327078728473, 23.17223049981527], [91.44307545384395, 23.172228568381602], [91.44307754298856, 23.17204797039163], [91.44288220983061, 23.172046038732613], [91.44289892432668, 23.170601254791542], [91.4434849175794, 23.17060704863975], [91.44348282912635, 23.1707876466978], [91.44426415480437, 23.17079536850632], [91.44425997992997, 23.17115656474358], [91.44445531192558, 23.171158494623946], [91.44444487568173, 23.172061485225317], [91.44464020900752, 23.172063414947353], [91.44463186068238, 23.17278580741775], [91.4434598547578, 23.172774225051437]]]}}, {"type": "Feature", "properties": {"aoi_name": "Feni", "sensor": "Sentinel-1", "acquisition_date": "2024-08-21", "baseline_date": "2024-08-09", "area_km2": 0.0332, "threshold": 1.25, "detects": "open_water_only"}, "geometry": {"type": "Polygon", "coordinates": [[[91.48730220204565, 23.078374885023386], [91.48732038704034, 23.07674944985457], [91.48712518773188, 23.07674758034419], [91.48713731170902, 23.07566395680277], [91.4879181028136, 23.075671433007322], [91.48791406365302, 23.0760326410019], [91.48810926200093, 23.07603450948304], [91.48810522327997, 23.07639571749299], [91.48830042216919, 23.076397585765655], [91.48829234552518, 23.077120001799116], [91.48848754547664, 23.07712186989584], [91.48848552652531, 23.07730247390974], [91.48868072675761, 23.077304341781705], [91.48867265179094, 23.07802675785946], [91.48847745051665, 23.078024889922414], [91.48847543146367, 23.078205493914847], [91.48788982698132, 23.078199888608605], [91.48788780712648, 23.078380492547915], [91.48730220204565, 23.078374885023386]]]}}, {"type": "Feature", "properties": {"aoi_name": "Feni", "sensor": "Sentinel-1", "acquisition_date": "2024-08-21", "baseline_date": "2024-08-09", "area_km2": 0.0332, "threshold": 1.25, "detects": "open_water_only"}, "geometry": {"type": "Polygon", "coordinates": [[[91.41214977320428, 23.160721474096206], [91.41215190265413, 23.160540878531297], [91.41176127555772, 23.16053694010007], [91.41177405494729, 23.159453366825055], [91.41196936691486, 23.159455336059022], [91.41197149647655, 23.15927474048095], [91.41216680820386, 23.159276709455852], [91.41217532519008, 23.158554327031922], [91.41295656812706, 23.15856220023837], [91.41295443995917, 23.158742795919228], [91.41334506207927, 23.158746731104927], [91.41334293441325, 23.158927326815643], [91.41353824576701, 23.158929294062652], [91.41352335333772, 23.160193464036258], [91.41293741384591, 23.16018756121048], [91.41293315710371, 23.160548752490058], [91.41273784345921, 23.16054678436333], [91.41273571479438, 23.160727379979537], [91.41214977320428, 23.160721474096206]]]}}, {"type": "Feature", "properties": {"aoi_name": "Feni", "sensor": "Sentinel-1", "acquisition_date": "2024-08-21", "baseline_date": "2024-08-09", "area_km2": 0.0332, "threshold": 1.25, "detects": "open_water_only"}, "geometry": {"type": "Polygon", "coordinates": [[[91.44261984840246, 22.974444380327938], [91.44262191826354, 22.974263777860124], [91.44242687054698, 22.974261861182956], [91.44243722083382, 22.97335884886334], [91.44263226725556, 22.97336076545674], [91.4426343369913, 22.97318016296319], [91.44243929082853, 22.973178246386546], [91.44244343075525, 22.972817041420104], [91.44224838513128, 22.972815124637165], [91.4422587358772, 22.97191211222976], [91.44245378020643, 22.97191402892892], [91.44245791984066, 22.971552823902424], [91.44343313921073, 22.971562403633815], [91.44343107069874, 22.971743006232956], [91.44362611489433, 22.9717449214766], [91.44361784167339, 22.97246733189723], [91.44342279644202, 22.972465416586616], [91.44340831568893, 22.973729634540412], [91.44321326866572, 22.973727718872773], [91.44320499245444, 22.974450128970744], [91.44261984840246, 22.974444380327938]]]}}, {"type": "Feature", "properties": {"aoi_name": "Feni", "sensor": "Sentinel-1", "acquisition_date": "2024-08-21", "baseline_date": "2024-08-09", "area_km2": 0.0328, "threshold": 1.25, "detects": "open_water_only"}, "geometry": {"type": "Polygon", "coordinates": [[[91.32665013363723, 22.966760251173696], [91.32665235675881, 22.966579658889472], [91.32626230577125, 22.966575541240303], [91.326264529388, 22.966394948987766], [91.32606950418668, 22.96639288982166], [91.32607172803978, 22.966212297582814], [91.3256816782221, 22.96620817856757], [91.3256883511995, 22.965666401933177], [91.32588337532073, 22.965668461506613], [91.32588559934284, 22.965487869268514], [91.32666569501708, 22.965496105093536], [91.3266679179816, 22.965315512779114], [91.32764303678532, 22.965325802077842], [91.32764081511475, 22.965506394482233], [91.32783583920157, 22.96550845164096], [91.32783361776737, 22.965689044059015], [91.3280286421354, 22.965691100996057], [91.32802642093758, 22.965871693427783], [91.3282214455868, 22.965873750143132], [91.32821034055534, 22.966776712326975], [91.32665013363723, 22.966760251173696]]]}}, {"type": "Feature", "properties": {"aoi_name": "Feni", "sensor": "Sentinel-1", "acquisition_date": "2024-08-21", "baseline_date": "2024-08-09", "area_km2": 0.0324, "threshold": 1.25, "detects": "open_water_only"}, "geometry": {"type": "Polygon", "coordinates": [[[91.51772657456004, 22.956198720274422], [91.5177285428778, 22.956018111079512], [91.51655837299525, 22.956007170065206], [91.51656822204806, 22.95510412450505], [91.51676324901842, 22.95510594852676], [91.51676521851059, 22.954925339385966], [91.51774035236693, 22.954934455820318], [91.51774428870431, 22.954573237366425], [91.5187194204702, 22.954582347650668], [91.51871155289058, 22.95530478486013], [91.51890658033828, 22.955306606261832], [91.51890068022124, 22.955848434171894], [91.51870565199731, 22.9558466127224], [91.51870368499317, 22.956027222001282], [91.51831362808741, 22.9560235783515], [91.51831166054592, 22.95620418759424], [91.51772657456004, 22.956198720274422]]]}}, {"type": "Feature", "properties": {"aoi_name": "Feni", "sensor": "Sentinel-1", "acquisition_date": "2024-08-21", "baseline_date": "2024-08-09", "area_km2": 0.0324, "threshold": 1.25, "detects": "open_water_only"}, "geometry": {"type": "Polygon", "coordinates": [[[91.39907998702036, 22.97780359267705], [91.399082115081, 22.977622994087533], [91.39810687313955, 22.977613139105806], [91.39810900247372, 22.977432540598123], [91.39791395440886, 22.977430568899482], [91.39792034305941, 22.976888773402337], [91.39811539034726, 22.97689074504928], [91.39811751959546, 22.976710146524404], [91.39850761371764, 22.97671408906433], [91.39851187111364, 22.976352891932752], [91.398706917689, 22.976354862808517], [91.39870904609579, 22.976174264219047], [91.39890409243363, 22.97617623483776], [91.39890622055997, 22.97599563622677], [91.39968640509016, 22.976003516234474], [91.39968427799975, 22.976184114914332], [91.39987932444495, 22.976186084333914], [91.39987719759205, 22.976366683026686], [91.4000722443177, 22.976368652223652], [91.40006161102619, 22.977271645709102], [91.39986656300557, 22.97726967642608], [91.39986018199612, 22.97781147241412], [91.39907998702036, 22.97780359267705]]]}}, {"type": "Feature", "properties": {"aoi_name": "Feni", "sensor": "Sentinel-1", "acquisition_date": "2024-08-21", "baseline_date": "2024-08-09", "area_km2": 0.032, "threshold": 1.25, "detects": "open_water_only"}, "geometry": {"type": "Polygon", "coordinates": [[[91.41925699454958, 23.137673896678635], [91.4192654646822, 23.136951509791977], [91.41946074475385, 23.136953467945162], [91.41946497916977, 23.13659227444188], [91.42024609757863, 23.136600104501447], [91.42024821370937, 23.13641950767526], [91.42005293433655, 23.136417550539935], [91.42005505070735, 23.136236953726442], [91.41966449254818, 23.136233038764725], [91.41967084310073, 23.135691248400445], [91.419475564837, 23.135689290608102], [91.41948191598189, 23.13514750025602], [91.42006774848521, 23.135153372754825], [91.4200656322421, 23.135333969594225], [91.42026091004706, 23.135335926627473], [91.42025879404397, 23.135516523479563], [91.42064935024035, 23.13552043685502], [91.42064723473858, 23.13570103373682], [91.42084251312998, 23.135702990079025], [91.42084039786828, 23.135883586973517], [91.42123095523749, 23.13588749896686], [91.4212246108926, 23.136429289726436], [91.42102933141341, 23.1364273337996], [91.42102721632794, 23.136607930693813], [91.4208319366087, 23.13660597450827], [91.4208277058513, 23.13696716824975], [91.42063242563067, 23.13696521178849], [91.42063030995874, 23.13714580863574], [91.42043502949808, 23.137143851915773], [91.42043291354355, 23.137324448741698], [91.42023763284283, 23.13732249176301], [91.42023551660567, 23.137503088567605], [91.41984495474543, 23.13749917385107], [91.41984283796434, 23.137679770617314], [91.41925699454958, 23.137673896678635]]]}}, {"type": "Feature", "properties": {"aoi_name": "Feni", "sensor": "Sentinel-1", "acquisition_date": "2024-08-21", "baseline_date": "2024-08-09", "area_km2": 0.032, "threshold": 1.25, "detects": "open_water_only"}, "geometry": {"type": "Polygon", "coordinates": [[[91.4492616202478, 23.17788880631609], [91.44926370166135, 23.177708207924347], [91.4490683597144, 23.177706283495432], [91.44907668620722, 23.176983889952112], [91.44927202710647, 23.176985814314204], [91.44928035221706, 23.17626342063498], [91.44967103198294, 23.176267268499], [91.44967727402488, 23.175725473094037], [91.44987261315345, 23.175727396612682], [91.4498746935304, 23.17554679811903], [91.45065604920606, 23.17555448970517], [91.4506477317634, 23.176276883921002], [91.45045239176551, 23.176274961320946], [91.45044615267842, 23.17681675688742], [91.45064149346207, 23.176818679537536], [91.45063317543448, 23.177541073632494], [91.45043783360313, 23.177539150915603], [91.45043575378209, 23.177719749411853], [91.45024041170971, 23.17771782643608], [91.45023833160583, 23.177898424911323], [91.4492616202478, 23.17788880631609]]]}}, {"type": "Feature", "properties": {"aoi_name": "Feni", "sensor": "Sentinel-1", "acquisition_date": "2024-08-21", "baseline_date": "2024-08-09", "area_km2": 0.032, "threshold": 1.25, "detects": "open_water_only"}, "geometry": {"type": "Polygon", "coordinates": [[[91.44657003675746, 23.00428589608804], [91.4465762395029, 23.00374408969136], [91.44677132994738, 23.003746003576182], [91.44677753172694, 23.003204197090735], [91.44697262141406, 23.00320611068526], [91.44697468837282, 23.003025508498144], [91.44853540454494, 23.00304080847495], [91.44853746940771, 23.00286020614994], [91.44873255876357, 23.002862117549633], [91.44873462334613, 23.002681515203633], [91.44931989076048, 23.002687247911705], [91.4493178269561, 23.002867850307773], [91.44990309533598, 23.002873580904485], [91.44989484302306, 23.003595990645977], [91.4496997525047, 23.003594080620513], [91.44969768911506, 23.003774683028478], [91.44911241690663, 23.00376895146104], [91.44911654522156, 23.003407746740915], [91.44872636489097, 23.003403924561866], [91.44872430022512, 23.0035845268907], [91.44852920983166, 23.00358261542424], [91.44852507991868, 23.003943820035644], [91.44793980730685, 23.00393808409509], [91.44794187305197, 23.003757481841625], [91.44774678248244, 23.003755569397804], [91.44774884846613, 23.003574967156744], [91.44735866790839, 23.003571141582007], [91.44735040177335, 23.00429355038686], [91.44657003675746, 23.00428589608804]]]}}, {"type": "Feature", "properties": {"aoi_name": "Feni", "sensor": "Sentinel-1", "acquisition_date": "2024-08-21", "baseline_date": "2024-08-09", "area_km2": 0.0316, "threshold": 1.25, "detects": "open_water_only"}, "geometry": {"type": "Polygon", "coordinates": [[[91.4464970754132, 23.231143906774477], [91.44649916589034, 23.23096330984158], [91.44610832770944, 23.230959445538677], [91.44611041869102, 23.23077884863494], [91.44591499989474, 23.230776916136016], [91.44592545580142, 23.2298739316362], [91.44612087328422, 23.22987586405139], [91.4461334181037, 23.22879228240837], [91.44593800219701, 23.228790350093654], [91.44594218416103, 23.228429156211533], [91.44574676880066, 23.22842722368753], [91.4457530423773, 23.227885432882154], [91.44653470079263, 23.227893161320548], [91.44652843036798, 23.228434952326868], [91.44672384581224, 23.22843688387975], [91.44671548600311, 23.229159271894567], [91.44691090251906, 23.22916120327162], [91.44690045359923, 23.230064188276504], [91.44709587144958, 23.230066119494445], [91.44708333363002, 23.23114970145798], [91.4464970754132, 23.231143906774477]]]}}, {"type": "Feature", "properties": {"aoi_name": "Feni", "sensor": "Sentinel-1", "acquisition_date": "2024-08-21", "baseline_date": "2024-08-09", "area_km2": 0.0316, "threshold": 1.25, "detects": "open_water_only"}, "geometry": {"type": "Polygon", "coordinates": [[[91.49184428933115, 23.03868105771274], [91.49184630003593, 23.038500452536795], [91.49165115546468, 23.03849859153027], [91.49165316640912, 23.03831798636627], [91.49126287784729, 23.038314263663928], [91.49126690071508, 23.037953053387994], [91.49048632591406, 23.037945605226188], [91.49048431345062, 23.038126210301332], [91.48989888178305, 23.038120621605117], [91.48990089502627, 23.037940016578723], [91.48970575143757, 23.037938153215066], [91.4897117918252, 23.037396338158914], [91.49010207746338, 23.03740006454813], [91.49010409036552, 23.03721945948833], [91.49127494620738, 23.037230632784688], [91.4912729348647, 23.037411237941942], [91.49244379299577, 23.03742240267501], [91.49244178319232, 23.03760300792537], [91.49263692654499, 23.037604867888422], [91.4926349169812, 23.03778547315071], [91.49283006061405, 23.0377873328894], [91.49282202319606, 23.03850975396058], [91.49243173387124, 23.038506034112835], [91.49242972394626, 23.038686639337463], [91.49184428933115, 23.03868105771274]]]}}, {"type": "Feature", "properties": {"aoi_name": "Feni", "sensor": "Sentinel-1", "acquisition_date": "2024-08-21", "baseline_date": "2024-08-09", "area_km2": 0.0316, "threshold": 1.25, "detects": "open_water_only"}, "geometry": {"type": "Polygon", "coordinates": [[[91.44466455228985, 23.1361204493505], [91.44467496898639, 23.13521745453944], [91.44487024892896, 23.135219381086007], [91.44487233194411, 23.135038782094107], [91.44506761164634, 23.13504070838223], [91.44507177709119, 23.134679510352008], [91.44487649791158, 23.134677584097382], [91.4448785808639, 23.134496985092554], [91.44429274423469, 23.134491204928786], [91.44429899531762, 23.13394940803917], [91.4444942733892, 23.133951334951853], [91.4444963567803, 23.133770735963274], [91.44586330203866, 23.133784217467813], [91.445836240099, 23.13613200550675], [91.44466455228985, 23.1361204493505]]]}}, {"type": "Feature", "properties": {"aoi_name": "Feni", "sensor": "Sentinel-1", "acquisition_date": "2024-08-21", "baseline_date": "2024-08-09", "area_km2": 0.0312, "threshold": 1.25, "detects": "open_water_only"}, "geometry": {"type": "Polygon", "coordinates": [[[91.41250333849742, 22.997626285359146], [91.41253079610837, 22.995278493845753], [91.41272587119423, 22.995280448989607], [91.41272798290974, 22.995099849595253], [91.41331320751733, 22.995105713535285], [91.41330054157154, 22.996189310144263], [91.41349561803895, 22.996191264413255], [91.41349139640522, 22.996552463282658], [91.41368647341248, 22.99655441734572], [91.41368436282296, 22.996735016791042], [91.4138794401108, 22.996736970631094], [91.41387732975927, 22.996917570089188], [91.41426748491739, 22.99692147708321], [91.41426115529086, 22.99746327553406], [91.41348084194827, 22.99745546038094], [91.413478730993, 22.9976360597877], [91.41250333849742, 22.997626285359146]]]}}, {"type": "Feature", "properties": {"aoi_name": "Feni", "sensor": "Sentinel-1", "acquisition_date": "2024-08-21", "baseline_date": "2024-08-09", "area_km2": 0.0312, "threshold": 1.25, "detects": "open_water_only"}, "geometry": {"type": "Polygon", "coordinates": [[[91.4302350143848, 23.117373678341462], [91.43024131672956, 23.116831883921055], [91.43004606476468, 23.11682994071351], [91.43005026674426, 23.11646874444549], [91.42985501532259, 23.116466801030292], [91.42986342007222, 23.115744408510103], [91.43044917126835, 23.11575023782845], [91.43045337195024, 23.11538904144106], [91.43064862186917, 23.115390984030448], [91.4306507219174, 23.115210385813388], [91.43084597159645, 23.115212328144427], [91.43085227083135, 23.114670533416668], [91.43163326662663, 23.11467830012356], [91.43162697052384, 23.115220095054017], [91.43143172076032, 23.115218153688804], [91.43142752273086, 23.115579350253768], [91.43123227246642, 23.115577408613316], [91.43121547741568, 23.11702219456556], [91.43102022508411, 23.1170202525485], [91.43101602558815, 23.117381448959645], [91.4302350143848, 23.117373678341462]]]}}, {"type": "Feature", "properties": {"aoi_name": "Feni", "sensor": "Sentinel-1", "acquisition_date": "2024-08-21", "baseline_date": "2024-08-09", "area_km2": 0.0312, "threshold": 1.25, "detects": "open_water_only"}, "geometry": {"type": "Polygon", "coordinates": [[[91.4643623061376, 23.18995773676113], [91.4643664308151, 23.18959653794969], [91.46417107021331, 23.189594631336643], [91.4641793203682, 23.18887223372817], [91.46457003949564, 23.188876046579576], [91.46457210145837, 23.188695447133583], [91.46515817951854, 23.18870116454363], [91.46516642401723, 23.18797876651802], [91.46594785752706, 23.187986386074353], [91.46593961722189, 23.188708784364458], [91.4667210552563, 23.188716400308078], [91.46671487795545, 23.189258199178607], [91.4665195176295, 23.189256295506635], [91.46651745822574, 23.189436895105004], [91.46554065559575, 23.189427373027517], [91.46553653410504, 23.189788572046037], [91.4653411731169, 23.189786666870464], [91.46533911207837, 23.189967266356724], [91.4643623061376, 23.18995773676113]], [[91.46515199592714, 23.189242963017513], [91.46554271631007, 23.189246773511787], [91.4655468376766, 23.188885574467367], [91.465351477999, 23.18888366937447], [91.46535353891333, 23.188703069862324], [91.46515817951854, 23.18870116454363], [91.46515199592714, 23.189242963017513]]]}}, {"type": "Feature", "properties": {"aoi_name": "Feni", "sensor": "Sentinel-1", "acquisition_date": "2024-08-21", "baseline_date": "2024-08-09", "area_km2": 0.0312, "threshold": 1.25, "detects": "open_water_only"}, "geometry": {"type": "Polygon", "coordinates": [[[91.45207228148455, 22.983748766452774], [91.45207845611262, 22.98320695723738], [91.45246857903558, 22.983210768000976], [91.45247475192211, 22.982668958647086], [91.45227969122756, 22.9826670534352], [91.45227763336037, 22.9828476565408], [91.4518875115154, 22.982843845363956], [91.45188133623459, 22.98338565455512], [91.45129615129095, 22.983379935840485], [91.45129821051597, 22.983199332831028], [91.45110314916874, 22.98319742612961], [91.4511113868975, 22.982475014115533], [91.4513064472083, 22.982476920750305], [91.45130850632945, 22.9822963177194], [91.45150356640193, 22.982298224097583], [91.45150768406369, 22.981937017989594], [91.45170274363878, 22.981938924094546], [91.45170686069926, 22.98157771793609], [91.45229203799461, 22.981583434711535], [91.45228792248865, 22.98194464096991], [91.4524829821468, 22.981946546115196], [91.45248092462177, 22.9821271492546], [91.45267598455979, 22.98212905417662], [91.45267392727308, 22.98230965732839], [91.45306404772957, 22.982313466485955], [91.4530599341303, 22.982674672843192], [91.45325499490787, 22.98267657709538], [91.4532488251306, 22.983218386648993], [91.45305376357571, 22.983216482346887], [91.45304964976889, 22.983577688661242], [91.45265952568491, 22.983573879270654], [91.45265746823213, 22.98375448238811], [91.45207228148455, 22.983748766452774]]]}}, {"type": "Feature", "properties": {"aoi_name": "Feni", "sensor": "Sentinel-1", "acquisition_date": "2024-08-21", "baseline_date": "2024-08-09", "area_km2": 0.0308, "threshold": 1.25, "detects": "open_water_only"}, "geometry": {"type": "Polygon", "coordinates": [[[91.44732278689085, 23.176605363298393], [91.44732695464258, 23.176244166784453], [91.44713161500023, 23.176242240067445], [91.44714203532276, 23.17533924879067], [91.44733737365557, 23.17534117542404], [91.44733945739537, 23.175160577139007], [91.44773013360005, 23.175164429645818], [91.44773221679512, 23.174983831323022], [91.44792755466695, 23.174985757196463], [91.44792963757921, 23.174805158852628], [91.4494923392119, 23.17482055698878], [91.4494860966978, 23.17536235240839], [91.44929075813484, 23.175360428438815], [91.44928867699309, 23.17554102688668], [91.44909333818914, 23.175539102658234], [91.44909125676459, 23.175719701085082], [91.44870057869561, 23.17571585186827], [91.44869641473616, 23.17607704864217], [91.44811039621814, 23.176071272900412], [91.44810623060356, 23.17643246955676], [91.44791089061556, 23.176430543791728], [91.44790880751496, 23.17661114209671], [91.44732278689085, 23.176605363298393]]]}}, {"type": "Feature", "properties": {"aoi_name": "Feni", "sensor": "Sentinel-1", "acquisition_date": "2024-08-21", "baseline_date": "2024-08-09", "area_km2": 0.0308, "threshold": 1.25, "detects": "open_water_only"}, "geometry": {"type": "Polygon", "coordinates": [[[91.42391720587338, 23.20671644641044], [91.42391932423573, 23.20653585087054], [91.42372394278429, 23.206533892708475], [91.42372606138771, 23.206353297181227], [91.42353068021988, 23.206351338793624], [91.42353703668954, 23.20580955223689], [91.42373241707035, 23.205811510573533], [91.42373665408579, 23.205450319480093], [91.42393203396323, 23.205452277540267], [91.42393838853988, 23.204910490816722], [91.42413376765164, 23.204912448583446], [91.424135885539, 23.2047318529833], [91.42550353808024, 23.204745550441704], [91.42549718986301, 23.20528733758558], [91.42530181007784, 23.2052853814824], [91.42529546088244, 23.205827168536437], [91.42510008033153, 23.205825212139853], [91.42509584690369, 23.20618640345364], [91.42490046584936, 23.206184446780604], [91.42489834884123, 23.206365042414035], [91.42470296754583, 23.206363085481524], [91.42470085025411, 23.206543681093656], [91.42450546871763, 23.20654172390165], [91.42450335114229, 23.206722319492485], [91.42391720587338, 23.20671644641044]]]}}, {"type": "Feature", "properties": {"aoi_name": "Feni", "sensor": "Sentinel-1", "acquisition_date": "2024-08-21", "baseline_date": "2024-08-09", "area_km2": 0.03, "threshold": 1.25, "detects": "open_water_only"}, "geometry": {"type": "Polygon", "coordinates": [[[91.42518190525116, 22.896784989902944], [91.42519858584872, 22.895340167998118], [91.42539351895117, 22.89534209959278], [91.42539560367318, 22.89516149681848], [91.42617533526249, 22.89516922074043], [91.42617741893213, 22.894988617894157], [91.42637235162431, 22.89499054826048], [91.42637443501505, 22.894809945393003], [91.42695923244453, 22.894815735007853], [91.42694881914753, 22.89571874955616], [91.42675388536084, 22.895716819838878], [91.42674763635644, 22.89625862846575], [91.42655270181731, 22.89625669845881], [91.42655061851588, 22.89643730130896], [91.42635568373997, 22.896435371046188], [91.42635360015963, 22.89661597387514], [91.42615866514696, 22.896614043356543], [91.4261565812877, 22.896794646164288], [91.42518190525116, 22.896784989902944]]]}}, {"type": "Feature", "properties": {"aoi_name": "Feni", "sensor": "Sentinel-1", "acquisition_date": "2024-08-21", "baseline_date": "2024-08-09", "area_km2": 0.03, "threshold": 1.25, "detects": "open_water_only"}, "geometry": {"type": "Polygon", "coordinates": [[[91.46417461523299, 22.931304825243632], [91.46417665218148, 22.931124219951204], [91.46378667645068, 22.93112044609124], [91.46379075131934, 22.930759235559616], [91.46301080217167, 22.93075168509991], [91.46301691742049, 22.93020986946869], [91.46321190390148, 22.930211757393028], [91.46321598011437, 22.929850546917763], [91.46341096609926, 22.929852434569728], [91.4634150417131, 22.929491224044305], [91.46458495495455, 22.929502544732223], [91.46458291870796, 22.929683150096174], [91.46477790457855, 22.929685036056416], [91.46477179649038, 22.930226852172158], [91.46496678315658, 22.93022873794261], [91.46495456797494, 22.93131237015764], [91.46417461523299, 22.931304825243632]]]}}, {"type": "Feature", "properties": {"aoi_name": "Feni", "sensor": "Sentinel-1", "acquisition_date": "2024-08-21", "baseline_date": "2024-08-09", "area_km2": 0.03, "threshold": 1.25, "detects": "open_water_only"}, "geometry": {"type": "Polygon", "coordinates": [[[91.51451769603044, 22.92853265855416], [91.51452557562533, 22.92781022028561], [91.51472056331808, 22.927812044770345], [91.51472450247944, 22.92745082557852], [91.51511447689131, 22.927454473766176], [91.51511644592547, 22.92727386413192], [91.51531143290292, 22.927275687850813], [91.51531537039492, 22.926914468537564], [91.5155103568756, 22.92691629198522], [91.51551232533343, 22.926735682306237], [91.51609728411984, 22.9267411511655], [91.51609531643697, 22.926921760892366], [91.5162903029972, 22.926923583382813], [91.5162863680885, 22.927284802855674], [91.51648135518526, 22.92728662513872], [91.51647151885729, 22.92818967382597], [91.51627653046884, 22.928187851463154], [91.51627456288527, 22.928368461171846], [91.51607957425836, 22.928366638553744], [91.51607760639655, 22.928547248242218], [91.51451769603044, 22.92853265855416]]]}}, {"type": "Feature", "properties": {"aoi_name": "Feni", "sensor": "Sentinel-1", "acquisition_date": "2024-08-21", "baseline_date": "2024-08-09", "area_km2": 0.03, "threshold": 1.25, "detects": "open_water_only"}, "geometry": {"type": "Polygon", "coordinates": [[[91.37696836794763, 22.786843204328857], [91.37697264289312, 22.786482002421465], [91.37677786945846, 22.78648002038098], [91.37678428248292, 22.78593821754013], [91.3769790551489, 22.78594019952831], [91.37698332987772, 22.785578997578156], [91.37678855772421, 22.785577015624856], [91.37679497042362, 22.785035212719862], [91.37737928464323, 22.78504115771003], [91.37737714786707, 22.785221758734938], [91.37757191957314, 22.78522373994056], [91.37756978303155, 22.785404340978626], [91.3777645550155, 22.785406321964064], [91.37776241870844, 22.785586923015288], [91.37795719097028, 22.78558890378055], [91.3779550548978, 22.78576950484492], [91.3791236904607, 22.78578138455125], [91.37911728672545, 22.78632318803224], [91.37892251330885, 22.78632120862297], [91.37892037843092, 22.78650180975733], [91.37853083115014, 22.786497850191104], [91.3785286957381, 22.786678451286356], [91.3777496004114, 22.78667052923279], [91.37774746395277, 22.786851130254078], [91.37696836794763, 22.786843204328857]]]}}, {"type": "Feature", "properties": {"aoi_name": "Feni", "sensor": "Sentinel-1", "acquisition_date": "2024-08-21", "baseline_date": "2024-08-09", "area_km2": 0.0296, "threshold": 1.25, "detects": "open_water_only"}, "geometry": {"type": "Polygon", "coordinates": [[[91.41134749676674, 22.812296145606705], [91.41136216006149, 22.811031921517888], [91.41155697169465, 22.811033863309923], [91.41156325487572, 22.810492052870856], [91.4117580657603, 22.810493994373772], [91.41176434798062, 22.809952183845056], [91.41234877845234, 22.809958006772767], [91.4123466851699, 22.810138610337795], [91.41254149562614, 22.81014055085495], [91.41253940257907, 22.810321154432764], [91.41292902406836, 22.810325034787464], [91.4129206537208, 22.811047449192444], [91.41272584193918, 22.81104550906583], [91.41272165612499, 22.811406716208587], [91.41252684385132, 22.81140477580995], [91.4125226574391, 22.811765982901502], [91.41232784467343, 22.811764042230823], [91.41232365766315, 22.812125249271176], [91.41212884440546, 22.81212330832845], [91.41212675061188, 22.812303911825154], [91.41134749676674, 22.812296145606705]]]}}, {"type": "Feature", "properties": {"aoi_name": "Feni", "sensor": "Sentinel-1", "acquisition_date": "2024-08-21", "baseline_date": "2024-08-09", "area_km2": 0.0296, "threshold": 1.25, "detects": "open_water_only"}, "geometry": {"type": "Polygon", "coordinates": [[[91.42446372407245, 22.975709908888135], [91.42446581818683, 22.97552930802176], [91.42427077035269, 22.97552736890595], [91.42427705334602, 22.974985566331902], [91.42447210040322, 22.97498750539687], [91.42447419443309, 22.974806904513315], [91.42486428809296, 22.974810781889882], [91.42486638158373, 22.974630180968152], [91.42506142818638, 22.974632119279754], [91.42506352139708, 22.97445151833678], [91.42525856776187, 22.974453456391632], [91.4252690322036, 22.973550451527665], [91.42546407729473, 22.973552389258014], [91.42546826240566, 22.973191187248496], [91.42605339625199, 22.973196998899063], [91.42604712088452, 22.973738802059305], [91.42624216631906, 22.973740738847344], [91.42624007474663, 22.973921339909094], [91.42663016619696, 22.973925212799603], [91.42662389290683, 22.974467016060675], [91.42603875343231, 22.97446120621285], [91.42603666151648, 22.974641807240506], [91.42564656812108, 22.974637932775664], [91.42563819817481, 22.975360336707894], [91.42544315047287, 22.975358399047995], [91.42544105767453, 22.975539000003376], [91.42505096181608, 22.97553512393022], [91.42504886847864, 22.97571572484743], [91.42446372407245, 22.975709908888135]]]}}, {"type": "Feature", "properties": {"aoi_name": "Feni", "sensor": "Sentinel-1", "acquisition_date": "2024-08-21", "baseline_date": "2024-08-09", "area_km2": 0.0296, "threshold": 1.25, "detects": "open_water_only"}, "geometry": {"type": "Polygon", "coordinates": [[[91.4498123015813, 23.010820084283772], [91.44981642944423, 23.010458879764997], [91.44903602805887, 23.010451235686308], [91.44905461175345, 23.00882581573996], [91.44924970973317, 23.00882772696982], [91.44925177422452, 23.008647124715406], [91.45003216531359, 23.008654767165847], [91.45002391137491, 23.009377176424646], [91.45021901023713, 23.009379086503397], [91.45021694695993, 23.009559688824037], [91.45041204610246, 23.009561598679234], [91.45040998306393, 23.00974220101226], [91.45080018193036, 23.009746020035276], [91.45079399424695, 23.010287827108627], [91.45059889402485, 23.010285917667225], [91.45059476827957, 23.010647122327985], [91.45039966755927, 23.010645212612992], [91.45039760439592, 23.010825814920263], [91.4498123015813, 23.010820084283772]]]}}, {"type": "Feature", "properties": {"aoi_name": "Feni", "sensor": "Sentinel-1", "acquisition_date": "2024-08-21", "baseline_date": "2024-08-09", "area_km2": 0.0296, "threshold": 1.25, "detects": "open_water_only"}, "geometry": {"type": "Polygon", "coordinates": [[[91.50166282764435, 23.050876243150228], [91.5016648264415, 23.05069563743642], [91.50146966341859, 23.0506937876196], [91.50147366147267, 23.050332576211385], [91.5012784989901, 23.050330726186086], [91.50128849507337, 23.049427697671167], [91.50109333391144, 23.049425847485796], [91.50110133145584, 23.048703424661216], [91.50168681188097, 23.048708974301608], [91.50168081609368, 23.049250791571644], [91.50187597705593, 23.04925264101872], [91.50187997374742, 23.048891429477404], [91.50207513420963, 23.048893278651526], [91.5020771322651, 23.04871267285831], [91.50246745272973, 23.04871637045217], [91.50247144773995, 23.048355158788393], [91.50305692702737, 23.048360703277144], [91.50304894004744, 23.049083126780907], [91.50285377922451, 23.04908127879425], [91.50284978509366, 23.049442490488193], [91.50206913992245, 23.049435096005443], [91.50206514363035, 23.049796307553287], [91.50226030541315, 23.049798156567295], [91.50224831761426, 23.05088179120466], [91.50166282764435, 23.050876243150228]]]}}, {"type": "Feature", "properties": {"aoi_name": "Feni", "sensor": "Sentinel-1", "acquisition_date": "2024-08-21", "baseline_date": "2024-08-09", "area_km2": 0.0292, "threshold": 1.25, "detects": "open_water_only"}, "geometry": {"type": "Polygon", "coordinates": [[[91.39027071893356, 22.98042364787754], [91.39027713898744, 22.979881854620896], [91.39047218983835, 22.97988383591565], [91.39048716739514, 22.97861965137838], [91.39029211835735, 22.97861767020484], [91.39029853776341, 22.97807587681915], [91.39049358602415, 22.978077857940743], [91.39049786500222, 22.97771666229415], [91.39127805618905, 22.977724584243603], [91.39127591774682, 22.977905182138294], [91.39147096585648, 22.977907162043362], [91.39146241290777, 22.978629553648318], [91.39126736376207, 22.978627573674025], [91.3912609480469, 22.97916936728067], [91.39106589814575, 22.979167387014613], [91.39106375927184, 22.979347984857583], [91.39125880943203, 22.979349965140944], [91.39125453213752, 22.979711160848595], [91.39144958283734, 22.979713140926705], [91.39144102902547, 22.9804355323596], [91.39027071893356, 22.98042364787754]]]}}, {"type": "Feature", "properties": {"aoi_name": "Feni", "sensor": "Sentinel-1", "acquisition_date": "2024-08-21", "baseline_date": "2024-08-09", "area_km2": 0.0292, "threshold": 1.25, "detects": "open_water_only"}, "geometry": {"type": "Polygon", "coordinates": [[[91.43478534432094, 23.17955171444402], [91.43479374822375, 23.178829325991696], [91.43459840599787, 23.17882738352291], [91.4345963047919, 23.17900798062561], [91.4340102774551, 23.179002151715462], [91.43400817544217, 23.179182748763235], [91.43361749013266, 23.1791788615784], [91.43361538757473, 23.17935945858812], [91.43302935898303, 23.17935362594372], [91.4330419787288, 23.17827004412439], [91.43362800260556, 23.178275876465005], [91.43363010503678, 23.178095279429364], [91.43382544610934, 23.17809722304165], [91.43382754825751, 23.177916625984814], [91.43441357081612, 23.177922455317937], [91.43441146945374, 23.17810305242537], [91.43460681061075, 23.1781049950689], [91.4346047094892, 23.17828559218889], [91.43480005092925, 23.178287534607094], [91.4347958491467, 23.178648728867817], [91.43499119113173, 23.178650671077545], [91.43499329177163, 23.178470073932484], [91.43557931706752, 23.17847589905793], [91.43556881758617, 23.17937888499288], [91.43537347449005, 23.179376943442318], [91.43537137426854, 23.179557540599497], [91.43478534432094, 23.17955171444402]]]}}, {"type": "Feature", "properties": {"aoi_name": "Feni", "sensor": "Sentinel-1", "acquisition_date": "2024-08-21", "baseline_date": "2024-08-09", "area_km2": 0.0292, "threshold": 1.25, "detects": "open_water_only"}, "geometry": {"type": "Polygon", "coordinates": [[[91.41290220312837, 23.1134072527389], [91.41290645027983, 23.113046059306967], [91.41271120542628, 23.113044094950446], [91.41271545301423, 23.112682901535425], [91.41212972014758, 23.11267700711988], [91.41213184469241, 23.112496410457183], [91.41193660070722, 23.112494445186265], [91.41193872549164, 23.112313848536346], [91.4117434817888, 23.112311883041112], [91.4117456068128, 23.112131286403965], [91.41135511999319, 23.112127354723462], [91.41136149650265, 23.11158556488878], [91.4115567391189, 23.111587530798424], [91.41155886431834, 23.111406934161124], [91.41175410669501, 23.11140889981226], [91.41175835650785, 23.11104770649051], [91.41253932414074, 23.11105556654426], [91.41253295252079, 23.111597356725575], [91.41233770979768, 23.111595392022952], [91.41233558562067, 23.111775988724332], [91.41253082860476, 23.111777953444047], [91.41252870466734, 23.111958550158203], [91.41272394793373, 23.1119605146536], [91.4127218242359, 23.11214111138053], [91.41311231135472, 23.112145039681263], [91.41311018815745, 23.11232563643806], [91.41369591977876, 23.112331527129818], [91.41368318484403, 23.113415107887434], [91.41290220312837, 23.1134072527389]]]}}, {"type": "Feature", "properties": {"aoi_name": "Feni", "sensor": "Sentinel-1", "acquisition_date": "2024-08-21", "baseline_date": "2024-08-09", "area_km2": 0.0292, "threshold": 1.25, "detects": "open_water_only"}, "geometry": {"type": "Polygon", "coordinates": [[[91.42147401087828, 23.115118823894466], [91.42148457213851, 23.114215836727077], [91.42187506691627, 23.114219743674358], [91.42188351345405, 23.11349735372683], [91.42266449908864, 23.113505164452295], [91.42266238853001, 23.113685762013603], [91.42324812876187, 23.113691617573608], [91.42324601896497, 23.113872215181537], [91.42344126601236, 23.11387416656898], [91.42343704687687, 23.114235361805857], [91.42382754207931, 23.114239263924325], [91.42382543300172, 23.114419861570237], [91.42402068089578, 23.114421812284277], [91.42401857205796, 23.11460240994285], [91.42421382023421, 23.114604360432413], [91.42420749437653, 23.115146153433145], [91.42342649866674, 23.115138349822555], [91.42342860835123, 23.114957752227845], [91.42323335973784, 23.114955800738542], [91.42323757956511, 23.114594605570133], [91.42284708344603, 23.114590701935104], [91.42284919384984, 23.114410104378386], [91.42226345061344, 23.114404247165954], [91.42225711698934, 23.114946039670293], [91.42206186850335, 23.1149440867323], [91.42205975699183, 23.115124684208126], [91.42147401087828, 23.115118823894466]], [[91.42206820291047, 23.114402294278925], [91.42226345061344, 23.114404247165954], [91.42226556177901, 23.11422364965588], [91.42207031433702, 23.11422169678584], [91.42206820291047, 23.114402294278925]]]}}, {"type": "Feature", "properties": {"aoi_name": "Feni", "sensor": "Sentinel-1", "acquisition_date": "2024-08-21", "baseline_date": "2024-08-09", "area_km2": 0.0292, "threshold": 1.25, "detects": "open_water_only"}, "geometry": {"type": "Polygon", "coordinates": [[[91.39199745598528, 22.81752076848374], [91.39200806011692, 22.81661776044116], [91.39220287784885, 22.816619726339265], [91.39220711883779, 22.816258523057748], [91.39240193607785, 22.816260488683326], [91.39240405628343, 22.81607988701887], [91.39259887328829, 22.81608185238921], [91.39260099321574, 22.815901250703206], [91.39299062677655, 22.815905180695456], [91.39299486554036, 22.81554397724154], [91.39357931450262, 22.815549870341584], [91.39357507727877, 22.815911073899084], [91.39376989415578, 22.815913037824362], [91.39376777576832, 22.816093639613957], [91.39415741010004, 22.816097566785135], [91.39414893838905, 22.816819974038808], [91.39317484758726, 22.81681015398091], [91.39317060903625, 22.817171357409485], [91.39297579042692, 22.817169392649443], [91.39297367086252, 22.81734999434004], [91.39277885201797, 22.817348029324755], [91.39277673217542, 22.817528630993813], [91.39199745598528, 22.81752076848374]]]}}, {"type": "Feature", "properties": {"aoi_name": "Feni", "sensor": "Sentinel-1", "acquisition_date": "2024-08-21", "baseline_date": "2024-08-09", "area_km2": 0.0288, "threshold": 1.25, "detects": "open_water_only"}, "geometry": {"type": "Polygon", "coordinates": [[[91.46929918497582, 22.94381746466443], [91.46930121636385, 22.943636859221993], [91.46910621010007, 22.94363497773775], [91.46911027333162, 22.943273766872988], [91.46872026189979, 22.943270003251936], [91.46872635814444, 22.942728187021483], [91.46853135323492, 22.942726304901157], [91.46853338553395, 22.94254569949892], [91.46794837170415, 22.942540051750555], [91.4679544708048, 22.94199823566644], [91.46951450189019, 22.942013291144182], [91.46951247094535, 22.942193896641584], [91.47009748371647, 22.94219953854403], [91.47008124162409, 22.943644382764184], [91.46988623527827, 22.943642502237854], [91.46988420466589, 22.943823107729667], [91.46929918497582, 22.94381746466443]]]}}, {"type": "Feature", "properties": {"aoi_name": "Feni", "sensor": "Sentinel-1", "acquisition_date": "2024-08-21", "baseline_date": "2024-08-09", "area_km2": 0.0288, "threshold": 1.25, "detects": "open_water_only"}, "geometry": {"type": "Polygon", "coordinates": [[[91.46955972515512, 23.128055544088056], [91.46956177439908, 23.127874942826107], [91.46936650281141, 23.127873047426153], [91.46936855229599, 23.127692446176376], [91.46917328099016, 23.127690550551286], [91.46917533071532, 23.127509949313687], [91.46878478868793, 23.12750615737163], [91.4687868389149, 23.127325556162702], [91.46859156819335, 23.127323659845743], [91.46859361866089, 23.127143058649], [91.46839834822117, 23.127141162106916], [91.4684003989293, 23.12696056092236], [91.46781458851751, 23.12695486989595], [91.46781663998861, 23.12677426875657], [91.46762137015382, 23.12677237128105], [91.46762752522696, 23.1262305678866], [91.46821333244249, 23.12623625943986], [91.46821128155567, 23.126416860625145], [91.46840655092996, 23.126418757342854], [91.4684045002837, 23.126599358540332], [91.46918557903189, 23.12660694306112], [91.4691835294098, 23.126787544320248], [91.46937879940958, 23.126789439862915], [91.46938084877048, 23.12660883858731], [91.47016192793093, 23.126616418276008], [91.47015987961484, 23.12679701961753], [91.47035514971766, 23.126798913952168], [91.47034490913425, 23.12770192067757], [91.47014963772538, 23.127700026260566], [91.4701455408254, 23.12806122888764], [91.46955972515512, 23.128055544088056]]]}}, {"type": "Feature", "properties": {"aoi_name": "Feni", "sensor": "Sentinel-1", "acquisition_date": "2024-08-21", "baseline_date": "2024-08-09", "area_km2": 0.0288, "threshold": 1.25, "detects": "open_water_only"}, "geometry": {"type": "Polygon", "coordinates": [[[91.4330658974213, 23.226495130296932], [91.43306800549617, 23.22631453441597], [91.43287259441556, 23.22631258605445], [91.4328852439963, 23.225229010779092], [91.43425311097454, 23.225242643503037], [91.43425521732564, 23.22506204749051], [91.43503685501354, 23.225069832210764], [91.43502843368427, 23.225792216504807], [91.4348330231801, 23.22579027062139], [91.43482881186344, 23.22615146270872], [91.43463340085515, 23.226149516548823], [91.4346312949025, 23.226330112569123], [91.43424047242407, 23.22632621948734], [91.43423836592501, 23.226506815469577], [91.4330658974213, 23.226495130296932]]]}}, {"type": "Feature", "properties": {"aoi_name": "Feni", "sensor": "Sentinel-1", "acquisition_date": "2024-08-21", "baseline_date": "2024-08-09", "area_km2": 0.0288, "threshold": 1.25, "detects": "open_water_only"}, "geometry": {"type": "Polygon", "coordinates": [[[91.49411986493486, 22.921476647012447], [91.49412784996451, 22.920754214850483], [91.49393287421049, 22.920752365614533], [91.49393686712072, 22.920391149540322], [91.49335194152903, 22.92038560049434], [91.49335393872855, 22.920204992499414], [91.4931589638299, 22.920203142355188], [91.49316695345898, 22.919480710397625], [91.49336192732478, 22.919482560477043], [91.49336392442338, 22.919301952460778], [91.49375387169911, 22.91930565186959], [91.49375586826113, 22.919125043816653], [91.49434078855143, 22.919130591087246], [91.49433679695646, 22.919491807286015], [91.49453177094333, 22.919493655930182], [91.4945277797841, 22.919854872144253], [91.49472275430753, 22.91985672058159], [91.49472075895589, 22.92003732869841], [91.49491573375771, 22.920039176912717], [91.49490176753912, 22.921303433724184], [91.49470679092973, 22.921301585396577], [91.49470479541677, 22.92148219347923], [91.49411986493486, 22.921476647012447]]]}}, {"type": "Feature", "properties": {"aoi_name": "Feni", "sensor": "Sentinel-1", "acquisition_date": "2024-08-21", "baseline_date": "2024-08-09", "area_km2": 0.0284, "threshold": 1.25, "detects": "open_water_only"}, "geometry": {"type": "Polygon", "coordinates": [[[91.47361940078407, 23.16620592179296], [91.47362144835864, 23.1660253210614], [91.4732307939055, 23.16602153419706], [91.47323284198303, 23.165840933494074], [91.47303751504911, 23.165839039715248], [91.47303956336783, 23.1656584390244], [91.47245358347487, 23.16565275628491], [91.47246177968513, 23.16493035367582], [91.47265710524849, 23.16493224809857], [91.4726591539878, 23.16475164741906], [91.47285447931, 23.164753541583305], [91.47286267301443, 23.164031138756393], [91.47364397032098, 23.164038712729734], [91.4736378282145, 23.16458051505373], [91.47383315337783, 23.16458240799128], [91.47382701187146, 23.165124210325807], [91.47363168592287, 23.165122317338934], [91.47362963845117, 23.16530291809205], [91.47402029089245, 23.165306703856615], [91.47401824392372, 23.165487304638294], [91.47440889697081, 23.165491089467505], [91.47440071098433, 23.16621349268262], [91.47361940078407, 23.16620592179296]]]}}, {"type": "Feature", "properties": {"aoi_name": "Feni", "sensor": "Sentinel-1", "acquisition_date": "2024-08-21", "baseline_date": "2024-08-09", "area_km2": 0.028, "threshold": 1.25, "detects": "open_water_only"}, "geometry": {"type": "Polygon", "coordinates": [[[91.4604000356856, 22.851070481326], [91.46041020546132, 22.85016744731974], [91.45982558982917, 22.850161791196005], [91.45982965913848, 22.849800577662933], [91.45963478781665, 22.84979869184468], [91.45963885755795, 22.84943747832765], [91.45944398677109, 22.84943559230413], [91.45944602186803, 22.849254985555774], [91.45905628087047, 22.849251212826697], [91.45905831646115, 22.849070606107194], [91.45866857606036, 22.849066832457734], [91.45867672027443, 22.848344405669554], [91.45926132782047, 22.84835006558742], [91.45925929256937, 22.848530672340562], [91.45964903155075, 22.848534444460412], [91.45964699679338, 22.84871505124239], [91.45984186657213, 22.848716936961313], [91.45983983205134, 22.848897543755587], [91.46022957218499, 22.848901314511412], [91.46022550411031, 22.849262528153357], [91.46042037472237, 22.849264413206804], [91.46041834091133, 22.849445020037926], [91.46061321180115, 22.84944690486954], [91.46060507737988, 22.85016933221754], [91.46099482127876, 22.850173101297965], [91.46099278813637, 22.850353708157385], [91.46118766037387, 22.85035559235655], [91.4611795286273, 22.851078019817724], [91.4604000356856, 22.851070481326]]]}}, {"type": "Feature", "properties": {"aoi_name": "Feni", "sensor": "Sentinel-1", "acquisition_date": "2024-08-21", "baseline_date": "2024-08-09", "area_km2": 0.028, "threshold": 1.25, "detects": "open_water_only"}, "geometry": {"type": "Polygon", "coordinates": [[[91.50278187255384, 23.055583086661287], [91.50278387031354, 23.05540248096224], [91.50180802097734, 23.05539323459721], [91.5018100200178, 23.055212628974477], [91.50161485047116, 23.05521077899522], [91.501618849012, 23.05484956776914], [91.50142368000583, 23.054847717581367], [91.50142567950623, 23.05466711197802], [91.50123051078037, 23.054665261565592], [91.50123650994115, 23.054123444778224], [91.50143167788652, 23.05412529514226], [91.50143367730632, 23.05394468952176], [91.50260468384042, 23.05395578655297], [91.50260268598157, 23.05413639227021], [91.5029930221743, 23.054140089386653], [91.50298703003797, 23.054681906609332], [91.50318219894501, 23.054683754854732], [91.5031782046072, 23.0550449663473], [91.50337337405472, 23.055046814384134], [91.50336738317762, 23.055588631639157], [91.50278187255384, 23.055583086661287]]]}}, {"type": "Feature", "properties": {"aoi_name": "Feni", "sensor": "Sentinel-1", "acquisition_date": "2024-08-21", "baseline_date": "2024-08-09", "area_km2": 0.0272, "threshold": 1.25, "detects": "open_water_only"}, "geometry": {"type": "Polygon", "coordinates": [[[91.40224285836479, 22.990840163259612], [91.40224498356572, 22.990659564687224], [91.40146471389025, 22.990651692539807], [91.40146684010651, 22.990471094031886], [91.40127177300045, 22.99046912541224], [91.40127815229806, 22.98992732991428], [91.40147321862656, 22.98992929848233], [91.40147747086603, 22.989568101427793], [91.40206266842516, 22.989574005588867], [91.40206054309368, 22.98975460416986], [91.40323094034588, 22.989766406115553], [91.40322881654805, 22.989947004795365], [91.40342388309094, 22.989948970963546], [91.40342175953086, 22.990129569656226], [91.40381189319928, 22.990133501306964], [91.40380552394565, 22.990675297462257], [91.40361045632315, 22.990673331705366], [91.40360833293657, 22.990853930398025], [91.40224285836479, 22.990840163259612]]]}}, {"type": "Feature", "properties": {"aoi_name": "Feni", "sensor": "Sentinel-1", "acquisition_date": "2024-08-21", "baseline_date": "2024-08-09", "area_km2": 0.0272, "threshold": 1.25, "detects": "open_water_only"}, "geometry": {"type": "Polygon", "coordinates": [[[91.44696457062757, 22.96979081179215], [91.44696663424952, 22.969610208844795], [91.4467715928065, 22.96960829787815], [91.44677778432411, 22.96906648906048], [91.44658274367863, 22.969064577904188], [91.44658893578546, 22.96852276909806], [91.4463938959375, 22.96852085775213], [91.44640421699329, 22.967617843073054], [91.4471843713323, 22.967625486684074], [91.44718230819835, 22.967806089695294], [91.44737734709406, 22.967808000015378], [91.44737528419816, 22.967988603039018], [91.44796040178686, 22.96799433261088], [91.4479583396468, 22.968174935680317], [91.44815337914356, 22.968176845074794], [91.44814719337519, 22.968718654307477], [91.44756207261733, 22.96871292525452], [91.44754969585831, 22.969796543303595], [91.44696457062757, 22.96979081179215]]]}}, {"type": "Feature", "properties": {"aoi_name": "Feni", "sensor": "Sentinel-1", "acquisition_date": "2024-08-21", "baseline_date": "2024-08-09", "area_km2": 0.0272, "threshold": 1.25, "detects": "open_water_only"}, "geometry": {"type": "Polygon", "coordinates": [[[91.50844336719807, 22.9667686746067], [91.50844534885691, 22.96658806641556], [91.5082503061602, 22.966586231302607], [91.50825228805793, 22.96640562312324], [91.50766716086456, 22.96640011639397], [91.50766914351895, 22.966219508258476], [91.50727905934123, 22.966215835938947], [91.50728699182972, 22.965493403482657], [91.50748203287304, 22.965495239698075], [91.50748401568623, 22.965314631557263], [91.50884930173763, 22.965327478239907], [91.50884732073658, 22.965508086493053], [91.50962748567005, 22.965515422244287], [91.50962154565353, 22.966057247170514], [91.50942650361353, 22.966055413544233], [91.50942452330914, 22.966236021828397], [91.50903443877131, 22.966232353824488], [91.50902849618488, 22.966774178555116], [91.50844336719807, 22.9667686746067]]]}}, {"type": "Feature", "properties": {"aoi_name": "Feni", "sensor": "Sentinel-1", "acquisition_date": "2024-08-21", "baseline_date": "2024-08-09", "area_km2": 0.0272, "threshold": 1.25, "detects": "open_water_only"}, "geometry": {"type": "Polygon", "coordinates": [[[91.38382165155303, 22.78384220015349], [91.38382377970149, 22.783661598520286], [91.3834342395391, 22.783657651390723], [91.38343636817837, 22.783477049787972], [91.3830468286147, 22.783473101742782], [91.38305321594014, 22.782931297013107], [91.3840270611683, 22.7829411650837], [91.3840291889527, 22.782760563411763], [91.38422395780687, 22.782762536295785], [91.38422821279858, 22.782401332904374], [91.38500728638148, 22.782409221925857], [91.3850051599211, 22.782589823693108], [91.38519992862692, 22.782591795371893], [91.3851978024012, 22.782772397152222], [91.38558734038983, 22.78277633983175], [91.38558096312043, 22.783318145251165], [91.38519142359468, 22.783314202467565], [91.38518929728274, 22.783494804230795], [91.38499452729599, 22.78349283246527], [91.38499027409503, 22.78385403594422], [91.38382165155303, 22.78384220015349]]]}}, {"type": "Feature", "properties": {"aoi_name": "Feni", "sensor": "Sentinel-1", "acquisition_date": "2024-08-21", "baseline_date": "2024-08-09", "area_km2": 0.0268, "threshold": 1.25, "detects": "open_water_only"}, "geometry": {"type": "Polygon", "coordinates": [[[91.41312446609005, 22.99456196081735], [91.41313291040949, 22.99383956300876], [91.41352305658224, 22.993843471342974], [91.41352727757722, 22.9934822723446], [91.41391742279815, 22.99348617965041], [91.41392375257554, 22.99294438101822], [91.4143138963262, 22.99294828726152], [91.41431811503446, 22.992587088083653], [91.4150984007173, 22.99259489755348], [91.41508575055882, 22.993678495444815], [91.41469560456403, 22.993674590985314], [91.4146913866374, 22.994035790179826], [91.41449631315342, 22.994033837555907], [91.41449420389894, 22.99421443712966], [91.41429913017701, 22.994212484248646], [91.41429491108572, 22.994573683349138], [91.41312446609005, 22.99456196081735]]]}}, {"type": "Feature", "properties": {"aoi_name": "Feni", "sensor": "Sentinel-1", "acquisition_date": "2024-08-21", "baseline_date": "2024-08-09", "area_km2": 0.0268, "threshold": 1.25, "detects": "open_water_only"}, "geometry": {"type": "Polygon", "coordinates": [[[91.51316079781688, 22.90991525955309], [91.5131667075884, 22.909373429923548], [91.51336166878508, 22.909375254691945], [91.51336954716942, 22.90865281506224], [91.51375946755799, 22.908656463753875], [91.51376537458886, 22.90811463389093], [91.51396033403883, 22.908116457830165], [91.51396427144378, 22.90775523786825], [91.5145491483648, 22.907760708155614], [91.51454521250812, 22.908121928213376], [91.51474017203769, 22.90812375119629], [91.51473426887766, 22.908665581298873], [91.51453930857394, 22.908663758268055], [91.51453734055609, 22.908844368277755], [91.51473230111789, 22.908846191324542], [91.51472246202059, 22.90974924138893], [91.51374765295884, 22.909740123364646], [91.51374568378932, 22.909920733284853], [91.51316079781688, 22.90991525955309]]]}}, {"type": "Feature", "properties": {"aoi_name": "Feni", "sensor": "Sentinel-1", "acquisition_date": "2024-08-21", "baseline_date": "2024-08-09", "area_km2": 0.0268, "threshold": 1.25, "detects": "open_water_only"}, "geometry": {"type": "Polygon", "coordinates": [[[91.45186922017974, 23.22288849610853], [91.45187130260223, 23.22270789852549], [91.45030804251212, 23.222692494076167], [91.45031638039575, 23.221970104234853], [91.45090259962171, 23.221975882523367], [91.45090885045164, 23.221434089946722], [91.4516904732281, 23.221441790733245], [91.45168839068931, 23.22162238832987], [91.45188379669827, 23.221624312936427], [91.45188171440117, 23.221804910545412], [91.45227252700691, 23.221808759063787], [91.45227044521407, 23.2219893567018], [91.45246585181084, 23.221991280613604], [91.4524637702597, 23.222171878263982], [91.45265917713996, 23.222173801949747], [91.45265085177681, 23.222896192574716], [91.45186922017974, 23.22288849610853]]]}}, {"type": "Feature", "properties": {"aoi_name": "Feni", "sensor": "Sentinel-1", "acquisition_date": "2024-08-21", "baseline_date": "2024-08-09", "area_km2": 0.0268, "threshold": 1.25, "detects": "open_water_only"}, "geometry": {"type": "Polygon", "coordinates": [[[91.44611340354196, 23.24739567946346], [91.44611758877775, 23.247034486405703], [91.44592214630639, 23.24703255264243], [91.44593051757785, 23.24631016654198], [91.44612595899748, 23.246312100238256], [91.44612805149993, 23.24613150368558], [91.44632349267762, 23.246133437122122], [91.4463276770937, 23.24577224397029], [91.44652311776653, 23.245774177130357], [91.44652730157284, 23.245412983927718], [91.4467227417408, 23.24541491681132], [91.44672901650415, 23.244873126924684], [91.44692445590435, 23.24487505951509], [91.44693072969015, 23.244333269539286], [91.44712616832261, 23.244335201836503], [91.44712825927968, 23.24415460515251], [91.44771457451417, 23.244160400536185], [91.44770830394614, 23.24470219072579], [91.44751286472497, 23.244700259123995], [91.44750868371563, 23.24506145252863], [91.4473132439896, 23.24505952065041], [91.4473048806676, 23.245781907340803], [91.44710943991088, 23.24577997515267], [91.44710734876502, 23.245960571797717], [91.44691190776634, 23.245958639349862], [91.44690354192143, 23.246681025819814], [91.44670809989199, 23.246679093062006], [91.44669973265968, 23.247401479395755], [91.44611340354196, 23.24739567946346]]]}}, {"type": "Feature", "properties": {"aoi_name": "Feni", "sensor": "Sentinel-1", "acquisition_date": "2024-08-21", "baseline_date": "2024-08-09", "area_km2": 0.0264, "threshold": 1.25, "detects": "open_water_only"}, "geometry": {"type": "Polygon", "coordinates": [[[91.53472472264444, 22.935403741591543], [91.53473055394457, 22.934861908419485], [91.53492555351218, 22.93486370861389], [91.53492749698118, 22.934683097532243], [91.53395250063173, 22.934674094245022], [91.53395639009526, 22.93431287222658], [91.53376139140117, 22.934311070882465], [91.53376722622443, 22.933769237870116], [91.53454721801735, 22.93377644162101], [91.53454527412966, 22.933957052692445], [91.53513026895585, 22.933962453039282], [91.535134155161, 22.933601230797603], [91.53571914861328, 22.9336066288954], [91.53570943682973, 22.934509684703904], [91.5355144377005, 22.934507885498615], [91.53551249502648, 22.934688496631775], [91.53570749441417, 22.934690295852814], [91.53569972455561, 22.935412740405823], [91.53472472264444, 22.935403741591543]]]}}, {"type": "Feature", "properties": {"aoi_name": "Feni", "sensor": "Sentinel-1", "acquisition_date": "2024-08-21", "baseline_date": "2024-08-09", "area_km2": 0.0264, "threshold": 1.25, "detects": "open_water_only"}, "geometry": {"type": "Polygon", "coordinates": [[[91.43968295724831, 22.770670752174567], [91.43968911705012, 22.770128931650543], [91.43949436087203, 22.770127027466575], [91.43949641435368, 22.769946420633477], [91.43891214671247, 22.769940706707153], [91.43892652587735, 22.76867645910828], [91.43970554227214, 22.7686840767324], [91.43970348919225, 22.768864683612072], [91.44067726143425, 22.76887420038363], [91.44067110590991, 22.769416021248436], [91.44047635065183, 22.769414118318753], [91.44047224635285, 22.769775332173822], [91.44008273487508, 22.769771525535095], [91.44008068218233, 22.76995213242273], [91.44027543816684, 22.76995403587758], [91.44026722821178, 22.77067646345255], [91.43968295724831, 22.770670752174567]]]}}, {"type": "Feature", "properties": {"aoi_name": "Feni", "sensor": "Sentinel-1", "acquisition_date": "2024-08-21", "baseline_date": "2024-08-09", "area_km2": 0.0264, "threshold": 1.25, "detects": "open_water_only"}, "geometry": {"type": "Polygon", "coordinates": [[[91.46500804006175, 22.85725629695617], [91.46501006858308, 22.857075689911976], [91.46481518641649, 22.85707380987022], [91.46481721517459, 22.85689320283825], [91.4646223332858, 22.856891322574526], [91.46463653581858, 22.855627073346817], [91.46483141590637, 22.85562895349503], [91.46483953015859, 22.854906525205035], [91.46581392576019, 22.854915922039346], [91.46579770721819, 22.856360779210892], [91.46560282599863, 22.856358900188994], [91.4655926874566, 22.857261935700084], [91.46500804006175, 22.85725629695617]]]}}, {"type": "Feature", "properties": {"aoi_name": "Feni", "sensor": "Sentinel-1", "acquisition_date": "2024-08-21", "baseline_date": "2024-08-09", "area_km2": 0.0264, "threshold": 1.25, "detects": "open_water_only"}, "geometry": {"type": "Polygon", "coordinates": [[[91.40347304612452, 23.200549917601496], [91.40347519132114, 23.200369323713282], [91.40327982077271, 23.200367340655323], [91.40328840239277, 23.199644965127952], [91.40406988052001, 23.19965289563001], [91.40407202482227, 23.199472301668543], [91.40465813285708, 23.19947824694803], [91.40466241982365, 23.19911705890896], [91.4048577886872, 23.19911904014957], [91.40485993187598, 23.198938446106354], [91.4050553004988, 23.19894042708735], [91.40505744340385, 23.198759833022617], [91.40564354861479, 23.198765774459556], [91.40563069558183, 23.19984933909222], [91.40523995560632, 23.199845378170526], [91.40523781283441, 23.20002597222646], [91.40504244261669, 23.200023991384782], [91.40504029956104, 23.2002045854192], [91.40464955866568, 23.200200622974187], [91.40464741506402, 23.20038121696989], [91.40406130309569, 23.20037527143255], [91.40405915868578, 23.200555865372355], [91.40347304612452, 23.200549917601496]]]}}, {"type": "Feature", "properties": {"aoi_name": "Feni", "sensor": "Sentinel-1", "acquisition_date": "2024-08-21", "baseline_date": "2024-08-09", "area_km2": 0.026, "threshold": 1.25, "detects": "open_water_only"}, "geometry": {"type": "Polygon", "coordinates": [[[91.459033888013, 22.85123788645962], [91.45903592383034, 22.851057279787053], [91.45884105079057, 22.85105539289931], [91.45884919488266, 22.85033296623263], [91.45865432289229, 22.850331079172758], [91.45865025037307, 22.8506922924815], [91.45806563298244, 22.850686629772106], [91.45806767002395, 22.850506023169576], [91.45767792571434, 22.85050224687115], [91.45768811318449, 22.84959921396024], [91.45788298404304, 22.849601102145765], [91.45788502121802, 22.849420495534204], [91.45866450382968, 22.849428045826222], [91.45866246768341, 22.849608652504063], [91.45905220962729, 22.84961242625291], [91.45905017397479, 22.849793032959614], [91.45924504523481, 22.849794919493018], [91.45924300981889, 22.84997552621202], [91.4594378813567, 22.849977412523604], [91.45943584617737, 22.850158019254895], [91.45963071799297, 22.850159905344643], [91.45961850802757, 22.851243545742108], [91.459033888013, 22.85123788645962]]]}}, {"type": "Feature", "properties": {"aoi_name": "Feni", "sensor": "Sentinel-1", "acquisition_date": "2024-08-21", "baseline_date": "2024-08-09", "area_km2": 0.026, "threshold": 1.25, "detects": "open_water_only"}, "geometry": {"type": "Polygon", "coordinates": [[[91.3884694613052, 22.819291352718604], [91.38847158701013, 22.81911075147278], [91.38827676609316, 22.819108780810765], [91.38828314384888, 22.81856697709955], [91.38847796399573, 22.81856894770961], [91.38848008961453, 22.81838834644667], [91.39003864951066, 22.818404102620928], [91.39004077305435, 22.818223501215243], [91.3902355928815, 22.818225469648763], [91.39023771614698, 22.818044868221502], [91.39082217498735, 22.818050772042223], [91.39081156229531, 22.818953779395166], [91.39061674137686, 22.818951811606453], [91.39061461851725, 22.819132413046912], [91.39003015512077, 22.819126508200895], [91.39002803146953, 22.81930710958519], [91.3884694613052, 22.819291352718604]]]}}, {"type": "Feature", "properties": {"aoi_name": "Feni", "sensor": "Sentinel-1", "acquisition_date": "2024-08-21", "baseline_date": "2024-08-09", "area_km2": 0.026, "threshold": 1.25, "detects": "open_water_only"}, "geometry": {"type": "Polygon", "coordinates": [[[91.54095255880279, 22.95478843672788], [91.54095643348285, 22.954427214492082], [91.54076140536013, 22.954425420263803], [91.54076334292954, 22.954244809155195], [91.54037328726028, 22.95424122001114], [91.5403810394121, 22.953518775659656], [91.54057606620204, 22.953520570288703], [91.54057800393235, 22.95333995917446], [91.54155313688189, 22.9533489286469], [91.54155120044518, 22.953529539839597], [91.54174622735249, 22.95353133303091], [91.54174235493787, 22.953892555434876], [91.54252246483237, 22.95389972592936], [91.54252052963064, 22.954080337187676], [91.54271555741185, 22.954082129227906], [91.54270975246563, 22.954623963024286], [91.54173460987398, 22.95461500019165], [91.54173267355914, 22.954795611370177], [91.54095255880279, 22.95478843672788]]]}}, {"type": "Feature", "properties": {"aoi_name": "Feni", "sensor": "Sentinel-1", "acquisition_date": "2024-08-21", "baseline_date": "2024-08-09", "area_km2": 0.0256, "threshold": 1.25, "detects": "open_water_only"}, "geometry": {"type": "Polygon", "coordinates": [[[91.39688853402956, 22.965138033267923], [91.39689066369304, 22.964957434584274], [91.39669563364332, 22.96495546239671], [91.39670202328124, 22.96441366637171], [91.39650699402945, 22.964411693996194], [91.39651764428999, 22.963508700621464], [91.39671267224776, 22.96351067291075], [91.39671480197656, 22.963330074205658], [91.39690982969704, 22.963332046238026], [91.39691195914556, 22.963151447511397], [91.39769206920721, 22.963159333175142], [91.39768568390274, 22.963701129549], [91.3974906555787, 22.963699158440868], [91.39748426930441, 22.964240954724335], [91.39787432752681, 22.964244896804324], [91.39787219924335, 22.964425495591353], [91.39806722864557, 22.96442746628905], [91.39805871633219, 22.965149861463114], [91.39688853402956, 22.965138033267923]]]}}, {"type": "Feature", "properties": {"aoi_name": "Feni", "sensor": "Sentinel-1", "acquisition_date": "2024-08-21", "baseline_date": "2024-08-09", "area_km2": 0.0256, "threshold": 1.25, "detects": "open_water_only"}, "geometry": {"type": "Polygon", "coordinates": [[[91.44004373015304, 22.773203055671758], [91.4400457832205, 22.773022448860807], [91.43985102290397, 22.773020544883618], [91.43985307620669, 22.77283993808516], [91.43965831616705, 22.772838033887243], [91.43966447671848, 22.772296213516583], [91.44063827328385, 22.77230573187994], [91.44064032547905, 22.772125124997423], [91.44102984373879, 22.772128930646897], [91.44103189540105, 22.77194832372662], [91.4414214132319, 22.771952128392694], [91.44142346436125, 22.771771521434673], [91.44200774049533, 22.771777226602488], [91.44199543801626, 22.772860868588072], [91.44160591750003, 22.77285706517947], [91.44160386650194, 22.773037672128677], [91.44082482469476, 22.773030062394653], [91.44082277265159, 22.773210669272625], [91.44004373015304, 22.773203055671758]]]}}, {"type": "Feature", "properties": {"aoi_name": "Feni", "sensor": "Sentinel-1", "acquisition_date": "2024-08-21", "baseline_date": "2024-08-09", "area_km2": 0.0256, "threshold": 1.25, "detects": "open_water_only"}, "geometry": {"type": "Polygon", "coordinates": [[[91.47438836681594, 23.080960012266836], [91.47439448116594, 23.080418204013966], [91.47458968461696, 23.080420089536062], [91.47459579800069, 23.07987828119525], [91.47440059533126, 23.079876395722415], [91.47440263334533, 23.079695792949966], [91.47420743095694, 23.0796939072525], [91.47421762202202, 23.078790893407934], [91.47499842648848, 23.07879843442303], [91.47499435220807, 23.07915964010512], [91.47518955389698, 23.0791615247891], [91.47518751698652, 23.079342127640114], [91.47538271895647, 23.079344012099455], [91.47538068228602, 23.07952461496259], [91.47577108680842, 23.079528383190915], [91.47576294200574, 23.08025079473175], [91.47556773869219, 23.080248910672474], [91.47556570217974, 23.080429513530525], [91.47537049862616, 23.080427629213776], [91.47536846183267, 23.08060823205112], [91.47517325803908, 23.080606347476884], [91.47516918386951, 23.080967553105857], [91.47438836681594, 23.080960012266836]]]}}, {"type": "Feature", "properties": {"aoi_name": "Feni", "sensor": "Sentinel-1", "acquisition_date": "2024-08-21", "baseline_date": "2024-08-09", "area_km2": 0.0256, "threshold": 1.25, "detects": "open_water_only"}, "geometry": {"type": "Polygon", "coordinates": [[[91.3980241959975, 23.198688365603374], [91.39802634832071, 23.198507772154283], [91.39783098099865, 23.19850578248078], [91.39783743862523, 23.197964002159278], [91.39803280516067, 23.197965991780997], [91.39804141397806, 23.197243617889296], [91.39823677948634, 23.197245607199577], [91.39824108324099, 23.19688442019323], [91.39843644824647, 23.196886409226607], [91.3984385998292, 23.196705815699673], [91.39902469418875, 23.196711781293693], [91.3990203925748, 23.19707296844672], [91.39921575792889, 23.197074956527775], [91.39920930613256, 23.197616737276586], [91.39940467229482, 23.19761872516698], [91.39939822109075, 23.19816050592854], [91.39920285414188, 23.19815851798641], [91.39919855270679, 23.198519705104633], [91.39880781782503, 23.198515728424162], [91.39880566655066, 23.198696321942283], [91.3980241959975, 23.198688365603374]]]}}, {"type": "Feature", "properties": {"aoi_name": "Feni", "sensor": "Sentinel-1", "acquisition_date": "2024-08-21", "baseline_date": "2024-08-09", "area_km2": 0.0256, "threshold": 1.25, "detects": "open_water_only"}, "geometry": {"type": "Polygon", "coordinates": [[[91.42994237010515, 23.15927427616508], [91.42994447555252, 23.15909367901367], [91.42974916241194, 23.15909173209143], [91.42975547941198, 23.15854994066202], [91.42995079176761, 23.158551887533527], [91.42995500247187, 23.158190693191834], [91.43015031432537, 23.158192639787558], [91.4301650492924, 23.156928459337223], [91.43114159972016, 23.1569381880949], [91.43113318509846, 23.15766057728764], [91.43093787392411, 23.15765863195239], [91.43093366596314, 23.158019826489046], [91.43112897766075, 23.158021771858092], [91.43112266634562, 23.15856356368138], [91.43092735386307, 23.158561618261643], [91.43092524978742, 23.158742215510532], [91.43072993706438, 23.15874026983193], [91.43072572832635, 23.15910146428296], [91.43053041510116, 23.15909951832859], [91.43052831043877, 23.15928011553072], [91.42994237010515, 23.15927427616508]]]}}, {"type": "Feature", "properties": {"aoi_name": "Feni", "sensor": "Sentinel-1", "acquisition_date": "2024-08-21", "baseline_date": "2024-08-09", "area_km2": 0.0252, "threshold": 1.25, "detects": "open_water_only"}, "geometry": {"type": "Polygon", "coordinates": [[[91.44529797541958, 22.927869821817342], [91.44531240642117, 22.926605595424473], [91.44687224451077, 22.926620863799958], [91.44687018506791, 22.926801467716896], [91.44726014531501, 22.926805282451454], [91.44724985037158, 22.927708302138914], [91.44627494345244, 22.927698763090394], [91.44627288310981, 22.927879366931524], [91.44529797541958, 22.927869821817342]]]}}, {"type": "Feature", "properties": {"aoi_name": "Feni", "sensor": "Sentinel-1", "acquisition_date": "2024-08-21", "baseline_date": "2024-08-09", "area_km2": 0.0248, "threshold": 1.25, "detects": "open_water_only"}, "geometry": {"type": "Polygon", "coordinates": [[[91.46316456934863, 23.20927230349011], [91.46316663522668, 23.20909170463127], [91.46297124640499, 23.2090897950183], [91.46297331252471, 23.208909196171703], [91.46277792398615, 23.20890728633273], [91.46278618930715, 23.208184890969406], [91.46298157679615, 23.20818680074213], [91.46298984073573, 23.20746440524345], [91.46377138670105, 23.207472041643918], [91.46376932179678, 23.207652640591295], [91.4639647086023, 23.2076545491016], [91.46396264393967, 23.20783514806121], [91.4641580310283, 23.20783705634553], [91.46415390216562, 23.20819825428488], [91.46434928979974, 23.20820016235974], [91.46434309713742, 23.20874195928603], [91.46414770871613, 23.20874005116153], [91.46414357964618, 23.209101249057696], [91.46394819072081, 23.209099340657538], [91.46394612589235, 23.209279939582597], [91.46316456934863, 23.20927230349011]]]}}, {"type": "Feature", "properties": {"aoi_name": "Feni", "sensor": "Sentinel-1", "acquisition_date": "2024-08-21", "baseline_date": "2024-08-09", "area_km2": 0.0248, "threshold": 1.25, "detects": "open_water_only"}, "geometry": {"type": "Polygon", "coordinates": [[[91.49191048618344, 23.085282643959005], [91.49191250133846, 23.085102039841487], [91.49152207779653, 23.08509831065551], [91.49153820247588, 23.083653477820587], [91.49173341215193, 23.083655342404235], [91.49173542738495, 23.083474738264297], [91.49251626524972, 23.083482194122816], [91.49251425105903, 23.083662798327676], [91.49270946083652, 23.083664661705754], [91.49270744688614, 23.083845265922548], [91.49290265694448, 23.083847129075732], [91.49289057437998, 23.08493075438368], [91.49269536275807, 23.08492889113314], [91.49269133455317, 23.085290099502313], [91.49191048618344, 23.085282643959005]]]}}, {"type": "Feature", "properties": {"aoi_name": "Feni", "sensor": "Sentinel-1", "acquisition_date": "2024-08-21", "baseline_date": "2024-08-09", "area_km2": 0.0244, "threshold": 1.25, "detects": "open_water_only"}, "geometry": {"type": "Polygon", "coordinates": [[[91.46742570064066, 23.109611452436226], [91.46742775091444, 23.109430850933105], [91.46723250620462, 23.109428954317238], [91.46724480897973, 23.108345345307132], [91.4674400521239, 23.10834724182398], [91.46745030256454, 23.10744423411471], [91.46803602820695, 23.107449921969444], [91.46803397894286, 23.107630523569398], [91.46822922112581, 23.10763241905471], [91.4682251230576, 23.1079936222747], [91.46842036578302, 23.107995517551615], [91.46840397477291, 23.10944033039139], [91.46820872995998, 23.10943843498254], [91.46820668073, 23.109619036551653], [91.46742570064066, 23.109611452436226]]]}}, {"type": "Feature", "properties": {"aoi_name": "Feni", "sensor": "Sentinel-1", "acquisition_date": "2024-08-21", "baseline_date": "2024-08-09", "area_km2": 0.0244, "threshold": 1.25, "detects": "open_water_only"}, "geometry": {"type": "Polygon", "coordinates": [[[91.45258226616107, 23.16094327171964], [91.45258434142268, 23.16076267265522], [91.45160775327639, 23.160753075301148], [91.45162021225839, 23.15966948132423], [91.45181552827584, 23.159671401178972], [91.45181760443815, 23.15949080215104], [91.45201292021478, 23.159492721747128], [91.45201499609455, 23.15931212269821], [91.45260094276466, 23.159317879984577], [91.45259886766992, 23.159498479083513], [91.45318481531272, 23.159504234242064], [91.4531682200842, 23.160949027278136], [91.45258226616107, 23.16094327171964]]]}}, {"type": "Feature", "properties": {"aoi_name": "Feni", "sensor": "Sentinel-1", "acquisition_date": "2024-08-21", "baseline_date": "2024-08-09", "area_km2": 0.0244, "threshold": 1.25, "detects": "open_water_only"}, "geometry": {"type": "Polygon", "coordinates": [[[91.47257375483878, 22.9474615270773], [91.47257578224095, 22.94728092144088], [91.47238077045729, 22.947279043699208], [91.4723827980976, 22.947098438074928], [91.472187786593, 22.947096560110168], [91.4721979257803, 22.946193532006763], [91.47278295647666, 22.946199164936047], [91.47278498347694, 22.94601855925324], [91.47376003375402, 22.946027942596423], [91.47374990501262, 22.94693097137817], [91.47394491642237, 22.94693284741035], [91.4739388397078, 22.947474664677305], [91.47257375483878, 22.9474615270773]]]}}, {"type": "Feature", "properties": {"aoi_name": "Feni", "sensor": "Sentinel-1", "acquisition_date": "2024-08-21", "baseline_date": "2024-08-09", "area_km2": 0.0244, "threshold": 1.25, "detects": "open_water_only"}, "geometry": {"type": "Polygon", "coordinates": [[[91.43348857395534, 23.089409996472046], [91.43349694830498, 23.088687600217362], [91.43310652514307, 23.08868372606845], [91.43310861919906, 23.088503127027746], [91.43291340791036, 23.08850118960844], [91.43291969073371, 23.087959392511074], [91.43331011176845, 23.087963267007332], [91.4333122054795, 23.08778266793252], [91.43389783640784, 23.087788477817764], [91.43389574347864, 23.087969076943164], [91.43428616472411, 23.087972949028018], [91.43428825713207, 23.087792349868902], [91.43487388837639, 23.087798156137076], [91.43486761343492, 23.088339953753167], [91.4346724022172, 23.088338018521025], [91.43466403429129, 23.089060415214767], [91.434078397637, 23.08905460786923], [91.43407421198384, 23.08941580608913], [91.43348857395534, 23.089409996472046]]]}}, {"type": "Feature", "properties": {"aoi_name": "Feni", "sensor": "Sentinel-1", "acquisition_date": "2024-08-21", "baseline_date": "2024-08-09", "area_km2": 0.0244, "threshold": 1.25, "detects": "open_water_only"}, "geometry": {"type": "Polygon", "coordinates": [[[91.3929017093153, 22.773638377323763], [91.39290382445584, 22.77345777465064], [91.39270906797344, 22.773455813117945], [91.3927217599026, 22.77237219709312], [91.39311126981629, 22.77237611971388], [91.39311338455067, 22.772195516993598], [91.39369764881393, 22.772201399092005], [91.39369553484765, 22.772382001864056], [91.39447455518956, 22.772389841406493], [91.39446187708691, 22.77347345836314], [91.39368285059987, 22.773465618406682], [91.39368073648356, 22.773646221148844], [91.3929017093153, 22.773638377323763]]]}}, {"type": "Feature", "properties": {"aoi_name": "Feni", "sensor": "Sentinel-1", "acquisition_date": "2024-08-21", "baseline_date": "2024-08-09", "area_km2": 0.024, "threshold": 1.25, "detects": "open_water_only"}, "geometry": {"type": "Polygon", "coordinates": [[[91.43412548745796, 23.202664218772707], [91.43412759169243, 23.202483622253155], [91.4339322151719, 23.202481677090116], [91.43393431964753, 23.202301080583112], [91.4337389434104, 23.202299135194473], [91.43374104812719, 23.20211853870002], [91.43354567217348, 23.202116593085787], [91.43354988206822, 23.201755400117655], [91.43335450666021, 23.20175345429471], [91.43336082213061, 23.201211664860708], [91.43375157139415, 23.20121555616286], [91.43375578055301, 23.200854363117728], [91.43395115469195, 23.20085630837137], [91.43395325897743, 23.20067571182544], [91.43453938073422, 23.20068154608104], [91.4345330701748, 23.20122333585768], [91.43472844492277, 23.201225280175233], [91.43472634162298, 23.201405876775667], [91.43492171665434, 23.201407820867622], [91.43491330429313, 23.202130207293553], [91.43471792821266, 23.202128263134135], [91.43471161793317, 23.202670052857584], [91.43412548745796, 23.202664218772707]]]}}, {"type": "Feature", "properties": {"aoi_name": "Feni", "sensor": "Sentinel-1", "acquisition_date": "2024-08-21", "baseline_date": "2024-08-09", "area_km2": 0.024, "threshold": 1.25, "detects": "open_water_only"}, "geometry": {"type": "Polygon", "coordinates": [[[91.41701881064363, 23.22832109619332], [91.41702520011616, 23.227779312855358], [91.41722061183826, 23.227781281032804], [91.41722487085447, 23.227420092085055], [91.41761569331221, 23.227424027643448], [91.41762633785245, 23.226521055027728], [91.41782174780019, 23.226523022357544], [91.4178260049415, 23.226161833246834], [91.4188030523743, 23.22617166608425], [91.41880092512744, 23.226352260726994], [91.41899633494067, 23.22635422658329], [91.41898782679033, 23.227076605179082], [91.41859700508417, 23.22707267308744], [91.41859487746794, 23.22725326769148], [91.41839946638424, 23.22725130126449], [91.41839733848403, 23.227431895847158], [91.41820192715905, 23.227429929160365], [91.41819979897483, 23.227610523721655], [91.41780897586364, 23.227606589585715], [91.41780258960699, 23.228148373141313], [91.41760717729548, 23.228146405658048], [91.4176050482379, 23.22832700015087], [91.41701881064363, 23.22832109619332]]]}}, {"type": "Feature", "properties": {"aoi_name": "Feni", "sensor": "Sentinel-1", "acquisition_date": "2024-08-21", "baseline_date": "2024-08-09", "area_km2": 0.024, "threshold": 1.25, "detects": "open_water_only"}, "geometry": {"type": "Polygon", "coordinates": [[[91.45958377171952, 23.18069944394802], [91.45959204296473, 23.1799770470844], [91.45939669676973, 23.179975135292608], [91.45940496873044, 23.179252738426314], [91.45960031387757, 23.17925465015173], [91.45960238155386, 23.17907405090778], [91.45979772645981, 23.179075962374387], [91.45979979385336, 23.17889536310952], [91.45999513851812, 23.17889727431733], [91.45999720562895, 23.17871667503156], [91.46058323896195, 23.178722407151966], [91.4605729071295, 23.179625403786467], [91.46018221560048, 23.17962158244922], [91.4601801486478, 23.179802181729997], [91.4603754946639, 23.17980409253632], [91.46037342795239, 23.179984691829375], [91.46095946691113, 23.17999042284476], [91.46095326900988, 23.180532220847283], [91.46075792188361, 23.1805303107013], [91.46075585561303, 23.180710910010255], [91.45958377171952, 23.18069944394802]]]}}, {"type": "Feature", "properties": {"aoi_name": "Feni", "sensor": "Sentinel-1", "acquisition_date": "2024-08-21", "baseline_date": "2024-08-09", "area_km2": 0.024, "threshold": 1.25, "detects": "open_water_only"}, "geometry": {"type": "Polygon", "coordinates": [[[91.4633210132915, 22.868619476673295], [91.46332710885355, 22.868077656730772], [91.46313221115162, 22.868075773773644], [91.46313627527176, 22.867714560490324], [91.4629413781053, 22.867712677327624], [91.46294341039196, 22.867532070696086], [91.4627485135035, 22.867530187311324], [91.46275257853004, 22.867168974068484], [91.46255768217704, 22.86716709047818], [91.46256784567068, 22.86626405737898], [91.46315253092997, 22.86626970718628], [91.46315049904464, 22.86645031386423], [91.46334539442962, 22.866452196672686], [91.46334133111218, 22.866813410048806], [91.46353622703258, 22.866815292651722], [91.46353419560045, 22.866995899349902], [91.46392398801777, 22.866999663872996], [91.46392195707995, 22.86718027059994], [91.46411685357687, 22.86718215252012], [91.46411076141248, 22.86772397272484], [91.46391586414323, 22.86772209075512], [91.46390570883773, 22.868625124261733], [91.4633210132915, 22.868619476673295]]]}}, {"type": "Feature", "properties": {"aoi_name": "Feni", "sensor": "Sentinel-1", "acquisition_date": "2024-08-21", "baseline_date": "2024-08-09", "area_km2": 0.024, "threshold": 1.25, "detects": "open_water_only"}, "geometry": {"type": "Polygon", "coordinates": [[[91.47358981403512, 23.117076696739097], [91.47359185680091, 23.11689609488541], [91.4728108326448, 23.11688853517729], [91.47282309507324, 23.115804924359313], [91.47301834951512, 23.115806814549916], [91.47302039292019, 23.115626212715423], [91.47321564712159, 23.115628102648106], [91.47321769024508, 23.11544750079286], [91.47341294420599, 23.115449390467628], [91.47341498704787, 23.115268788591635], [91.47419600205289, 23.115276344810212], [91.47417558315117, 23.117082364033806], [91.47358981403512, 23.117076696739097]]]}}, {"type": "Feature", "properties": {"aoi_name": "Feni", "sensor": "Sentinel-1", "acquisition_date": "2024-08-21", "baseline_date": "2024-08-09", "area_km2": 0.0236, "threshold": 1.25, "detects": "open_water_only"}, "geometry": {"type": "Polygon", "coordinates": [[[91.43101363901376, 23.251580350341257], [91.43101575239727, 23.251399755214287], [91.43082030497585, 23.251397802317776], [91.4308245322053, 23.251036612084647], [91.43062908533108, 23.25103465897893], [91.43063331300174, 23.250673468762304], [91.43043786667468, 23.250671515447372], [91.4304463228135, 23.249949135029794], [91.43064176808862, 23.249951088277065], [91.43064599550486, 23.249589898008445], [91.43103688506677, 23.249593803706265], [91.43104111134636, 23.249232613352675], [91.43162744427038, 23.249238469975307], [91.43162110718598, 23.24978025565135], [91.43142566206787, 23.249778303636113], [91.4314150985219, 23.250681279591692], [91.4316105449549, 23.250683231691454], [91.43160843244513, 23.250863826886476], [91.43180387916233, 23.250865778760105], [91.43179754229487, 23.251407564369902], [91.43160209478869, 23.25140561244556], [91.43159998219416, 23.251586207623255], [91.43101363901376, 23.251580350341257]]]}}, {"type": "Feature", "properties": {"aoi_name": "Feni", "sensor": "Sentinel-1", "acquisition_date": "2024-08-21", "baseline_date": "2024-08-09", "area_km2": 0.0236, "threshold": 1.25, "detects": "open_water_only"}, "geometry": {"type": "Polygon", "coordinates": [[[91.50372587421451, 22.934572632370692], [91.50373381337077, 22.933850198209996], [91.50431879956784, 22.933855712073438], [91.50432475139874, 22.93331388626328], [91.50685968359136, 22.933337754149296], [91.50685374183873, 22.93387958058625], [91.50646375049988, 22.93387591114054], [91.50646176935881, 22.934056519912197], [91.5054867900699, 22.934047342028418], [91.50548877250307, 22.933866733337094], [91.50451379500696, 22.933857549549163], [91.50450784377094, 22.934399375369143], [91.50431284755655, 22.934397537845168], [91.5043108635127, 22.9345781464272], [91.50372587421451, 22.934572632370692]]]}}, {"type": "Feature", "properties": {"aoi_name": "Feni", "sensor": "Sentinel-1", "acquisition_date": "2024-08-21", "baseline_date": "2024-08-09", "area_km2": 0.0236, "threshold": 1.25, "detects": "open_water_only"}, "geometry": {"type": "Polygon", "coordinates": [[[91.46101191491577, 23.158316562798802], [91.46101397861354, 23.15813596295495], [91.46081866397321, 23.15813405462267], [91.46082279182978, 23.157772854955176], [91.46062747773352, 23.15777094641409], [91.46063367014774, 23.15722914693025], [91.46082898345907, 23.1572310554216], [91.46083104729401, 23.157050455568445], [91.46102636036444, 23.157052363801256], [91.46102842391701, 23.156871763927217], [91.46122373674656, 23.1568736719015], [91.46122580001675, 23.15669307200658], [91.46161642521477, 23.156696887196137], [91.46162055064642, 23.15633568732706], [91.46259711138795, 23.156345220901173], [91.4625868041942, 23.157248220955637], [91.46161023691181, 23.157238686967418], [91.46160611127284, 23.157599886793374], [91.46141079735526, 23.157597979236716], [91.46140873424304, 23.157778579126653], [91.46160404842226, 23.157780486699888], [91.4615978597461, 23.15832228639355], [91.46101191491577, 23.158316562798802]]]}}, {"type": "Feature", "properties": {"aoi_name": "Feni", "sensor": "Sentinel-1", "acquisition_date": "2024-08-21", "baseline_date": "2024-08-09", "area_km2": 0.0236, "threshold": 1.25, "detects": "open_water_only"}, "geometry": {"type": "Polygon", "coordinates": [[[91.4354657924282, 23.20502558413804], [91.43546999775286, 23.20466439097095], [91.43527461793687, 23.20466244730294], [91.43528092655247, 23.204120657570435], [91.43567168463169, 23.20412454456282], [91.4356737869367, 23.203943947942964], [91.43586916574567, 23.203945891058567], [91.4358754717472, 23.20340410112248], [91.43528933774436, 23.2033982711999], [91.43529564591663, 23.202856481376593], [91.43588177755879, 23.20286231114747], [91.4358775737055, 23.20322350446846], [91.43646370711137, 23.203229332158127], [91.43645950474748, 23.203590525562923], [91.43665488311622, 23.203592467674873], [91.43664858019908, 23.204134257800167], [91.43684395937585, 23.20413619972015], [91.4368376570558, 23.204677989857057], [91.43625151722794, 23.20467216321801], [91.43624941562545, 23.204852759871127], [91.4360540354627, 23.20485081715626], [91.43605193357679, 23.205031413788202], [91.4354657924282, 23.20502558413804]]]}}, {"type": "Feature", "properties": {"aoi_name": "Feni", "sensor": "Sentinel-1", "acquisition_date": "2024-08-21", "baseline_date": "2024-08-09", "area_km2": 0.0232, "threshold": 1.25, "detects": "open_water_only"}, "geometry": {"type": "Polygon", "coordinates": [[[91.46583948371416, 22.956608402163575], [91.46584152095761, 22.956427797305228], [91.4656464966799, 22.956425910578307], [91.46565057162249, 22.95606470088178], [91.46506550046516, 22.95605903936231], [91.4650695768778, 22.955697829747688], [91.46487455371728, 22.955695942128315], [91.46488270733043, 22.954973522913743], [91.46527275160234, 22.954977297780804], [91.46528090281657, 22.95425487836566], [91.46586596627435, 22.95426053867114], [91.46586189226058, 22.954621748486304], [91.46605691397171, 22.9546236348086], [91.46604469298902, 22.95570726425033], [91.4656546464828, 22.955703491168123], [91.46565260906293, 22.95588409602709], [91.46623767962926, 22.955889755340472], [91.46623564296497, 22.956070360244667], [91.46643066678695, 22.956072246219712], [91.4664245574469, 22.956614060956078], [91.46583948371416, 22.956608402163575]]]}}, {"type": "Feature", "properties": {"aoi_name": "Feni", "sensor": "Sentinel-1", "acquisition_date": "2024-08-21", "baseline_date": "2024-08-09", "area_km2": 0.0232, "threshold": 1.25, "detects": "open_water_only"}, "geometry": {"type": "Polygon", "coordinates": [[[91.50139794010339, 22.968869749925748], [91.50140789600356, 22.96796671207862], [91.50121285195755, 22.967964868205385], [91.50121683469473, 22.96760365306885], [91.50082674769862, 22.967599964667542], [91.50083073139102, 22.967238749578406], [91.50063568844095, 22.967236905050353], [91.50064564861455, 22.966333867333322], [91.5012307736417, 22.966339399956293], [91.50122679118593, 22.966700615152682], [91.50142183341963, 22.966702458913073], [91.50141984242049, 22.966883066520978], [91.50161488493318, 22.966884910057725], [91.5016109033924, 22.967246125292945], [91.50180594644299, 22.96724796862217], [91.50180196533962, 22.967609183872522], [91.50199700892811, 22.96761102699421], [91.5019930282622, 22.967972242259695], [91.5021880723886, 22.96797408517384], [91.50217812166682, 22.968877123343287], [91.50139794010339, 22.968869749925748]]]}}, {"type": "Feature", "properties": {"aoi_name": "Feni", "sensor": "Sentinel-1", "acquisition_date": "2024-08-21", "baseline_date": "2024-08-09", "area_km2": 0.0232, "threshold": 1.25, "detects": "open_water_only"}, "geometry": {"type": "Polygon", "coordinates": [[[91.37253016630869, 23.012031211184713], [91.37253233324566, 23.011850615744507], [91.37233723820202, 23.01184860974593], [91.37234373966028, 23.011306823451992], [91.37253883392546, 23.011308829398036], [91.37254100077503, 23.011128233940582], [91.37449194203346, 23.0111482800137], [91.37449410626645, 23.010967684376944], [91.37527448234313, 23.010975696010043], [91.37526582943188, 23.011698078810973], [91.37487563927407, 23.011694073334997], [91.37487347547275, 23.01187466898949], [91.37428818962125, 23.011868658921347], [91.37429035420102, 23.01168806331932], [91.3731197846443, 23.011676036801813], [91.37311545234911, 23.012037227791577], [91.37253016630869, 23.012031211184713]]]}}, {"type": "Feature", "properties": {"aoi_name": "Feni", "sensor": "Sentinel-1", "acquisition_date": "2024-08-21", "baseline_date": "2024-08-09", "area_km2": 0.0232, "threshold": 1.25, "detects": "open_water_only"}, "geometry": {"type": "Polygon", "coordinates": [[[91.43274886317185, 23.220170376070623], [91.4327509710315, 23.21998978007196], [91.4313831585415, 23.21997613718457], [91.43138948750673, 23.219434349517417], [91.43197569036978, 23.219440197773118], [91.43197779919493, 23.21925960182471], [91.43432260940088, 23.219282972804614], [91.4343162923132, 23.219824761244652], [91.43392548882554, 23.21982086840678], [91.4339233825623, 23.220001464511057], [91.43333717670174, 23.21999562338355], [91.43333506962972, 23.22017621943287], [91.43274886317185, 23.220170376070623]]]}}, {"type": "Feature", "properties": {"aoi_name": "Feni", "sensor": "Sentinel-1", "acquisition_date": "2024-08-21", "baseline_date": "2024-08-09", "area_km2": 0.0232, "threshold": 1.25, "detects": "open_water_only"}, "geometry": {"type": "Polygon", "coordinates": [[[91.43838484008275, 23.155565209329435], [91.43839530864332, 23.154662219449822], [91.43820000113585, 23.15466028335274], [91.43820418893596, 23.154299087404322], [91.43800888197272, 23.154297151098973], [91.43801516429977, 23.15375535719443], [91.43821047047825, 23.153757293449313], [91.43821256428359, 23.15357669545568], [91.43782195247083, 23.153572822737647], [91.4378303295743, 23.152850430854528], [91.43861154909891, 23.152858175053836], [91.43860736268182, 23.153219371138597], [91.43899797361665, 23.15322324185413], [91.43898960262258, 23.15394563410637], [91.43879429609834, 23.1539436988023], [91.43878592372137, 23.154666090918223], [91.43898123129195, 23.154668026289553], [91.43897076665534, 23.155571016421412], [91.43838484008275, 23.155565209329435]]]}}, {"type": "Feature", "properties": {"aoi_name": "Feni", "sensor": "Sentinel-1", "acquisition_date": "2024-08-21", "baseline_date": "2024-08-09", "area_km2": 0.0232, "threshold": 1.25, "detects": "open_water_only"}, "geometry": {"type": "Polygon", "coordinates": [[[91.46285927822731, 23.18470509619117], [91.46286959724408, 23.183802099166524], [91.46267424519432, 23.18380019114475], [91.4626866289025, 23.182716594672122], [91.46288197938013, 23.182718502594533], [91.46288610659298, 23.182357303702684], [91.46366750661473, 23.182364932837345], [91.46366131890849, 23.182906731367304], [91.46346596808593, 23.182904824397355], [91.4634577164728, 23.18362722231069], [91.46365306834345, 23.18362912934684], [91.46364894293662, 23.183990328310717], [91.46384429535203, 23.1839922351377], [91.46383604533787, 23.18471463307988], [91.46285927822731, 23.18470509619117]]]}}, {"type": "Feature", "properties": {"aoi_name": "Feni", "sensor": "Sentinel-1", "acquisition_date": "2024-08-21", "baseline_date": "2024-08-09", "area_km2": 0.0232, "threshold": 1.25, "detects": "open_water_only"}, "geometry": {"type": "Polygon", "coordinates": [[[91.46358219555422, 23.20692833608924], [91.46359045576476, 23.206205940270955], [91.46378584045064, 23.20620784889138], [91.46378996990681, 23.205846650923213], [91.46398535408872, 23.205848559268016], [91.46398948293728, 23.205487361249478], [91.46418486661521, 23.205489269318658], [91.46418693074607, 23.20530867028636], [91.46516384813484, 23.20531820691171], [91.4651617853157, 23.20549880602672], [91.46535716911794, 23.20550071264077], [91.46534891868372, 23.206223109123762], [91.46495814900115, 23.20621929552085], [91.46495608581611, 23.20639989459772], [91.46476070074354, 23.20639798741593], [91.46475863727542, 23.20657858647195], [91.4645632519612, 23.20657667903108], [91.46455912443811, 23.20693787709708], [91.46358219555422, 23.20692833608924]]]}}, {"type": "Feature", "properties": {"aoi_name": "Feni", "sensor": "Sentinel-1", "acquisition_date": "2024-08-21", "baseline_date": "2024-08-09", "area_km2": 0.0228, "threshold": 1.25, "detects": "open_water_only"}, "geometry": {"type": "Polygon", "coordinates": [[[91.4243898776926, 23.183060349558122], [91.42439199300811, 23.182879753434587], [91.42419664587938, 23.18287779773906], [91.42419876143562, 23.18269720162818], [91.42400341459013, 23.182695245707393], [91.42400764616285, 23.182334053506604], [91.42381229986259, 23.182332097377536], [91.42382076380093, 23.181609712991992], [91.42440679962168, 23.18161558044877], [91.42440468445491, 23.181796176602578], [91.42557675824187, 23.18180790507784], [91.42556618994891, 23.182710886291], [91.42537084295472, 23.182708932065886], [91.42536661496493, 23.18307012448696], [91.4243898776926, 23.183060349558122]]]}}, {"type": "Feature", "properties": {"aoi_name": "Feni", "sensor": "Sentinel-1", "acquisition_date": "2024-08-21", "baseline_date": "2024-08-09", "area_km2": 0.0228, "threshold": 1.25, "detects": "open_water_only"}, "geometry": {"type": "Polygon", "coordinates": [[[91.37070858441002, 22.821820040699166], [91.37071933114987, 22.820917042670597], [91.37149861844989, 22.82092501033924], [91.37150076670565, 22.820744410650665], [91.37189040997276, 22.82074839302191], [91.3718990007245, 22.820025994084823], [91.37267828341227, 22.82003395569132], [91.37267613678381, 22.82021455550197], [91.3730657787716, 22.82021853491216], [91.37305934029612, 22.82076033442334], [91.37208523163896, 22.820750383850513], [91.3720744939935, 22.821653382512984], [91.37149002520924, 22.8216474090507], [91.37148787684467, 22.82182800871786], [91.37070858441002, 22.821820040699166]]]}}, {"type": "Feature", "properties": {"aoi_name": "Feni", "sensor": "Sentinel-1", "acquisition_date": "2024-08-21", "baseline_date": "2024-08-09", "area_km2": 0.0228, "threshold": 1.25, "detects": "open_water_only"}, "geometry": {"type": "Polygon", "coordinates": [[[91.33494076516625, 22.958719810099343], [91.33494297641316, 22.95853921686699], [91.33435793207589, 22.95853307265218], [91.33436014407653, 22.958352479469255], [91.33416512960078, 22.958350430936385], [91.3341739784148, 22.95762805823323], [91.33475901880479, 22.957634202898117], [91.33476123017641, 22.957453609657815], [91.33612632339027, 22.9574679386985], [91.3361174850129, 22.958190312135134], [91.33592247059497, 22.958188265776478], [91.33591805075504, 22.958549452433132], [91.33552802095134, 22.958545358925456], [91.33552581048052, 22.958725952211523], [91.33494076516625, 22.958719810099343]]]}}, {"type": "Feature", "properties": {"aoi_name": "Feni", "sensor": "Sentinel-1", "acquisition_date": "2024-08-21", "baseline_date": "2024-08-09", "area_km2": 0.0228, "threshold": 1.25, "detects": "open_water_only"}, "geometry": {"type": "Polygon", "coordinates": [[[91.41623511930982, 22.995496200226842], [91.41624144045612, 22.99495440112265], [91.41585129057663, 22.994950499305016], [91.41587025753425, 22.99332510206709], [91.41665054804525, 22.993332904128756], [91.41663369690835, 22.99477770223601], [91.4174139960553, 22.99478550100212], [91.41740767963951, 22.99532730042578], [91.41721260404312, 22.995325351043256], [91.41721049826944, 22.99550595082552], [91.41623511930982, 22.995496200226842]]]}}, {"type": "Feature", "properties": {"aoi_name": "Feni", "sensor": "Sentinel-1", "acquisition_date": "2024-08-21", "baseline_date": "2024-08-09", "area_km2": 0.0228, "threshold": 1.25, "detects": "open_water_only"}, "geometry": {"type": "Polygon", "coordinates": [[[91.39651429973567, 23.145030077382636], [91.39652074602904, 23.14448829373543], [91.39632545722759, 23.14448630656108], [91.39633190411081, 23.14394452292677], [91.39652719212799, 23.143946510049307], [91.39653148941929, 23.1435853209036], [91.39731263961275, 23.143593266837904], [91.39730834441275, 23.143954456121726], [91.39789420885303, 23.1439604131374], [91.39789206200489, 23.14414100782459], [91.39808735045624, 23.144142993030187], [91.39808520384793, 23.144323587730305], [91.39828049258229, 23.14432557271137], [91.39827405341215, 23.14486735683754], [91.39729760603491, 23.144857429255598], [91.39729545829456, 23.145038023869397], [91.39651429973567, 23.145030077382636]]]}}, {"type": "Feature", "properties": {"aoi_name": "Feni", "sensor": "Sentinel-1", "acquisition_date": "2024-08-21", "baseline_date": "2024-08-09", "area_km2": 0.0224, "threshold": 1.25, "detects": "open_water_only"}, "geometry": {"type": "Polygon", "coordinates": [[[91.42030682230211, 22.980906549657565], [91.42030892246972, 22.98072594927211], [91.42011386756843, 22.980724004627078], [91.4201159679739, 22.980543404254316], [91.41992091335285, 22.98054145938639], [91.41993351689487, 22.979457857161634], [91.42012856996162, 22.979459801927586], [91.42013277045464, 22.979098601117645], [91.42071792822784, 22.979104433874294], [91.42071582876905, 22.97928503433239], [91.42110593457518, 22.979288921671447], [91.42110383561327, 22.979469522159217], [91.42129888880716, 22.979471465485922], [91.42129259257143, 22.980013266974424], [91.42109753860043, 22.980011323596766], [91.4210870431554, 22.980914325906774], [91.42030682230211, 22.980906549657565]]]}}, {"type": "Feature", "properties": {"aoi_name": "Feni", "sensor": "Sentinel-1", "acquisition_date": "2024-08-21", "baseline_date": "2024-08-09", "area_km2": 0.0224, "threshold": 1.25, "detects": "open_water_only"}, "geometry": {"type": "Polygon", "coordinates": [[[91.47814603086293, 23.094001087974892], [91.47815009964333, 23.093639882440065], [91.47775965393139, 23.093636117923225], [91.4777677933322, 23.09291370693309], [91.47796301513506, 23.09291558924657], [91.47796504967334, 23.092734986471903], [91.47737938510835, 23.09272933885698], [91.4773854909467, 23.09218753065468], [91.47797115316536, 23.0921931781221], [91.47797318762171, 23.09201257533023], [91.47855884924256, 23.092018220577625], [91.47855681556828, 23.09219882341864], [91.47894725727261, 23.09220258574363], [91.47893912445646, 23.092924997195727], [91.47854868066649, 23.092921234739713], [91.47854664688987, 23.093101837559235], [91.47835142476487, 23.093099955953026], [91.47834735662876, 23.093461161546404], [91.4789330246295, 23.093466805739663], [91.4789269246183, 23.094008614244917], [91.47814603086293, 23.094001087974892]]]}}, {"type": "Feature", "properties": {"aoi_name": "Feni", "sensor": "Sentinel-1", "acquisition_date": "2024-08-21", "baseline_date": "2024-08-09", "area_km2": 0.022, "threshold": 1.25, "detects": "open_water_only"}, "geometry": {"type": "Polygon", "coordinates": [[[91.45658425213745, 22.87830804258787], [91.45660058550419, 22.876863195670236], [91.45796495341844, 22.876876432163748], [91.45795067441642, 22.878140674044264], [91.45775576284937, 22.878138783716672], [91.45775372265182, 22.878319389665936], [91.45658425213745, 22.87830804258787]]]}}, {"type": "Feature", "properties": {"aoi_name": "Feni", "sensor": "Sentinel-1", "acquisition_date": "2024-08-21", "baseline_date": "2024-08-09", "area_km2": 0.022, "threshold": 1.25, "detects": "open_water_only"}, "geometry": {"type": "Polygon", "coordinates": [[[91.43022660197909, 23.084500866004035], [91.43023289435483, 23.0839590693315], [91.42984248546114, 23.08395518786246], [91.42984668131496, 23.083593990126833], [91.42965147742089, 23.08359204906448], [91.42966196798855, 23.082689054734534], [91.42985717057987, 23.082690995712362], [91.42985926836951, 23.082510396816545], [91.43044487548855, 23.08251621825287], [91.43044277848054, 23.082696817199384], [91.43063798115632, 23.082698757212906], [91.43063378759805, 23.083059955126803], [91.43082899081604, 23.08306189493303], [91.43082479769444, 23.083423092863484], [91.43102000145463, 23.08342503246241], [91.43100951958402, 23.084328027297623], [91.43081431452104, 23.084326087614237], [91.43081221782305, 23.084506686551464], [91.43022660197909, 23.084500866004035]]]}}, {"type": "Feature", "properties": {"aoi_name": "Feni", "sensor": "Sentinel-1", "acquisition_date": "2024-08-21", "baseline_date": "2024-08-09", "area_km2": 0.022, "threshold": 1.25, "detects": "open_water_only"}, "geometry": {"type": "Polygon", "coordinates": [[[91.4022921757462, 23.217696391253753], [91.40229862134909, 23.217154611069017], [91.40249401621097, 23.217156596697436], [91.40249616443967, 23.21697600327665], [91.40269155906063, 23.216977988645233], [91.40269370700527, 23.216797395202892], [91.40288910138531, 23.216799380311638], [91.40289339668497, 23.21643819337954], [91.4038703662837, 23.216448115111838], [91.40386821995702, 23.216628708666075], [91.40406361420388, 23.216630692301862], [91.40406146811813, 23.216811285868967], [91.404256862649, 23.216813269279324], [91.40424827914059, 23.217535643573164], [91.40366209246277, 23.21752969240784], [91.40365994574432, 23.217710285918876], [91.4022921757462, 23.217696391253753]]]}}, {"type": "Feature", "properties": {"aoi_name": "Feni", "sensor": "Sentinel-1", "acquisition_date": "2024-08-21", "baseline_date": "2024-08-09", "area_km2": 0.022, "threshold": 1.25, "detects": "open_water_only"}, "geometry": {"type": "Polygon", "coordinates": [[[91.45714338056082, 22.89782102205087], [91.45714542350365, 22.897640416596282], [91.45695048416329, 22.89763852376117], [91.45695252734333, 22.897457918318892], [91.45675758828149, 22.89745602526144], [91.45676576182657, 22.896733603515962], [91.45735057597965, 22.896739281772454], [91.45735466108108, 22.89637807077454], [91.45832934917064, 22.896387529590964], [91.45831301858397, 22.89783237414328], [91.45714338056082, 22.89782102205087]]]}}, {"type": "Feature", "properties": {"aoi_name": "Feni", "sensor": "Sentinel-1", "acquisition_date": "2024-08-21", "baseline_date": "2024-08-09", "area_km2": 0.022, "threshold": 1.25, "detects": "open_water_only"}, "geometry": {"type": "Polygon", "coordinates": [[[91.36007338417215, 22.81502794204684], [91.36007554687333, 22.814847343257213], [91.35968592269722, 22.81484333297679], [91.35968808588976, 22.814662734218118], [91.35929846231457, 22.8146587230212], [91.35930495330044, 22.814116926825243], [91.3594997643072, 22.814118932489787], [91.35950192766872, 22.81393833373161], [91.35989154923475, 22.81394234431166], [91.3598937120611, 22.813761745513943], [91.36028333320152, 22.813765755107042], [91.36028765776204, 22.813404557428285], [91.36087208809728, 22.813410569927793], [91.36086560353318, 22.813952366598045], [91.36106041445858, 22.813954370341538], [91.36105176909305, 22.814676765912342], [91.36085695714117, 22.814674762098406], [91.36085479548841, 22.814855360962785], [91.3606599833018, 22.8148533568933], [91.36065782137052, 22.81503395573578], [91.36007338417215, 22.81502794204684]]]}}, {"type": "Feature", "properties": {"aoi_name": "Feni", "sensor": "Sentinel-1", "acquisition_date": "2024-08-21", "baseline_date": "2024-08-09", "area_km2": 0.022, "threshold": 1.25, "detects": "open_water_only"}, "geometry": {"type": "Polygon", "coordinates": [[[91.44675188121415, 23.039508979830437], [91.44675395210578, 23.039328378489937], [91.44636366884758, 23.03932454485552], [91.44636574023818, 23.03914394354416], [91.44597545758332, 23.039140108980877], [91.44598167318934, 23.03859830512134], [91.44578653267297, 23.038596387529005], [91.44579482089497, 23.037873982389687], [91.44696565806869, 23.03788548393384], [91.44696358760392, 23.038066085325436], [91.44715872746582, 23.038068001424204], [91.44715044643765, 23.03879040701445], [91.44734558736003, 23.0387923229395], [91.44733730703773, 23.03951472852784], [91.44675188121415, 23.039508979830437]]]}}, {"type": "Feature", "properties": {"aoi_name": "Feni", "sensor": "Sentinel-1", "acquisition_date": "2024-08-21", "baseline_date": "2024-08-09", "area_km2": 0.022, "threshold": 1.25, "detects": "open_water_only"}, "geometry": {"type": "Polygon", "coordinates": [[[91.41034846898599, 22.98171006355205], [91.41035058247206, 22.981529464057473], [91.41015552735978, 22.981527507092768], [91.41015975478606, 22.98116630812493], [91.40996470021324, 22.981164350954543], [91.40997315584607, 22.9804419530357], [91.41016820938268, 22.980443910137677], [91.4101703229785, 22.98026331063012], [91.41036537627741, 22.980265267475115], [91.410369602887, 22.979904068412907], [91.41095476135737, 22.979909937406035], [91.41095264884036, 22.980090536990577], [91.41114770196552, 22.980092492858965], [91.41114558968623, 22.9802730924563], [91.41134064309172, 22.980275048101902], [91.41132797052273, 22.981358645698236], [91.41113291556292, 22.981356689950093], [91.41113080313443, 22.981537289517355], [91.41093574793686, 22.981535333512227], [91.41093363522798, 22.981715933058094], [91.41034846898599, 22.98171006355205]]]}}, {"type": "Feature", "properties": {"aoi_name": "Feni", "sensor": "Sentinel-1", "acquisition_date": "2024-08-21", "baseline_date": "2024-08-09", "area_km2": 0.0216, "threshold": 1.25, "detects": "open_water_only"}, "geometry": {"type": "Polygon", "coordinates": [[[91.4062048583043, 23.16788609397373], [91.40620699646331, 23.16770549909585], [91.40581634971645, 23.167701544772726], [91.40581848837749, 23.167520949924857], [91.40562316529807, 23.167518972417383], [91.4056317207744, 23.166796593051338], [91.40641300903295, 23.166804501354193], [91.40641087124311, 23.166985096270874], [91.40680151602479, 23.166989049004357], [91.40680365329112, 23.166808454053353], [91.40758494206514, 23.166816356547102], [91.40757212442732, 23.167899926600004], [91.4062048583043, 23.16788609397373]]]}}, {"type": "Feature", "properties": {"aoi_name": "Feni", "sensor": "Sentinel-1", "acquisition_date": "2024-08-21", "baseline_date": "2024-08-09", "area_km2": 0.0216, "threshold": 1.25, "detects": "open_water_only"}, "geometry": {"type": "Polygon", "coordinates": [[[91.45864610343052, 22.95455178612041], [91.45865633616894, 22.95364876461021], [91.45885135582385, 22.953650659714906], [91.45886158675226, 22.95274763801477], [91.45944664196075, 22.952753321642742], [91.4594445965924, 22.95293392604105], [91.45963961529522, 22.95293582012112], [91.4596375701649, 22.953116424531714], [91.46002760814982, 22.953120212006226], [91.46001738477528, 22.95402323416064], [91.4598223644791, 22.954021340460354], [91.45982031948355, 22.954201944861826], [91.4596252989493, 22.95420005090537], [91.45962325367442, 22.954380655285995], [91.45942823290214, 22.95437876107338], [91.4594261873479, 22.95455936543315], [91.45864610343052, 22.95455178612041]]]}}, {"type": "Feature", "properties": {"aoi_name": "Feni", "sensor": "Sentinel-1", "acquisition_date": "2024-08-21", "baseline_date": "2024-08-09", "area_km2": 0.0216, "threshold": 1.25, "detects": "open_water_only"}, "geometry": {"type": "Polygon", "coordinates": [[[91.50800686553009, 22.953217545917123], [91.50800884646505, 22.95303693745366], [91.50761880003127, 22.953033267957153], [91.50762078146361, 22.95285265952151], [91.50742575853543, 22.95285082442991], [91.50743170348849, 22.952308999145522], [91.50762672564058, 22.952310834188967], [91.5076287069929, 22.952130225736237], [91.50801875083972, 22.95213389507224], [91.50802073165467, 22.951953286583144], [91.5082157533494, 22.951955120875713], [91.50821773388564, 22.951774512366296], [91.5084127553417, 22.951776346403232], [91.50841671583682, 22.951415129339495], [91.50919679979157, 22.951422462963023], [91.5091869035774, 22.952325505911112], [91.50879685897323, 22.952321839418143], [91.50879487915306, 22.952502447962875], [91.50859985662225, 22.952500614340956], [91.50859193610685, 22.953223048412994], [91.50800686553009, 22.953217545917123]]]}}, {"type": "Feature", "properties": {"aoi_name": "Feni", "sensor": "Sentinel-1", "acquisition_date": "2024-08-21", "baseline_date": "2024-08-09", "area_km2": 0.0216, "threshold": 1.25, "detects": "open_water_only"}, "geometry": {"type": "Polygon", "coordinates": [[[91.33520917085555, 22.96865652818849], [91.3352113828128, 22.968475935157507], [91.33462629564544, 22.9684697894254], [91.33463072104597, 22.96810860345796], [91.3344356925525, 22.968106554437004], [91.33444011838134, 22.96774536848814], [91.33424509042788, 22.967743319263306], [91.33425394285283, 22.967020947385482], [91.33483902367439, 22.96702709412591], [91.33483681137811, 22.96720768715557], [91.33542189317708, 22.9672138317925], [91.33541968163493, 22.967394424871575], [91.33580973679685, 22.967398520133525], [91.33579425900037, 22.96866267181692], [91.33520917085555, 22.96865652818849]]]}}, {"type": "Feature", "properties": {"aoi_name": "Feni", "sensor": "Sentinel-1", "acquisition_date": "2024-08-21", "baseline_date": "2024-08-09", "area_km2": 0.0212, "threshold": 1.25, "detects": "open_water_only"}, "geometry": {"type": "Polygon", "coordinates": [[[91.41269335583814, 22.981372329218285], [91.41270390729862, 22.980469330634186], [91.41289896113359, 22.980471284377817], [91.4129074008825, 22.979748885364902], [91.41310245370259, 22.97975083880037], [91.41310456332754, 22.979570239019328], [91.41368972113841, 22.97957609783528], [91.41368339453105, 22.98011789731913], [91.41407350139895, 22.980121802099447], [91.41406295921823, 22.98102480132388], [91.4136728497598, 22.981020896372947], [91.41367074074171, 22.98120149617082], [91.41347568578536, 22.981199543318446], [91.41347357648692, 22.98138014309496], [91.41269335583814, 22.981372329218285]]]}}, {"type": "Feature", "properties": {"aoi_name": "Feni", "sensor": "Sentinel-1", "acquisition_date": "2024-08-21", "baseline_date": "2024-08-09", "area_km2": 0.0212, "threshold": 1.25, "detects": "open_water_only"}, "geometry": {"type": "Polygon", "coordinates": [[[91.42384963101708, 22.775572691336148], [91.42385792935293, 22.77485026989776], [91.42405269077035, 22.77485219353489], [91.42405476504564, 22.774671588147708], [91.42463904865579, 22.774677357583304], [91.4246411221418, 22.774496752141076], [91.42580968839317, 22.774508284498236], [91.42580761644368, 22.774688890041965], [91.42600237781522, 22.774690811287154], [91.42599409083157, 22.775413233487072], [91.42463075450154, 22.775399779309588], [91.42462868091042, 22.775580384730496], [91.42384963101708, 22.775572691336148]]]}}, {"type": "Feature", "properties": {"aoi_name": "Feni", "sensor": "Sentinel-1", "acquisition_date": "2024-08-21", "baseline_date": "2024-08-09", "area_km2": 0.0212, "threshold": 1.25, "detects": "open_water_only"}, "geometry": {"type": "Polygon", "coordinates": [[[91.44965435312479, 23.007567332604253], [91.44965848075739, 23.007206127964306], [91.44946338507127, 23.007204217365043], [91.44947576902626, 23.00612060344227], [91.4496708631557, 23.006122513941445], [91.4496749904553, 23.005761309232817], [91.45065045882032, 23.005770857958982], [91.45063602198802, 23.007035074947712], [91.4504409264573, 23.00703316556616], [91.45043473815309, 23.007574972732645], [91.44965435312479, 23.007567332604253]]]}}, {"type": "Feature", "properties": {"aoi_name": "Feni", "sensor": "Sentinel-1", "acquisition_date": "2024-08-21", "baseline_date": "2024-08-09", "area_km2": 0.0212, "threshold": 1.25, "detects": "open_water_only"}, "geometry": {"type": "Polygon", "coordinates": [[[91.45521985799259, 22.99859058833104], [91.45522191351752, 22.99840998533243], [91.45502682995995, 22.998408082273528], [91.45502888572346, 22.998227479287255], [91.45483380244596, 22.99822557600487], [91.45483585844809, 22.99804497303092], [91.45444569247393, 22.99804116577909], [91.45444774897396, 22.997860562834106], [91.45425266627733, 22.997858658864665], [91.45425883643091, 22.997316850053863], [91.45445391834959, 22.99731875397342], [91.45445597476665, 22.99713815101127], [91.45543138337459, 22.997147666924498], [91.45542932825411, 22.99732826996976], [91.45581949236106, 22.997332074687623], [91.45581538309516, 22.997693280831733], [91.45601046569836, 22.997695182863747], [91.45600019346755, 22.99859819823202], [91.45521985799259, 22.99859058833104]]]}}, {"type": "Feature", "properties": {"aoi_name": "Feni", "sensor": "Sentinel-1", "acquisition_date": "2024-08-21", "baseline_date": "2024-08-09", "area_km2": 0.0212, "threshold": 1.25, "detects": "open_water_only"}, "geometry": {"type": "Polygon", "coordinates": [[[91.51197800256026, 23.142188929546148], [91.51198398395613, 23.141647116098444], [91.51178868859846, 23.14164527218803], [91.51179267661834, 23.14128406323345], [91.51140208700886, 23.14128037475136], [91.5114040815116, 23.14109977029969], [91.51120878699837, 23.14109792571199], [91.51121676585446, 23.14037550792643], [91.51141205932198, 23.140377352450002], [91.51141405372444, 23.140196747976834], [91.51160934695059, 23.140198592242587], [91.5116113410716, 23.140017987749086], [91.51219722008612, 23.14002351904759], [91.51219522674937, 23.140204123589168], [91.51239052005572, 23.1402059668878], [91.51237656796727, 23.14147019867065], [91.51257186312364, 23.141472041839656], [91.51256389110652, 23.142194459970806], [91.51197800256026, 23.142188929546148]]]}}, {"type": "Feature", "properties": {"aoi_name": "Feni", "sensor": "Sentinel-1", "acquisition_date": "2024-08-21", "baseline_date": "2024-08-09", "area_km2": 0.0212, "threshold": 1.25, "detects": "open_water_only"}, "geometry": {"type": "Polygon", "coordinates": [[[91.50635591662355, 22.92592728658608], [91.50636185806012, 22.925385459730197], [91.50655684155659, 22.92538729405719], [91.50656476215867, 22.924664858125347], [91.50636977969536, 22.924663023862596], [91.50637176005415, 22.92448241488503], [91.50617677786914, 22.92448058039907], [91.50618668065431, 22.923577535527514], [91.50677162339515, 22.923583038026667], [91.50676766389077, 22.923944256084457], [91.50696264536096, 22.92394608980444], [91.50695868629313, 22.924307307877275], [91.50715366829986, 22.92430914139009], [91.50714773032296, 22.9248509685155], [91.50734271312456, 22.924852801837208], [91.50733083818052, 22.925936456069106], [91.50635591662355, 22.92592728658608]]]}}, {"type": "Feature", "properties": {"aoi_name": "Feni", "sensor": "Sentinel-1", "acquisition_date": "2024-08-21", "baseline_date": "2024-08-09", "area_km2": 0.0212, "threshold": 1.25, "detects": "open_water_only"}, "geometry": {"type": "Polygon", "coordinates": [[[91.48492133992015, 23.133983798019067], [91.48492539842027, 23.133622593175364], [91.48473011711324, 23.133620716357836], [91.48473214659401, 23.133440113945845], [91.4845368655687, 23.133438236902943], [91.48454295467245, 23.13289642969011], [91.48473823491385, 23.13289830668405], [91.48474026431299, 23.132717704254848], [91.4857166645196, 23.132727085517722], [91.48571463642695, 23.132907688028492], [91.48590991679077, 23.13290956357233], [91.48591194462213, 23.132728961045256], [91.48649778505202, 23.132734586177744], [91.4864917038485, 23.133276393892785], [91.4862964229009, 23.133274519041404], [91.48629439553099, 23.13345512158818], [91.48609911434248, 23.13345324647881], [91.48609708669086, 23.133633849004973], [91.48590180526145, 23.133631973637602], [91.48589977732813, 23.13381257614317], [91.48570449565779, 23.133810700517802], [91.48570246744278, 23.133991303002748], [91.48492133992015, 23.133983798019067]]]}}, {"type": "Feature", "properties": {"aoi_name": "Feni", "sensor": "Sentinel-1", "acquisition_date": "2024-08-21", "baseline_date": "2024-08-09", "area_km2": 0.0212, "threshold": 1.25, "detects": "open_water_only"}, "geometry": {"type": "Polygon", "coordinates": [[[91.39048535831192, 23.044545511418175], [91.39048750472598, 23.04436491511253], [91.39029236114816, 23.044362928595934], [91.39029450780055, 23.044182332303304], [91.39009936450432, 23.044180345563422], [91.3901100987416, 23.04327736412221], [91.39030524073804, 23.043279350775475], [91.39030953376164, 23.042918158134167], [91.39109009988414, 23.042926102202642], [91.39108795442293, 23.043106698594727], [91.3914782381338, 23.043110669220003], [91.39146751310304, 23.0440136512889], [91.39127236993703, 23.044011666010007], [91.39126593387931, 23.044553455147675], [91.39048535831192, 23.044545511418175]]]}}, {"type": "Feature", "properties": {"aoi_name": "Feni", "sensor": "Sentinel-1", "acquisition_date": "2024-08-21", "baseline_date": "2024-08-09", "area_km2": 0.0208, "threshold": 1.25, "detects": "open_water_only"}, "geometry": {"type": "Polygon", "coordinates": [[[91.51764734681161, 22.92765877349062], [91.51764931250732, 22.927478163653216], [91.517454325033, 22.927476342790076], [91.51745629096717, 22.927295732964343], [91.51726130377105, 22.927293911877836], [91.51726523609648, 22.92693269224547], [91.51707024943688, 22.92693087095155], [91.51707614855098, 22.926389041518842], [91.51785609220869, 22.926396325067397], [91.51785412689047, 22.926576934946336], [91.51824409935512, 22.926580575316702], [91.5182499937003, 22.926038745571464], [91.5188349502213, 22.926044204188873], [91.5188251300882, 22.92694725398191], [91.51843515647116, 22.926943614983628], [91.5184272979408, 22.927666054613834], [91.51764734681161, 22.92765877349062]]]}}, {"type": "Feature", "properties": {"aoi_name": "Feni", "sensor": "Sentinel-1", "acquisition_date": "2024-08-21", "baseline_date": "2024-08-09", "area_km2": 0.0208, "threshold": 1.25, "detects": "open_water_only"}, "geometry": {"type": "Polygon", "coordinates": [[[91.36736859463723, 22.824133924632505], [91.36737074867685, 22.82395332538897], [91.36717592291205, 22.823951328532313], [91.36718023143936, 22.823590130067494], [91.3669854062099, 22.82358813300788], [91.36699186960752, 22.823046335331153], [91.36718669406669, 22.82304833233813], [91.3671910023758, 22.822687133830463], [91.36855477060617, 22.822701105968715], [91.3685440086562, 22.82360410281957], [91.36815435791377, 22.823600111794903], [91.36814789894159, 22.82414190974882], [91.36736859463723, 22.824133924632505]]]}}, {"type": "Feature", "properties": {"aoi_name": "Feni", "sensor": "Sentinel-1", "acquisition_date": "2024-08-21", "baseline_date": "2024-08-09", "area_km2": 0.0208, "threshold": 1.25, "detects": "open_water_only"}, "geometry": {"type": "Polygon", "coordinates": [[[91.40456953190407, 23.124521483669728], [91.40457807529116, 23.123799100738008], [91.40477333492933, 23.123801076023405], [91.40477547046129, 23.1236204802625], [91.40497072985981, 23.123622455289176], [91.40497286510916, 23.123441859506766], [91.4053633834484, 23.123445808801147], [91.4053676528382, 23.123084617154685], [91.40556291151779, 23.12308659140523], [91.40556718029947, 23.122725399707146], [91.4053719221421, 23.122723425490946], [91.40537832593692, 23.122181637962953], [91.40596409812348, 23.12218755973244], [91.40596196432998, 23.12236815563093], [91.40615722202953, 23.122370129088203], [91.40614655404568, 23.123273108601676], [91.40595129504058, 23.123271135058587], [91.40594702717458, 23.123632326799413], [91.40575176766869, 23.123630352980452], [91.40574749919458, 23.12399154466967], [91.4055522391879, 23.123989570574828], [91.40555010465751, 23.124170166395796], [91.40535484441118, 23.12416819204224], [91.40535270959819, 23.124348787841704], [91.40515744911221, 23.124346813229426], [91.40515531401661, 23.124527409007406], [91.40456953190407, 23.124521483669728]]]}}, {"type": "Feature", "properties": {"aoi_name": "Feni", "sensor": "Sentinel-1", "acquisition_date": "2024-08-21", "baseline_date": "2024-08-09", "area_km2": 0.0208, "threshold": 1.25, "detects": "open_water_only"}, "geometry": {"type": "Polygon", "coordinates": [[[91.41870393983383, 23.101544690032746], [91.41870605444713, 23.101364092539516], [91.41851082593303, 23.101362136291076], [91.4185213999843, 23.100459148845353], [91.4187166271944, 23.100461105008662], [91.41872085614436, 23.10009990996613], [91.41950176311121, 23.100107732070406], [91.41950387651111, 23.099927134474587], [91.42008955617722, 23.09993299846837], [91.42007899287685, 23.10083598665952], [91.41988376499626, 23.10083403215114], [91.41988165201161, 23.101014629759426], [91.41949119579262, 23.101010719984792], [91.41948908226509, 23.101191317554733], [91.4192938539267, 23.101189362288473], [91.41928962628623, 23.101550557381383], [91.41870393983383, 23.101544690032746]]]}}, {"type": "Feature", "properties": {"aoi_name": "Feni", "sensor": "Sentinel-1", "acquisition_date": "2024-08-21", "baseline_date": "2024-08-09", "area_km2": 0.0208, "threshold": 1.25, "detects": "open_water_only"}, "geometry": {"type": "Polygon", "coordinates": [[[91.4873019559154, 23.025993981401875], [91.48730598693611, 23.025632771225688], [91.48711086130015, 23.025630905601005], [91.48711489275908, 23.025269695440233], [91.48691976766293, 23.025267829607674], [91.48692379956002, 23.024906619462318], [91.48653355046763, 23.024902887141035], [91.48654161609574, 23.024180466929156], [91.48790748100244, 23.02419352539031], [91.4878873345036, 23.025999576930953], [91.4873019559154, 23.025993981401875]]]}}, {"type": "Feature", "properties": {"aoi_name": "Feni", "sensor": "Sentinel-1", "acquisition_date": "2024-08-21", "baseline_date": "2024-08-09", "area_km2": 0.0204, "threshold": 1.25, "detects": "open_water_only"}, "geometry": {"type": "Polygon", "coordinates": [[[91.41325824696447, 23.14953437752643], [91.41326037378025, 23.149353781608042], [91.4130650763325, 23.149351814782975], [91.41307783834715, 23.148268239284462], [91.41288254248975, 23.1482662723201], [91.41289317822138, 23.14736329270463], [91.4134790619355, 23.147369192615873], [91.41347693561637, 23.147549788598877], [91.41367223049198, 23.1475517547694], [91.41366797831252, 23.14791294675662], [91.41386327373246, 23.147914912719486], [91.4138590219905, 23.14827610472359], [91.41405431795476, 23.148278070478785], [91.414047940966, 23.14881985850378], [91.41385264421727, 23.148817892697334], [91.41384414022043, 23.149540276601826], [91.41325824696447, 23.14953437752643]]]}}, {"type": "Feature", "properties": {"aoi_name": "Feni", "sensor": "Sentinel-1", "acquisition_date": "2024-08-21", "baseline_date": "2024-08-09", "area_km2": 0.0204, "threshold": 1.25, "detects": "open_water_only"}, "geometry": {"type": "Polygon", "coordinates": [[[91.48322602260134, 22.989107560664298], [91.48322803994128, 22.988926955079137], [91.48283789497158, 22.98892321915701], [91.4828419306272, 22.988562008039107], [91.4826468586913, 22.988560139750675], [91.48265291279962, 22.98801832309069], [91.48284798395794, 22.988020191330154], [91.48285000169413, 22.987839585751928], [91.48324014355346, 22.98784332147822], [91.48324216075092, 22.98766271586308], [91.48382737291494, 22.987668317603585], [91.48382334005483, 22.988029528927477], [91.48401841133526, 22.988031395726942], [91.48401639513386, 22.98821200139877], [91.48421146669382, 22.98821386797455], [91.4842094507313, 22.988394473658406], [91.4844045225708, 22.988396340010485], [91.48439847533879, 22.988938157085286], [91.48381325754848, 22.988932557162258], [91.48381124098617, 22.989113162796365], [91.48322602260134, 22.989107560664298]]]}}, {"type": "Feature", "properties": {"aoi_name": "Feni", "sensor": "Sentinel-1", "acquisition_date": "2024-08-21", "baseline_date": "2024-08-09", "area_km2": 0.0204, "threshold": 1.25, "detects": "open_water_only"}, "geometry": {"type": "Polygon", "coordinates": [[[91.43048653706285, 22.791352580539176], [91.43048860453752, 22.791171974965607], [91.43029381934753, 22.791170057886134], [91.43030002241474, 22.790628241190415], [91.43049480683577, 22.790630158219294], [91.4304968742266, 22.790449552628665], [91.43069165841226, 22.790451469402996], [91.43069579261845, 22.79009025817521], [91.43089057631242, 22.790092174678136], [91.43089264312778, 22.789911569040996], [91.4310874265864, 22.78991348528938], [91.43108949312449, 22.789732879631117], [91.43128427634775, 22.78973479562497], [91.4312863426086, 22.789554189945584], [91.43187069163508, 22.789559936450523], [91.4318603639661, 22.790462965057564], [91.43166557965476, 22.79046104970935], [91.43166144792797, 22.790822261088625], [91.43146666312494, 22.790820345469022], [91.4314645969738, 22.79100095113541], [91.4312698119354, 22.790999035261265], [91.43126774550697, 22.791179640906538], [91.43107296023318, 22.791177724777846], [91.43107089352752, 22.79135833040199], [91.43048653706285, 22.791352580539176]]]}}, {"type": "Feature", "properties": {"aoi_name": "Feni", "sensor": "Sentinel-1", "acquisition_date": "2024-08-21", "baseline_date": "2024-08-09", "area_km2": 0.0204, "threshold": 1.25, "detects": "open_water_only"}, "geometry": {"type": "Polygon", "coordinates": [[[91.43319106602584, 23.11505501884243], [91.43319316263869, 23.114874420397243], [91.43280266383911, 23.11487054135615], [91.43281105216761, 23.114148147667276], [91.43320154887914, 23.114152026573382], [91.43320993478214, 23.11342963268053], [91.43399092428237, 23.113437387325558], [91.433986733461, 23.113798584415537], [91.43418198141075, 23.113800522506924], [91.4341673146989, 23.115064712304058], [91.43319106602584, 23.11505501884243]]]}}, {"type": "Feature", "properties": {"aoi_name": "Feni", "sensor": "Sentinel-1", "acquisition_date": "2024-08-21", "baseline_date": "2024-08-09", "area_km2": 0.0204, "threshold": 1.25, "detects": "open_water_only"}, "geometry": {"type": "Polygon", "coordinates": [[[91.46975011528752, 22.938403060825678], [91.46975823618696, 22.937680638385206], [91.46936824065901, 22.937676877221506], [91.4693702713495, 22.937496271633606], [91.46917527387474, 22.937494390709105], [91.46918542831185, 22.93659136278777], [91.47035540571456, 22.936602644249948], [91.47034728840868, 22.937325066990542], [91.47054228574802, 22.93732694646215], [91.47053416914798, 22.938049369200098], [91.47033917077479, 22.93804748966269], [91.47033511183487, 22.938408700973106], [91.46975011528752, 22.938403060825678]]]}}, {"type": "Feature", "properties": {"aoi_name": "Feni", "sensor": "Sentinel-1", "acquisition_date": "2024-08-21", "baseline_date": "2024-08-09", "area_km2": 0.0196, "threshold": 1.25, "detects": "open_water_only"}, "geometry": {"type": "Polygon", "coordinates": [[[91.45010539117641, 23.172478546042342], [91.4501074709153, 23.17229794745429], [91.44991213674152, 23.17229602449505], [91.4499183766184, 23.171754228755077], [91.45030904341574, 23.171758074331255], [91.45031112280923, 23.17157747570925], [91.45050645597739, 23.171579398117462], [91.45050853508813, 23.17139879947444], [91.45070386801535, 23.171400721623844], [91.45070594684336, 23.171220122959813], [91.45090127952962, 23.171222044850413], [91.45090335807491, 23.171041446165383], [91.4516846879814, 23.171049131239894], [91.45167637786442, 23.171771526221047], [91.4514810443091, 23.171769605248876], [91.45147688860168, 23.1721308026802], [91.45128155454354, 23.17212888143254], [91.45127947639664, 23.172309480125044], [91.45088880781931, 23.172305636869975], [91.45088672912784, 23.17248623552479], [91.45010539117641, 23.172478546042342]]]}}, {"type": "Feature", "properties": {"aoi_name": "Feni", "sensor": "Sentinel-1", "acquisition_date": "2024-08-21", "baseline_date": "2024-08-09", "area_km2": 0.0196, "threshold": 1.25, "detects": "open_water_only"}, "geometry": {"type": "Polygon", "coordinates": [[[91.4686127835564, 23.15983560342121], [91.46861894446918, 23.159293802045514], [91.46842362745194, 23.15929190305109], [91.46843184276005, 23.15856950122247], [91.46901779073372, 23.158575197281863], [91.46900957856562, 23.15929759930841], [91.46940021274456, 23.159301395603364], [91.4694022652942, 23.159120795070216], [91.46959758215294, 23.15912269283823], [91.46959963442028, 23.158942092284285], [91.46979495103798, 23.158943989793833], [91.46979700302302, 23.1587633892191], [91.47038295221485, 23.158769080246422], [91.47037064470541, 23.159852683926808], [91.46978469080344, 23.15984699260287], [91.46978674289159, 23.159666392049683], [91.46939610758342, 23.159662596656737], [91.4693940549719, 23.159843197176947], [91.4686127835564, 23.15983560342121]]]}}, {"type": "Feature", "properties": {"aoi_name": "Feni", "sensor": "Sentinel-1", "acquisition_date": "2024-08-21", "baseline_date": "2024-08-09", "area_km2": 0.0196, "threshold": 1.25, "detects": "open_water_only"}, "geometry": {"type": "Polygon", "coordinates": [[[91.50930835371639, 22.923426248062636], [91.50931033006106, 22.923245638814493], [91.50911534938412, 22.923243808029834], [91.50911732596708, 22.92306319879345], [91.50892234556838, 22.923061367785568], [91.50892432238963, 22.92288075856096], [91.50833938208821, 22.922875264149884], [91.50834135966427, 22.922694654969124], [91.50814637986203, 22.922692823036304], [91.5081523132451, 22.922150995516535], [91.50893222947492, 22.92215832161985], [91.5089342061963, 22.92197771237391], [91.50951914280365, 22.92198320439124], [91.50951716685704, 22.92216381368527], [91.50971214602434, 22.92216564389525], [91.509710170316, 22.92234625320105], [91.50990514976154, 22.92234808318781], [91.50989329664183, 22.92343173902915], [91.50930835371639, 22.923426248062636]]]}}, {"type": "Feature", "properties": {"aoi_name": "Feni", "sensor": "Sentinel-1", "acquisition_date": "2024-08-21", "baseline_date": "2024-08-09", "area_km2": 0.0196, "threshold": 1.25, "detects": "open_water_only"}, "geometry": {"type": "Polygon", "coordinates": [[[91.48844312385097, 23.081095157209703], [91.4884491819248, 23.08055334542566], [91.48864438684636, 23.080555213590497], [91.48864842493951, 23.080194005680454], [91.48884362936033, 23.080195873571675], [91.48884564811588, 23.08001526959395], [91.4890408522965, 23.080017137227834], [91.4890428707712, 23.079836533229535], [91.48982368665472, 23.079844001289324], [91.48982166922212, 23.080024605352666], [91.49040728212964, 23.08003020391504], [91.49040123205485, 23.080572016225585], [91.49001082186632, 23.08056828399422], [91.49000880461303, 23.080748888056636], [91.48961839398464, 23.08074515482845], [91.48961637618997, 23.080925758854058], [91.48942117064571, 23.080923891862085], [91.48941915257015, 23.081104495867137], [91.48844312385097, 23.081095157209703]]]}}, {"type": "Feature", "properties": {"aoi_name": "Feni", "sensor": "Sentinel-1", "acquisition_date": "2024-08-21", "baseline_date": "2024-08-09", "area_km2": 0.0196, "threshold": 1.25, "detects": "open_water_only"}, "geometry": {"type": "Polygon", "coordinates": [[[91.52106028252419, 22.972486327695393], [91.52106224796941, 22.972305718598196], [91.52067214395166, 22.97230207831534], [91.520674109895, 22.97212146924569], [91.52047905817487, 22.97211964876043], [91.52048692278571, 22.971397212502758], [91.52068197346993, 22.971399032924364], [91.52068590513835, 22.97103781473806], [91.52127105575624, 22.97104327446848], [91.52126712564164, 22.97140449275024], [91.52146217640522, 22.971406312212554], [91.52146021157714, 22.97158692136293], [91.52224041586565, 22.971594196877582], [91.52223452437015, 22.9721360244939], [91.52203947249134, 22.972134205927272], [91.5220375083609, 22.97231481510827], [91.52184245624294, 22.972312996285922], [91.52184049183367, 22.972493605446743], [91.52106028252419, 22.972486327695393]]]}}, {"type": "Feature", "properties": {"aoi_name": "Feni", "sensor": "Sentinel-1", "acquisition_date": "2024-08-21", "baseline_date": "2024-08-09", "area_km2": 0.0192, "threshold": 1.25, "detects": "open_water_only"}, "geometry": {"type": "Polygon", "coordinates": [[[91.49103697254796, 23.18082349226617], [91.4910430494122, 23.18028168667867], [91.49143374848394, 23.1802854315375], [91.49143577354067, 23.18010482963388], [91.49163112284506, 23.18010670168369], [91.49163314761948, 23.17992609975951], [91.49182849668222, 23.179927971550836], [91.49183457009747, 23.179386165703683], [91.4920299183946, 23.179388037204035], [91.49203599084089, 23.178846231269386], [91.49262203349654, 23.17885184417089], [91.49260584618729, 23.180296660300275], [91.49241049651923, 23.18029478944541], [91.49240847275212, 23.180475391425954], [91.49221312284239, 23.180473520312614], [91.49221109879295, 23.18065412227261], [91.49162504839981, 23.18064850743038], [91.49162302354404, 23.18082910933733], [91.49103697254796, 23.18082349226617]]]}}, {"type": "Feature", "properties": {"aoi_name": "Feni", "sensor": "Sentinel-1", "acquisition_date": "2024-08-21", "baseline_date": "2024-08-09", "area_km2": 0.0192, "threshold": 1.25, "detects": "open_water_only"}, "geometry": {"type": "Polygon", "coordinates": [[[91.35387767671227, 22.98944185348204], [91.35390175852923, 22.987455316311465], [91.35448693315989, 22.98746139565244], [91.35448474479159, 22.987641990015337], [91.35467980330509, 22.987644016000157], [91.35467105064768, 22.988366393479474], [91.35486611021977, 22.988368419295142], [91.354855170197, 22.989271391135766], [91.3546601093292, 22.989269365231603], [91.35465792099926, 22.9894499595691], [91.35387767671227, 22.98944185348204]]]}}, {"type": "Feature", "properties": {"aoi_name": "Feni", "sensor": "Sentinel-1", "acquisition_date": "2024-08-21", "baseline_date": "2024-08-09", "area_km2": 0.0192, "threshold": 1.25, "detects": "open_water_only"}, "geometry": {"type": "Polygon", "coordinates": [[[91.40011119866878, 23.17107539009289], [91.40011334533068, 23.1708947958261], [91.3999180179017, 23.170892810971676], [91.39992660538086, 23.170170433930164], [91.40012193176263, 23.170172418715648], [91.4001326643173, 23.169269447230217], [91.40091396482421, 23.169277383606783], [91.40090538301227, 23.16999976107944], [91.40110070924005, 23.170001744637293], [91.4010899827991, 23.170904716466868], [91.40069932774705, 23.17090074893683], [91.40069718187057, 23.171081343255317], [91.40011119866878, 23.17107539009289]]]}}, {"type": "Feature", "properties": {"aoi_name": "Feni", "sensor": "Sentinel-1", "acquisition_date": "2024-08-21", "baseline_date": "2024-08-09", "area_km2": 0.0192, "threshold": 1.25, "detects": "open_water_only"}, "geometry": {"type": "Polygon", "coordinates": [[[91.48661206757002, 22.912735186951235], [91.48661407295572, 22.91255457934527], [91.48641910960777, 22.91255272151209], [91.48642111523131, 22.91237211391813], [91.48622615216173, 22.912370255862104], [91.48623216968501, 22.91182843310343], [91.48701201898776, 22.911835863697533], [91.48701402375595, 22.911655256037676], [91.48720898587419, 22.911657113072142], [91.487210990364, 22.911476505391747], [91.48760091414512, 22.911480218710803], [91.48760291809853, 22.911299610993606], [91.48818780314784, 22.91130517913007], [91.48817979030984, 22.912027610168344], [91.48778986485866, 22.912023898186412], [91.48778786108234, 22.912204505902782], [91.48759289812902, 22.91220264953688], [91.48759089407436, 22.912383257232722], [91.4873959308832, 22.91238140061143], [91.48739192219689, 22.91274261595778], [91.48661206757002, 22.912735186951235]]]}}, {"type": "Feature", "properties": {"aoi_name": "Feni", "sensor": "Sentinel-1", "acquisition_date": "2024-08-21", "baseline_date": "2024-08-09", "area_km2": 0.0192, "threshold": 1.25, "detects": "open_water_only"}, "geometry": {"type": "Polygon", "coordinates": [[[91.43163616855072, 23.19830460012591], [91.43163827568709, 23.19812400372206], [91.43144290573551, 23.198122055812455], [91.43145133511828, 23.197399670221408], [91.43242817984341, 23.197409407007335], [91.43243028582516, 23.197228810514297], [91.4332117609371, 23.19723659551207], [91.43320755105016, 23.1975977886289], [91.4334029204054, 23.19759973430607], [91.43339660620313, 23.19814152399953], [91.43261512576233, 23.198133739633764], [91.43261301993707, 23.198314336122074], [91.43163616855072, 23.19830460012591]]]}}, {"type": "Feature", "properties": {"aoi_name": "Feni", "sensor": "Sentinel-1", "acquisition_date": "2024-08-21", "baseline_date": "2024-08-09", "area_km2": 0.0192, "threshold": 1.25, "detects": "open_water_only"}, "geometry": {"type": "Polygon", "coordinates": [[[91.42285674098707, 23.180516352854337], [91.42286309226444, 23.17997456469672], [91.42266774949735, 23.179972607335134], [91.42267621861724, 23.179250223132403], [91.4244342948563, 23.17926783005591], [91.42442583516653, 23.17999021487], [91.42383980641884, 23.179984347871567], [91.42383769065742, 23.180164944013352], [91.42364234752208, 23.180162987845815], [91.42364023147744, 23.180343583966295], [91.42344488810139, 23.18034162753957], [91.42344277177355, 23.180522223638743], [91.42285674098707, 23.180516352854337]]]}}, {"type": "Feature", "properties": {"aoi_name": "Feni", "sensor": "Sentinel-1", "acquisition_date": "2024-08-21", "baseline_date": "2024-08-09", "area_km2": 0.0192, "threshold": 1.25, "detects": "open_water_only"}, "geometry": {"type": "Polygon", "coordinates": [[[91.4643757945675, 23.12023844405013], [91.46438196072839, 23.119696641033094], [91.46457722002732, 23.119698541971015], [91.46458133017568, 23.11933733990507], [91.4641908126429, 23.11933353785385], [91.46419697927692, 23.11879173482185], [91.46536852742379, 23.118803137779718], [91.46536647346629, 23.11898373889388], [91.4655617318242, 23.118985638558087], [91.4655576243694, 23.119346840806543], [91.46575288327013, 23.119348740262282], [91.46574672271626, 23.11989054365224], [91.46555146303226, 23.119888644146933], [91.46554940921189, 23.120069245251784], [91.46496362950052, 23.12006354523714], [91.46496157487617, 23.120244146288105], [91.4643757945675, 23.12023844405013]]]}}, {"type": "Feature", "properties": {"aoi_name": "Feni", "sensor": "Sentinel-1", "acquisition_date": "2024-08-21", "baseline_date": "2024-08-09", "area_km2": 0.0188, "threshold": 1.25, "detects": "open_water_only"}, "geometry": {"type": "Polygon", "coordinates": [[[91.4142726137426, 23.01317736844747], [91.41428105957226, 23.012454971932602], [91.41408595965277, 23.01245301732844], [91.41408807131647, 23.01227241820603], [91.41389297167777, 23.012270463378684], [91.41389508357969, 23.01208986426904], [91.41369998422181, 23.012087909218508], [91.41370843265453, 23.011365512805188], [91.41468392446684, 23.01137528531409], [91.41468181368809, 23.011555884509182], [91.41487691237393, 23.011557838307294], [91.4148705806885, 23.012099635917945], [91.41467548122417, 23.012097682068667], [91.41467337036029, 23.01227828124655], [91.41486847008414, 23.01228023511289], [91.4148663594585, 23.012460834303543], [91.41506145946313, 23.01246278794668], [91.41505301778578, 23.01318518473448], [91.4142726137426, 23.01317736844747]]]}}, {"type": "Feature", "properties": {"aoi_name": "Feni", "sensor": "Sentinel-1", "acquisition_date": "2024-08-21", "baseline_date": "2024-08-09", "area_km2": 0.0188, "threshold": 1.25, "detects": "open_water_only"}, "geometry": {"type": "Polygon", "coordinates": [[[91.44842881769947, 23.148439677511043], [91.44843089727544, 23.148259078516126], [91.44784499985361, 23.14825330831815], [91.4478470801932, 23.14807270936907], [91.44765178135592, 23.14807078550277], [91.44766010355104, 23.147348389730162], [91.44805069915456, 23.147352237087198], [91.44805277912808, 23.147171638099827], [91.44883396954005, 23.147179329844995], [91.4488318906125, 23.147359928899196], [91.44922248646685, 23.147363773354176], [91.44921001560057, 23.148447367789306], [91.44842881769947, 23.148439677511043]]]}}, {"type": "Feature", "properties": {"aoi_name": "Feni", "sensor": "Sentinel-1", "acquisition_date": "2024-08-21", "baseline_date": "2024-08-09", "area_km2": 0.0188, "threshold": 1.25, "detects": "open_water_only"}, "geometry": {"type": "Polygon", "coordinates": [[[91.50546402986076, 23.07782528786312], [91.50546602618924, 23.077644682450114], [91.50527082395797, 23.077642835291783], [91.50527481707563, 23.077281624485078], [91.50507961538547, 23.07727977711789], [91.50508360894369, 23.076918566326203], [91.50488840779462, 23.076916718750155], [91.50489439876266, 23.07637490257874], [91.50528479951798, 23.07637859739324], [91.50528679594615, 23.076197991961994], [91.50587239644841, 23.076203532327725], [91.50586441374102, 23.076925954219995], [91.50645001755001, 23.076931492609393], [91.50644203764709, 23.077653914625998], [91.50605163300366, 23.07765022247879], [91.5060496374567, 23.07783082794006], [91.50546402986076, 23.07782528786312]]]}}, {"type": "Feature", "properties": {"aoi_name": "Feni", "sensor": "Sentinel-1", "acquisition_date": "2024-08-21", "baseline_date": "2024-08-09", "area_km2": 0.0188, "threshold": 1.25, "detects": "open_water_only"}, "geometry": {"type": "Polygon", "coordinates": [[[91.41861179411818, 22.992449392672704], [91.41861389771617, 22.99226879269823], [91.41841882639957, 22.992266845045283], [91.41842513784393, 22.991725045147124], [91.41862020838288, 22.99172699274903], [91.41862651885857, 22.991185192761158], [91.41882158864111, 22.991187140072014], [91.41882369183136, 22.991006540050453], [91.41901876137591, 22.991008487104285], [91.41902086428574, 22.990827887061418], [91.41980114163924, 22.990835672808668], [91.41979273401996, 22.991558073226432], [91.41959766361295, 22.99155612708163], [91.4195892546175, 22.992278527362643], [91.41919911179333, 22.992274634216944], [91.419197008973, 22.99245523424244], [91.41861179411818, 22.992449392672704]]]}}, {"type": "Feature", "properties": {"aoi_name": "Feni", "sensor": "Sentinel-1", "acquisition_date": "2024-08-21", "baseline_date": "2024-08-09", "area_km2": 0.0188, "threshold": 1.25, "detects": "open_water_only"}, "geometry": {"type": "Polygon", "coordinates": [[[91.41038040171783, 23.178223450390536], [91.41038680251837, 23.177681665352075], [91.41019146426095, 23.17767969269502], [91.41019999940923, 23.176957312651655], [91.40980932505396, 23.176953366748045], [91.40981572776148, 23.17641158177287], [91.4109877463704, 23.176423416269504], [91.41097495019082, 23.17750698679736], [91.41117028827205, 23.17750895846861], [91.41116175810484, 23.17823133880246], [91.41038040171783, 23.178223450390536]]]}}, {"type": "Feature", "properties": {"aoi_name": "Feni", "sensor": "Sentinel-1", "acquisition_date": "2024-08-21", "baseline_date": "2024-08-09", "area_km2": 0.0188, "threshold": 1.25, "detects": "open_water_only"}, "geometry": {"type": "Polygon", "coordinates": [[[91.44677637164354, 23.173168215694297], [91.44677845591772, 23.172987617407635], [91.44638778620751, 23.172983762880833], [91.4463961251897, 23.17226136982489], [91.4465914589869, 23.172263297142425], [91.44659354341825, 23.17208269885091], [91.44678887697454, 23.172084625909584], [91.4467909611231, 23.17190402759702], [91.44698629443847, 23.171905954396838], [91.44699046214906, 23.171544757725304], [91.44757646064978, 23.171550536571676], [91.44757437759048, 23.171731134959774], [91.44776971072777, 23.171733060774383], [91.4477572135036, 23.172816651112683], [91.44736654410775, 23.172812799040674], [91.44736237715149, 23.17317399571868], [91.44677637164354, 23.173168215694297]]]}}, {"type": "Feature", "properties": {"aoi_name": "Feni", "sensor": "Sentinel-1", "acquisition_date": "2024-08-21", "baseline_date": "2024-08-09", "area_km2": 0.0188, "threshold": 1.25, "detects": "open_water_only"}, "geometry": {"type": "Polygon", "coordinates": [[[91.42671900012706, 22.99993560254364], [91.42672528079214, 22.999393800997648], [91.42731052787158, 22.999399614253285], [91.42731262060639, 22.999219013678598], [91.42770278491291, 22.99922288794798], [91.42770487710794, 22.999042287335158], [91.42789995903352, 22.999044224092774], [91.42790414284165, 22.998683022820398], [91.42887955019282, 22.998692702837836], [91.42887118767871, 22.999415105703573], [91.42848102260035, 22.999411234281656], [91.42847893140043, 22.999591834953538], [91.42808876588778, 22.999587962537362], [91.42808458238731, 22.9999491638006], [91.42671900012706, 22.99993560254364]]]}}, {"type": "Feature", "properties": {"aoi_name": "Feni", "sensor": "Sentinel-1", "acquisition_date": "2024-08-21", "baseline_date": "2024-08-09", "area_km2": 0.0184, "threshold": 1.25, "detects": "open_water_only"}, "geometry": {"type": "Polygon", "coordinates": [[[91.44180074412112, 23.028803606327195], [91.44180282053556, 23.02862300516843], [91.44141256902547, 23.028619161002947], [91.44141464593851, 23.028438559873425], [91.44102439503169, 23.028434714779674], [91.44103062720369, 23.027892911465973], [91.44122575186736, 23.027894834082744], [91.4412278289564, 23.027714232952807], [91.44142295338126, 23.027716155312362], [91.4414250301896, 23.027535554161346], [91.44220552705939, 23.02754324112807], [91.44220345129003, 23.02772384234615], [91.44239857581954, 23.027725763503494], [91.44239442473754, 23.028086965960288], [91.44278467489833, 23.02809080762067], [91.442778449677, 23.028632611374196], [91.44258332380684, 23.02863069061395], [91.44258124843148, 23.028811291839766], [91.44180074412112, 23.028803606327195]]]}}, {"type": "Feature", "properties": {"aoi_name": "Feni", "sensor": "Sentinel-1", "acquisition_date": "2024-08-21", "baseline_date": "2024-08-09", "area_km2": 0.0184, "threshold": 1.25, "detects": "open_water_only"}, "geometry": {"type": "Polygon", "coordinates": [[[91.48743852664265, 22.926109429620013], [91.48744454336519, 22.925567607493516], [91.48724956132564, 22.925565749684864], [91.48725959008267, 22.924662712803265], [91.48706460935482, 22.924660854836677], [91.48707062714067, 22.924119032705256], [91.4872656070937, 22.924120890623033], [91.48726761272351, 22.923940283221082], [91.4878525519294, 22.923945855490075], [91.48785054707439, 22.92412646294082], [91.48804552710847, 22.924128319901566], [91.488037508519, 22.924850749726872], [91.48784252745182, 22.924848892701082], [91.48784052249552, 22.92502950013047], [91.488035503821, 22.925031357172514], [91.48802347520756, 22.926115001756674], [91.48743852664265, 22.926109429620013]]]}}, {"type": "Feature", "properties": {"aoi_name": "Feni", "sensor": "Sentinel-1", "acquisition_date": "2024-08-21", "baseline_date": "2024-08-09", "area_km2": 0.0184, "threshold": 1.25, "detects": "open_water_only"}, "geometry": {"type": "Polygon", "coordinates": [[[91.42765253729847, 23.12114095238643], [91.42766095573472, 23.120418561059264], [91.42824672659518, 23.12042439966614], [91.42824883036803, 23.120243801772776], [91.42863934385865, 23.120247692935937], [91.4286477566499, 23.119525301183995], [91.42923352391149, 23.11953113591438], [91.42921670425656, 23.12097591975527], [91.4286309307289, 23.120970084618875], [91.42862882739357, 23.12115068252882], [91.42765253729847, 23.12114095238643]]]}}, {"type": "Feature", "properties": {"aoi_name": "Feni", "sensor": "Sentinel-1", "acquisition_date": "2024-08-21", "baseline_date": "2024-08-09", "area_km2": 0.0184, "threshold": 1.25, "detects": "open_water_only"}, "geometry": {"type": "Polygon", "coordinates": [[[91.38830652729513, 22.816580363162338], [91.38830865293377, 22.816399761869647], [91.38811383588867, 22.816397791229413], [91.38812021344542, 22.815855987377635], [91.38792539719185, 22.8158540165514], [91.3879360273057, 22.81495101013281], [91.388130842276, 22.81495298087244], [91.38813296797751, 22.81477237955856], [91.38871741224766, 22.814778290297802], [91.38871316236298, 22.81513949302518], [91.38890797767606, 22.81514146283031], [91.38889947867503, 22.81586386830296], [91.38909429503624, 22.815865837939384], [91.38908579671752, 22.816588243412824], [91.38830652729513, 22.816580363162338]]]}}, {"type": "Feature", "properties": {"aoi_name": "Feni", "sensor": "Sentinel-1", "acquisition_date": "2024-08-21", "baseline_date": "2024-08-09", "area_km2": 0.0184, "threshold": 1.25, "detects": "open_water_only"}, "geometry": {"type": "Polygon", "coordinates": [[[91.48937273122442, 23.08525838679806], [91.48938080527411, 23.084535971147197], [91.48957601602976, 23.0845378384644], [91.48957803423079, 23.08435723452468], [91.4901636658379, 23.08436283498078], [91.49016770061544, 23.084001626990915], [91.49036291067058, 23.084003493294862], [91.4903649277683, 23.083822889277233], [91.49095055727379, 23.08382848669363], [91.49094854095783, 23.084009090760006], [91.49114375109419, 23.08401095609948], [91.49113568666975, 23.084733372387007], [91.49055005319445, 23.084727775450254], [91.4905480362558, 23.08490837946266], [91.49035282487738, 23.08490651331857], [91.49034879041794, 23.085267721297992], [91.48937273122442, 23.08525838679806]]]}}, {"type": "Feature", "properties": {"aoi_name": "Feni", "sensor": "Sentinel-1", "acquisition_date": "2024-08-21", "baseline_date": "2024-08-09", "area_km2": 0.0184, "threshold": 1.25, "detects": "open_water_only"}, "geometry": {"type": "Polygon", "coordinates": [[[91.48422633463994, 22.934387597659768], [91.48422834530137, 22.934206990745647], [91.48403335118545, 22.93420512832613], [91.48403536208501, 22.93402452142404], [91.48325538685816, 22.934017069417443], [91.48326343438771, 22.93329464202726], [91.48462838401257, 22.933307680068868], [91.4846263739695, 22.93348828703695], [91.4848213671127, 22.93349014867316], [91.48481935730771, 22.933670755653274], [91.48520934417185, 22.93367447824018], [91.48520130681624, 22.934396906248217], [91.48422633463994, 22.934387597659768]]]}}, {"type": "Feature", "properties": {"aoi_name": "Feni", "sensor": "Sentinel-1", "acquisition_date": "2024-08-21", "baseline_date": "2024-08-09", "area_km2": 0.0184, "threshold": 1.25, "detects": "open_water_only"}, "geometry": {"type": "Polygon", "coordinates": [[[91.45677635529907, 23.016126190179627], [91.45678252083827, 23.01558438197108], [91.45697762925141, 23.01558628420612], [91.45697968413012, 23.01540568144474], [91.4571747923044, 23.015407583422867], [91.4571789014805, 23.01504637785405], [91.45698379382539, 23.01504447590913], [91.45699201296729, 23.014322064786377], [91.45757733287998, 23.014327769701037], [91.45757527890429, 23.01450837253797], [91.45777038584284, 23.01451027371219], [91.45776833210599, 23.01469087656142], [91.45815854656436, 23.014694678222167], [91.45815033348646, 23.015417089708908], [91.45795522520864, 23.01541518893231], [91.45795317162782, 23.015595791776676], [91.45775806311111, 23.01559389074318], [91.45775600925, 23.01577449356666], [91.45756090049443, 23.015772592276257], [91.45755884635302, 23.015953195078847], [91.45736373735858, 23.01595129353154], [91.45736168293688, 23.016131896313237], [91.45677635529907, 23.016126190179627]]]}}, {"type": "Feature", "properties": {"aoi_name": "Feni", "sensor": "Sentinel-1", "acquisition_date": "2024-08-21", "baseline_date": "2024-08-09", "area_km2": 0.0184, "threshold": 1.25, "detects": "open_water_only"}, "geometry": {"type": "Polygon", "coordinates": [[[91.48414942079577, 22.976292017873973], [91.4841534504935, 22.975930805960903], [91.48395839657321, 22.975928940254153], [91.4839664567607, 22.975206516441876], [91.48435656254946, 22.975210247485066], [91.48435857702749, 22.975029641488685], [91.48494373508609, 22.97503523620568], [91.48494574876676, 22.974854630156116], [91.48553090623128, 22.97486022266558], [91.48552285449477, 22.975582647033708], [91.48532780095024, 22.97558078303856], [91.48532578770632, 22.975761389103592], [91.4851307339231, 22.975759524852297], [91.48512872039983, 22.975940130896763], [91.48493366637791, 22.97593826638931], [91.48492963875236, 22.9762994784328], [91.48414942079577, 22.976292017873973]]]}}, {"type": "Feature", "properties": {"aoi_name": "Feni", "sensor": "Sentinel-1", "acquisition_date": "2024-08-21", "baseline_date": "2024-08-09", "area_km2": 0.0184, "threshold": 1.25, "detects": "open_water_only"}, "geometry": {"type": "Polygon", "coordinates": [[[91.43114419162049, 22.954643369934686], [91.43114627472652, 22.954462768008174], [91.43075623825467, 22.95445890931517], [91.43075832185704, 22.954278307418125], [91.43056330391136, 22.954276377729123], [91.43057372290096, 22.95337336826394], [91.43096375622663, 22.953377227233585], [91.4309658394441, 22.95319662529393], [91.43174590531319, 22.953204340290828], [91.43173757645583, 22.95392674829367], [91.43193259401035, 22.953928676511428], [91.4319242658513, 22.954651084513117], [91.43114419162049, 22.954643369934686]]]}}, {"type": "Feature", "properties": {"aoi_name": "Feni", "sensor": "Sentinel-1", "acquisition_date": "2024-08-21", "baseline_date": "2024-08-09", "area_km2": 0.018, "threshold": 1.25, "detects": "open_water_only"}, "geometry": {"type": "Polygon", "coordinates": [[[91.51158106557013, 22.983054579338525], [91.51158304462456, 22.98287397125961], [91.51138797827679, 22.982872138781527], [91.51138995757039, 22.982691530714348], [91.51099982545303, 22.982687865070375], [91.51100576476874, 22.982146040939288], [91.51198109132505, 22.9821552030094], [91.5119830697614, 22.98197459487708], [91.51295839552121, 22.9819837508686], [91.51295048683855, 22.98270618369228], [91.51256035440174, 22.982702521887493], [91.51255837666294, 22.982883130050727], [91.51236331021533, 22.9828812987724], [91.51236133219744, 22.983061906915356], [91.51158106557013, 22.983054579338525]]]}}, {"type": "Feature", "properties": {"aoi_name": "Feni", "sensor": "Sentinel-1", "acquisition_date": "2024-08-21", "baseline_date": "2024-08-09", "area_km2": 0.018, "threshold": 1.25, "detects": "open_water_only"}, "geometry": {"type": "Polygon", "coordinates": [[[91.39754948293071, 23.205727525768413], [91.3975516366215, 23.205546932522818], [91.3973562591145, 23.20554494169116], [91.39736272084403, 23.20500316198017], [91.39775347430579, 23.20500714329741], [91.39775778096813, 23.204645956732687], [91.39912541509294, 23.204659883463115], [91.39912326360867, 23.20484047686843], [91.39931864026094, 23.204842465448664], [91.39931218646547, 23.205384245690343], [91.39853067683835, 23.205376289707495], [91.39852852448075, 23.20555688304373], [91.39833314686568, 23.205554893424534], [91.39833099422415, 23.205735486739172], [91.39754948293071, 23.205727525768413]]]}}, {"type": "Feature", "properties": {"aoi_name": "Feni", "sensor": "Sentinel-1", "acquisition_date": "2024-08-21", "baseline_date": "2024-08-09", "area_km2": 0.018, "threshold": 1.25, "detects": "open_water_only"}, "geometry": {"type": "Polygon", "coordinates": [[[91.39216258416852, 22.820051156660433], [91.39217106769301, 22.819328750405358], [91.39236588929681, 22.81933071632462], [91.39237437145079, 22.818608309932003], [91.39295883331057, 22.818614206054512], [91.39295459381678, 22.818975409363002], [91.39314941499306, 22.818977374295713], [91.39314517592682, 22.81933857762163], [91.39372964112474, 22.81934447109533], [91.3937232846748, 22.819886276207487], [91.39352846215054, 22.819884311902474], [91.39352634303425, 22.820064913580715], [91.39216258416852, 22.820051156660433]]]}}, {"type": "Feature", "properties": {"aoi_name": "Feni", "sensor": "Sentinel-1", "acquisition_date": "2024-08-21", "baseline_date": "2024-08-09", "area_km2": 0.018, "threshold": 1.25, "detects": "open_water_only"}, "geometry": {"type": "Polygon", "coordinates": [[[91.45000757055848, 22.95952505865959], [91.45001786311775, 22.958622041406667], [91.45021288910498, 22.95862394752], [91.45021494729573, 22.95844334403988], [91.45119007624977, 22.958452870928532], [91.451192133126, 22.95827226736082], [91.45177720997141, 22.958277980568326], [91.45176898544692, 22.959000395013355], [91.45157395877601, 22.95899849078388], [91.45157190233422, 22.959179094367773], [91.4509868216698, 22.95917338019147], [91.45098476443098, 22.959353983721105], [91.45059471024102, 22.95935017303865], [91.4505926524639, 22.959530776530666], [91.45000757055848, 22.95952505865959]]]}}, {"type": "Feature", "properties": {"aoi_name": "Feni", "sensor": "Sentinel-1", "acquisition_date": "2024-08-21", "baseline_date": "2024-08-09", "area_km2": 0.018, "threshold": 1.25, "detects": "open_water_only"}, "geometry": {"type": "Polygon", "coordinates": [[[91.32836354049573, 22.95431582466504], [91.32836576000028, 22.95413523193927], [91.3281707521672, 22.95413317639266], [91.32817297190796, 22.953952583680554], [91.32758794931908, 22.95394641565746], [91.32759016981328, 22.95376582299498], [91.32739516258711, 22.953763766526194], [91.32740182471106, 22.95322198856687], [91.32759683116139, 22.9532240449817], [91.32759905156591, 22.953043452301973], [91.32837907655693, 22.95305167549406], [91.32837685718685, 22.953232268245706], [91.32896187694125, 22.953238433178665], [91.32895965832459, 22.953419025979922], [91.32915466521281, 22.953421080496486], [91.3291480100043, 22.95396285892831], [91.32895300234023, 22.95396080435784], [91.3289485649053, 22.954321989921542], [91.32836354049573, 22.95431582466504]]]}}, {"type": "Feature", "properties": {"aoi_name": "Feni", "sensor": "Sentinel-1", "acquisition_date": "2024-08-21", "baseline_date": "2024-08-09", "area_km2": 0.0176, "threshold": 1.25, "detects": "open_water_only"}, "geometry": {"type": "Polygon", "coordinates": [[[91.39648432973848, 22.800406758017534], [91.39648644292579, 22.800226155631808], [91.39629164809018, 22.80022419629919], [91.3963022149876, 22.799321184392607], [91.39649700854103, 22.799323143639086], [91.39649912159985, 22.799142541227713], [91.39708350161933, 22.79914841748882], [91.3970813893298, 22.799329019951863], [91.39766577031122, 22.799334894124662], [91.39765310074036, 22.800418509123098], [91.39648432973848, 22.800406758017534]]]}}, {"type": "Feature", "properties": {"aoi_name": "Feni", "sensor": "Sentinel-1", "acquisition_date": "2024-08-21", "baseline_date": "2024-08-09", "area_km2": 0.0176, "threshold": 1.25, "detects": "open_water_only"}, "geometry": {"type": "Polygon", "coordinates": [[[91.32953335297933, 22.970222360958033], [91.32953779228716, 22.96986117600975], [91.32934276178689, 22.96985912057683], [91.32934720152281, 22.969497935647237], [91.32915217156264, 22.96949588001054], [91.32915883177502, 22.968954102637685], [91.32935386095865, 22.96895615822047], [91.32935608072579, 22.96877556573625], [91.32994116763457, 22.96878173099243], [91.32993894864396, 22.96896232353055], [91.33032900721282, 22.96896643253871], [91.33032457019975, 22.96932761767384], [91.33051960003547, 22.96932967185427], [91.33050850840523, 22.970232634706385], [91.32953335297933, 22.970222360958033]]]}}, {"type": "Feature", "properties": {"aoi_name": "Feni", "sensor": "Sentinel-1", "acquisition_date": "2024-08-21", "baseline_date": "2024-08-09", "area_km2": 0.0176, "threshold": 1.25, "detects": "open_water_only"}, "geometry": {"type": "Polygon", "coordinates": [[[91.48485941888066, 22.965100033355064], [91.4848755208871, 22.963655183086235], [91.48507055728139, 22.963657046725285], [91.48507256968192, 22.96347644040613], [91.4852676058377, 22.96347830378917], [91.48526961795908, 22.963297697449445], [91.48546465387633, 22.963299560576473], [91.48546666571856, 22.963118954216174], [91.48605177281566, 22.963124542110123], [91.48604372843096, 22.9638469677211], [91.48565365494187, 22.963843242567883], [91.48564963159231, 22.964204455282545], [91.48545459436053, 22.96420259231378], [91.48545057041204, 22.964563804978756], [91.48564560816152, 22.964565667980107], [91.48563957286302, 22.965107486994352], [91.48485941888066, 22.965100033355064]]]}}, {"type": "Feature", "properties": {"aoi_name": "Feni", "sensor": "Sentinel-1", "acquisition_date": "2024-08-21", "baseline_date": "2024-08-09", "area_km2": 0.0176, "threshold": 1.25, "detects": "open_water_only"}, "geometry": {"type": "Polygon", "coordinates": [[[91.46501847115901, 23.18382307141635], [91.46502053201789, 23.183642471816448], [91.46482518000226, 23.183640566476157], [91.46482724110245, 23.183459966888478], [91.46463188936957, 23.183458061322465], [91.46463807333198, 23.182916262583156], [91.46483342427881, 23.18291816809955], [91.46483754629287, 23.182556968885358], [91.46542359768544, 23.182562683881788], [91.4654256578754, 23.182382084218617], [91.46601170866822, 23.18238779698517], [91.46599935193443, 23.18347139519701], [91.46580400007737, 23.18346949108458], [91.4658019402873, 23.183650090754924], [91.4656065881889, 23.183648186383707], [91.46560452811613, 23.18382878603321], [91.46501847115901, 23.18382307141635]]]}}, {"type": "Feature", "properties": {"aoi_name": "Feni", "sensor": "Sentinel-1", "acquisition_date": "2024-08-21", "baseline_date": "2024-08-09", "area_km2": 0.0176, "threshold": 1.25, "detects": "open_water_only"}, "geometry": {"type": "Polygon", "coordinates": [[[91.44980838040512, 23.14736953822287], [91.44982292330734, 23.146105344168305], [91.45001821949816, 23.14610726519066], [91.4500202967106, 23.145926666006073], [91.4508014806368, 23.14593434761051], [91.45079940447023, 23.146114946861864], [91.45118999708151, 23.146118786246525], [91.45118377002547, 23.146660584074805], [91.45098847292496, 23.14665866445334], [91.4509863969364, 23.14683926370413], [91.45079109959528, 23.146837343824153], [91.45078694703255, 23.14719854227942], [91.45039635136698, 23.147194701727226], [91.45039427453133, 23.147375300915012], [91.44980838040512, 23.14736953822287]]]}}, {"type": "Feature", "properties": {"aoi_name": "Feni", "sensor": "Sentinel-1", "acquisition_date": "2024-08-21", "baseline_date": "2024-08-09", "area_km2": 0.0176, "threshold": 1.25, "detects": "open_water_only"}, "geometry": {"type": "Polygon", "coordinates": [[[91.4008333004477, 22.978001915429058], [91.4008396776365, 22.9774601191958], [91.40064462927106, 22.977458150854936], [91.40065100704378, 22.976916354634593], [91.40045595947679, 22.976914386105502], [91.40046233783339, 22.97637258989809], [91.40202271275416, 22.97638833100266], [91.4020163406133, 22.97693012762282], [91.40143119752626, 22.976924226352594], [91.40142694777118, 22.977285423974728], [91.4012318996004, 22.977283456370586], [91.40122977443173, 22.977464055158006], [91.4014248228615, 22.97746602277934], [91.40141844800374, 22.97800781916739], [91.4008333004477, 22.978001915429058]]]}}, {"type": "Feature", "properties": {"aoi_name": "Feni", "sensor": "Sentinel-1", "acquisition_date": "2024-08-21", "baseline_date": "2024-08-09", "area_km2": 0.0176, "threshold": 1.25, "detects": "open_water_only"}, "geometry": {"type": "Polygon", "coordinates": [[[91.50352559738477, 23.005918202103782], [91.50352958130509, 23.00555698831285], [91.5031393848898, 23.00555329986331], [91.50314735456494, 23.004830872358923], [91.5037326461046, 23.00483640447969], [91.50373065449429, 23.005017011410516], [91.5039257519738, 23.005018854986464], [91.50392376060286, 23.005199461929106], [91.50489924959885, 23.005208676286223], [91.5048972595051, 23.005389283305046], [91.50528745576293, 23.00539296739861], [91.505281486918, 23.005934788525906], [91.50469619022623, 23.005929261880475], [91.50469818063965, 23.005748654890578], [91.504503082042, 23.00574681221109], [91.50450109136911, 23.005927419184903], [91.50352559738477, 23.005918202103782]]]}}, {"type": "Feature", "properties": {"aoi_name": "Feni", "sensor": "Sentinel-1", "acquisition_date": "2024-08-21", "baseline_date": "2024-08-09", "area_km2": 0.0172, "threshold": 1.25, "detects": "open_water_only"}, "geometry": {"type": "Polygon", "coordinates": [[[91.43069583521738, 22.99347268450164], [91.43070001045855, 22.993111482489795], [91.4303098631509, 22.99310761657187], [91.43031195125837, 22.992927015593274], [91.43011687789539, 22.99292508229114], [91.43012314286914, 22.992383279380253], [91.4314886514084, 22.992396807099908], [91.43148656491951, 22.99257740819267], [91.4318767109244, 22.99258127112892], [91.43187045288688, 22.99312307448269], [91.43167537909619, 22.993121143083968], [91.43167120644746, 22.993482345264596], [91.43069583521738, 22.99347268450164]]]}}, {"type": "Feature", "properties": {"aoi_name": "Feni", "sensor": "Sentinel-1", "acquisition_date": "2024-08-21", "baseline_date": "2024-08-09", "area_km2": 0.0172, "threshold": 1.25, "detects": "open_water_only"}, "geometry": {"type": "Polygon", "coordinates": [[[91.45740067395937, 22.995541251648895], [91.45741093535385, 22.994638235334893], [91.45760601371467, 22.994640135163973], [91.45760806567218, 22.994459531871705], [91.45897361296242, 22.994472823837334], [91.45896541226803, 22.995195237445095], [91.45877033298451, 22.995193339246732], [91.45876828249992, 22.99537394262137], [91.45837812347638, 22.995370145471256], [91.45837607245252, 22.995550748808437], [91.45740067395937, 22.995541251648895]]]}}, {"type": "Feature", "properties": {"aoi_name": "Feni", "sensor": "Sentinel-1", "acquisition_date": "2024-08-21", "baseline_date": "2024-08-09", "area_km2": 0.0172, "threshold": 1.25, "detects": "open_water_only"}, "geometry": {"type": "Polygon", "coordinates": [[[91.46191002009601, 22.993598248661723], [91.46191206622557, 22.993417644979175], [91.46113175834655, 22.993410065811762], [91.46113789972246, 22.992868254936987], [91.46133297588347, 22.992870150039256], [91.46133502270821, 22.992689546389208], [91.46211532652171, 22.992697124331606], [91.46211737228882, 22.992516520611066], [91.46289767539554, 22.992524094646587], [91.46288745153875, 22.99342711353724], [91.46269237443484, 22.993425220305735], [91.46269032934234, 22.993605824054466], [91.46191002009601, 22.993598248661723]]]}}, {"type": "Feature", "properties": {"aoi_name": "Feni", "sensor": "Sentinel-1", "acquisition_date": "2024-08-21", "baseline_date": "2024-08-09", "area_km2": 0.0172, "threshold": 1.25, "detects": "open_water_only"}, "geometry": {"type": "Polygon", "coordinates": [[[91.42377352878987, 22.900564114808862], [91.4237756161864, 22.900383512294244], [91.42358067603256, 22.900381578313866], [91.42358693886922, 22.899839770795154], [91.4243666965165, 22.89984750507959], [91.42437295606858, 22.899305697319], [91.42456789475949, 22.89930763024191], [91.42456998097677, 22.89912702762955], [91.42534973491978, 22.89913475686401], [91.42534764973401, 22.89931535954411], [91.42554258853033, 22.899317291272297], [91.42553424860803, 22.900039702017594], [91.42436460995695, 22.90002810765789], [91.42435835015173, 22.90056991536708], [91.42377352878987, 22.900564114808862]]]}}, {"type": "Feature", "properties": {"aoi_name": "Feni", "sensor": "Sentinel-1", "acquisition_date": "2024-08-21", "baseline_date": "2024-08-09", "area_km2": 0.0172, "threshold": 1.25, "detects": "open_water_only"}, "geometry": {"type": "Polygon", "coordinates": [[[91.39961733530997, 22.948729131927927], [91.39963220528236, 22.9474649367475], [91.40021722111854, 22.947470837515564], [91.40022146793763, 22.947109638750675], [91.40061147756808, 22.947113571329766], [91.40061360042833, 22.94693297190648], [91.40119861425907, 22.946938868927347], [91.40119224794104, 22.947480667339114], [91.40099724253366, 22.94747870185339], [91.40099299769736, 22.947839900738703], [91.40040798005244, 22.947834002741377], [91.40040585682641, 22.948014602125987], [91.40021085072908, 22.94801263563068], [91.40020235657623, 22.948735033057364], [91.39961733530997, 22.948729131927927]]]}}, {"type": "Feature", "properties": {"aoi_name": "Feni", "sensor": "Sentinel-1", "acquisition_date": "2024-08-21", "baseline_date": "2024-08-09", "area_km2": 0.0172, "threshold": 1.25, "detects": "open_water_only"}, "geometry": {"type": "Polygon", "coordinates": [[[91.42025431122393, 22.98542155789794], [91.42025641192139, 22.985240957619872], [91.42006135054285, 22.985239012549965], [91.42006345147824, 22.985058412284594], [91.41986839038003, 22.985056466991743], [91.41987049155334, 22.984875866739078], [91.41967543073545, 22.984873921223286], [91.41968383625313, 22.984151520237663], [91.42065913537238, 22.984161245077352], [91.42065703532029, 22.984341845415173], [91.42085209546683, 22.984343789680313], [91.42084999565267, 22.98452439003083], [91.42104505607949, 22.984526334073035], [91.42104085690586, 22.984887534795163], [91.42123591787211, 22.9848894786314], [91.42122961973013, 22.985431279733326], [91.42025431122393, 22.98542155789794]]]}}, {"type": "Feature", "properties": {"aoi_name": "Feni", "sensor": "Sentinel-1", "acquisition_date": "2024-08-21", "baseline_date": "2024-08-09", "area_km2": 0.0172, "threshold": 1.25, "detects": "open_water_only"}, "geometry": {"type": "Polygon", "coordinates": [[[91.29212199635172, 23.044597324814347], [91.29212427390956, 23.044416737531183], [91.29192914000572, 23.044414629648568], [91.29193141780053, 23.044234042379436], [91.29173628417954, 23.04423193427463], [91.2917385622113, 23.044051347019554], [91.29154342887317, 23.044049238692562], [91.29154798538765, 23.043688064206176], [91.29135285259228, 23.04368595567539], [91.29135968797156, 23.04314419396845], [91.29194508408743, 23.043150518673663], [91.29194280643031, 23.043331105968793], [91.29233307114211, 23.043335321272917], [91.29233079398185, 23.043515908600465], [91.29272105930522, 23.043520122979103], [91.29271650595547, 23.043881297694703], [91.29291163917138, 23.04388340455992], [91.29290253323626, 23.0446057540126], [91.29212199635172, 23.044597324814347]]]}}, {"type": "Feature", "properties": {"aoi_name": "Feni", "sensor": "Sentinel-1", "acquisition_date": "2024-08-21", "baseline_date": "2024-08-09", "area_km2": 0.0168, "threshold": 1.25, "detects": "open_water_only"}, "geometry": {"type": "Polygon", "coordinates": [[[91.52089853409377, 22.915586989402588], [91.52090245454332, 22.915225768642483], [91.52070748431237, 22.915223952690027], [91.52070944476557, 22.915043342319482], [91.52051447481259, 22.91504152614377], [91.52052623866466, 22.913957863926427], [91.52130611239993, 22.913965126812556], [91.52130415284003, 22.914145737256387], [91.5214991215815, 22.91414755239593], [91.52149324355739, 22.91468938374956], [91.52168821309311, 22.91469119869764], [91.52168233566525, 22.915233030060588], [91.52148736535506, 22.91523121506482], [91.52148344645448, 22.915592435920335], [91.52089853409377, 22.915586989402588]]]}}, {"type": "Feature", "properties": {"aoi_name": "Feni", "sensor": "Sentinel-1", "acquisition_date": "2024-08-21", "baseline_date": "2024-08-09", "area_km2": 0.0168, "threshold": 1.25, "detects": "open_water_only"}, "geometry": {"type": "Polygon", "coordinates": [[[91.45035234309456, 22.963502146186844], [91.4503544015876, 22.96332154280577], [91.44976930344059, 22.96331582316544], [91.44977342191724, 22.962954616490464], [91.44957838976077, 22.96295270949765], [91.44958662749985, 22.96223029616298], [91.45075681453898, 22.962241734124408], [91.45075475668823, 22.962422337564526], [91.45094978819293, 22.962424243069194], [91.45093744220506, 22.963507863719876], [91.45035234309456, 22.963502146186844]]]}}, {"type": "Feature", "properties": {"aoi_name": "Feni", "sensor": "Sentinel-1", "acquisition_date": "2024-08-21", "baseline_date": "2024-08-09", "area_km2": 0.0168, "threshold": 1.25, "detects": "open_water_only"}, "geometry": {"type": "Polygon", "coordinates": [[[91.45131242435625, 23.135463421070433], [91.45132072188188, 23.134741022888143], [91.45112544203342, 23.13473910436759], [91.45113581477764, 23.133836106626138], [91.45133109331962, 23.13383802506329], [91.45133316754459, 23.13365742548539], [91.45191900251174, 23.13366317929675], [91.4519148556087, 23.134024378548293], [91.45211013449538, 23.134026296035394], [91.45209562150713, 23.135290493396695], [91.4519003407913, 23.1352885757929], [91.45189826716256, 23.13546917538204], [91.45131242435625, 23.135463421070433]]]}}, {"type": "Feature", "properties": {"aoi_name": "Feni", "sensor": "Sentinel-1", "acquisition_date": "2024-08-21", "baseline_date": "2024-08-09", "area_km2": 0.0168, "threshold": 1.25, "detects": "open_water_only"}, "geometry": {"type": "Polygon", "coordinates": [[[91.46127500869525, 22.98076780201348], [91.46127705439586, 22.98058719809276], [91.46108199587867, 22.980585303876232], [91.46109631701835, 22.979321076427045], [91.46129137372206, 22.979322970527694], [91.4612934192575, 22.97914236657268], [91.46148847572282, 22.97914426041689], [91.46149052097857, 22.97896365644105], [91.46207568972115, 22.978969336484717], [91.46206342254006, 22.980052960573367], [91.46186836471755, 22.980051067366094], [91.46186018514787, 22.9807734832733], [91.46127500869525, 22.98076780201348]]]}}, {"type": "Feature", "properties": {"aoi_name": "Feni", "sensor": "Sentinel-1", "acquisition_date": "2024-08-21", "baseline_date": "2024-08-09", "area_km2": 0.0168, "threshold": 1.25, "detects": "open_water_only"}, "geometry": {"type": "Polygon", "coordinates": [[[91.54061215375239, 22.968332462816143], [91.54061797092247, 22.96779063046301], [91.54081301819869, 22.967792425852824], [91.54081883441584, 22.967250593414192], [91.54101388093487, 22.96725238851713], [91.54101581937586, 22.967071777680026], [91.54160095827359, 22.967077161503067], [91.54159708292556, 22.967438383267165], [91.54179212978177, 22.967440177426663], [91.54179019233734, 22.967620788318], [91.54198523947203, 22.9676225822534], [91.54198330226697, 22.967803193156158], [91.54217834968014, 22.967804986867453], [91.54217253872444, 22.968346819597166], [91.54061215375239, 22.968332462816143]]]}}, {"type": "Feature", "properties": {"aoi_name": "Feni", "sensor": "Sentinel-1", "acquisition_date": "2024-08-21", "baseline_date": "2024-08-09", "area_km2": 0.0168, "threshold": 1.25, "detects": "open_water_only"}, "geometry": {"type": "Polygon", "coordinates": [[[91.4113829248028, 23.209118955867975], [91.41138719568544, 23.208757767087313], [91.41119181219001, 23.20875579318193], [91.41120035474749, 23.208033415637118], [91.41139573719347, 23.208035389474034], [91.41139787251689, 23.20785479505989], [91.41217940146575, 23.207862687913824], [91.41217726719174, 23.208043282396417], [91.41237264974488, 23.208045255020693], [91.41237051571181, 23.208225849516065], [91.41256589854873, 23.208227821914914], [91.41255736325168, 23.208950199921517], [91.4123619793653, 23.208948227454247], [91.41235984522511, 23.209128821927965], [91.4113829248028, 23.209118955867975]]]}}, {"type": "Feature", "properties": {"aoi_name": "Feni", "sensor": "Sentinel-1", "acquisition_date": "2024-08-21", "baseline_date": "2024-08-09", "area_km2": 0.0164, "threshold": 1.25, "detects": "open_water_only"}, "geometry": {"type": "Polygon", "coordinates": [[[91.38513187871177, 22.78837105022241], [91.38513400560576, 22.788190448574582], [91.38474445232998, 22.78818650390375], [91.38474657971493, 22.788005902286347], [91.38455180336565, 22.78800392961183], [91.3845624412482, 22.787100921547484], [91.38573109197972, 22.787112753509604], [91.38572258786684, 22.78783516038598], [91.38591736408921, 22.787837131617334], [91.38591098654705, 22.788378936781758], [91.38513187871177, 22.78837105022241]]]}}, {"type": "Feature", "properties": {"aoi_name": "Feni", "sensor": "Sentinel-1", "acquisition_date": "2024-08-21", "baseline_date": "2024-08-09", "area_km2": 0.0164, "threshold": 1.25, "detects": "open_water_only"}, "geometry": {"type": "Polygon", "coordinates": [[[91.45906609263983, 23.072141416240065], [91.45906815036422, 23.071960814590998], [91.45887296054423, 23.07195891054679], [91.4588811922761, 23.07123650397388], [91.4586860035184, 23.071234599755062], [91.45869217788086, 23.070692794830002], [91.45927774187268, 23.070698506614274], [91.45927568455373, 23.070879108310027], [91.45966606117263, 23.070882914994627], [91.45966400435373, 23.071063516719246], [91.45985919295464, 23.071065419716696], [91.45985302315484, 23.071607224914494], [91.46004821255762, 23.071609127720727], [91.46004204335262, 23.07215093292955], [91.45906609263983, 23.072141416240065]]]}}, {"type": "Feature", "properties": {"aoi_name": "Feni", "sensor": "Sentinel-1", "acquisition_date": "2024-08-21", "baseline_date": "2024-08-09", "area_km2": 0.0164, "threshold": 1.25, "detects": "open_water_only"}, "geometry": {"type": "Polygon", "coordinates": [[[91.45498472508139, 22.899064424324653], [91.45498677100565, 22.898883819082588], [91.45479183008749, 22.898881923502863], [91.45479387624893, 22.898701318273137], [91.45459893560934, 22.898699422471076], [91.45460098200799, 22.898518817253684], [91.45440604164699, 22.898516921229284], [91.45441422806624, 22.897794500383444], [91.45577880380701, 22.897807767071214], [91.4557685797571, 22.89871079369918], [91.45557363901412, 22.898708899091876], [91.45556954873365, 22.89907010967993], [91.45498472508139, 22.899064424324653]]]}}, {"type": "Feature", "properties": {"aoi_name": "Feni", "sensor": "Sentinel-1", "acquisition_date": "2024-08-21", "baseline_date": "2024-08-09", "area_km2": 0.0164, "threshold": 1.25, "detects": "open_water_only"}, "geometry": {"type": "Polygon", "coordinates": [[[91.41063557030144, 23.206221549019688], [91.41063770645981, 23.20604095463072], [91.41044232698535, 23.20603898001207], [91.41045087245367, 23.20531660248139], [91.41084162932549, 23.205320551339184], [91.41084803662766, 23.204778768042964], [91.41104341430879, 23.204780742056755], [91.41104554977099, 23.204600147598896], [91.41124092721127, 23.204602121353084], [91.41124306238972, 23.20442152687378], [91.41182919405222, 23.204427446630056], [91.4118227908133, 23.20496923020901], [91.41162741278411, 23.204967257148066], [91.4116231433264, 23.20532844614482], [91.41142776479401, 23.205326472807155], [91.41142349472594, 23.205687661752368], [91.41122811569035, 23.205685688137972], [91.41122170964049, 23.206227471471962], [91.41063557030144, 23.206221549019688]]]}}, {"type": "Feature", "properties": {"aoi_name": "Feni", "sensor": "Sentinel-1", "acquisition_date": "2024-08-21", "baseline_date": "2024-08-09", "area_km2": 0.0164, "threshold": 1.25, "detects": "open_water_only"}, "geometry": {"type": "Polygon", "coordinates": [[[91.4982780736103, 23.039284153596967], [91.49828408011236, 23.038742336491392], [91.49847922563103, 23.038744189333986], [91.49848122749809, 23.03856358360739], [91.498676372777, 23.038565436193235], [91.49867837436395, 23.0383848304462], [91.49906866446246, 23.038388534863792], [91.49907066550936, 23.038207929080155], [91.49965610002855, 23.038213483853667], [91.49965409976141, 23.038394089685756], [91.4998492449014, 23.038395940811892], [91.49984724487403, 23.038576546655833], [91.50023753573433, 23.038580248218622], [91.50023153709095, 23.039122065821605], [91.49886551397402, 23.039109105802353], [91.49886351256632, 23.039289711548392], [91.4982780736103, 23.039284153596967]]]}}, {"type": "Feature", "properties": {"aoi_name": "Feni", "sensor": "Sentinel-1", "acquisition_date": "2024-08-21", "baseline_date": "2024-08-09", "area_km2": 0.0164, "threshold": 1.25, "detects": "open_water_only"}, "geometry": {"type": "Polygon", "coordinates": [[[91.52971140790069, 23.02025244793067], [91.52971336638235, 23.02007183921624], [91.52951824496962, 23.020070026291105], [91.52952607973756, 23.019347591453887], [91.53011144091892, 23.01935302931827], [91.53011339878253, 23.01917242055082], [91.53128412012015, 23.0191832896944], [91.53127825114419, 23.019725116268546], [91.53108313009291, 23.019723305298147], [91.53108117346846, 23.019903914131838], [91.53069093090573, 23.01990029143826], [91.5306889737422, 23.020080900236056], [91.53029873073905, 23.020077276549305], [91.53029677303641, 23.02025788531119], [91.52971140790069, 23.02025244793067]]]}}, {"type": "Feature", "properties": {"aoi_name": "Feni", "sensor": "Sentinel-1", "acquisition_date": "2024-08-21", "baseline_date": "2024-08-09", "area_km2": 0.0164, "threshold": 1.25, "detects": "open_water_only"}, "geometry": {"type": "Polygon", "coordinates": [[[91.43164932816686, 23.180423588917492], [91.43165353875429, 23.18006239528329], [91.43106750765332, 23.180056555170026], [91.43107382573346, 23.179514764838384], [91.43126916862677, 23.179516711734315], [91.43127759138967, 23.17879432449735], [91.43147293325634, 23.178796271083485], [91.43147503863226, 23.178615674246544], [91.43225640526272, 23.178623458101548], [91.43225009221484, 23.17916524880212], [91.43205474973969, 23.179163303150993], [91.43205264508616, 23.179343900025657], [91.43185730237022, 23.17934195411543], [91.43185098749696, 23.1798837446628], [91.43224167452172, 23.179887636342382], [91.43223536102991, 23.180429426952205], [91.43164932816686, 23.180423588917492]]]}}, {"type": "Feature", "properties": {"aoi_name": "Feni", "sensor": "Sentinel-1", "acquisition_date": "2024-08-21", "baseline_date": "2024-08-09", "area_km2": 0.0164, "threshold": 1.25, "detects": "open_water_only"}, "geometry": {"type": "Polygon", "coordinates": [[[91.40844948616879, 23.159781043354123], [91.40845375477575, 23.159419852827387], [91.40806313163345, 23.15941590540687], [91.40806526642805, 23.1592353101713], [91.40767464389485, 23.159231361817238], [91.40768104971977, 23.158689576187488], [91.40787636019071, 23.158691550434042], [91.40787849516114, 23.15851095519833], [91.40807380539192, 23.158512929185793], [91.40807594007926, 23.158332333928605], [91.40885718017036, 23.158340227390386], [91.40885504652955, 23.158520822716145], [91.40905035686757, 23.15852279549385], [91.4090439566014, 23.159064581496587], [91.40884864547847, 23.159062608667465], [91.40884651175189, 23.159243203975926], [91.40904182313646, 23.159245176822182], [91.409035422613, 23.15978696277303], [91.40844948616879, 23.159781043354123]]]}}, {"type": "Feature", "properties": {"aoi_name": "Feni", "sensor": "Sentinel-1", "acquisition_date": "2024-08-21", "baseline_date": "2024-08-09", "area_km2": 0.0164, "threshold": 1.25, "detects": "open_water_only"}, "geometry": {"type": "Polygon", "coordinates": [[[91.39043971553437, 22.966156412540382], [91.39044185386831, 22.9659758144527], [91.39024682297658, 22.965973834251372], [91.39024896154775, 22.965793236176708], [91.39005393093642, 22.965791255752997], [91.39006462476264, 22.964888265401736], [91.39084474216111, 22.964896185312128], [91.3908426044743, 22.965076783460226], [91.39123266382065, 22.965080742011885], [91.3912305266299, 22.965261340190295], [91.39142555659424, 22.96526331912388], [91.39141700865079, 22.965985711863755], [91.39122197765114, 22.965983732860956], [91.39121984035253, 22.96616433101787], [91.39043971553437, 22.966156412540382]]]}}, {"type": "Feature", "properties": {"aoi_name": "Feni", "sensor": "Sentinel-1", "acquisition_date": "2024-08-21", "baseline_date": "2024-08-09", "area_km2": 0.0164, "threshold": 1.25, "detects": "open_water_only"}, "geometry": {"type": "Polygon", "coordinates": [[[91.41699990235944, 22.963353281354284], [91.4170020051304, 22.96317268085847], [91.41680697572708, 22.963170733547383], [91.4168174905575, 22.962267731089046], [91.41701251866685, 22.962269678314996], [91.41701672393283, 22.961908477267556], [91.41721175154582, 22.961910424219774], [91.4172138538882, 22.961729823672584], [91.41799396351728, 22.96173760901672], [91.41798555816104, 22.962460011452027], [91.4177905296868, 22.96245806540743], [91.4177863263638, 22.96281926656529], [91.41759129739317, 22.962817320246977], [91.41758499147315, 22.96335912190052], [91.41699990235944, 22.963353281354284]]]}}, {"type": "Feature", "properties": {"aoi_name": "Feni", "sensor": "Sentinel-1", "acquisition_date": "2024-08-21", "baseline_date": "2024-08-09", "area_km2": 0.0164, "threshold": 1.25, "detects": "open_water_only"}, "geometry": {"type": "Polygon", "coordinates": [[[91.4324374817553, 23.230101200130413], [91.43245013715408, 23.22901762560313], [91.43284096713144, 23.229021523561112], [91.43284307576515, 23.228840927757634], [91.43382014976541, 23.228850668319502], [91.43381172035711, 23.229573051845097], [91.43361630446405, 23.229571104150768], [91.43361419679644, 23.229751700004467], [91.43341878066184, 23.22974975205047], [91.4334166727104, 23.229930347882956], [91.43322125633428, 23.22992839966929], [91.43321914809897, 23.230108995480567], [91.4324374817553, 23.230101200130413]]]}}, {"type": "Feature", "properties": {"aoi_name": "Feni", "sensor": "Sentinel-1", "acquisition_date": "2024-08-21", "baseline_date": "2024-08-09", "area_km2": 0.0164, "threshold": 1.25, "detects": "open_water_only"}, "geometry": {"type": "Polygon", "coordinates": [[[91.42734542632854, 23.180922499356267], [91.42735598177171, 23.180019517164155], [91.42755132504847, 23.180021468712766], [91.4275597679735, 23.179299082813507], [91.42736442574454, 23.17929713133266], [91.42737075850151, 23.178755341913647], [91.42795678289453, 23.178761195477165], [91.42795467278256, 23.178941792005304], [91.42815001455124, 23.178943742725693], [91.42813102494718, 23.180569111436835], [91.42793568082094, 23.180567160564042], [91.42793146015185, 23.180928353529552], [91.42734542632854, 23.180922499356267]]]}}, {"type": "Feature", "properties": {"aoi_name": "Feni", "sensor": "Sentinel-1", "acquisition_date": "2024-08-21", "baseline_date": "2024-08-09", "area_km2": 0.0164, "threshold": 1.25, "detects": "open_water_only"}, "geometry": {"type": "Polygon", "coordinates": [[[91.47730015788797, 23.082433094311888], [91.47731032964806, 23.08153007947692], [91.4775055349698, 23.081531961481318], [91.47750960300937, 23.081170755484465], [91.47770480783049, 23.081172637215], [91.47770684155903, 23.08099203419374], [91.47868286466903, 23.081001439148302], [91.47867676733016, 23.08154324844493], [91.47848156188559, 23.08154136788704], [91.4784774963696, 23.081902574030547], [91.4782822904244, 23.081900693198815], [91.47828025737516, 23.082081296247736], [91.47808505118986, 23.082079415158532], [91.47808301785959, 23.08226001818678], [91.47788781143421, 23.0822581368401], [91.4778857778229, 23.082438739847664], [91.47730015788797, 23.082433094311888]]]}}, {"type": "Feature", "properties": {"aoi_name": "Feni", "sensor": "Sentinel-1", "acquisition_date": "2024-08-21", "baseline_date": "2024-08-09", "area_km2": 0.0164, "threshold": 1.25, "detects": "open_water_only"}, "geometry": {"type": "Polygon", "coordinates": [[[91.48070797234831, 23.074518510508963], [91.48071000141265, 23.07433790708317], [91.48051480618344, 23.074336029590395], [91.4805188647717, 23.073974822758633], [91.4803236700838, 23.073972945057573], [91.48033178805687, 23.073250531407933], [91.48091736905666, 23.07325616359185], [91.48091939771754, 23.07307556011964], [91.48170017162819, 23.07308306625896], [91.4816940887094, 23.073624876858897], [91.4814988944198, 23.07362300063651], [91.48149483851763, 23.07398420764897], [91.4812996437276, 23.073982331152898], [91.48129355893987, 23.074524141590334], [91.48070797234831, 23.074518510508963]]]}}, {"type": "Feature", "properties": {"aoi_name": "Feni", "sensor": "Sentinel-1", "acquisition_date": "2024-08-21", "baseline_date": "2024-08-09", "area_km2": 0.0164, "threshold": 1.25, "detects": "open_water_only"}, "geometry": {"type": "Polygon", "coordinates": [[[91.51510365363181, 22.999885912045457], [91.51510562961583, 22.999705304060335], [91.5149105387782, 22.999703474655593], [91.51491251500167, 22.999522866682174], [91.51471742444335, 22.999521037053263], [91.51472533017535, 22.998798605180724], [91.51492041969618, 22.998800434745725], [91.51492634800776, 22.998258610748472], [91.51590179202044, 22.998267754731774], [91.51589586759928, 22.99880957896863], [91.51570077797882, 22.998807750604318], [91.51569682774637, 22.999168966708897], [91.51550173762708, 22.999167138072515], [91.51549976222161, 22.999347746102412], [91.51569485260025, 22.99934957475477], [91.51568892704239, 22.999891398866723], [91.51510365363181, 22.999885912045457]]]}}, {"type": "Feature", "properties": {"aoi_name": "Feni", "sensor": "Sentinel-1", "acquisition_date": "2024-08-21", "baseline_date": "2024-08-09", "area_km2": 0.0164, "threshold": 1.25, "detects": "open_water_only"}, "geometry": {"type": "Polygon", "coordinates": [[[91.51984302318819, 23.01257414575855], [91.51984696494918, 23.012212929585296], [91.51965185571053, 23.01221110508534], [91.51965776898163, 23.011669280841154], [91.52043820294078, 23.01167657720813], [91.52043623290851, 23.011857185357503], [91.5208264505264, 23.01186083213109], [91.52083038953288, 23.0114996157644], [91.52102549785249, 23.01150143875893], [91.52102746706639, 23.01132083055324], [91.52180789950526, 23.01132812006484], [91.52180199491866, 23.01186994485997], [91.52141177710219, 23.0118663004893], [91.52140980834785, 23.012046908713966], [91.52082448099338, 23.01204144030803], [91.52082054186776, 23.01240265664905], [91.52043032269249, 23.012399009779948], [91.52042835258075, 23.01257961791221], [91.51984302318819, 23.01257414575855]]]}}, {"type": "Feature", "properties": {"aoi_name": "Feni", "sensor": "Sentinel-1", "acquisition_date": "2024-08-21", "baseline_date": "2024-08-09", "area_km2": 0.016, "threshold": 1.25, "detects": "open_water_only"}, "geometry": {"type": "Polygon", "coordinates": [[[91.47687817650605, 22.9462385350845], [91.47688019807606, 22.946057929057222], [91.4766851876527, 22.946056056699735], [91.4767033831913, 22.944430602409188], [91.47728840754121, 22.944436218320842], [91.47728032394214, 22.945158642689307], [91.47747533313384, 22.945160514246382], [91.47747331244162, 22.945341120344192], [91.47766832191232, 22.94534299167813], [91.47765821943798, 22.94624602218484], [91.47687817650605, 22.9462385350845]]]}}, {"type": "Feature", "properties": {"aoi_name": "Feni", "sensor": "Sentinel-1", "acquisition_date": "2024-08-21", "baseline_date": "2024-08-09", "area_km2": 0.016, "threshold": 1.25, "detects": "open_water_only"}, "geometry": {"type": "Polygon", "coordinates": [[[91.45426463922229, 23.01393420813454], [91.45427287240179, 23.01321179783938], [91.454663081961, 23.01321560788476], [91.45466719738805, 23.012854402644905], [91.45486230167971, 23.01285630727393], [91.45486847388605, 23.012314499332067], [91.45545378454966, 23.01232021162786], [91.45544967132338, 23.012681417026457], [91.45564477543847, 23.012683320677755], [91.45563860622214, 23.01322512879332], [91.45544350132842, 23.013223225092165], [91.45544144462197, 23.013403827772155], [91.45524633948945, 23.013401923814097], [91.4552422254952, 23.013763129127952], [91.45504711986432, 23.013761224896374], [91.45504506257653, 23.01394182753024], [91.45426463922229, 23.01393420813454]]]}}, {"type": "Feature", "properties": {"aoi_name": "Feni", "sensor": "Sentinel-1", "acquisition_date": "2024-08-21", "baseline_date": "2024-08-09", "area_km2": 0.016, "threshold": 1.25, "detects": "open_water_only"}, "geometry": {"type": "Polygon", "coordinates": [[[91.46328193312439, 23.147682129751878], [91.46328605229917, 23.147320929186765], [91.4630907531254, 23.147319024509322], [91.46309281294323, 23.14713842423685], [91.46289751405166, 23.147136519334122], [91.46290575416187, 23.146414118267344], [91.46310105200749, 23.146416023103864], [91.46310311172178, 23.146235422809838], [91.46407959995302, 23.146244943282195], [91.4640672492013, 23.147328545478103], [91.46387194994473, 23.147326641768036], [91.46386783233895, 23.147687842432436], [91.46328193312439, 23.147682129751878]]]}}, {"type": "Feature", "properties": {"aoi_name": "Feni", "sensor": "Sentinel-1", "acquisition_date": "2024-08-21", "baseline_date": "2024-08-09", "area_km2": 0.016, "threshold": 1.25, "detects": "open_water_only"}, "geometry": {"type": "Polygon", "coordinates": [[[91.3804586724647, 22.90337968155866], [91.38046081750201, 22.90319908293509], [91.38026587745549, 22.903197095595335], [91.38027445841956, 22.902474701127765], [91.38202891033373, 22.90249257795597], [91.38202248160681, 22.903034374283017], [91.38182754164481, 22.90303238887244], [91.38182539843459, 22.90321298762214], [91.38143551805976, 22.90320901604927], [91.38143337431204, 22.90338961475988], [91.3804586724647, 22.90337968155866]]]}}, {"type": "Feature", "properties": {"aoi_name": "Feni", "sensor": "Sentinel-1", "acquisition_date": "2024-08-21", "baseline_date": "2024-08-09", "area_km2": 0.016, "threshold": 1.25, "detects": "open_water_only"}, "geometry": {"type": "Polygon", "coordinates": [[[91.4375735271557, 22.7677600855849], [91.4375755829266, 22.767579478864157], [91.43738083056185, 22.76757757230317], [91.43738699851738, 22.767035752165732], [91.43719224694145, 22.767033845417693], [91.43719841547725, 22.766492025292273], [91.43856167157095, 22.766505367190423], [91.43855345398231, 22.76722779448564], [91.43835870202533, 22.767225889145323], [91.43835459259402, 22.767587102733827], [91.4381598401459, 22.767585197122543], [91.43815778514299, 22.76776580389363], [91.4375735271557, 22.7677600855849]]]}}, {"type": "Feature", "properties": {"aoi_name": "Feni", "sensor": "Sentinel-1", "acquisition_date": "2024-08-21", "baseline_date": "2024-08-09", "area_km2": 0.016, "threshold": 1.25, "detects": "open_water_only"}, "geometry": {"type": "Polygon", "coordinates": [[[91.46118992673165, 23.17692214300248], [91.46119818785064, 23.176199745245654], [91.46100284699037, 23.17619783573977], [91.46101110882503, 23.17547543798022], [91.46179246820002, 23.175483074285488], [91.46178833941946, 23.175844273306485], [91.46217902027902, 23.175848090072375], [91.46216663658261, 23.176931687230635], [91.46118992673165, 23.17692214300248]]]}}, {"type": "Feature", "properties": {"aoi_name": "Feni", "sensor": "Sentinel-1", "acquisition_date": "2024-08-21", "baseline_date": "2024-08-09", "area_km2": 0.0156, "threshold": 1.25, "detects": "open_water_only"}, "geometry": {"type": "Polygon", "coordinates": [[[91.43829137923191, 23.06236451660589], [91.43829554815812, 23.06200331642098], [91.43810037462747, 23.062001387501994], [91.43810245931932, 23.061820787419897], [91.4379072860699, 23.061818858276887], [91.4379156256683, 23.061096457972717], [91.439086659234, 23.061108028814857], [91.43908457592728, 23.061288628998195], [91.43927974852194, 23.06129055664578], [91.43927349925664, 23.061832357220386], [91.4390783258813, 23.0618304295224], [91.43907415907903, 23.062191629850357], [91.43887898520417, 23.062189701877926], [91.4388769015113, 23.062370302018646], [91.43829137923191, 23.06236451660589]]]}}, {"type": "Feature", "properties": {"aoi_name": "Feni", "sensor": "Sentinel-1", "acquisition_date": "2024-08-21", "baseline_date": "2024-08-09", "area_km2": 0.0156, "threshold": 1.25, "detects": "open_water_only"}, "geometry": {"type": "Polygon", "coordinates": [[[91.48484957356203, 23.070765202482452], [91.48485766610806, 23.070042787020828], [91.4844672873129, 23.070039042699364], [91.48446931091924, 23.06985843885585], [91.48407893272636, 23.06985469360321], [91.48408500498537, 23.06931288214479], [91.48506094671474, 23.069322243224565], [91.48505487836138, 23.069864054927677], [91.48544525675801, 23.06986779777081], [91.48544323445358, 23.070048401695875], [91.48563842394285, 23.07005027277231], [91.48563640187844, 23.070230876709378], [91.48583159164842, 23.07023274756117], [91.4858255261142, 23.070774559395517], [91.48484957356203, 23.070765202482452]]]}}, {"type": "Feature", "properties": {"aoi_name": "Feni", "sensor": "Sentinel-1", "acquisition_date": "2024-08-21", "baseline_date": "2024-08-09", "area_km2": 0.0156, "threshold": 1.25, "detects": "open_water_only"}, "geometry": {"type": "Polygon", "coordinates": [[[91.48615833024887, 22.953552396303408], [91.48616637000532, 22.952829969717204], [91.48655641200621, 22.952833691925175], [91.48656043072792, 22.95247247854129], [91.48773055411326, 22.952483639219725], [91.48772252279714, 22.953206066360917], [91.48733247951809, 22.953202346962982], [91.48733047112098, 22.95338295370505], [91.48713544925317, 22.953381093630416], [91.4871334405771, 22.95356170035194], [91.48615833024887, 22.953552396303408]]]}}, {"type": "Feature", "properties": {"aoi_name": "Feni", "sensor": "Sentinel-1", "acquisition_date": "2024-08-21", "baseline_date": "2024-08-09", "area_km2": 0.0156, "threshold": 1.25, "detects": "open_water_only"}, "geometry": {"type": "Polygon", "coordinates": [[[91.42778465404024, 23.126560832159296], [91.42778675905504, 23.126380234446472], [91.42759149350539, 23.126378287443963], [91.42759991439752, 23.12565589661727], [91.42838097254442, 23.12566368290697], [91.42838307666987, 23.1254830851218], [91.42857834099834, 23.12548503107336], [91.42858044484147, 23.12530443326695], [91.42916623717035, 23.125310269621433], [91.42915782480485, 23.1260326610242], [91.42896255962941, 23.12603071574662], [91.42896045622399, 23.126211313569602], [91.42876519080852, 23.126209368033514], [91.42876308712077, 23.126389965835276], [91.42837255583099, 23.126386074004508], [91.42837045159972, 23.126566671768106], [91.42778465404024, 23.126560832159296]]]}}, {"type": "Feature", "properties": {"aoi_name": "Feni", "sensor": "Sentinel-1", "acquisition_date": "2024-08-21", "baseline_date": "2024-08-09", "area_km2": 0.0156, "threshold": 1.25, "detects": "open_water_only"}, "geometry": {"type": "Polygon", "coordinates": [[[91.50753524870842, 23.013903587414827], [91.50754518552377, 23.013000552158676], [91.5077402948229, 23.013002391637027], [91.50774228186627, 23.012821784556905], [91.50891293652433, 23.012832816284437], [91.50890499446024, 23.0135552449645], [91.50870988426222, 23.013553406879804], [91.5087059125909, 23.01391462116206], [91.50753524870842, 23.013903587414827]]]}}, {"type": "Feature", "properties": {"aoi_name": "Feni", "sensor": "Sentinel-1", "acquisition_date": "2024-08-21", "baseline_date": "2024-08-09", "area_km2": 0.0156, "threshold": 1.25, "detects": "open_water_only"}, "geometry": {"type": "Polygon", "coordinates": [[[91.46539078988945, 22.996341366868663], [91.4653928316612, 22.9961607629529], [91.46519775040008, 22.996158872594428], [91.46520387636961, 22.99561706087093], [91.46539895685285, 22.995618951179864], [91.4654009985422, 22.99543834724695], [91.46559607878673, 22.9954402372993], [91.46559812019619, 22.995259633345583], [91.46637844034306, 22.99526719108817], [91.46637639997076, 22.9954477951079], [91.4667665606863, 22.995451572571735], [91.46676044100167, 22.995993384704196], [91.46656535985572, 22.995991496042826], [91.4665633196604, 22.99617210006191], [91.46636823827573, 22.99617021114396], [91.46636619780051, 22.996350815142254], [91.46539078988945, 22.996341366868663]]]}}, {"type": "Feature", "properties": {"aoi_name": "Feni", "sensor": "Sentinel-1", "acquisition_date": "2024-08-21", "baseline_date": "2024-08-09", "area_km2": 0.0156, "threshold": 1.25, "detects": "open_water_only"}, "geometry": {"type": "Polygon", "coordinates": [[[91.52351178449985, 22.94433123420785], [91.52352746000595, 22.942886354583532], [91.52411249029551, 22.94289179752921], [91.52410857308911, 22.94325301755616], [91.52430358374232, 22.94325483142415], [91.52430162536803, 22.943435441447093], [91.52469164725092, 22.94343906849632], [91.52468381562446, 22.944161508672384], [91.52448880363882, 22.944159695204043], [91.52448684542419, 22.944340305221527], [91.52351178449985, 22.94433123420785]]]}}, {"type": "Feature", "properties": {"aoi_name": "Feni", "sensor": "Sentinel-1", "acquisition_date": "2024-08-21", "baseline_date": "2024-08-09", "area_km2": 0.0156, "threshold": 1.25, "detects": "open_water_only"}, "geometry": {"type": "Polygon", "coordinates": [[[91.39474808947024, 23.145734561156537], [91.39475024069564, 23.145553966784604], [91.39416437023408, 23.145547997696877], [91.39417082613346, 23.145006214710733], [91.39456140485095, 23.145010194240587], [91.39456570763, 23.14464900549236], [91.39554215218791, 23.14465894991288], [91.39554000211632, 23.144839544375582], [91.39573529135419, 23.144841532551617], [91.39572669189742, 23.145563910428262], [91.39553140161384, 23.145561922183116], [91.39552925143417, 23.145742516624196], [91.39474808947024, 23.145734561156537]]]}}, {"type": "Feature", "properties": {"aoi_name": "Feni", "sensor": "Sentinel-1", "acquisition_date": "2024-08-21", "baseline_date": "2024-08-09", "area_km2": 0.0156, "threshold": 1.25, "detects": "open_water_only"}, "geometry": {"type": "Polygon", "coordinates": [[[91.45351658703453, 23.028196076376275], [91.4535289511949, 23.027112463242357], [91.45489482452844, 23.027125808207238], [91.45488658911098, 23.027848217446135], [91.45469146324776, 23.027846311677386], [91.45468940408175, 23.028026913959746], [91.45449427797953, 23.028025007933923], [91.454492218533, 23.028205610195364], [91.45351658703453, 23.028196076376275]]]}}, {"type": "Feature", "properties": {"aoi_name": "Feni", "sensor": "Sentinel-1", "acquisition_date": "2024-08-21", "baseline_date": "2024-08-09", "area_km2": 0.0156, "threshold": 1.25, "detects": "open_water_only"}, "geometry": {"type": "Polygon", "coordinates": [[[91.47059269184199, 22.915471748815975], [91.47060282602553, 22.914568717792566], [91.47079779082036, 22.914570595191847], [91.4708079232012, 22.913667563979363], [91.47139281383677, 22.91367319449575], [91.4713907881759, 22.91385380079612], [91.47158575202015, 22.913855677173093], [91.47157765020444, 22.914578102397545], [91.47138268532771, 22.914576225954843], [91.4713725563068, 22.91547925730707], [91.47059269184199, 22.915471748815975]]]}}, {"type": "Feature", "properties": {"aoi_name": "Feni", "sensor": "Sentinel-1", "acquisition_date": "2024-08-21", "baseline_date": "2024-08-09", "area_km2": 0.0152, "threshold": 1.25, "detects": "open_water_only"}, "geometry": {"type": "Polygon", "coordinates": [[[91.42609395416082, 23.00336119490292], [91.42609604891636, 23.003180594524313], [91.42590096121563, 23.003178655216267], [91.42590305620944, 23.00299805485031], [91.42570796878921, 23.002996115319046], [91.4257121592322, 23.002634914608095], [91.42551707235188, 23.002632974870576], [91.42552545402175, 23.00191057346486], [91.4263057975199, 23.001918330703138], [91.42630370317161, 23.002098931128753], [91.42649878935832, 23.002100869854907], [91.42649669524828, 23.002281470293152], [91.42669178171549, 23.002283408796096], [91.42667921816793, 23.003367011436932], [91.42609395416082, 23.00336119490292]]]}}, {"type": "Feature", "properties": {"aoi_name": "Feni", "sensor": "Sentinel-1", "acquisition_date": "2024-08-21", "baseline_date": "2024-08-09", "area_km2": 0.0152, "threshold": 1.25, "detects": "open_water_only"}, "geometry": {"type": "Polygon", "coordinates": [[[91.52023706634965, 22.994334530308997], [91.52024297216325, 22.99379270469912], [91.52043805497995, 22.993794527094465], [91.52044395983694, 22.99325270139834], [91.52063904189563, 22.993254523505847], [91.52064494579605, 22.992712697723494], [91.52084002709672, 22.99271451954318], [91.52084199476455, 22.992533910924596], [91.52142723800789, 22.9925393748955], [91.5214213372784, 22.993081200881626], [91.52122625539961, 22.99307937975033], [91.5212242881908, 22.993259988387912], [91.52102920607255, 22.993258167000636], [91.52102723858462, 22.993438775618024], [91.52122232096215, 22.993440597021216], [91.52121641915713, 22.99398242289549], [91.52102133600171, 22.993980601444562], [91.5210174008472, 22.994341818640873], [91.52023706634965, 22.994334530308997]]]}}, {"type": "Feature", "properties": {"aoi_name": "Feni", "sensor": "Sentinel-1", "acquisition_date": "2024-08-21", "baseline_date": "2024-08-09", "area_km2": 0.0152, "threshold": 1.25, "detects": "open_water_only"}, "geometry": {"type": "Polygon", "coordinates": [[[91.46252223838076, 23.180005694894685], [91.46252430221057, 23.17982509541932], [91.46232895596626, 23.179823187277428], [91.4623351481172, 23.179281388875115], [91.46272583905478, 23.179285204817315], [91.46272996600392, 23.17892400579461], [91.46292531097988, 23.17892591336927], [91.4629273741614, 23.17874531383489], [91.46370875322468, 23.17875294164519], [91.46369638011178, 23.179836539184056], [91.46311034106792, 23.179830818391686], [91.46310827802402, 23.180011417916727], [91.46252223838076, 23.180005694894685]]]}}, {"type": "Feature", "properties": {"aoi_name": "Feni", "sensor": "Sentinel-1", "acquisition_date": "2024-08-21", "baseline_date": "2024-08-09", "area_km2": 0.0152, "threshold": 1.25, "detects": "open_water_only"}, "geometry": {"type": "Polygon", "coordinates": [[[91.4185442353225, 23.16512062481241], [91.41855272050014, 23.164398240688815], [91.41874804028079, 23.16440020191391], [91.4187565240705, 23.163677817653024], [91.41953779921866, 23.163685659860725], [91.41953355946015, 23.16404685213603], [91.41972887882389, 23.164048812116967], [91.41972040009814, 23.164771196683816], [91.4195250796875, 23.16476923663479], [91.41952295969108, 23.164949832748672], [91.41913231841028, 23.164945911890488], [91.4191301978691, 23.165126507965997], [91.4185442353225, 23.16512062481241]]]}}, {"type": "Feature", "properties": {"aoi_name": "Feni", "sensor": "Sentinel-1", "acquisition_date": "2024-08-21", "baseline_date": "2024-08-09", "area_km2": 0.0152, "threshold": 1.25, "detects": "open_water_only"}, "geometry": {"type": "Polygon", "coordinates": [[[91.40721452039428, 23.11551734166101], [91.40722517723981, 23.114614360790135], [91.40742042384295, 23.114616332060795], [91.40742468590909, 23.114255139647927], [91.40820567044807, 23.114263022179024], [91.40820354046969, 23.114443618456193], [91.408398786919, 23.114445588502516], [91.4083881380106, 23.115348569909283], [91.40819289025629, 23.115346599777272], [91.40819076014932, 23.115527196028534], [91.40721452039428, 23.11551734166101]]]}}, {"type": "Feature", "properties": {"aoi_name": "Feni", "sensor": "Sentinel-1", "acquisition_date": "2024-08-21", "baseline_date": "2024-08-09", "area_km2": 0.0152, "threshold": 1.25, "detects": "open_water_only"}, "geometry": {"type": "Polygon", "coordinates": [[[91.4427680554385, 23.13122500101842], [91.44277639702524, 23.130502605382862], [91.44297166996503, 23.130504533910372], [91.44297375504804, 23.130323934973934], [91.44316902774756, 23.13032586324304], [91.44317319732822, 23.1299646653237], [91.44336846952622, 23.129966593317643], [91.44337055402386, 23.12978599433473], [91.44395636995996, 23.129791776816475], [91.44395428624603, 23.12997237584966], [91.44414955852787, 23.129974302877063], [91.44414122450752, 23.1306966990337], [91.44375067787486, 23.1306928446032], [91.4437485937949, 23.13087344359807], [91.44355332024874, 23.130871516003594], [91.44355123588657, 23.131052114977386], [91.44335596210014, 23.131050187124508], [91.44335387745575, 23.131230786077225], [91.4427680554385, 23.13122500101842]]]}}, {"type": "Feature", "properties": {"aoi_name": "Feni", "sensor": "Sentinel-1", "acquisition_date": "2024-08-21", "baseline_date": "2024-08-09", "area_km2": 0.0152, "threshold": 1.25, "detects": "open_water_only"}, "geometry": {"type": "Polygon", "coordinates": [[[91.41837617476502, 23.079505900741683], [91.41837828756461, 23.07932530277351], [91.41818309091316, 23.07932334787881], [91.41818520395195, 23.07914274992335], [91.41799000758226, 23.079140794804648], [91.41799846056661, 23.078418403007824], [91.41819365589438, 23.078420358058406], [91.4181957688268, 23.0782397600814], [91.41839096391539, 23.078241714873933], [91.41839307656608, 23.07806111687559], [91.41917385609122, 23.07806893356745], [91.41916540952843, 23.07879132580732], [91.41897021357336, 23.07878937192781], [91.41896176562845, 23.079511764030645], [91.41837617476502, 23.079505900741683]]]}}, {"type": "Feature", "properties": {"aoi_name": "Feni", "sensor": "Sentinel-1", "acquisition_date": "2024-08-21", "baseline_date": "2024-08-09", "area_km2": 0.0152, "threshold": 1.25, "detects": "open_water_only"}, "geometry": {"type": "Polygon", "coordinates": [[[91.50252618312453, 23.008076260436795], [91.50252817663328, 23.007895653675376], [91.50194287222253, 23.007890116409076], [91.50194486648964, 23.00770950969173], [91.5017497653191, 23.00770766347194], [91.50175774322437, 23.00698523662421], [91.50195284335699, 23.006987082779517], [91.50195483752354, 23.006806476040765], [91.50273523721718, 23.006813858195276], [91.50273125093976, 23.007175071797423], [91.5029263514324, 23.007176916767705], [91.50292435852302, 23.007357523578463], [91.50311945929522, 23.007359368324625], [91.5031114884947, 23.008081795589284], [91.50252618312453, 23.008076260436795]]]}}, {"type": "Feature", "properties": {"aoi_name": "Feni", "sensor": "Sentinel-1", "acquisition_date": "2024-08-21", "baseline_date": "2024-08-09", "area_km2": 0.0152, "threshold": 1.25, "detects": "open_water_only"}, "geometry": {"type": "Polygon", "coordinates": [[[91.31613172750961, 22.94985165694958], [91.31613396276565, 22.949671065257018], [91.31554896220352, 22.949664853930464], [91.31555119821265, 22.94948426228792], [91.31535619832897, 22.949482191384888], [91.31536290699648, 22.948940416485726], [91.31614290356404, 22.94894869844363], [91.31614066839829, 22.94912929015345], [91.31731066547798, 22.949141706014693], [91.31730396449925, 22.94968348144411], [91.3171089641539, 22.94968141267831], [91.31710673019066, 22.949862004461384], [91.31613172750961, 22.94985165694958]]]}}, {"type": "Feature", "properties": {"aoi_name": "Feni", "sensor": "Sentinel-1", "acquisition_date": "2024-08-21", "baseline_date": "2024-08-09", "area_km2": 0.0148, "threshold": 1.25, "detects": "open_water_only"}, "geometry": {"type": "Polygon", "coordinates": [[[91.5360807362906, 22.954382286895704], [91.53608268006957, 22.954201676164402], [91.53588765269551, 22.954199875961095], [91.53588959671357, 22.95401926524128], [91.53510948844855, 22.954012062094783], [91.53511337849561, 22.95365084076837], [91.5349183519959, 22.9536490394142], [91.53492418769532, 22.95310720743985], [91.53570429070741, 22.953114411229755], [91.53570234652878, 22.95329502195516], [91.5358973725896, 22.95329682231935], [91.53589542865004, 22.95347743305623], [91.53609045498922, 22.95347923319655], [91.53608851128875, 22.953659843944912], [91.53647856454342, 22.95366344353818], [91.53647662134077, 22.953844054313755], [91.53667164825625, 22.9538458537667], [91.53666581930675, 22.954387686115087], [91.5360807362906, 22.954382286895704]]]}}, {"type": "Feature", "properties": {"aoi_name": "Feni", "sensor": "Sentinel-1", "acquisition_date": "2024-08-21", "baseline_date": "2024-08-09", "area_km2": 0.0148, "threshold": 1.25, "detects": "open_water_only"}, "geometry": {"type": "Polygon", "coordinates": [[[91.43941172052288, 23.015955924379327], [91.43942211182932, 23.01505291810792], [91.43961721786879, 23.015054841696426], [91.43961929580765, 23.014874240412464], [91.4398144016085, 23.014876163743885], [91.43981647926685, 23.014695562438842], [91.44040179601643, 23.01470133094099], [91.44039764223616, 23.015062533647498], [91.44059274838037, 23.015064456034523], [91.44058236486107, 23.015967462809503], [91.43941172052288, 23.015955924379327]]]}}, {"type": "Feature", "properties": {"aoi_name": "Feni", "sensor": "Sentinel-1", "acquisition_date": "2024-08-21", "baseline_date": "2024-08-09", "area_km2": 0.0148, "threshold": 1.25, "detects": "open_water_only"}, "geometry": {"type": "Polygon", "coordinates": [[[91.45598600991171, 22.896726029162302], [91.45599418725192, 22.896003607613967], [91.4561891241682, 22.89600550149438], [91.45619116819375, 22.895824896080008], [91.45638610487286, 22.895826789704905], [91.45639019234622, 22.895465578830148], [91.4565851285303, 22.895467472182933], [91.45658717197816, 22.89528686672255], [91.45717197988084, 22.89529254529765], [91.45716789451156, 22.895653756313692], [91.45736283103612, 22.8956556487274], [91.45735670360082, 22.896197465269168], [91.45696682902525, 22.8961936801033], [91.45696478598981, 22.89637428557549], [91.45676984847516, 22.896372392617575], [91.45676780516118, 22.896552998068906], [91.45657286740934, 22.896551104855483], [91.45657082381686, 22.896731710285945], [91.45598600991171, 22.896726029162302]]]}}, {"type": "Feature", "properties": {"aoi_name": "Feni", "sensor": "Sentinel-1", "acquisition_date": "2024-08-21", "baseline_date": "2024-08-09", "area_km2": 0.0148, "threshold": 1.25, "detects": "open_water_only"}, "geometry": {"type": "Polygon", "coordinates": [[[91.3999908710745, 22.767026510269343], [91.39999297620697, 22.766845906818155], [91.39979822842649, 22.766843954470552], [91.39980875504843, 22.76594093723652], [91.40000350154912, 22.765942889498188], [91.4000056065535, 22.76576228602139], [91.40058984541584, 22.765768141330504], [91.40058774117931, 22.765948744858854], [91.40078248776538, 22.765950696170957], [91.40078038376346, 22.76613129971222], [91.40097513062682, 22.766133250804113], [91.4009646115769, 22.767036268532276], [91.3999908710745, 22.767026510269343]]]}}, {"type": "Feature", "properties": {"aoi_name": "Feni", "sensor": "Sentinel-1", "acquisition_date": "2024-08-21", "baseline_date": "2024-08-09", "area_km2": 0.0148, "threshold": 1.25, "detects": "open_water_only"}, "geometry": {"type": "Polygon", "coordinates": [[[91.54098092444404, 22.970322772095074], [91.5409828632177, 22.97014216133051], [91.54078781255562, 22.970140365976434], [91.54079169056214, 22.969779144465903], [91.54059664043756, 22.96977734890341], [91.54060439725157, 22.96905490589392], [91.54079944634036, 22.96905670139361], [91.54080138523598, 22.968876090614874], [91.54138653184293, 22.968881475628073], [91.54138459372415, 22.969062086453896], [91.54157964289121, 22.969063880994383], [91.54157189125624, 22.96978632431776], [91.54176694147867, 22.969788118681198], [91.54176112832393, 22.970329951175987], [91.54098092444404, 22.970322772095074]]]}}, {"type": "Feature", "properties": {"aoi_name": "Feni", "sensor": "Sentinel-1", "acquisition_date": "2024-08-21", "baseline_date": "2024-08-09", "area_km2": 0.0148, "threshold": 1.25, "detects": "open_water_only"}, "geometry": {"type": "Polygon", "coordinates": [[[91.44116789762178, 23.100684454431317], [91.44116998211551, 23.100503854968256], [91.44097475273634, 23.100501926569507], [91.44097683746989, 23.100321327118916], [91.44078160837249, 23.10031939849567], [91.44078577829825, 23.099958199615152], [91.44059054974342, 23.099956270784194], [91.44059680525707, 23.099414472481467], [91.44137771647269, 23.099422186156183], [91.44137146408856, 23.09996398466033], [91.44215237876928, 23.09997169467594], [91.44214404613632, 23.100694092889597], [91.44116789762178, 23.100684454431317]]]}}, {"type": "Feature", "properties": {"aoi_name": "Feni", "sensor": "Sentinel-1", "acquisition_date": "2024-08-21", "baseline_date": "2024-08-09", "area_km2": 0.0148, "threshold": 1.25, "detects": "open_water_only"}, "geometry": {"type": "Polygon", "coordinates": [[[91.39018548432158, 22.789325255318765], [91.39018760466014, 22.789144653241955], [91.38921371242658, 22.789134820243547], [91.38921583402504, 22.788954218248957], [91.38882627779469, 22.788950283420633], [91.38883476602362, 22.78822787553801], [91.38961387447003, 22.788235743967174], [91.38961175347012, 22.788416346013463], [91.38980653089175, 22.78841831254395], [91.38980441012662, 22.788598914603263], [91.39019396554689, 22.788602846985878], [91.3901918452728, 22.788783449075513], [91.3907761793332, 22.788789345918957], [91.39076982068848, 22.789331152317832], [91.39018548432158, 22.789325255318765]]]}}, {"type": "Feature", "properties": {"aoi_name": "Feni", "sensor": "Sentinel-1", "acquisition_date": "2024-08-21", "baseline_date": "2024-08-09", "area_km2": 0.0148, "threshold": 1.25, "detects": "open_water_only"}, "geometry": {"type": "Polygon", "coordinates": [[[91.46152185778729, 23.199141573696643], [91.4615239248644, 23.198960974745077], [91.4607424292094, 23.198953329819748], [91.46075276952847, 23.198050335328773], [91.46153425993865, 23.1980579799225], [91.46153219296532, 23.19823857889566], [91.46192293881941, 23.198242399771065], [91.46192087234981, 23.198422998773047], [91.4623116188114, 23.19842681871186], [91.46230542085151, 23.19896861579131], [91.4621100468236, 23.198966705893415], [91.46210798053323, 23.199147304894694], [91.46152185778729, 23.199141573696643]]]}}, {"type": "Feature", "properties": {"aoi_name": "Feni", "sensor": "Sentinel-1", "acquisition_date": "2024-08-21", "baseline_date": "2024-08-09", "area_km2": 0.0148, "threshold": 1.25, "detects": "open_water_only"}, "geometry": {"type": "Polygon", "coordinates": [[[91.52397036170144, 22.938013511847902], [91.52397427827755, 22.937652291605247], [91.52377927567817, 22.937650477750427], [91.52378515116938, 22.93710864740207], [91.52398015299333, 22.937110461209258], [91.52398211119235, 22.936929851068733], [91.5237871096269, 22.936928037277422], [91.52379494325908, 22.93620559673615], [91.52437994491319, 22.936211037201346], [91.52437211438263, 22.9369334779331], [91.52456711600743, 22.93693529100614], [91.52456515858384, 22.937115901194282], [91.52476016048688, 22.937117714043776], [91.52475233162866, 22.937840154817152], [91.52455732869167, 22.937838341904193], [91.52455537116921, 22.938018952070998], [91.52397036170144, 22.938013511847902]]]}}, {"type": "Feature", "properties": {"aoi_name": "Feni", "sensor": "Sentinel-1", "acquisition_date": "2024-08-21", "baseline_date": "2024-08-09", "area_km2": 0.0148, "threshold": 1.25, "detects": "open_water_only"}, "geometry": {"type": "Polygon", "coordinates": [[[91.41874602881427, 23.197814326411425], [91.41875240195063, 23.19727254052032], [91.41816629951313, 23.197266648270045], [91.41816842463585, 23.197086053015475], [91.41797305746157, 23.197084088464287], [91.4179794334883, 23.196542302725728], [91.41876089916713, 23.196550159271602], [91.41875452628675, 23.197091945214638], [91.41914526082735, 23.19709587213539], [91.4191495083868, 23.196734681442894], [91.41973560878445, 23.19674056990383], [91.41972923977305, 23.19728235608933], [91.41953387216591, 23.197280393460343], [91.41952962552732, 23.197641584194994], [91.41933425741709, 23.197639621289543], [91.4193321338036, 23.19782021663335], [91.41874602881427, 23.197814326411425]]]}}, {"type": "Feature", "properties": {"aoi_name": "Feni", "sensor": "Sentinel-1", "acquisition_date": "2024-08-21", "baseline_date": "2024-08-09", "area_km2": 0.0144, "threshold": 1.25, "detects": "open_water_only"}, "geometry": {"type": "Polygon", "coordinates": [[[91.40378450113519, 22.975864224275576], [91.40379298744267, 22.97514182805179], [91.40398803278421, 22.975143792331963], [91.40399227529156, 22.974782594159937], [91.40418732013657, 22.974784558165965], [91.40418944109918, 22.97460395905634], [91.40496961965742, 22.974611812613666], [91.40495901980975, 22.975514808462048], [91.40476397384325, 22.975512845346636], [91.40475973323645, 22.975874043621594], [91.40378450113519, 22.975864224275576]]]}}, {"type": "Feature", "properties": {"aoi_name": "Feni", "sensor": "Sentinel-1", "acquisition_date": "2024-08-21", "baseline_date": "2024-08-09", "area_km2": 0.0144, "threshold": 1.25, "detects": "open_water_only"}, "geometry": {"type": "Polygon", "coordinates": [[[91.43577326686318, 23.11128763643076], [91.43577535964069, 23.111107037675893], [91.43558011543702, 23.111105101768697], [91.43559267322553, 23.110021509250075], [91.4357879158635, 23.110023445056214], [91.43579000849361, 23.10984284627118], [91.43637573575103, 23.109848652190703], [91.43637364390374, 23.110029251026248], [91.4365688866259, 23.1100311858668], [91.43655633666587, 23.111114778890602], [91.436361092378, 23.111112843949034], [91.43635900038338, 23.111293442754416], [91.43577326686318, 23.11128763643076]]]}}, {"type": "Feature", "properties": {"aoi_name": "Feni", "sensor": "Sentinel-1", "acquisition_date": "2024-08-21", "baseline_date": "2024-08-09", "area_km2": 0.0144, "threshold": 1.25, "detects": "open_water_only"}, "geometry": {"type": "Polygon", "coordinates": [[[91.4593295448764, 23.168776065101778], [91.45933161187178, 23.16859546564076], [91.45913628221724, 23.168593554410197], [91.45914455103828, 23.167871156589385], [91.45973053692259, 23.167876889355657], [91.45973260329055, 23.16769628983988], [91.46031858857634, 23.167702020377664], [91.46031652299378, 23.1678826199432], [91.46051185172568, 23.16788452965489], [91.46050359023504, 23.168606927940232], [91.46030826045593, 23.168605018162207], [91.46030619476959, 23.16878561770618], [91.4593295448764, 23.168776065101778]]]}}, {"type": "Feature", "properties": {"aoi_name": "Feni", "sensor": "Sentinel-1", "acquisition_date": "2024-08-21", "baseline_date": "2024-08-09", "area_km2": 0.0144, "threshold": 1.25, "detects": "open_water_only"}, "geometry": {"type": "Polygon", "coordinates": [[[91.43786913689465, 23.199992178070733], [91.43787543363598, 23.199450387344044], [91.43807080612002, 23.199452327371493], [91.43807290472941, 23.19927173043712], [91.4382682769723, 23.199273670205304], [91.43827037529837, 23.199093073249777], [91.43866111932286, 23.199096952025194], [91.43866321710338, 23.198916355031695], [91.43924933251137, 23.19892217132609], [91.43924723551756, 23.19910276837004], [91.43944260762457, 23.199104706666787], [91.43943422048771, 23.19982709486662], [91.43865272799009, 23.19981933995594], [91.43865063010423, 23.19999993692782], [91.43786913689465, 23.199992178070733]]]}}, {"type": "Feature", "properties": {"aoi_name": "Feni", "sensor": "Sentinel-1", "acquisition_date": "2024-08-21", "baseline_date": "2024-08-09", "area_km2": 0.0144, "threshold": 1.25, "detects": "open_water_only"}, "geometry": {"type": "Polygon", "coordinates": [[[91.44353039111193, 23.132858104478167], [91.44353872927333, 23.1321357087296], [91.44392928004417, 23.13213956391153], [91.44393136400959, 23.13195896493009], [91.44529829053867, 23.13197245033735], [91.44529204406619, 23.132514247620488], [91.44509676800111, 23.132512321808477], [91.44509468554045, 23.132692920877485], [91.44411830422285, 23.13268328810873], [91.44411622043488, 23.132863887089677], [91.44353039111193, 23.132858104478167]]]}}, {"type": "Feature", "properties": {"aoi_name": "Feni", "sensor": "Sentinel-1", "acquisition_date": "2024-08-21", "baseline_date": "2024-08-09", "area_km2": 0.0144, "threshold": 1.25, "detects": "open_water_only"}, "geometry": {"type": "Polygon", "coordinates": [[[91.42658253644211, 22.994876848801756], [91.42658672290933, 22.994515647568658], [91.42600149708623, 22.99450983280316], [91.4260119667736, 22.9936068298992], [91.42718241083226, 22.993618456761915], [91.42716776401085, 22.994882661508342], [91.42658253644211, 22.994876848801756]]]}}, {"type": "Feature", "properties": {"aoi_name": "Feni", "sensor": "Sentinel-1", "acquisition_date": "2024-08-21", "baseline_date": "2024-08-09", "area_km2": 0.0144, "threshold": 1.25, "detects": "open_water_only"}, "geometry": {"type": "Polygon", "coordinates": [[[91.37515736575774, 22.824574804273247], [91.37516379712916, 22.824033004455323], [91.3749689704938, 22.82403101712064], [91.3749754024401, 22.823489217316556], [91.37517022830518, 22.82349120459885], [91.37517237198709, 22.82331060463813], [91.37536719761711, 22.823312591664926], [91.37536934102054, 22.823131991682466], [91.37595381727054, 22.823137951282224], [91.37595167463739, 22.823318551317044], [91.37614650035422, 22.823320537391663], [91.37614007309483, 22.8238623375228], [91.3759452466077, 22.82386035139583], [91.3759388183827, 22.824402151436065], [91.37574399114696, 22.82440016501869], [91.37574184810512, 22.824580765006086], [91.37515736575774, 22.824574804273247]]]}}, {"type": "Feature", "properties": {"aoi_name": "Feni", "sensor": "Sentinel-1", "acquisition_date": "2024-08-21", "baseline_date": "2024-08-09", "area_km2": 0.014, "threshold": 1.25, "detects": "open_water_only"}, "geometry": {"type": "Polygon", "coordinates": [[[91.38149719581232, 22.782734894299967], [91.38150785106215, 22.78183188700543], [91.38287122256442, 22.7818457132157], [91.38286909335086, 22.78202631480481], [91.38306386105086, 22.78202828904481], [91.38305747404917, 22.78257009383861], [91.38227840030459, 22.7825621952447], [91.38227627023615, 22.78274279676459], [91.38149719581232, 22.782734894299967]]]}}, {"type": "Feature", "properties": {"aoi_name": "Feni", "sensor": "Sentinel-1", "acquisition_date": "2024-08-21", "baseline_date": "2024-08-09", "area_km2": 0.014, "threshold": 1.25, "detects": "open_water_only"}, "geometry": {"type": "Polygon", "coordinates": [[[91.43704508852635, 23.102630496961478], [91.4370534492081, 23.101908100684618], [91.43685821818353, 23.10190616708419], [91.43686239891986, 23.101544968953565], [91.43666716843798, 23.101543035145507], [91.43667553070145, 23.10082063889986], [91.43726121908041, 23.100826439398208], [91.43725912932854, 23.101007038516567], [91.43745435909108, 23.101008971550257], [91.4374480904917, 23.101550768929954], [91.4376433210577, 23.10155270177282], [91.43763078485614, 23.10263629651681], [91.43704508852635, 23.102630496961478]]]}}, {"type": "Feature", "properties": {"aoi_name": "Feni", "sensor": "Sentinel-1", "acquisition_date": "2024-08-21", "baseline_date": "2024-08-09", "area_km2": 0.014, "threshold": 1.25, "detects": "open_water_only"}, "geometry": {"type": "Polygon", "coordinates": [[[91.42127358195418, 23.09886113335771], [91.42127991460279, 23.098319340007578], [91.4208894659097, 23.098315434120934], [91.42089791122983, 23.09759304306305], [91.42206925130586, 23.097604757420047], [91.42205659258553, 23.09868834459281], [91.42186136762187, 23.098686392701154], [91.42185925750006, 23.098866990531203], [91.42127358195418, 23.09886113335771]]]}}, {"type": "Feature", "properties": {"aoi_name": "Feni", "sensor": "Sentinel-1", "acquisition_date": "2024-08-21", "baseline_date": "2024-08-09", "area_km2": 0.014, "threshold": 1.25, "detects": "open_water_only"}, "geometry": {"type": "Polygon", "coordinates": [[[91.44305010902023, 23.004973811453265], [91.4430542537106, 23.00461260782983], [91.44266407104179, 23.004608770526183], [91.44267236224698, 23.003886363361822], [91.4438429042784, 23.00389787198868], [91.4438408330649, 23.004078473886704], [91.444035923736, 23.00408039116734], [91.44402971074837, 23.00462219688589], [91.44383461929903, 23.004620279555027], [91.443830476684, 23.00498148331244], [91.44305010902023, 23.004973811453265]]]}}, {"type": "Feature", "properties": {"aoi_name": "Feni", "sensor": "Sentinel-1", "acquisition_date": "2024-08-21", "baseline_date": "2024-08-09", "area_km2": 0.014, "threshold": 1.25, "detects": "open_water_only"}, "geometry": {"type": "Polygon", "coordinates": [[[91.41348930956507, 23.16308299460907], [91.41349143746123, 23.162902398980695], [91.41329612035072, 23.162900431357738], [91.4132982484872, 23.162719835742124], [91.41290761485374, 23.162715899804383], [91.4129161292793, 23.161993517435448], [91.41311144503858, 23.16199548545695], [91.41311357332981, 23.16181488983681], [91.4136995199509, 23.16182079239808], [91.41369526491715, 23.16218198373656], [91.41408589715152, 23.16218591763579], [91.41408377012596, 23.162366513332717], [91.4142790865369, 23.16236847993642], [91.41427270611706, 23.162910267052496], [91.41407738892104, 23.16290830039755], [91.41407526180997, 23.163088896077184], [91.41348930956507, 23.16308299460907]]]}}, {"type": "Feature", "properties": {"aoi_name": "Feni", "sensor": "Sentinel-1", "acquisition_date": "2024-08-21", "baseline_date": "2024-08-09", "area_km2": 0.014, "threshold": 1.25, "detects": "open_water_only"}, "geometry": {"type": "Polygon", "coordinates": [[[91.42118701659318, 23.106265638586162], [91.42119124012235, 23.10590444337737], [91.42099600481082, 23.105902489840716], [91.42100656456623, 23.104999501828257], [91.42178750072256, 23.105007314186846], [91.42178538985742, 23.10518791186595], [91.42217585858475, 23.105191816631237], [91.42216952742713, 23.105733609744608], [91.42197429227024, 23.10573165743167], [91.42196796013884, 23.10627345045526], [91.42118701659318, 23.106265638586162]]]}}, {"type": "Feature", "properties": {"aoi_name": "Feni", "sensor": "Sentinel-1", "acquisition_date": "2024-08-21", "baseline_date": "2024-08-09", "area_km2": 0.014, "threshold": 1.25, "detects": "open_water_only"}, "geometry": {"type": "Polygon", "coordinates": [[[91.42594288803612, 22.8984181403146], [91.42594497234286, 22.89823753756231], [91.42555509778146, 22.89823367502589], [91.42555718258286, 22.898053072303167], [91.4251673086215, 22.89804920884487], [91.42517356444644, 22.89750740075259], [91.42575837309936, 22.897513195429287], [91.42575628861903, 22.897693798181773], [91.4263410982352, 22.89769959075891], [91.42634318194193, 22.897518987955657], [91.42692799097414, 22.8975247783317], [91.42691965911511, 22.89824718972204], [91.42672472171854, 22.89824525976796], [91.42672263844327, 22.898425862587928], [91.42594288803612, 22.8984181403146]]]}}, {"type": "Feature", "properties": {"aoi_name": "Feni", "sensor": "Sentinel-1", "acquisition_date": "2024-08-21", "baseline_date": "2024-08-09", "area_km2": 0.014, "threshold": 1.25, "detects": "open_water_only"}, "geometry": {"type": "Polygon", "coordinates": [[[91.39790708773523, 23.126440724173943], [91.39790923273003, 23.12626012908035], [91.3975187076702, 23.12625616087695], [91.39752728952286, 23.125533780597397], [91.39772255099737, 23.125535764750865], [91.39772684127193, 23.12517457455065], [91.39870314635665, 23.125184491522088], [91.39869457094416, 23.12590687225019], [91.39849930883949, 23.125904889270046], [91.39849287627025, 23.126446674719023], [91.39790708773523, 23.126440724173943]]]}}, {"type": "Feature", "properties": {"aoi_name": "Feni", "sensor": "Sentinel-1", "acquisition_date": "2024-08-21", "baseline_date": "2024-08-09", "area_km2": 0.014, "threshold": 1.25, "detects": "open_water_only"}, "geometry": {"type": "Polygon", "coordinates": [[[91.39779653703819, 23.201395276870294], [91.39780084283585, 23.20103409013226], [91.3974101009142, 23.20103010957465], [91.3974230209353, 23.199946549463732], [91.39761839031189, 23.199948539760165], [91.39762054331084, 23.199767946375914], [91.3982066507836, 23.199773915758875], [91.3981958895062, 23.2006768828957], [91.39839126001819, 23.20067887229145], [91.39838265165626, 23.20140124599195], [91.39779653703819, 23.201395276870294]]]}}, {"type": "Feature", "properties": {"aoi_name": "Feni", "sensor": "Sentinel-1", "acquisition_date": "2024-08-21", "baseline_date": "2024-08-09", "area_km2": 0.014, "threshold": 1.25, "detects": "open_water_only"}, "geometry": {"type": "Polygon", "coordinates": [[[91.44125275239175, 23.025547019058354], [91.44125482920862, 23.02536641787255], [91.44086458717472, 23.025362572868282], [91.44086874178448, 23.025001370550886], [91.44047850087318, 23.02499752465208], [91.44048681191904, 23.024275120099965], [91.44126728967012, 23.024282810667497], [91.44126521297888, 23.02446341187908], [91.44165545249943, 23.024467255753976], [91.4416492238583, 23.02500905946357], [91.4418443444291, 23.025010981090713], [91.44183811637875, 23.02555278481195], [91.44125275239175, 23.025547019058354]]]}}, {"type": "Feature", "properties": {"aoi_name": "Feni", "sensor": "Sentinel-1", "acquisition_date": "2024-08-21", "baseline_date": "2024-08-09", "area_km2": 0.014, "threshold": 1.25, "detects": "open_water_only"}, "geometry": {"type": "Polygon", "coordinates": [[[91.49953496049751, 23.031529214300495], [91.49954095972008, 23.030987396351268], [91.4999312286699, 23.030991097520133], [91.49993322785078, 23.030810491496197], [91.50032349636153, 23.030814191670764], [91.50032549500264, 23.03063358561026], [91.50130116533296, 23.0306428317572], [91.50129317584415, 23.031365256296183], [91.50051263538244, 23.031357859601513], [91.50051063692057, 23.031538465661015], [91.49953496049751, 23.031529214300495]]]}}, {"type": "Feature", "properties": {"aoi_name": "Feni", "sensor": "Sentinel-1", "acquisition_date": "2024-08-21", "baseline_date": "2024-08-09", "area_km2": 0.0136, "threshold": 1.25, "detects": "open_water_only"}, "geometry": {"type": "Polygon", "coordinates": [[[91.39677363695914, 22.77566419136874], [91.39677574721392, 22.77548358839774], [91.39658098748629, 22.77548163142509], [91.39658942931574, 22.774759219567276], [91.39678418801903, 22.77476117647104], [91.39678629816683, 22.774580573478687], [91.39795484929945, 22.774592309810647], [91.39794852340125, 22.775134119084765], [91.39775376405746, 22.77513216357153], [91.39775165512589, 22.775312766637153], [91.3975568955474, 22.77531081086921], [91.39755478633835, 22.77549141391335], [91.39736002652515, 22.775489457890693], [91.39735791703865, 22.77567006091336], [91.39677363695914, 22.77566419136874]]]}}, {"type": "Feature", "properties": {"aoi_name": "Feni", "sensor": "Sentinel-1", "acquisition_date": "2024-08-21", "baseline_date": "2024-08-09", "area_km2": 0.0136, "threshold": 1.25, "detects": "open_water_only"}, "geometry": {"type": "Polygon", "coordinates": [[[91.43956506202943, 23.15485442903746], [91.43958389017664, 23.15322904611316], [91.44016980692588, 23.153234848195083], [91.44016771577834, 23.153415446365454], [91.44036302166504, 23.153417379925752], [91.44034838487487, 23.15468156711512], [91.44015307715709, 23.15467963343722], [91.4401509858414, 23.154860231573075], [91.43956506202943, 23.15485442903746]]]}}, {"type": "Feature", "properties": {"aoi_name": "Feni", "sensor": "Sentinel-1", "acquisition_date": "2024-08-21", "baseline_date": "2024-08-09", "area_km2": 0.0136, "threshold": 1.25, "detects": "open_water_only"}, "geometry": {"type": "Polygon", "coordinates": [[[91.44503090487747, 23.104334967132218], [91.44503922353626, 23.10361256825774], [91.44484398930393, 23.103610644400174], [91.44485022886083, 23.10306884524931], [91.4450454623106, 23.103070769056657], [91.44504754186022, 23.102890169314346], [91.4458284748252, 23.10289786206355], [91.44581392484237, 23.104162060637922], [91.4456186897438, 23.104160137695455], [91.44561661083029, 23.104340737457836], [91.44503090487747, 23.104334967132218]]]}}, {"type": "Feature", "properties": {"aoi_name": "Feni", "sensor": "Sentinel-1", "acquisition_date": "2024-08-21", "baseline_date": "2024-08-09", "area_km2": 0.0136, "threshold": 1.25, "detects": "open_water_only"}, "geometry": {"type": "Polygon", "coordinates": [[[91.48943041489171, 22.922335235927587], [91.48944243010695, 22.921251590122626], [91.48963740617097, 22.921253444909397], [91.48963940837778, 22.921072837244047], [91.49022433591655, 22.92107840012029], [91.49022033303208, 22.921439615544156], [91.49041530943525, 22.921441469390256], [91.4904133082209, 22.92162207711202], [91.49060828490254, 22.921623930735123], [91.49060228191289, 22.922165753923473], [91.4902123270204, 22.922162046340635], [91.49021032546692, 22.922342654029077], [91.48943041489171, 22.922335235927587]]]}}, {"type": "Feature", "properties": {"aoi_name": "Feni", "sensor": "Sentinel-1", "acquisition_date": "2024-08-21", "baseline_date": "2024-08-09", "area_km2": 0.0136, "threshold": 1.25, "detects": "open_water_only"}, "geometry": {"type": "Polygon", "coordinates": [[[91.4988330479973, 22.93615207109971], [91.49883902231957, 22.935610246809755], [91.49903401978081, 22.935612091149487], [91.49903800204486, 22.93525087490254], [91.49923299900931, 22.93525271897059], [91.49923498985274, 22.935072110824567], [91.50001497687792, 22.935079484638305], [91.50001099723848, 22.93544070105517], [91.50020599456191, 22.935442543942383], [91.50020002572732, 22.93598436858403], [91.49981002954989, 22.93598068247341], [91.49980803938126, 22.936161290646492], [91.4988330479973, 22.93615207109971]]]}}, {"type": "Feature", "properties": {"aoi_name": "Feni", "sensor": "Sentinel-1", "acquisition_date": "2024-08-21", "baseline_date": "2024-08-09", "area_km2": 0.0136, "threshold": 1.25, "detects": "open_water_only"}, "geometry": {"type": "Polygon", "coordinates": [[[91.41616227913825, 22.918008815861135], [91.41616437839207, 22.9178282144077], [91.41538452100788, 22.917820434122575], [91.41539082173973, 22.917278629940977], [91.41558578527953, 22.917280575319875], [91.41558998514505, 22.91691937247664], [91.4157849481898, 22.916921317582325], [91.41578704783258, 22.916740716137234], [91.41637193631973, 22.916746549968316], [91.41636563965089, 22.917288354443993], [91.41656060329677, 22.917290298627144], [91.41655850462287, 22.917470900127494], [91.4167534685481, 22.91747284408852], [91.41674717317359, 22.918014648614918], [91.41616227913825, 22.918008815861135]]]}}, {"type": "Feature", "properties": {"aoi_name": "Feni", "sensor": "Sentinel-1", "acquisition_date": "2024-08-21", "baseline_date": "2024-08-09", "area_km2": 0.0136, "threshold": 1.25, "detects": "open_water_only"}, "geometry": {"type": "Polygon", "coordinates": [[[91.41441272510966, 23.16760772061889], [91.4144233605057, 23.166704742547136], [91.41500932877493, 23.166710641409672], [91.41501145500474, 23.166530045731125], [91.41579274528246, 23.16653790742421], [91.41578636966997, 23.16707969465171], [91.41559104628323, 23.16707772954031], [91.4155867952446, 23.167438920969555], [91.41519614748815, 23.167434989952326], [91.41519402141326, 23.16761558562633], [91.41441272510966, 23.16760772061889]]]}}, {"type": "Feature", "properties": {"aoi_name": "Feni", "sensor": "Sentinel-1", "acquisition_date": "2024-08-21", "baseline_date": "2024-08-09", "area_km2": 0.0136, "threshold": 1.25, "detects": "open_water_only"}, "geometry": {"type": "Polygon", "coordinates": [[[91.41322800869104, 23.168679488774327], [91.41323013751192, 23.168498893297077], [91.41303481230887, 23.16849692490226], [91.41304119942853, 23.167955138495856], [91.41323652384625, 23.167957106839392], [91.41323865258157, 23.16777651134485], [91.41382462517774, 23.167782414871834], [91.41382249722771, 23.167963010417637], [91.41460379536902, 23.167970878466427], [91.41459528754358, 23.16869326087972], [91.41322800869104, 23.168679488774327]]]}}, {"type": "Feature", "properties": {"aoi_name": "Feni", "sensor": "Sentinel-1", "acquisition_date": "2024-08-21", "baseline_date": "2024-08-09", "area_km2": 0.0136, "threshold": 1.25, "detects": "open_water_only"}, "geometry": {"type": "Polygon", "coordinates": [[[91.44023582063134, 22.99519251747637], [91.44025242097575, 22.993747703036913], [91.4408376475143, 22.993753464978756], [91.44083557332227, 22.99393406684905], [91.44122572497112, 22.993937906976917], [91.4412195038251, 22.99447971266266], [91.44102442721243, 22.994477792668437], [91.4410161310211, 22.995200200122248], [91.44023582063134, 22.99519251747637]]]}}, {"type": "Feature", "properties": {"aoi_name": "Feni", "sensor": "Sentinel-1", "acquisition_date": "2024-08-21", "baseline_date": "2024-08-09", "area_km2": 0.0136, "threshold": 1.25, "detects": "open_water_only"}, "geometry": {"type": "Polygon", "coordinates": [[[91.47661478947678, 23.091276983892698], [91.476622934069, 23.09055457307249], [91.47740380735553, 23.09056210581567], [91.47740584240965, 23.090381503034287], [91.47799149680762, 23.090387150010017], [91.47798742824298, 23.09074835566682], [91.47818264693795, 23.090750237542462], [91.47817654471947, 23.091292046044583], [91.47661478947678, 23.091276983892698]]]}}, {"type": "Feature", "properties": {"aoi_name": "Feni", "sensor": "Sentinel-1", "acquisition_date": "2024-08-21", "baseline_date": "2024-08-09", "area_km2": 0.0136, "threshold": 1.25, "detects": "open_water_only"}, "geometry": {"type": "Polygon", "coordinates": [[[91.5161052542507, 22.961783009178642], [91.5161170799795, 22.960699355505167], [91.51709225494116, 22.96070847808685], [91.51708831569933, 22.961069696154656], [91.51728335126897, 22.961071519983808], [91.51727547358196, 22.96179395613197], [91.5161052542507, 22.961783009178642]]]}}, {"type": "Feature", "properties": {"aoi_name": "Feni", "sensor": "Sentinel-1", "acquisition_date": "2024-08-21", "baseline_date": "2024-08-09", "area_km2": 0.0136, "threshold": 1.25, "detects": "open_water_only"}, "geometry": {"type": "Polygon", "coordinates": [[[91.4823420656354, 22.963450327873563], [91.48235416135373, 22.96236669123884], [91.48254919567187, 22.962368557879937], [91.48255121129488, 22.96218795174286], [91.4833313477356, 22.962195415844967], [91.48332933314789, 22.962376022047323], [91.48352436756775, 22.962377887489907], [91.48351832445903, 22.96291970612026], [91.4833232892627, 22.962917840628734], [91.48332127459362, 22.963098446813966], [91.48312623915879, 22.963096581066416], [91.48312422421056, 22.96327718723107], [91.48292918853723, 22.96327532122749], [91.48292717330979, 22.96345592737154], [91.4823420656354, 22.963450327873563]]]}}, {"type": "Feature", "properties": {"aoi_name": "Feni", "sensor": "Sentinel-1", "acquisition_date": "2024-08-21", "baseline_date": "2024-08-09", "area_km2": 0.0136, "threshold": 1.25, "detects": "open_water_only"}, "geometry": {"type": "Polygon", "coordinates": [[[91.41963793637639, 22.97132694682613], [91.41965473642485, 22.969882142345256], [91.42023985438537, 22.969887974660164], [91.42023565605385, 22.970249175908123], [91.4204306959342, 22.970251119567546], [91.42042859699558, 22.97043172020208], [91.42062363715603, 22.970433663638737], [91.42061524222527, 22.971156066201875], [91.42042020102917, 22.971154122697264], [91.42041810198461, 22.971334723310324], [91.41963793637639, 22.97132694682613]]]}}, {"type": "Feature", "properties": {"aoi_name": "Feni", "sensor": "Sentinel-1", "acquisition_date": "2024-08-21", "baseline_date": "2024-08-09", "area_km2": 0.0136, "threshold": 1.25, "detects": "open_water_only"}, "geometry": {"type": "Polygon", "coordinates": [[[91.4681738660712, 22.939832853519984], [91.46818809305329, 22.938568615365885], [91.46916308787321, 22.938578024073543], [91.46916105680116, 22.938758629619304], [91.46935605608518, 22.938760510659044], [91.46934996352134, 22.93930232732006], [91.46895996342295, 22.939298564902384], [91.46895590057721, 22.93965977592248], [91.46876090004181, 22.939657894321563], [91.46875886832969, 22.939838499808733], [91.4681738660712, 22.939832853519984]]]}}, {"type": "Feature", "properties": {"aoi_name": "Feni", "sensor": "Sentinel-1", "acquisition_date": "2024-08-21", "baseline_date": "2024-08-09", "area_km2": 0.0136, "threshold": 1.25, "detects": "open_water_only"}, "geometry": {"type": "Polygon", "coordinates": [[[91.4445952040264, 23.226609654947772], [91.44459729660562, 23.22642905807425], [91.44440188428142, 23.22642712403517], [91.44440397710228, 23.22624652717408], [91.4442085650617, 23.22624459290901], [91.44421903016413, 23.22534160862249], [91.44500067319979, 23.225349343891033], [91.44499858127182, 23.225529940824025], [91.44519399234584, 23.225531874051057], [91.44518980895216, 23.225893067937584], [91.44538522057245, 23.225895000955372], [91.44537894611241, 23.226436791802996], [91.44518353370424, 23.226434858734937], [91.44518144191294, 23.22661545565874], [91.4445952040264, 23.226609654947772]]]}}, {"type": "Feature", "properties": {"aoi_name": "Feni", "sensor": "Sentinel-1", "acquisition_date": "2024-08-21", "baseline_date": "2024-08-09", "area_km2": 0.0132, "threshold": 1.25, "detects": "open_water_only"}, "geometry": {"type": "Polygon", "coordinates": [[[91.45907873262138, 23.036739609024572], [91.4590848951146, 23.03619780163719], [91.45928003340623, 23.03619970263828], [91.4592841411118, 23.035838497658716], [91.45908900333991, 23.035836596690793], [91.45909516552261, 23.035294789238996], [91.45968057656151, 23.03530049127193], [91.45967852330091, 23.035481093809892], [91.45987366061513, 23.035482994023038], [91.4598695545516, 23.035844199119232], [91.46006469240626, 23.03584609912498], [91.46005648107045, 23.036568509332145], [91.45986134217627, 23.036566609260106], [91.45985928903069, 23.036747211784586], [91.45907873262138, 23.036739609024572]]]}}, {"type": "Feature", "properties": {"aoi_name": "Feni", "sensor": "Sentinel-1", "acquisition_date": "2024-08-21", "baseline_date": "2024-08-09", "area_km2": 0.0132, "threshold": 1.25, "detects": "open_water_only"}, "geometry": {"type": "Polygon", "coordinates": [[[91.44503182226943, 22.84857294296584], [91.44503798434108, 22.848031126349746], [91.44562258676945, 22.848036836274215], [91.44562669317035, 22.84767562507521], [91.44640616130859, 22.847683234837184], [91.44640410914712, 22.847863840505635], [91.44659897649076, 22.847865742366942], [91.44659076866581, 22.848588165064804], [91.44503182226943, 22.84857294296584]]]}}, {"type": "Feature", "properties": {"aoi_name": "Feni", "sensor": "Sentinel-1", "acquisition_date": "2024-08-21", "baseline_date": "2024-08-09", "area_km2": 0.0132, "threshold": 1.25, "detects": "open_water_only"}, "geometry": {"type": "Polygon", "coordinates": [[[91.39367669474282, 22.79062482182421], [91.39368092647265, 22.790263617104223], [91.39348614605876, 22.79026165515409], [91.39349672628947, 22.78935864336563], [91.39447062216611, 22.789368450308245], [91.39445581866319, 22.790632667386063], [91.39367669474282, 22.79062482182421]]]}}, {"type": "Feature", "properties": {"aoi_name": "Feni", "sensor": "Sentinel-1", "acquisition_date": "2024-08-21", "baseline_date": "2024-08-09", "area_km2": 0.0132, "threshold": 1.25, "detects": "open_water_only"}, "geometry": {"type": "Polygon", "coordinates": [[[91.50798146706259, 23.026551591089316], [91.50798743108342, 23.026009770703105], [91.50837768721323, 23.026013450289287], [91.50837967466057, 23.025832843453212], [91.50857480249579, 23.025834682869572], [91.50857678966335, 23.025654076013165], [91.50916217250989, 23.025659592771426], [91.50916415887816, 23.02547898586259], [91.50974954112567, 23.025484500408705], [91.50974358429853, 23.02602632126672], [91.50954845608341, 23.02602448327701], [91.50954647017456, 23.02620509020509], [91.50915621328488, 23.026201413472233], [91.5091542268365, 23.026382020363936], [91.50856884087288, 23.02637650341312], [91.50856685362518, 23.026557110252394], [91.50798146706259, 23.026551591089316]]]}}, {"type": "Feature", "properties": {"aoi_name": "Feni", "sensor": "Sentinel-1", "acquisition_date": "2024-08-21", "baseline_date": "2024-08-09", "area_km2": 0.0132, "threshold": 1.25, "detects": "open_water_only"}, "geometry": {"type": "Polygon", "coordinates": [[[91.41384145052626, 22.999987760218925], [91.41384567193184, 22.99962656144462], [91.4136505904951, 22.999624607331512], [91.41366114493307, 22.998721610405845], [91.4138562250732, 22.99872356443362], [91.41385833563761, 22.998542965018526], [91.41463865537378, 22.998550778660455], [91.41463021713751, 22.999273176568025], [91.41443513613427, 22.999271223449444], [91.41442669652022, 22.99999362121999], [91.41384145052626, 22.999987760218925]]]}}, {"type": "Feature", "properties": {"aoi_name": "Feni", "sensor": "Sentinel-1", "acquisition_date": "2024-08-21", "baseline_date": "2024-08-09", "area_km2": 0.0132, "threshold": 1.25, "detects": "open_water_only"}, "geometry": {"type": "Polygon", "coordinates": [[[91.41935965598356, 23.178855720535616], [91.41936814240424, 23.178133337385738], [91.41956348219003, 23.178135298694553], [91.41956560348, 23.17795470287924], [91.41976094302517, 23.177956663928846], [91.41976518501734, 23.177595472251216], [91.42054654131573, 23.177603313891684], [91.42053594141397, 23.178506293393706], [91.42034060099782, 23.178504333261778], [91.42033848069163, 23.178684929132196], [91.41994779939935, 23.17868100810774], [91.419945678548, 23.178861603939794], [91.41935965598356, 23.178855720535616]]]}}, {"type": "Feature", "properties": {"aoi_name": "Feni", "sensor": "Sentinel-1", "acquisition_date": "2024-08-21", "baseline_date": "2024-08-09", "area_km2": 0.0132, "threshold": 1.25, "detects": "open_water_only"}, "geometry": {"type": "Polygon", "coordinates": [[[91.4059811676988, 23.12074279238903], [91.40598756843542, 23.12020100456399], [91.4061828230019, 23.120202977815307], [91.40618922276218, 23.11966118989991], [91.40677498424071, 23.11966710805041], [91.40677285179194, 23.11984770407801], [91.4071633600737, 23.119851648338493], [91.40716122812563, 23.120032244396082], [91.40735648255973, 23.120034216181228], [91.40735008737008, 23.120576004379508], [91.40695957695684, 23.120572060464813], [91.4069574446619, 23.120752656487962], [91.4059811676988, 23.12074279238903]]]}}, {"type": "Feature", "properties": {"aoi_name": "Feni", "sensor": "Sentinel-1", "acquisition_date": "2024-08-21", "baseline_date": "2024-08-09", "area_km2": 0.0132, "threshold": 1.25, "detects": "open_water_only"}, "geometry": {"type": "Polygon", "coordinates": [[[91.36185693984764, 22.812517591025593], [91.36185909993274, 22.81233699201748], [91.3614694825477, 22.812332986512864], [91.3614716431241, 22.81215238753568], [91.361276834721, 22.812150384444113], [91.36128331708869, 22.811608587539688], [91.36147812472201, 22.81161059057844], [91.36148028521087, 22.811429991584117], [91.36206470747241, 22.811435999220148], [91.36206254775331, 22.811616598267268], [91.36264697098152, 22.81162260381499], [91.36263833496541, 22.812345000171796], [91.36244352617443, 22.81234299849008], [91.36244136685912, 22.812523597550985], [91.36185693984764, 22.812517591025593]]]}}, {"type": "Feature", "properties": {"aoi_name": "Feni", "sensor": "Sentinel-1", "acquisition_date": "2024-08-21", "baseline_date": "2024-08-09", "area_km2": 0.0132, "threshold": 1.25, "detects": "open_water_only"}, "geometry": {"type": "Polygon", "coordinates": [[[91.51950690061857, 22.93598502435644], [91.51950886464344, 22.935804414555978], [91.51931386508444, 22.935802595353515], [91.51931582934793, 22.935621985564705], [91.51892583080637, 22.935618346473397], [91.51892779556692, 22.93543773671218], [91.51873279658437, 22.93543591682335], [91.5187386915223, 22.934894087561872], [91.51912868795658, 22.934897727004557], [91.5191306523793, 22.93471711721034], [91.51971564640425, 22.93472257453112], [91.51971171908961, 22.93508379421083], [91.51990671765448, 22.935085612870804], [91.5199027907774, 22.935446832565287], [91.520097789879, 22.93544865101769], [91.52009190018995, 22.93599048057515], [91.51950690061857, 22.93598502435644]]]}}, {"type": "Feature", "properties": {"aoi_name": "Feni", "sensor": "Sentinel-1", "acquisition_date": "2024-08-21", "baseline_date": "2024-08-09", "area_km2": 0.0128, "threshold": 1.25, "detects": "open_water_only"}, "geometry": {"type": "Polygon", "coordinates": [[[91.40736730251209, 23.152184197611028], [91.4073779772109, 23.151281220868206], [91.40757327691414, 23.151283194895424], [91.40757541152799, 23.151102599516733], [91.40816130998184, 23.151108520095725], [91.40815917615257, 23.151289115525852], [91.40854977575209, 23.151293061403482], [91.40854124231274, 23.152015443217895], [91.40834594145612, 23.152013470331447], [91.40834380778112, 23.1521940657571], [91.40736730251209, 23.152184197611028]]]}}, {"type": "Feature", "properties": {"aoi_name": "Feni", "sensor": "Sentinel-1", "acquisition_date": "2024-08-21", "baseline_date": "2024-08-09", "area_km2": 0.0128, "threshold": 1.25, "detects": "open_water_only"}, "geometry": {"type": "Polygon", "coordinates": [[[91.48066175203687, 23.113351908598293], [91.48066378497487, 23.113171306063915], [91.48046853364862, 23.113169425536537], [91.48047463312291, 23.112627617956694], [91.48125563541853, 23.112635138421197], [91.48125766749172, 23.112454535820547], [91.48203866907046, 23.112462052356506], [91.4820305448311, 23.113184462994884], [91.48144479048435, 23.1131788257589], [91.48144275859038, 23.1133594283587], [91.48066175203687, 23.113351908598293]]]}}, {"type": "Feature", "properties": {"aoi_name": "Feni", "sensor": "Sentinel-1", "acquisition_date": "2024-08-21", "baseline_date": "2024-08-09", "area_km2": 0.0128, "threshold": 1.25, "detects": "open_water_only"}, "geometry": {"type": "Polygon", "coordinates": [[[91.43091962245325, 23.242909827258348], [91.43092596027715, 23.2423680412914], [91.43112139455195, 23.242369993342397], [91.43112350685468, 23.242189397994505], [91.43131894088779, 23.242191349785667], [91.43132105290645, 23.242010754416537], [91.43268908989134, 23.242024410034173], [91.43268275929195, 23.242566196483434], [91.43190102059056, 23.242558394528203], [91.43189890929696, 23.242738989935045], [91.43150803954758, 23.242735087465995], [91.43150592770704, 23.242915682834703], [91.43091962245325, 23.242909827258348]]]}}, {"type": "Feature", "properties": {"aoi_name": "Feni", "sensor": "Sentinel-1", "acquisition_date": "2024-08-21", "baseline_date": "2024-08-09", "area_km2": 0.0128, "threshold": 1.25, "detects": "open_water_only"}, "geometry": {"type": "Polygon", "coordinates": [[[91.44003082001679, 23.198929922991212], [91.44003710772512, 23.198388131631692], [91.44023247886737, 23.19839006889147], [91.44023457446585, 23.198209471746175], [91.4400392035858, 23.198207534503208], [91.44004758681808, 23.197485145946036], [91.44024295664924, 23.197487083121782], [91.44024505214249, 23.19730648595488], [91.44083116097556, 23.197312295977223], [91.44081649758765, 23.19857647640761], [91.44062112612002, 23.198574539858313], [91.44061693586683, 23.1989357341945], [91.44003082001679, 23.198929922991212]]]}}, {"type": "Feature", "properties": {"aoi_name": "Feni", "sensor": "Sentinel-1", "acquisition_date": "2024-08-21", "baseline_date": "2024-08-09", "area_km2": 0.0128, "threshold": 1.25, "detects": "open_water_only"}, "geometry": {"type": "Polygon", "coordinates": [[[91.36849118830678, 22.844374997995523], [91.36849334299109, 22.8441943991092], [91.36810363362933, 22.844190404563037], [91.3681122542049, 22.843468009115167], [91.36850196151022, 22.843472003521043], [91.36850411608548, 22.84329140461329], [91.36928352992963, 22.843299390495634], [91.36927060832025, 22.84438298429857], [91.36849118830678, 22.844374997995523]]]}}, {"type": "Feature", "properties": {"aoi_name": "Feni", "sensor": "Sentinel-1", "acquisition_date": "2024-08-21", "baseline_date": "2024-08-09", "area_km2": 0.0128, "threshold": 1.25, "detects": "open_water_only"}, "geometry": {"type": "Polygon", "coordinates": [[[91.3485130775977, 22.94928902063823], [91.34851526982094, 22.949108425946896], [91.34832026719282, 22.949106395588547], [91.34832245965248, 22.948925800910672], [91.34812745730505, 22.9489237703306], [91.3481340353269, 22.948381986324428], [91.34852403849256, 22.948386047138513], [91.34852623060512, 22.94820545242565], [91.34872123196261, 22.94820748245571], [91.34872342379448, 22.948026887720783], [91.34930842722409, 22.948032976320814], [91.34929747172168, 22.948935950218736], [91.34910246926358, 22.948933920836097], [91.34909808639061, 22.949295110329608], [91.3485130775977, 22.94928902063823]]]}}, {"type": "Feature", "properties": {"aoi_name": "Feni", "sensor": "Sentinel-1", "acquisition_date": "2024-08-21", "baseline_date": "2024-08-09", "area_km2": 0.0128, "threshold": 1.25, "detects": "open_water_only"}, "geometry": {"type": "Polygon", "coordinates": [[[91.51131238485891, 22.954151741829747], [91.51131436149572, 22.953971133115125], [91.51072928697525, 22.95396564049054], [91.51073719642743, 22.953243205781526], [91.51151729168865, 22.953250528545517], [91.51151926796696, 22.95306991979353], [91.51210433884631, 22.953075409302635], [91.51209841227984, 22.953617235689848], [91.51190338785732, 22.95361540604507], [91.51189746033516, 22.954157232345835], [91.51131238485891, 22.954151741829747]]]}}, {"type": "Feature", "properties": {"aoi_name": "Feni", "sensor": "Sentinel-1", "acquisition_date": "2024-08-21", "baseline_date": "2024-08-09", "area_km2": 0.0128, "threshold": 1.25, "detects": "open_water_only"}, "geometry": {"type": "Polygon", "coordinates": [[[91.50095484500186, 23.026665798539874], [91.50095684240034, 23.026485192332427], [91.50076171430946, 23.0264833434741], [91.50076371194757, 23.026302737278503], [91.50056858413656, 23.026300888195863], [91.50057657552668, 23.02557846343514], [91.50155220958803, 23.025587706121215], [91.50155021306946, 23.025768312398476], [91.50174534020186, 23.025770160230483], [91.50173535860583, 23.02667319163314], [91.50095484500186, 23.026665798539874]]]}}, {"type": "Feature", "properties": {"aoi_name": "Feni", "sensor": "Sentinel-1", "acquisition_date": "2024-08-21", "baseline_date": "2024-08-09", "area_km2": 0.0128, "threshold": 1.25, "detects": "open_water_only"}, "geometry": {"type": "Polygon", "coordinates": [[[91.43857089483187, 23.2068626186556], [91.43857509218358, 23.206501425036105], [91.4383797094068, 23.206499485079846], [91.43838390719893, 23.20613829147671], [91.43818852496791, 23.20613635131158], [91.43819902039117, 23.205233367312204], [91.43878516321242, 23.20523918682766], [91.43877886838267, 23.205780977391683], [91.43897425015223, 23.205782916795616], [91.43897215209586, 23.205963513658467], [91.43916753414881, 23.205965452836704], [91.43915704486271, 23.20686843717016], [91.43857089483187, 23.2068626186556]]]}}, {"type": "Feature", "properties": {"aoi_name": "Feni", "sensor": "Sentinel-1", "acquisition_date": "2024-08-21", "baseline_date": "2024-08-09", "area_km2": 0.0128, "threshold": 1.25, "detects": "open_water_only"}, "geometry": {"type": "Polygon", "coordinates": [[[91.50004714785571, 23.020515941049602], [91.50004914586803, 23.020335334777183], [91.4994637884488, 23.020329785520826], [91.4994697847019, 23.019787966823163], [91.50044537660638, 23.019797214139725], [91.5004473740188, 23.0196166078179], [91.5010327286242, 23.019622153274923], [91.50102274525567, 23.020525185083248], [91.50004714785571, 23.020515941049602]]]}}, {"type": "Feature", "properties": {"aoi_name": "Feni", "sensor": "Sentinel-1", "acquisition_date": "2024-08-21", "baseline_date": "2024-08-09", "area_km2": 0.0128, "threshold": 1.25, "detects": "open_water_only"}, "geometry": {"type": "Polygon", "coordinates": [[[91.42750423598098, 23.08357068146691], [91.42751684179477, 23.082487089374535], [91.42771204389308, 23.08248903298728], [91.42771414452747, 23.08230843427321], [91.42829975016762, 23.082314263614222], [91.4282955504409, 23.082675461139587], [91.4284907528843, 23.08267740380495], [91.42848025450023, 23.08358039762756], [91.42750423598098, 23.08357068146691]]]}}, {"type": "Feature", "properties": {"aoi_name": "Feni", "sensor": "Sentinel-1", "acquisition_date": "2024-08-21", "baseline_date": "2024-08-09", "area_km2": 0.0128, "threshold": 1.25, "detects": "open_water_only"}, "geometry": {"type": "Polygon", "coordinates": [[[91.45184288155946, 22.883861335198116], [91.45184493012704, 22.88368072987964], [91.45165001121441, 22.883678831636015], [91.45165615756585, 22.883137015704897], [91.45185107570546, 22.883138913898595], [91.45185312419017, 22.88295830856303], [91.45204804209283, 22.882960206501316], [91.45205009029915, 22.882779601144833], [91.45282976108635, 22.882787190443757], [91.45281747772164, 22.883870822917817], [91.45184288155946, 22.883861335198116]]]}}, {"type": "Feature", "properties": {"aoi_name": "Feni", "sensor": "Sentinel-1", "acquisition_date": "2024-08-21", "baseline_date": "2024-08-09", "area_km2": 0.0128, "threshold": 1.25, "detects": "open_water_only"}, "geometry": {"type": "Polygon", "coordinates": [[[91.46934183981568, 22.940024749474855], [91.46934996352134, 22.93930232732006], [91.46973996370178, 22.939306088780025], [91.46974605471475, 22.938764272020254], [91.47052605221998, 22.93877179186961], [91.47051793496402, 22.939494214470663], [91.47032293452304, 22.939492334801656], [91.47031887525509, 22.939853546043622], [91.47012387431764, 22.939851666102285], [91.47012184439441, 22.940032271700392], [91.46934183981568, 22.940024749474855]]]}}, {"type": "Feature", "properties": {"aoi_name": "Feni", "sensor": "Sentinel-1", "acquisition_date": "2024-08-21", "baseline_date": "2024-08-09", "area_km2": 0.0128, "threshold": 1.25, "detects": "open_water_only"}, "geometry": {"type": "Polygon", "coordinates": [[[91.48398757064922, 23.008261072734335], [91.4839956433298, 23.007538651857978], [91.4838005440208, 23.00753678353695], [91.48380659909596, 23.006994967883628], [91.48458699334043, 23.00700243953068], [91.48458094137895, 23.00754425537972], [91.48497114018011, 23.00754798985974], [91.48496307268917, 23.008270411062234], [91.48398757064922, 23.008261072734335]]]}}, {"type": "Feature", "properties": {"aoi_name": "Feni", "sensor": "Sentinel-1", "acquisition_date": "2024-08-21", "baseline_date": "2024-08-09", "area_km2": 0.0124, "threshold": 1.25, "detects": "open_water_only"}, "geometry": {"type": "Polygon", "coordinates": [[[91.54795458822935, 22.99314602736983], [91.54796424626694, 22.992242973296438], [91.54815932928423, 22.99224476144302], [91.54816319184428, 22.99188353975254], [91.54894352203392, 22.99189068981317], [91.54893194034284, 22.992974355208187], [91.5485417720976, 22.99297078047064], [91.548539841229, 22.993151391323636], [91.54795458822935, 22.99314602736983]]]}}, {"type": "Feature", "properties": {"aoi_name": "Feni", "sensor": "Sentinel-1", "acquisition_date": "2024-08-21", "baseline_date": "2024-08-09", "area_km2": 0.0124, "threshold": 1.25, "detects": "open_water_only"}, "geometry": {"type": "Polygon", "coordinates": [[[91.46186488827759, 23.237436109065655], [91.46186902911461, 23.23707491285753], [91.46167359969363, 23.23707299946277], [91.46168188216961, 23.236350607060952], [91.46265902422631, 23.23636017127441], [91.46265695495245, 23.236540769464217], [91.46285238368887, 23.23654268159483], [91.46284617653113, 23.237084476188006], [91.4626507470063, 23.23708256400769], [91.46264660827174, 23.23744376034839], [91.46186488827759, 23.237436109065655]]]}}, {"type": "Feature", "properties": {"aoi_name": "Feni", "sensor": "Sentinel-1", "acquisition_date": "2024-08-21", "baseline_date": "2024-08-09", "area_km2": 0.0124, "threshold": 1.25, "detects": "open_water_only"}, "geometry": {"type": "Polygon", "coordinates": [[[91.43515397588284, 23.063597823089946], [91.43515606466767, 23.063417223298995], [91.43496088939126, 23.063415290391827], [91.43496715640029, 23.062873491043682], [91.43555267995025, 23.062879288891043], [91.43555059174905, 23.06305988872859], [91.43613611626908, 23.06306568445882], [91.43613820368951, 23.062885084570766], [91.43672372761799, 23.062890878082843], [91.43671746763599, 23.063432677885555], [91.43652229219136, 23.063430746905233], [91.43652020522839, 23.06361134681404], [91.43515397588284, 23.063597823089946]]]}}, {"type": "Feature", "properties": {"aoi_name": "Feni", "sensor": "Sentinel-1", "acquisition_date": "2024-08-21", "baseline_date": "2024-08-09", "area_km2": 0.0124, "threshold": 1.25, "detects": "open_water_only"}, "geometry": {"type": "Polygon", "coordinates": [[[91.39239491494124, 22.982251408644192], [91.39241415081716, 22.98062602743211], [91.39299930725514, 22.980631962888634], [91.39299503432127, 22.980993158847394], [91.39319008702849, 22.980995136887724], [91.39318154193828, 22.98171752882277], [91.39298648819486, 22.981715550713293], [91.39298007837367, 22.982257344567554], [91.39239491494124, 22.982251408644192]]]}}, {"type": "Feature", "properties": {"aoi_name": "Feni", "sensor": "Sentinel-1", "acquisition_date": "2024-08-21", "baseline_date": "2024-08-09", "area_km2": 0.0124, "threshold": 1.25, "detects": "open_water_only"}, "geometry": {"type": "Polygon", "coordinates": [[[91.40413834129528, 22.995555392839165], [91.40414046446108, 22.99537479420681], [91.40375031567203, 22.995370862520158], [91.40375243933495, 22.99519026391784], [91.40355736523182, 22.995188297731605], [91.40356586070622, 22.994465903348047], [91.404541226251, 22.994475731535314], [91.40453910371079, 22.994656330223506], [91.40473417714324, 22.994658295157997], [91.40472356541726, 22.995561288620262], [91.40413834129528, 22.995555392839165]]]}}, {"type": "Feature", "properties": {"aoi_name": "Feni", "sensor": "Sentinel-1", "acquisition_date": "2024-08-21", "baseline_date": "2024-08-09", "area_km2": 0.0124, "threshold": 1.25, "detects": "open_water_only"}, "geometry": {"type": "Polygon", "coordinates": [[[91.46078223208364, 23.144225947677395], [91.46079666987077, 23.142961746558147], [91.46138254788293, 23.14296746737792], [91.46138048618843, 23.14314806760047], [91.46177107215638, 23.1431518803045], [91.46176282726259, 23.143874281284127], [91.46156753322248, 23.143872374986735], [91.46156341012835, 23.144233575417548], [91.46078223208364, 23.144225947677395]]]}}, {"type": "Feature", "properties": {"aoi_name": "Feni", "sensor": "Sentinel-1", "acquisition_date": "2024-08-21", "baseline_date": "2024-08-09", "area_km2": 0.0124, "threshold": 1.25, "detects": "open_water_only"}, "geometry": {"type": "Polygon", "coordinates": [[[91.33973455642675, 22.96545289158547], [91.33975440605386, 22.963827549751304], [91.34033947477347, 22.963833675393374], [91.34033727012472, 22.964014269001307], [91.34053229333453, 22.964016310420536], [91.3405234755521, 22.96473868488057], [91.34032845130716, 22.964736643389948], [91.34031963213353, 22.9654590177096], [91.33973455642675, 22.96545289158547]]]}}, {"type": "Feature", "properties": {"aoi_name": "Feni", "sensor": "Sentinel-1", "acquisition_date": "2024-08-21", "baseline_date": "2024-08-09", "area_km2": 0.0124, "threshold": 1.25, "detects": "open_water_only"}, "geometry": {"type": "Polygon", "coordinates": [[[91.48907314545303, 23.077127472739807], [91.48907718173182, 23.076766264601506], [91.48868678276918, 23.076762529678305], [91.48869283859783, 23.07622071753626], [91.48888803728754, 23.076222585069576], [91.48889005559596, 23.076041980997367], [91.48908525404552, 23.07604384827339], [91.48908929008046, 23.075682640083564], [91.48967488398826, 23.075688240367903], [91.48965874561232, 23.07713307341444], [91.48907314545303, 23.077127472739807]]]}}, {"type": "Feature", "properties": {"aoi_name": "Feni", "sensor": "Sentinel-1", "acquisition_date": "2024-08-21", "baseline_date": "2024-08-09", "area_km2": 0.0124, "threshold": 1.25, "detects": "open_water_only"}, "geometry": {"type": "Polygon", "coordinates": [[[91.48440049687032, 23.075998967126345], [91.48440252114924, 23.07581836342454], [91.48420732344862, 23.075816490380276], [91.48421744583975, 23.07491347188844], [91.48480303509585, 23.07491909005345], [91.48480101143977, 23.075099693809353], [91.48519140489996, 23.07510343808026], [91.48518938174443, 23.07528404186449], [91.48538457876555, 23.07528591365473], [91.4853764869815, 23.076008328813906], [91.48440049687032, 23.075998967126345]]]}}, {"type": "Feature", "properties": {"aoi_name": "Feni", "sensor": "Sentinel-1", "acquisition_date": "2024-08-21", "baseline_date": "2024-08-09", "area_km2": 0.0124, "threshold": 1.25, "detects": "open_water_only"}, "geometry": {"type": "Polygon", "coordinates": [[[91.55087595397148, 22.957046968839244], [91.55088365140347, 22.95632452136455], [91.55127371487099, 22.95632808497114], [91.55127563866287, 22.95614747306064], [91.55225079637769, 22.956156377805186], [91.55224502882528, 22.95669821375757], [91.55204999646718, 22.95669643324125], [91.5520461508176, 22.957057657157048], [91.55087595397148, 22.957046968839244]]]}}, {"type": "Feature", "properties": {"aoi_name": "Feni", "sensor": "Sentinel-1", "acquisition_date": "2024-08-21", "baseline_date": "2024-08-09", "area_km2": 0.0124, "threshold": 1.25, "detects": "open_water_only"}, "geometry": {"type": "Polygon", "coordinates": [[[91.42412563112597, 22.95439316490703], [91.42412981589976, 22.954031962258778], [91.42354476505271, 22.954026148086317], [91.42354685818393, 22.953845546806612], [91.42335184153585, 22.953843608286924], [91.42335812157867, 22.953301804472936], [91.4243332011504, 22.95331149442132], [91.42433110911723, 22.9534920957817], [91.42472114161114, 22.95349597011795], [91.42471068371522, 22.954398977024947], [91.42412563112597, 22.95439316490703]]]}}, {"type": "Feature", "properties": {"aoi_name": "Feni", "sensor": "Sentinel-1", "acquisition_date": "2024-08-21", "baseline_date": "2024-08-09", "area_km2": 0.0124, "threshold": 1.25, "detects": "open_water_only"}, "geometry": {"type": "Polygon", "coordinates": [[[91.43041958993072, 23.135076163830746], [91.43043851033563, 23.133450783953876], [91.43102433856349, 23.13345661534245], [91.43102223716467, 23.13363721317451], [91.43121751354417, 23.133639156504255], [91.43120910878274, 23.134361547856912], [91.4310138313581, 23.134359604459583], [91.43100542521343, 23.13508199567561], [91.43041958993072, 23.135076163830746]]]}}, {"type": "Feature", "properties": {"aoi_name": "Feni", "sensor": "Sentinel-1", "acquisition_date": "2024-08-21", "baseline_date": "2024-08-09", "area_km2": 0.012, "threshold": 1.25, "detects": "open_water_only"}, "geometry": {"type": "Polygon", "coordinates": [[[91.47733880785235, 23.079001637367483], [91.47734490980245, 23.078459828234458], [91.47714970893013, 23.078457946267662], [91.47715581147742, 23.077916137145145], [91.47813181213635, 23.07792554432283], [91.47812571349655, 23.07846735369117], [91.47832091447125, 23.078469234452736], [91.47831481642875, 23.079011043831553], [91.47733880785235, 23.079001637367483]]]}}, {"type": "Feature", "properties": {"aoi_name": "Feni", "sensor": "Sentinel-1", "acquisition_date": "2024-08-21", "baseline_date": "2024-08-09", "area_km2": 0.012, "threshold": 1.25, "detects": "open_water_only"}, "geometry": {"type": "Polygon", "coordinates": [[[91.4582034670941, 22.85574550118239], [91.4582055044557, 22.85556489468279], [91.45801062506749, 22.85556300642714], [91.45802081285254, 22.854659973947992], [91.45880032538386, 22.854667525208477], [91.45879828889711, 22.85484813177912], [91.45918804580097, 22.854851906011838], [91.45918193776065, 22.855393725797544], [91.45898705852663, 22.85539183875072], [91.45898502221472, 22.855572445320863], [91.45879014274404, 22.85557055801902], [91.45878810615424, 22.855751164568325], [91.4582034670941, 22.85574550118239]]]}}, {"type": "Feature", "properties": {"aoi_name": "Feni", "sensor": "Sentinel-1", "acquisition_date": "2024-08-21", "baseline_date": "2024-08-09", "area_km2": 0.012, "threshold": 1.25, "detects": "open_water_only"}, "geometry": {"type": "Polygon", "coordinates": [[[91.46133148562853, 23.01020997692801], [91.46133763121097, 23.009668167150558], [91.46153273153516, 23.009670063312143], [91.4615409243179, 23.00894765014926], [91.46173602362478, 23.008949546004388], [91.46173807150934, 23.00876894268639], [91.46232336877547, 23.008774628760737], [91.4623131330385, 23.009677645556057], [91.4621180326317, 23.009675750355438], [91.4621139376734, 23.010036957010442], [91.46191883676823, 23.010035061536485], [91.46191678899861, 23.010215664841006], [91.46133148562853, 23.01020997692801]]]}}, {"type": "Feature", "properties": {"aoi_name": "Feni", "sensor": "Sentinel-1", "acquisition_date": "2024-08-21", "baseline_date": "2024-08-09", "area_km2": 0.012, "threshold": 1.25, "detects": "open_water_only"}, "geometry": {"type": "Polygon", "coordinates": [[[91.49606981645442, 23.009640686921614], [91.49607582315481, 23.009098868338747], [91.49627092581692, 23.00910072165478], [91.49627292775048, 23.00892011543574], [91.49646803017328, 23.008921968495333], [91.49647003182716, 23.008741362255844], [91.49666513401064, 23.008743215059013], [91.49666713538484, 23.00856260879906], [91.49744754328253, 23.00857001754461], [91.49744154221341, 23.0091118365057], [91.49724643943021, 23.009109984631166], [91.49724443877398, 23.0092905909268], [91.49704933575146, 23.009288738795846], [91.49704733481553, 23.00946934507102], [91.49685223155367, 23.009467492683644], [91.49685023033807, 23.00964809893836], [91.49606981645442, 23.009640686921614]]]}}, {"type": "Feature", "properties": {"aoi_name": "Feni", "sensor": "Sentinel-1", "acquisition_date": "2024-08-21", "baseline_date": "2024-08-09", "area_km2": 0.012, "threshold": 1.25, "detects": "open_water_only"}, "geometry": {"type": "Polygon", "coordinates": [[[91.42831873558931, 23.1644960054633], [91.42832505999037, 23.163954214778002], [91.43027826152229, 23.163973694617315], [91.43027194497303, 23.164515485810163], [91.42831873558931, 23.1644960054633]]]}}, {"type": "Feature", "properties": {"aoi_name": "Feni", "sensor": "Sentinel-1", "acquisition_date": "2024-08-21", "baseline_date": "2024-08-09", "area_km2": 0.012, "threshold": 1.25, "detects": "open_water_only"}, "geometry": {"type": "Polygon", "coordinates": [[[91.35042790888703, 22.93612384780001], [91.35043009716924, 22.935943252634594], [91.35004012927331, 22.935939198579657], [91.35004231805017, 22.935758603445425], [91.34984733439373, 22.93575657607669], [91.34985390136674, 22.9352147907014], [91.35121878200022, 22.93522897688398], [91.35121003322632, 22.935951357872423], [91.3510150491789, 22.93594933192197], [91.35101286167183, 22.936129927140584], [91.35042790888703, 22.93612384780001]]]}}, {"type": "Feature", "properties": {"aoi_name": "Feni", "sensor": "Sentinel-1", "acquisition_date": "2024-08-21", "baseline_date": "2024-08-09", "area_km2": 0.012, "threshold": 1.25, "detects": "open_water_only"}, "geometry": {"type": "Polygon", "coordinates": [[[91.52095896169931, 22.94593310894117], [91.52096092474679, 22.945752499248098], [91.5207659108101, 22.94575068108597], [91.52077180060937, 22.945208852028866], [91.52096681377029, 22.945210670143272], [91.52097270261534, 22.944668841000027], [91.52155773988972, 22.94467429376299], [91.52155577773695, 22.944854903529386], [91.52175079045996, 22.944856720653913], [91.52173901867874, 22.945940379258065], [91.52095896169931, 22.94593310894117]]]}}, {"type": "Feature", "properties": {"aoi_name": "Feni", "sensor": "Sentinel-1", "acquisition_date": "2024-08-21", "baseline_date": "2024-08-09", "area_km2": 0.012, "threshold": 1.25, "detects": "open_water_only"}, "geometry": {"type": "Polygon", "coordinates": [[[91.4462016711529, 23.036433006447478], [91.44621409873876, 23.035349398202598], [91.4469946423848, 23.035357064000266], [91.44699257221211, 23.035537665452026], [91.44738284468005, 23.035541496941086], [91.44737663559606, 23.036083301370837], [91.44718149857205, 23.036081385696452], [91.44717942857581, 23.03626198714774], [91.44678915407063, 23.0362581550439], [91.44678708353376, 23.03643875645746], [91.4462016711529, 23.036433006447478]]]}}, {"type": "Feature", "properties": {"aoi_name": "Feni", "sensor": "Sentinel-1", "acquisition_date": "2024-08-21", "baseline_date": "2024-08-09", "area_km2": 0.012, "threshold": 1.25, "detects": "open_water_only"}, "geometry": {"type": "Polygon", "coordinates": [[[91.42100321079528, 23.121977613466353], [91.42102434608196, 23.120171641003417], [91.42161011399573, 23.12017750419365], [91.42158898654186, 23.12198347716657], [91.42100321079528, 23.121977613466353]]]}}, {"type": "Feature", "properties": {"aoi_name": "Feni", "sensor": "Sentinel-1", "acquisition_date": "2024-08-21", "baseline_date": "2024-08-09", "area_km2": 0.012, "threshold": 1.25, "detects": "open_water_only"}, "geometry": {"type": "Polygon", "coordinates": [[[91.43655658300973, 23.043562801298833], [91.43655866790026, 23.043382200929315], [91.43636352137084, 23.04338027133536], [91.43636977669625, 23.042838470251482], [91.43617463096776, 23.042836540467384], [91.43618088688396, 23.042294739395288], [91.4367663217928, 23.042300527874264], [91.4367642372883, 23.042481128286415], [91.4369593825599, 23.04248305731501], [91.43695729829435, 23.042663657739677], [91.4371524438469, 23.042665586544484], [91.43714827577271, 23.04302678741456], [91.4373434218662, 23.043028716012383], [91.43733717037735, 23.043570517335706], [91.43655658300973, 23.043562801298833]]]}}, {"type": "Feature", "properties": {"aoi_name": "Feni", "sensor": "Sentinel-1", "acquisition_date": "2024-08-21", "baseline_date": "2024-08-09", "area_km2": 0.012, "threshold": 1.25, "detects": "open_water_only"}, "geometry": {"type": "Polygon", "coordinates": [[[91.46111762777876, 23.18324312042972], [91.4611196938159, 23.183062521148017], [91.4609243430009, 23.18306061101216], [91.46093880651388, 23.181796416035446], [91.46152485351895, 23.181802145368138], [91.46152278815107, 23.181982744713203], [91.46171813745627, 23.181984654022852], [91.46170368113428, 23.183248849433475], [91.46111762777876, 23.18324312042972]]]}}, {"type": "Feature", "properties": {"aoi_name": "Feni", "sensor": "Sentinel-1", "acquisition_date": "2024-08-21", "baseline_date": "2024-08-09", "area_km2": 0.012, "threshold": 1.25, "detects": "open_water_only"}, "geometry": {"type": "Polygon", "coordinates": [[[91.46491104684854, 23.055942320339735], [91.46491923998522, 23.05521991025], [91.46472407377149, 23.055218014730684], [91.46472612226424, 23.05503741221404], [91.46453095633127, 23.055035516470483], [91.46453710246615, 23.054493708944328], [91.4653177631999, 23.054501290275685], [91.46531571554952, 23.05468189285479], [91.46551088104468, 23.054683787602237], [91.46549654873553, 23.055948005651278], [91.46491104684854, 23.055942320339735]]]}}, {"type": "Feature", "properties": {"aoi_name": "Feni", "sensor": "Sentinel-1", "acquisition_date": "2024-08-21", "baseline_date": "2024-08-09", "area_km2": 0.012, "threshold": 1.25, "detects": "open_water_only"}, "geometry": {"type": "Polygon", "coordinates": [[[91.51182169577746, 22.907554551927312], [91.51182761019129, 22.907012722467353], [91.51221752561632, 22.907016374696425], [91.5122214674271, 22.906655154971126], [91.51319625375797, 22.906664281200158], [91.5131942841527, 22.9068448911449], [91.51338924173666, 22.90684671568949], [91.51338333357552, 22.907388545546087], [91.51240854198434, 22.90737942019259], [91.51240657126726, 22.90756003005631], [91.51182169577746, 22.907554551927312]]]}}, {"type": "Feature", "properties": {"aoi_name": "Feni", "sensor": "Sentinel-1", "acquisition_date": "2024-08-21", "baseline_date": "2024-08-09", "area_km2": 0.012, "threshold": 1.25, "detects": "open_water_only"}, "geometry": {"type": "Polygon", "coordinates": [[[91.48249214922022, 22.984946159754138], [91.48250022073172, 22.98422373725498], [91.48191502376751, 22.984218131405328], [91.48192107951955, 22.983676314632948], [91.48309146896682, 22.9836875238788], [91.48307734947741, 22.984951763640066], [91.48249214922022, 22.984946159754138]]]}}, {"type": "Feature", "properties": {"aoi_name": "Feni", "sensor": "Sentinel-1", "acquisition_date": "2024-08-21", "baseline_date": "2024-08-09", "area_km2": 0.012, "threshold": 1.25, "detects": "open_water_only"}, "geometry": {"type": "Polygon", "coordinates": [[[91.44267878958792, 23.223339562098797], [91.44268088441513, 23.223158965315122], [91.44209466231722, 23.223153156093325], [91.44209675791116, 23.22297255935568], [91.44170594380955, 23.222968685361142], [91.44171223204073, 23.22242689522298], [91.44288466987138, 23.22243851399187], [91.44288257539085, 23.222619110809628], [91.44307798203212, 23.2226210464384], [91.44307588779316, 23.222801643268618], [91.44327129471804, 23.222803578671453], [91.44326501266282, 23.223345369186465], [91.44267878958792, 23.223339562098797]]]}}, {"type": "Feature", "properties": {"aoi_name": "Feni", "sensor": "Sentinel-1", "acquisition_date": "2024-08-21", "baseline_date": "2024-08-09", "area_km2": 0.012, "threshold": 1.25, "detects": "open_water_only"}, "geometry": {"type": "Polygon", "coordinates": [[[91.38267311334337, 22.798641642713804], [91.38267524454332, 22.798461041518053], [91.38228566256332, 22.79845708916289], [91.3822877942545, 22.798276487997615], [91.38209300355331, 22.798274511480773], [91.38209939926645, 22.797732708011427], [91.38346292924395, 22.797746538271515], [91.3834544087625, 22.798468943375262], [91.38325961767532, 22.798466968267597], [91.38325748724458, 22.798647569515474], [91.38267311334337, 22.798641642713804]]]}}, {"type": "Feature", "properties": {"aoi_name": "Feni", "sensor": "Sentinel-1", "acquisition_date": "2024-08-21", "baseline_date": "2024-08-09", "area_km2": 0.0116, "threshold": 1.25, "detects": "open_water_only"}, "geometry": {"type": "Polygon", "coordinates": [[[91.41588776291736, 23.09194366117746], [91.4158919976874, 23.091582466240713], [91.41530635540639, 23.091576588676997], [91.41531270974751, 23.091034796393046], [91.41589834968258, 23.09104067380324], [91.41589623237216, 23.091221271286702], [91.4168723006601, 23.09123106223224], [91.41686383641859, 23.09195345246397], [91.41588776291736, 23.09194366117746]]]}}, {"type": "Feature", "properties": {"aoi_name": "Feni", "sensor": "Sentinel-1", "acquisition_date": "2024-08-21", "baseline_date": "2024-08-09", "area_km2": 0.0116, "threshold": 1.25, "detects": "open_water_only"}, "geometry": {"type": "Polygon", "coordinates": [[[91.4043515593772, 23.14294222507078], [91.40435369744806, 23.142761629785095], [91.40415841039875, 23.142759652453943], [91.4041733781226, 23.141495485453394], [91.40475923384581, 23.141501416360704], [91.40475495902908, 23.141862607057007], [91.4049502448359, 23.141864583576965], [91.40493742143835, 23.142948155665184], [91.4043515593772, 23.14294222507078]]]}}, {"type": "Feature", "properties": {"aoi_name": "Feni", "sensor": "Sentinel-1", "acquisition_date": "2024-08-21", "baseline_date": "2024-08-09", "area_km2": 0.0116, "threshold": 1.25, "detects": "open_water_only"}, "geometry": {"type": "Polygon", "coordinates": [[[91.43612879346375, 22.996055127689498], [91.43613503539883, 22.995513323429886], [91.4357448801729, 22.995509470516584], [91.43575320453337, 22.99478706491161], [91.43653351092081, 22.994794769508754], [91.43652727079322, 22.995336573920827], [91.43691742566848, 22.995340424879952], [91.43691118690774, 22.995882229354294], [91.43671610868176, 22.995880303944308], [91.43671402879362, 22.99606090541035], [91.43612879346375, 22.996055127689498]]]}}, {"type": "Feature", "properties": {"aoi_name": "Feni", "sensor": "Sentinel-1", "acquisition_date": "2024-08-21", "baseline_date": "2024-08-09", "area_km2": 0.0116, "threshold": 1.25, "detects": "open_water_only"}, "geometry": {"type": "Polygon", "coordinates": [[[91.48915226268592, 23.05256341505768], [91.48915427833307, 23.052382810423197], [91.4887639496938, 23.052379079409896], [91.48876999807418, 23.051837265578293], [91.48916032515271, 23.051840996494015], [91.48916234071862, 23.051660391842365], [91.49013815746964, 23.051669714837377], [91.49013211461279, 23.05221152902328], [91.48993695044162, 23.052209664857], [91.48993292124865, 23.05257087426032], [91.48915226268592, 23.05256341505768]]]}}, {"type": "Feature", "properties": {"aoi_name": "Feni", "sensor": "Sentinel-1", "acquisition_date": "2024-08-21", "baseline_date": "2024-08-09", "area_km2": 0.0116, "threshold": 1.25, "detects": "open_water_only"}, "geometry": {"type": "Polygon", "coordinates": [[[91.50359490925112, 23.03499954882575], [91.5036108661802, 23.033554698817586], [91.50419628181652, 23.033560235734466], [91.50419428805033, 23.033740842048786], [91.50438942689584, 23.033742687222766], [91.50437945906287, 23.034645718810577], [91.504184318918, 23.03464387355611], [91.5041803311244, 23.03500508612905], [91.50359490925112, 23.03499954882575]]]}}, {"type": "Feature", "properties": {"aoi_name": "Feni", "sensor": "Sentinel-1", "acquisition_date": "2024-08-21", "baseline_date": "2024-08-09", "area_km2": 0.0116, "threshold": 1.25, "detects": "open_water_only"}, "geometry": {"type": "Polygon", "coordinates": [[[91.50367624721915, 22.939087844327116], [91.5036782325396, 22.938907235900103], [91.5034832299439, 22.938905397016256], [91.50348720104162, 22.938544180181605], [91.50329219898295, 22.938542341090514], [91.50329815625456, 22.938000515854803], [91.50388316016438, 22.93800603226495], [91.50388117520268, 22.938186640729405], [91.50446618006839, 22.938192155032972], [91.50445625883646, 22.939095197532495], [91.50367624721915, 22.939087844327116]]]}}, {"type": "Feature", "properties": {"aoi_name": "Feni", "sensor": "Sentinel-1", "acquisition_date": "2024-08-21", "baseline_date": "2024-08-09", "area_km2": 0.0116, "threshold": 1.25, "detects": "open_water_only"}, "geometry": {"type": "Polygon", "coordinates": [[[91.35586034914445, 22.889941827054226], [91.35586252532954, 22.889761230345187], [91.35566760687786, 22.889759213947393], [91.35567848876177, 22.8888562304261], [91.35665307479765, 22.888866309585218], [91.35664002420208, 22.889949890328026], [91.35586034914445, 22.889941827054226]]]}}, {"type": "Feature", "properties": {"aoi_name": "Feni", "sensor": "Sentinel-1", "acquisition_date": "2024-08-21", "baseline_date": "2024-08-09", "area_km2": 0.0116, "threshold": 1.25, "detects": "open_water_only"}, "geometry": {"type": "Polygon", "coordinates": [[[91.49613287054719, 22.98634060154505], [91.49613487045623, 22.98615999481898], [91.49593980077056, 22.986158143077674], [91.49594780124163, 22.985435716195326], [91.49653300724914, 22.98544127050516], [91.49653500653895, 22.985260663725345], [91.49712021195054, 22.98526621582689], [91.49711421635301, 22.98580803629906], [91.49691914708482, 22.985806185790008], [91.4969131505283, 22.986348006175152], [91.49613287054719, 22.98634060154505]]]}}, {"type": "Feature", "properties": {"aoi_name": "Feni", "sensor": "Sentinel-1", "acquisition_date": "2024-08-21", "baseline_date": "2024-08-09", "area_km2": 0.0116, "threshold": 1.25, "detects": "open_water_only"}, "geometry": {"type": "Polygon", "coordinates": [[[91.3958782993754, 23.03412443694815], [91.39589112792126, 23.033040854748503], [91.39608625573088, 23.03304283344031], [91.39608839348662, 23.03286223637469], [91.39667377626533, 23.03286817095544], [91.39667163928897, 23.033048768072824], [91.39686676718475, 23.033050745802697], [91.39686035690589, 23.033592537180755], [91.3966652282307, 23.033590559399137], [91.39666095408414, 23.033951753595133], [91.39646582491086, 23.03394977553851], [91.39646368754545, 23.03413037261279], [91.3958782993754, 23.03412443694815]]]}}, {"type": "Feature", "properties": {"aoi_name": "Feni", "sensor": "Sentinel-1", "acquisition_date": "2024-08-21", "baseline_date": "2024-08-09", "area_km2": 0.0116, "threshold": 1.25, "detects": "open_water_only"}, "geometry": {"type": "Polygon", "coordinates": [[[91.33876296043513, 22.949187208457094], [91.33876516558645, 22.949006614656433], [91.3385701640685, 22.949004572323727], [91.3385767801645, 22.948462790949495], [91.3387717809068, 22.948464833228602], [91.33877398596904, 22.94828423941071], [91.33916398700333, 22.94828832321477], [91.33916619152622, 22.948107729356835], [91.339751192469, 22.948113853213275], [91.33974237734645, 22.948836228833446], [91.33954737597574, 22.948834187716013], [91.33954296776383, 22.949195375464527], [91.33876296043513, 22.949187208457094]]]}}, {"type": "Feature", "properties": {"aoi_name": "Feni", "sensor": "Sentinel-1", "acquisition_date": "2024-08-21", "baseline_date": "2024-08-09", "area_km2": 0.0116, "threshold": 1.25, "detects": "open_water_only"}, "geometry": {"type": "Polygon", "coordinates": [[[91.40812268332144, 23.18741206736034], [91.40812482091891, 23.18723147276104], [91.40753876526392, 23.18722554334463], [91.40754090362607, 23.18704494879245], [91.40734555204607, 23.18704297185291], [91.40735196778978, 23.18650118822188], [91.4085240728751, 23.186513045916215], [91.40852193588758, 23.18669364056713], [91.40871728707232, 23.1866956160187], [91.40870873995581, 23.18741799464763], [91.40812268332144, 23.18741206736034]]]}}, {"type": "Feature", "properties": {"aoi_name": "Feni", "sensor": "Sentinel-1", "acquisition_date": "2024-08-21", "baseline_date": "2024-08-09", "area_km2": 0.0116, "threshold": 1.25, "detects": "open_water_only"}, "geometry": {"type": "Polygon", "coordinates": [[[91.49288086842621, 22.91008538954147], [91.49288685883619, 22.909543564959662], [91.49347173778068, 22.90954911324197], [91.49347572973804, 22.909187896735535], [91.49425556654867, 22.90919529096842], [91.49425357161232, 22.90937589928855], [91.49444853112345, 22.909377747265236], [91.49444254696762, 22.909919572248583], [91.49366270594727, 22.90991217871297], [91.49366071015606, 22.910092786967443], [91.49288086842621, 22.91008538954147]]]}}, {"type": "Feature", "properties": {"aoi_name": "Feni", "sensor": "Sentinel-1", "acquisition_date": "2024-08-21", "baseline_date": "2024-08-09", "area_km2": 0.0116, "threshold": 1.25, "detects": "open_water_only"}, "geometry": {"type": "Polygon", "coordinates": [[[91.51143094617441, 23.050065395225484], [91.51143888881973, 23.04934296904396], [91.5116340507855, 23.049344806455007], [91.51163802146793, 23.048983593306495], [91.51183318293351, 23.04898543044478], [91.51183516798463, 23.04880482384808], [91.51242065172111, 23.04881033377058], [91.51241073016693, 23.04971336695146], [91.51221556760096, 23.04971153047128], [91.51221159831913, 23.050072743681614], [91.51143094617441, 23.050065395225484]]]}}, {"type": "Feature", "properties": {"aoi_name": "Feni", "sensor": "Sentinel-1", "acquisition_date": "2024-08-21", "baseline_date": "2024-08-09", "area_km2": 0.0116, "threshold": 1.25, "detects": "open_water_only"}, "geometry": {"type": "Polygon", "coordinates": [[[91.4647928687223, 22.859060486940187], [91.46480301343674, 22.858157451972396], [91.46499789714714, 22.85815933211315], [91.4650039829575, 22.857617511031766], [91.46558863189613, 22.857623149874655], [91.4655724088334, 22.859068006402243], [91.4647928687223, 22.859060486940187]]]}}, {"type": "Feature", "properties": {"aoi_name": "Feni", "sensor": "Sentinel-1", "acquisition_date": "2024-08-21", "baseline_date": "2024-08-09", "area_km2": 0.0116, "threshold": 1.25, "detects": "open_water_only"}, "geometry": {"type": "Polygon", "coordinates": [[[91.35137464133669, 23.00278146021399], [91.35138780568562, 23.00169789774024], [91.35197304095655, 23.001703989921353], [91.35197084773169, 23.001884583730963], [91.35216592645891, 23.001886613995524], [91.35216154046151, 23.00224780163726], [91.3525516990196, 23.002251861516978], [91.35254512141364, 23.00279364305359], [91.35137464133669, 23.00278146021399]]]}}, {"type": "Feature", "properties": {"aoi_name": "Feni", "sensor": "Sentinel-1", "acquisition_date": "2024-08-21", "baseline_date": "2024-08-09", "area_km2": 0.0116, "threshold": 1.25, "detects": "open_water_only"}, "geometry": {"type": "Polygon", "coordinates": [[[91.4492741624536, 22.97252277159076], [91.4492782840868, 22.972161565419757], [91.44908323876899, 22.97215965709681], [91.44909354378271, 22.971256641677662], [91.44967867591443, 22.9712623656769], [91.44967455552498, 22.971623571957497], [91.45006464475252, 22.971627386824732], [91.45005434600444, 22.972530402617952], [91.4492741624536, 22.97252277159076]]]}}, {"type": "Feature", "properties": {"aoi_name": "Feni", "sensor": "Sentinel-1", "acquisition_date": "2024-08-21", "baseline_date": "2024-08-09", "area_km2": 0.0112, "threshold": 1.25, "detects": "open_water_only"}, "geometry": {"type": "Polygon", "coordinates": [[[91.42981345679524, 23.253916364151998], [91.42982191761708, 23.2531939842494], [91.43001736756258, 23.253195938530332], [91.43002159732019, 23.25283474851919], [91.43021704676084, 23.252836702523222], [91.43022127590758, 23.25247551246091], [91.43080762277873, 23.25248137291317], [91.430801281394, 23.253023158152374], [91.43060583162669, 23.25302120486061], [91.43059737509813, 23.253743585051236], [91.43040192429993, 23.25374163144874], [91.43039980985175, 23.253922226468653], [91.42981345679524, 23.253916364151998]]]}}, {"type": "Feature", "properties": {"aoi_name": "Feni", "sensor": "Sentinel-1", "acquisition_date": "2024-08-21", "baseline_date": "2024-08-09", "area_km2": 0.0112, "threshold": 1.25, "detects": "open_water_only"}, "geometry": {"type": "Polygon", "coordinates": [[[91.45253453128011, 23.216031555726065], [91.45254285451861, 23.215309164510735], [91.45391063328523, 23.215322620780597], [91.4539023173964, 23.216045012462605], [91.45253453128011, 23.216031555726065]]]}}, {"type": "Feature", "properties": {"aoi_name": "Feni", "sensor": "Sentinel-1", "acquisition_date": "2024-08-21", "baseline_date": "2024-08-09", "area_km2": 0.0112, "threshold": 1.25, "detects": "open_water_only"}, "geometry": {"type": "Polygon", "coordinates": [[[91.52206636433822, 23.041314506704182], [91.52206833501045, 23.04113389909327], [91.52187318395004, 23.04113207517248], [91.52187909662752, 23.040590252361802], [91.52207424690799, 23.040592076234862], [91.52207621750078, 23.040411468606827], [91.52227136754114, 23.040413292223363], [91.52227530814721, 23.040052076922645], [91.52286075682763, 23.0400575462331], [91.52284893945065, 23.0411411923701], [91.52265378831083, 23.041139369411844], [91.52265181841855, 23.041319977070465], [91.52206636433822, 23.041314506704182]]]}}, {"type": "Feature", "properties": {"aoi_name": "Feni", "sensor": "Sentinel-1", "acquisition_date": "2024-08-21", "baseline_date": "2024-08-09", "area_km2": 0.0112, "threshold": 1.25, "detects": "open_water_only"}, "geometry": {"type": "Polygon", "coordinates": [[[91.43800582025094, 23.22184825559281], [91.43802262734631, 23.22040348415223], [91.43860883630218, 23.220409307907875], [91.43860043607383, 23.22113169386471], [91.43879584015149, 23.221133634698525], [91.43878744063618, 23.221856020653437], [91.43800582025094, 23.22184825559281]]]}}, {"type": "Feature", "properties": {"aoi_name": "Feni", "sensor": "Sentinel-1", "acquisition_date": "2024-08-21", "baseline_date": "2024-08-09", "area_km2": 0.0112, "threshold": 1.25, "detects": "open_water_only"}, "geometry": {"type": "Polygon", "coordinates": [[[91.38048923234349, 22.785614632106643], [91.38049136506345, 22.78543403081165], [91.38029659277657, 22.785432053152693], [91.38029872573112, 22.785251451870828], [91.38010395372207, 22.785249473991662], [91.38010608691123, 22.78506887272292], [91.37991131518001, 22.785066894623558], [91.37991771538637, 22.784525090843875], [91.38011248634896, 22.784527068891034], [91.38011461945162, 22.78434646760519], [91.38069893170046, 22.78435240026888], [91.3806925346335, 22.784894204270177], [91.38088730619498, 22.784896181401734], [91.3808851740523, 22.78507678274435], [91.3810799458916, 22.7850787596557], [91.38107355010254, 22.785620563710054], [91.38048923234349, 22.785614632106643]]]}}, {"type": "Feature", "properties": {"aoi_name": "Feni", "sensor": "Sentinel-1", "acquisition_date": "2024-08-21", "baseline_date": "2024-08-09", "area_km2": 0.0112, "threshold": 1.25, "detects": "open_water_only"}, "geometry": {"type": "Polygon", "coordinates": [[[91.37996101090917, 22.977970534159596], [91.37996316439497, 22.977789937276427], [91.37957307075278, 22.977785948925344], [91.37957953263371, 22.9772441583546], [91.37977457866697, 22.977246152597775], [91.37977673232481, 22.97706555571482], [91.3799717781208, 22.977067549700735], [91.37997393149796, 22.976886952796047], [91.38075411386332, 22.976894926271726], [91.38074765677455, 22.97743671718193], [91.38055261037366, 22.977434724120492], [91.38054615231242, 22.977976514939716], [91.37996101090917, 22.977970534159596]]]}}, {"type": "Feature", "properties": {"aoi_name": "Feni", "sensor": "Sentinel-1", "acquisition_date": "2024-08-21", "baseline_date": "2024-08-09", "area_km2": 0.0112, "threshold": 1.25, "detects": "open_water_only"}, "geometry": {"type": "Polygon", "coordinates": [[[91.45283592325961, 23.17286663991196], [91.45283799937424, 23.172686041099002], [91.45264266438447, 23.17268412149623], [91.45265304595401, 23.17178112745007], [91.45362971456512, 23.17179072262601], [91.45361933954194, 23.172693717088745], [91.45342400446874, 23.17269179845451], [91.45342192913971, 23.17287239731745], [91.45283592325961, 23.17286663991196]]]}}, {"type": "Feature", "properties": {"aoi_name": "Feni", "sensor": "Sentinel-1", "acquisition_date": "2024-08-21", "baseline_date": "2024-08-09", "area_km2": 0.0112, "threshold": 1.25, "detects": "open_water_only"}, "geometry": {"type": "Polygon", "coordinates": [[[91.48801635083937, 23.084342289365757], [91.48801837110481, 23.0841616855519], [91.48762795098148, 23.08415794688352], [91.48762997174775, 23.08397734309792], [91.4874347619772, 23.083975473418334], [91.4874428458812, 23.083253058298133], [91.4882236809162, 23.083260535309307], [91.48822166101303, 23.083441139160914], [91.4884168700832, 23.083443007827213], [91.48841283073702, 23.0838042155501], [91.48860804034868, 23.08380608400783], [91.48860198195868, 23.08434789560876], [91.48801635083937, 23.084342289365757]]]}}, {"type": "Feature", "properties": {"aoi_name": "Feni", "sensor": "Sentinel-1", "acquisition_date": "2024-08-21", "baseline_date": "2024-08-09", "area_km2": 0.0112, "threshold": 1.25, "detects": "open_water_only"}, "geometry": {"type": "Polygon", "coordinates": [[[91.41356757413332, 23.173017715848804], [91.41358247535834, 23.171753547904537], [91.41436379540536, 23.171761418356606], [91.41434890151179, 23.17302558677924], [91.41356757413332, 23.173017715848804]]]}}, {"type": "Feature", "properties": {"aoi_name": "Feni", "sensor": "Sentinel-1", "acquisition_date": "2024-08-21", "baseline_date": "2024-08-09", "area_km2": 0.0112, "threshold": 1.25, "detects": "open_water_only"}, "geometry": {"type": "Polygon", "coordinates": [[[91.48090939495428, 22.98691786558198], [91.48091545551057, 22.986376049247365], [91.48111052415291, 22.98637791949974], [91.4811125440384, 22.98619731402996], [91.48189281777489, 22.986204792574313], [91.48189079892606, 22.986385398109437], [91.48247600521984, 22.98639100454693], [91.48246995088371, 22.986932821273566], [91.48090939495428, 22.98691786558198]]]}}, {"type": "Feature", "properties": {"aoi_name": "Feni", "sensor": "Sentinel-1", "acquisition_date": "2024-08-21", "baseline_date": "2024-08-09", "area_km2": 0.0112, "threshold": 1.25, "detects": "open_water_only"}, "geometry": {"type": "Polygon", "coordinates": [[[91.48005565900085, 23.11515229085898], [91.48006176071638, 23.114610483519265], [91.48025701408986, 23.114612364660466], [91.4802590476931, 23.11443176218893], [91.48006379458064, 23.11442988106409], [91.48006989605064, 23.113888073672754], [91.48085090549091, 23.113895596526966], [91.48084887273212, 23.1140761990605], [91.48104412540434, 23.114078079186754], [91.48103802778834, 23.1146198868106], [91.48084277433306, 23.11461800663527], [91.48084074149246, 23.114798609151595], [91.48064548779658, 23.11479672871844], [91.48064142153197, 23.115157933705465], [91.48005565900085, 23.11515229085898]]]}}, {"type": "Feature", "properties": {"aoi_name": "Feni", "sensor": "Sentinel-1", "acquisition_date": "2024-08-21", "baseline_date": "2024-08-09", "area_km2": 0.0112, "threshold": 1.25, "detects": "open_water_only"}, "geometry": {"type": "Polygon", "coordinates": [[[91.45144715778305, 23.225593609145424], [91.45145340750405, 23.225051816677993], [91.45067176380343, 23.225044113585405], [91.45067801648773, 23.22450232127935], [91.45185047743693, 23.224513874161374], [91.45184631215308, 23.224875069236674], [91.45204172290968, 23.224876993900782], [91.45203339314168, 23.225599384066218], [91.45144715778305, 23.225593609145424]]]}}, {"type": "Feature", "properties": {"aoi_name": "Feni", "sensor": "Sentinel-1", "acquisition_date": "2024-08-21", "baseline_date": "2024-08-09", "area_km2": 0.0108, "threshold": 1.25, "detects": "open_water_only"}, "geometry": {"type": "Polygon", "coordinates": [[[91.40771948061357, 23.155438861591723], [91.40772588508662, 23.154897075689554], [91.40831180008261, 23.154902996623147], [91.40831606805456, 23.154541805897203], [91.40909728625687, 23.15454969695149], [91.40908875441244, 23.155272078660296], [91.40869814317577, 23.15526813347986], [91.40869600963788, 23.15544872886198], [91.40771948061357, 23.155438861591723]]]}}, {"type": "Feature", "properties": {"aoi_name": "Feni", "sensor": "Sentinel-1", "acquisition_date": "2024-08-21", "baseline_date": "2024-08-09", "area_km2": 0.0108, "threshold": 1.25, "detects": "open_water_only"}, "geometry": {"type": "Polygon", "coordinates": [[[91.46190215281986, 23.234185342569997], [91.46191250288733, 23.233282351628194], [91.46210792681077, 23.233284264431987], [91.46210999649922, 23.233103666214088], [91.46289169134968, 23.233111314934575], [91.46288341667537, 23.23383370804536], [91.46268799188061, 23.233831796163237], [91.46268385389338, 23.234192992659565], [91.46190215281986, 23.234185342569997]]]}}, {"type": "Feature", "properties": {"aoi_name": "Feni", "sensor": "Sentinel-1", "acquisition_date": "2024-08-21", "baseline_date": "2024-08-09", "area_km2": 0.0108, "threshold": 1.25, "detects": "open_water_only"}, "geometry": {"type": "Polygon", "coordinates": [[[91.41619832941973, 23.148660870221455], [91.41620045220624, 23.148480274025367], [91.41600515574558, 23.148478310913283], [91.41601152476156, 23.14793652235026], [91.41620682043776, 23.14793848541117], [91.41621318847724, 23.147396696758097], [91.41699436825766, 23.147404546378798], [91.41698800335593, 23.147946335236508], [91.41679270759438, 23.147944373142916], [91.4167842197142, 23.14866675815785], [91.41619832941973, 23.148660870221455]]]}}, {"type": "Feature", "properties": {"aoi_name": "Feni", "sensor": "Sentinel-1", "acquisition_date": "2024-08-21", "baseline_date": "2024-08-09", "area_km2": 0.0108, "threshold": 1.25, "detects": "open_water_only"}, "geometry": {"type": "Polygon", "coordinates": [[[91.43569555853064, 23.033620128757576], [91.43570389854212, 23.032897726644286], [91.43589902991344, 23.032899656224345], [91.43590111460396, 23.032719055668444], [91.43687677047663, 23.03272869987708], [91.43686843678499, 23.03345110241143], [91.43647817229431, 23.033447245314886], [91.43647608829926, 23.033627845904082], [91.43569555853064, 23.033620128757576]]]}}, {"type": "Feature", "properties": {"aoi_name": "Feni", "sensor": "Sentinel-1", "acquisition_date": "2024-08-21", "baseline_date": "2024-08-09", "area_km2": 0.0108, "threshold": 1.25, "detects": "open_water_only"}, "geometry": {"type": "Polygon", "coordinates": [[[91.43998077542295, 23.152691119923063], [91.43998286674797, 23.15251052175223], [91.43978756221115, 23.152508587792134], [91.4397980198287, 23.15160559695723], [91.44057923287099, 23.151613331010243], [91.44057505197945, 23.15197452749155], [91.44077035581566, 23.151976460433684], [91.44076199482664, 23.15269885341169], [91.43998077542295, 23.152691119923063]]]}}, {"type": "Feature", "properties": {"aoi_name": "Feni", "sensor": "Sentinel-1", "acquisition_date": "2024-08-21", "baseline_date": "2024-08-09", "area_km2": 0.0108, "threshold": 1.25, "detects": "open_water_only"}, "geometry": {"type": "Polygon", "coordinates": [[[91.40869409468547, 23.10595952700287], [91.40870473671977, 23.105056544388045], [91.40948566854485, 23.105064417630206], [91.40948354122425, 23.105245014230324], [91.40967877449489, 23.105246981954664], [91.40967664741376, 23.105427578567586], [91.40987188096666, 23.10542954606772], [91.40986550037739, 23.105971335931944], [91.40869409468547, 23.10595952700287]]]}}, {"type": "Feature", "properties": {"aoi_name": "Feni", "sensor": "Sentinel-1", "acquisition_date": "2024-08-21", "baseline_date": "2024-08-09", "area_km2": 0.0108, "threshold": 1.25, "detects": "open_water_only"}, "geometry": {"type": "Polygon", "coordinates": [[[91.40749641652408, 23.157784625648656], [91.40750922852044, 23.15670105424558], [91.40829045893588, 23.15670894999341], [91.40828619044913, 23.157070140615577], [91.40848149862984, 23.157072113981997], [91.4084750965237, 23.157613899934255], [91.40827978755816, 23.157611926516402], [91.40827765321826, 23.157792521808034], [91.40749641652408, 23.157784625648656]]]}}, {"type": "Feature", "properties": {"aoi_name": "Feni", "sensor": "Sentinel-1", "acquisition_date": "2024-08-21", "baseline_date": "2024-08-09", "area_km2": 0.0108, "threshold": 1.25, "detects": "open_water_only"}, "geometry": {"type": "Polygon", "coordinates": [[[91.53300280167952, 22.932317142573204], [91.53301253037414, 22.93141408761227], [91.5332075248549, 22.931415889661544], [91.53320947027646, 22.931235278640795], [91.53398944736242, 22.9312424843812], [91.53398166969268, 22.93196492869096], [91.53378667435811, 22.93196312755183], [91.53378278488856, 22.932324349649598], [91.53300280167952, 22.932317142573204]]]}}, {"type": "Feature", "properties": {"aoi_name": "Feni", "sensor": "Sentinel-1", "acquisition_date": "2024-08-21", "baseline_date": "2024-08-09", "area_km2": 0.0108, "threshold": 1.25, "detects": "open_water_only"}, "geometry": {"type": "Polygon", "coordinates": [[[91.42529895557604, 23.188849200871957], [91.42530952878903, 23.18794622047868], [91.42550488338213, 23.187948175195707], [91.4255112262689, 23.187406386856964], [91.426097287817, 23.187412249401607], [91.42608460656963, 23.188495826345438], [91.42588925112663, 23.188493872304445], [91.42588502335018, 23.188855064550552], [91.42529895557604, 23.188849200871957]]]}}, {"type": "Feature", "properties": {"aoi_name": "Feni", "sensor": "Sentinel-1", "acquisition_date": "2024-08-21", "baseline_date": "2024-08-09", "area_km2": 0.0108, "threshold": 1.25, "detects": "open_water_only"}, "geometry": {"type": "Polygon", "coordinates": [[[91.52294936438075, 23.031930195293047], [91.52295133298104, 23.03174958739593], [91.52275619535676, 23.031747765264367], [91.52275816419707, 23.031567157378856], [91.52236788952773, 23.03156351242596], [91.52237379748863, 23.031021688839168], [91.52334948041323, 23.031030799179042], [91.52334751241197, 23.031211407125078], [91.52354264931625, 23.031213228487392], [91.52354068155499, 23.03139383644503], [91.52373581873896, 23.031395657582724], [91.5237299161157, 23.03193748147763], [91.52294936438075, 23.031930195293047]]]}}, {"type": "Feature", "properties": {"aoi_name": "Feni", "sensor": "Sentinel-1", "acquisition_date": "2024-08-21", "baseline_date": "2024-08-09", "area_km2": 0.0108, "threshold": 1.25, "detects": "open_water_only"}, "geometry": {"type": "Polygon", "coordinates": [[[91.49318539209378, 23.005820131835264], [91.49320143729926, 23.004375283419535], [91.49378672419817, 23.004380852193673], [91.49377870487055, 23.005103276630315], [91.49397380158172, 23.005105132472792], [91.49396778765204, 23.00564695080392], [91.4937726901625, 23.00564509491283], [91.49377068521939, 23.005825700998432], [91.49318539209378, 23.005820131835264]]]}}, {"type": "Feature", "properties": {"aoi_name": "Feni", "sensor": "Sentinel-1", "acquisition_date": "2024-08-21", "baseline_date": "2024-08-09", "area_km2": 0.0108, "threshold": 1.25, "detects": "open_water_only"}, "geometry": {"type": "Polygon", "coordinates": [[[91.51144618271299, 23.030919242236454], [91.51144816654411, 23.030738635259432], [91.51125303139435, 23.030736799017273], [91.51126096755819, 23.03001437113044], [91.51165123579916, 23.0300180432461], [91.51165321927049, 23.029837436231638], [91.51223862100244, 23.029842942553344], [91.51222672455133, 23.030926584864087], [91.51144618271299, 23.030919242236454]]]}}, {"type": "Feature", "properties": {"aoi_name": "Feni", "sensor": "Sentinel-1", "acquisition_date": "2024-08-21", "baseline_date": "2024-08-09", "area_km2": 0.0108, "threshold": 1.25, "detects": "open_water_only"}, "geometry": {"type": "Polygon", "coordinates": [[[91.4174938978208, 23.088166773781932], [91.41749601268404, 23.0879861760888], [91.41730080361137, 23.087984219412228], [91.41730926389387, 23.08726182866473], [91.41848051239454, 23.087273564698396], [91.41847205836659, 23.087995955854662], [91.41808164002973, 23.087992044671722], [91.41807952594833, 23.088172642415948], [91.4174938978208, 23.088166773781932]]]}}, {"type": "Feature", "properties": {"aoi_name": "Feni", "sensor": "Sentinel-1", "acquisition_date": "2024-08-21", "baseline_date": "2024-08-09", "area_km2": 0.0108, "threshold": 1.25, "detects": "open_water_only"}, "geometry": {"type": "Polygon", "coordinates": [[[91.37171075794068, 23.01527390160438], [91.37172159956418, 23.01437092509855], [91.3721117968082, 23.014374938787327], [91.37211396454826, 23.01419434343819], [91.37269925979967, 23.01420036211688], [91.37268842477361, 23.015103339082128], [91.372493325037, 23.015101333008605], [91.3724911577067, 23.015281928371213], [91.37171075794068, 23.01527390160438]]]}}, {"type": "Feature", "properties": {"aoi_name": "Feni", "sensor": "Sentinel-1", "acquisition_date": "2024-08-21", "baseline_date": "2024-08-09", "area_km2": 0.0108, "threshold": 1.25, "detects": "open_water_only"}, "geometry": {"type": "Polygon", "coordinates": [[[91.39500684241057, 23.1731908302285], [91.395017610837, 23.172287861354864], [91.39618958506226, 23.172299803992985], [91.39618097664835, 23.17302217951533], [91.3955949862964, 23.173016209078384], [91.39559283335336, 23.173196802896314], [91.39500684241057, 23.1731908302285]]]}}, {"type": "Feature", "properties": {"aoi_name": "Feni", "sensor": "Sentinel-1", "acquisition_date": "2024-08-21", "baseline_date": "2024-08-09", "area_km2": 0.0108, "threshold": 1.25, "detects": "open_water_only"}, "geometry": {"type": "Polygon", "coordinates": [[[91.44213841831368, 23.13501178868276], [91.44214050496616, 23.134831189921226], [91.44194522583972, 23.13482926002451], [91.44195148645524, 23.134287463764352], [91.44214676479777, 23.134289393610732], [91.44214885136634, 23.134108794831942], [91.44273468573596, 23.13411458287068], [91.44273051414561, 23.13447578052459], [91.44331635027179, 23.1344815664888], [91.44331009508069, 23.13502336308823], [91.44213841831368, 23.13501178868276]]]}}, {"type": "Feature", "properties": {"aoi_name": "Feni", "sensor": "Sentinel-1", "acquisition_date": "2024-08-21", "baseline_date": "2024-08-09", "area_km2": 0.0108, "threshold": 1.25, "detects": "open_water_only"}, "geometry": {"type": "Polygon", "coordinates": [[[91.45806257494938, 23.14293502062609], [91.45806877324135, 23.14239322077862], [91.45826406481653, 23.142395131295586], [91.45826613061088, 23.142214531321198], [91.45846142194539, 23.142216441579777], [91.45846555294897, 23.141855241584878], [91.45866084378142, 23.14185715156847], [91.45866290899063, 23.141676551547956], [91.45924878082832, 23.141682279998296], [91.4592425874911, 23.14222408019629], [91.45904729607355, 23.142222170904834], [91.45904316655543, 23.14258337098209], [91.4588478746358, 23.142581461415666], [91.45884580958416, 23.14276206143123], [91.45865051742385, 23.142760151606414], [91.45864845209005, 23.142940751601074], [91.45806257494938, 23.14293502062609]]]}}, {"type": "Feature", "properties": {"aoi_name": "Feni", "sensor": "Sentinel-1", "acquisition_date": "2024-08-21", "baseline_date": "2024-08-09", "area_km2": 0.0108, "threshold": 1.25, "detects": "open_water_only"}, "geometry": {"type": "Polygon", "coordinates": [[[91.49669115030093, 23.006395333345555], [91.49669315141276, 23.006214727029928], [91.4963029543315, 23.006211021636318], [91.49631096065264, 23.005488596460413], [91.49748154591157, 23.005499709370508], [91.49747354581744, 23.006222134934564], [91.497278447186, 23.00622028331873], [91.4972764468526, 23.00640088968288], [91.49669115030093, 23.006395333345555]]]}}, {"type": "Feature", "properties": {"aoi_name": "Feni", "sensor": "Sentinel-1", "acquisition_date": "2024-08-21", "baseline_date": "2024-08-09", "area_km2": 0.0108, "threshold": 1.25, "detects": "open_water_only"}, "geometry": {"type": "Polygon", "coordinates": [[[91.500421984381, 23.00426320721513], [91.50042597624166, 23.003901993862936], [91.50023088068075, 23.003900146060133], [91.50024285733608, 23.00281650599765], [91.5008281394095, 23.002822048395085], [91.50082215350723, 23.003363868590796], [91.50101724835024, 23.00336571562464], [91.50100727274108, 23.004268749279188], [91.500421984381, 23.00426320721513]]]}}, {"type": "Feature", "properties": {"aoi_name": "Feni", "sensor": "Sentinel-1", "acquisition_date": "2024-08-21", "baseline_date": "2024-08-09", "area_km2": 0.0108, "threshold": 1.25, "detects": "open_water_only"}, "geometry": {"type": "Polygon", "coordinates": [[[91.41209205277265, 22.999428366542933], [91.41210050457866, 22.998705969540218], [91.4122955845484, 22.998707925488752], [91.4122976971873, 22.99852732621024], [91.41288293644641, 22.99853319256404], [91.41288082458544, 22.998713791893785], [91.41327098471666, 22.99871770163], [91.41326253913431, 22.999440099042577], [91.41209205277265, 22.999428366542933]]]}}, {"type": "Feature", "properties": {"aoi_name": "Feni", "sensor": "Sentinel-1", "acquisition_date": "2024-08-21", "baseline_date": "2024-08-09", "area_km2": 0.0108, "threshold": 1.25, "detects": "open_water_only"}, "geometry": {"type": "Polygon", "coordinates": [[[91.41572450305908, 22.87176499969441], [91.4157265981735, 22.871584397229558], [91.4155316999015, 22.871582455682574], [91.41554217644305, 22.87067944337925], [91.41632176450882, 22.870687207794912], [91.41631967027277, 22.870867810332246], [91.41651456759965, 22.87086975085666], [91.41650619147347, 22.871592161031295], [91.41631129311669, 22.87159022043879], [91.41630919877471, 22.871770822954723], [91.41572450305908, 22.87176499969441]]]}}, {"type": "Feature", "properties": {"aoi_name": "Feni", "sensor": "Sentinel-1", "acquisition_date": "2024-08-21", "baseline_date": "2024-08-09", "area_km2": 0.0108, "threshold": 1.25, "detects": "open_water_only"}, "geometry": {"type": "Polygon", "coordinates": [[[91.43582687466046, 23.02224228748384], [91.43583312572956, 23.02170048509289], [91.4356380104831, 23.02169855631603], [91.43564009439045, 23.02151795552728], [91.43524986447989, 23.021514097286115], [91.43525611763377, 23.020972294995104], [91.43603657442313, 23.02098001031396], [91.4360344910981, 23.021160611149266], [91.43622960560761, 23.021162539394904], [91.43622543941386, 23.021523741086266], [91.43642055446367, 23.021525669125193], [91.43641222286281, 23.02224807252366], [91.43582687466046, 23.02224228748384]]]}}, {"type": "Feature", "properties": {"aoi_name": "Feni", "sensor": "Sentinel-1", "acquisition_date": "2024-08-21", "baseline_date": "2024-08-09", "area_km2": 0.0104, "threshold": 1.25, "detects": "open_water_only"}, "geometry": {"type": "Polygon", "coordinates": [[[91.47448834504483, 22.985411171683516], [91.47449037363961, 22.98523056674911], [91.47429530724672, 22.985228688435978], [91.47430139368566, 22.984686873656297], [91.47449645930114, 22.984688751920196], [91.47449848781403, 22.984508146968658], [91.475278749444, 22.984515657559037], [91.47527672196765, 22.984696262576204], [91.47547178768544, 22.984698139640315], [91.4754657059111, 22.985239954715333], [91.47527063941588, 22.985238077602013], [91.4752686118577, 22.985418682602045], [91.47448834504483, 22.985411171683516]]]}}, {"type": "Feature", "properties": {"aoi_name": "Feni", "sensor": "Sentinel-1", "acquisition_date": "2024-08-21", "baseline_date": "2024-08-09", "area_km2": 0.0104, "threshold": 1.25, "detects": "open_water_only"}, "geometry": {"type": "Polygon", "coordinates": [[[91.46131045490064, 22.89135890515937], [91.46131249168651, 22.89117829920305], [91.4611175611948, 22.89117641198129], [91.46112774610405, 22.890273382218336], [91.46171253377432, 22.890279042918884], [91.46171049760697, 22.890459648929646], [91.4621003566723, 22.8904634215688], [91.46209221385925, 22.89118584570141], [91.46189728328518, 22.891183959435125], [91.46189524727266, 22.89136456544106], [91.46131045490064, 22.89135890515937]]]}}, {"type": "Feature", "properties": {"aoi_name": "Feni", "sensor": "Sentinel-1", "acquisition_date": "2024-08-21", "baseline_date": "2024-08-09", "area_km2": 0.0104, "threshold": 1.25, "detects": "open_water_only"}, "geometry": {"type": "Polygon", "coordinates": [[[91.45807906994995, 23.24372063220637], [91.45808945049706, 23.24281764398708], [91.45848032543326, 23.242821480340996], [91.45848240095442, 23.24264088265094], [91.45906871272621, 23.242646635309818], [91.45906041367125, 23.243369026243446], [91.45886497534163, 23.243367108867005], [91.45886082516348, 23.243728304274654], [91.45807906994995, 23.24372063220637]]]}}, {"type": "Feature", "properties": {"aoi_name": "Feni", "sensor": "Sentinel-1", "acquisition_date": "2024-08-21", "baseline_date": "2024-08-09", "area_km2": 0.0104, "threshold": 1.25, "detects": "open_water_only"}, "geometry": {"type": "Polygon", "coordinates": [[[91.4223833644163, 23.070695626186104], [91.4223854709665, 23.070515027666712], [91.4219951023565, 23.07051112894216], [91.42200774433645, 23.069427537939145], [91.42259329259694, 23.06943338535889], [91.42258697404559, 23.06997518103263], [91.42278215762255, 23.069977129741634], [91.42278005165669, 23.070157728307912], [91.42297523551521, 23.070159676792972], [91.42296891827148, 23.070701472516877], [91.4223833644163, 23.070695626186104]]]}}, {"type": "Feature", "properties": {"aoi_name": "Feni", "sensor": "Sentinel-1", "acquisition_date": "2024-08-21", "baseline_date": "2024-08-09", "area_km2": 0.0104, "threshold": 1.25, "detects": "open_water_only"}, "geometry": {"type": "Polygon", "coordinates": [[[91.46284365403646, 22.980060531003495], [91.46284774110681, 22.979699322858764], [91.46265268371991, 22.97969743064415], [91.46265677122591, 22.979336222515354], [91.46246171437774, 22.979334330093927], [91.46246784625923, 22.9787925179182], [91.46324807066694, 22.978800085966128], [91.46324194189413, 22.979341898340287], [91.46343699882476, 22.97934378980215], [91.46342882787528, 22.980066206307157], [91.46284365403646, 22.980060531003495]]]}}, {"type": "Feature", "properties": {"aoi_name": "Feni", "sensor": "Sentinel-1", "acquisition_date": "2024-08-21", "baseline_date": "2024-08-09", "area_km2": 0.0104, "threshold": 1.25, "detects": "open_water_only"}, "geometry": {"type": "Polygon", "coordinates": [[[91.42104018286933, 22.900898221642485], [91.42104436494695, 22.900537017101016], [91.42084942483092, 22.900535079758267], [91.4208556985625, 22.89999327296488], [91.42202533493364, 22.90000489313151], [91.42201906584415, 22.900546700230393], [91.42182412562245, 22.900544764082433], [91.42181994560802, 22.900905968759677], [91.42104018286933, 22.900898221642485]]]}}, {"type": "Feature", "properties": {"aoi_name": "Feni", "sensor": "Sentinel-1", "acquisition_date": "2024-08-21", "baseline_date": "2024-08-09", "area_km2": 0.0104, "threshold": 1.25, "detects": "open_water_only"}, "geometry": {"type": "Polygon", "coordinates": [[[91.37434570931198, 22.974481276769517], [91.37435867247866, 22.97339769795271], [91.37455371248605, 22.973399698304057], [91.37455587267858, 22.973219101802037], [91.37514099205474, 22.973225101364942], [91.37512803523329, 22.97430868062715], [91.37493299386584, 22.97430668090776], [91.37493083406036, 22.974487277418913], [91.37434570931198, 22.974481276769517]]]}}, {"type": "Feature", "properties": {"aoi_name": "Feni", "sensor": "Sentinel-1", "acquisition_date": "2024-08-21", "baseline_date": "2024-08-09", "area_km2": 0.0104, "threshold": 1.25, "detects": "open_water_only"}, "geometry": {"type": "Polygon", "coordinates": [[[91.40121709408845, 22.862227453094775], [91.40122343396295, 22.861685648868637], [91.40141831675976, 22.861687607145257], [91.40142465566983, 22.861145802829032], [91.40220418398296, 22.86115363334437], [91.40219362417245, 22.862056640860224], [91.40199874077547, 22.862054683503256], [91.40199662849193, 22.86223528497641], [91.40121709408845, 22.862227453094775]]]}}, {"type": "Feature", "properties": {"aoi_name": "Feni", "sensor": "Sentinel-1", "acquisition_date": "2024-08-21", "baseline_date": "2024-08-09", "area_km2": 0.0104, "threshold": 1.25, "detects": "open_water_only"}, "geometry": {"type": "Polygon", "coordinates": [[[91.4361044743943, 23.200516496692345], [91.43610657575269, 23.200335899952297], [91.43591120216827, 23.200333957416206], [91.43591750690362, 23.19979216722068], [91.43650362535993, 23.199797993949975], [91.43650572610944, 23.19961739715894], [91.43709184396886, 23.19962322165572], [91.43708134394416, 23.200526205820292], [91.4361044743943, 23.200516496692345]]]}}, {"type": "Feature", "properties": {"aoi_name": "Feni", "sensor": "Sentinel-1", "acquisition_date": "2024-08-21", "baseline_date": "2024-08-09", "area_km2": 0.0104, "threshold": 1.25, "detects": "open_water_only"}, "geometry": {"type": "Polygon", "coordinates": [[[91.48906153754415, 23.06069061916834], [91.48906355410524, 23.060510014726944], [91.48886837806697, 23.060508148608804], [91.48887846186898, 23.05960512641883], [91.48965916093911, 23.059612589121095], [91.48965512956114, 23.059973798140053], [91.48985030489992, 23.05997566324605], [91.48984425846143, 23.060517476791063], [91.48964908234193, 23.060515611636298], [91.48964706656157, 23.06069621612647], [91.48906153754415, 23.06069061916834]]]}}, {"type": "Feature", "properties": {"aoi_name": "Feni", "sensor": "Sentinel-1", "acquisition_date": "2024-08-21", "baseline_date": "2024-08-09", "area_km2": 0.0104, "threshold": 1.25, "detects": "open_water_only"}, "geometry": {"type": "Polygon", "coordinates": [[[91.39019084828654, 22.87168922319115], [91.39020149239462, 22.870786222089794], [91.3903963871167, 22.87078819460459], [91.39039851561625, 22.870607594354162], [91.39117809369003, 22.87061548195815], [91.3911695836819, 22.87133788321093], [91.39097468810135, 22.87133591159865], [91.39097256028805, 22.87151651188383], [91.39077766447154, 22.87151454001565], [91.39077553637925, 22.87169514027925], [91.39019084828654, 22.87168922319115]]]}}, {"type": "Feature", "properties": {"aoi_name": "Feni", "sensor": "Sentinel-1", "acquisition_date": "2024-08-21", "baseline_date": "2024-08-09", "area_km2": 0.0104, "threshold": 1.25, "detects": "open_water_only"}, "geometry": {"type": "Polygon", "coordinates": [[[91.49030837780424, 22.913492872273046], [91.4903103783668, 22.913312264375342], [91.49011541360174, 22.913310411020618], [91.4901254174018, 22.912407371549264], [91.49090527142113, 22.91241478320874], [91.49090127202663, 22.912775999139946], [91.49109623609822, 22.91277785148946], [91.4910902376292, 22.913319675402914], [91.49089527278329, 22.91331782300473], [91.49089327299508, 22.913498430951115], [91.49030837780424, 22.913492872273046]]]}}, {"type": "Feature", "properties": {"aoi_name": "Feni", "sensor": "Sentinel-1", "acquisition_date": "2024-08-21", "baseline_date": "2024-08-09", "area_km2": 0.0104, "threshold": 1.25, "detects": "open_water_only"}, "geometry": {"type": "Polygon", "coordinates": [[[91.41931089649587, 23.199626169833405], [91.41931302032259, 23.19944557453287], [91.4191176496115, 23.199443611214697], [91.41913039369744, 23.198360039422816], [91.41971650117465, 23.198365928343517], [91.41971437800031, 23.198546523704067], [91.41990974746425, 23.198548486209823], [91.41989700954385, 23.199632058384417], [91.41931089649587, 23.199626169833405]]]}}, {"type": "Feature", "properties": {"aoi_name": "Feni", "sensor": "Sentinel-1", "acquisition_date": "2024-08-21", "baseline_date": "2024-08-09", "area_km2": 0.0104, "threshold": 1.25, "detects": "open_water_only"}, "geometry": {"type": "Polygon", "coordinates": [[[91.46681293009355, 22.939458459817022], [91.46681903279965, 22.938916643811375], [91.46701403209579, 22.938918527740654], [91.46701809994684, 22.938557317015853], [91.46721309874656, 22.93855920067274], [91.4672171659985, 22.938197989897855], [91.46780216097012, 22.938203639333103], [91.46779402948572, 22.938926061063537], [91.46759903010744, 22.93892417809195], [91.46759293050307, 22.939465994295414], [91.46681293009355, 22.939458459817022]]]}}, {"type": "Feature", "properties": {"aoi_name": "Feni", "sensor": "Sentinel-1", "acquisition_date": "2024-08-21", "baseline_date": "2024-08-09", "area_km2": 0.0104, "threshold": 1.25, "detects": "open_water_only"}, "geometry": {"type": "Polygon", "coordinates": [[[91.47673837983506, 23.114939671514414], [91.47674857134359, 23.1140366606312], [91.47792008510433, 23.114047968191088], [91.47791397495914, 23.114589775029042], [91.47771872183138, 23.114587890990208], [91.47771668481431, 23.11476849324454], [91.4773261780982, 23.114764724409685], [91.47732414053857, 23.11494532662692], [91.47673837983506, 23.114939671514414]]]}}, {"type": "Feature", "properties": {"aoi_name": "Feni", "sensor": "Sentinel-1", "acquisition_date": "2024-08-21", "baseline_date": "2024-08-09", "area_km2": 0.01, "threshold": 1.25, "detects": "open_water_only"}, "geometry": {"type": "Polygon", "coordinates": [[[91.44767466658732, 23.146084196962054], [91.44768714837417, 23.145000602992596], [91.44827303161338, 23.145006373013487], [91.44826887267017, 23.145367571120847], [91.44846416764796, 23.145369494010943], [91.44846208840646, 23.145550093074863], [91.44865738366663, 23.145552015739856], [91.4486511466011, 23.146093812955872], [91.44767466658732, 23.146084196962054]]]}}, {"type": "Feature", "properties": {"aoi_name": "Feni", "sensor": "Sentinel-1", "acquisition_date": "2024-08-21", "baseline_date": "2024-08-09", "area_km2": 0.01, "threshold": 1.25, "detects": "open_water_only"}, "geometry": {"type": "Polygon", "coordinates": [[[91.40541215596427, 23.15234503834214], [91.4054142935838, 23.152164443178183], [91.40521899280911, 23.15216246640459], [91.40522754411857, 23.15144008577422], [91.40581344336873, 23.15144601516331], [91.40581130635817, 23.151626610378912], [91.40620190648873, 23.15163056212997], [91.40619976997978, 23.15181115737558], [91.4063950703388, 23.151813132905474], [91.40638866146769, 23.15235491866785], [91.40541215596427, 23.15234503834214]]]}}, {"type": "Feature", "properties": {"aoi_name": "Feni", "sensor": "Sentinel-1", "acquisition_date": "2024-08-21", "baseline_date": "2024-08-09", "area_km2": 0.01, "threshold": 1.25, "detects": "open_water_only"}, "geometry": {"type": "Polygon", "coordinates": [[[91.48290374723786, 23.070204659484066], [91.48290577294766, 23.070024055775427], [91.48271058374378, 23.070022181325648], [91.48271260969355, 23.069841577629038], [91.48251742077045, 23.069839702954642], [91.48252552540701, 23.069117288190608], [91.48330627705582, 23.0691247851812], [91.48330222686133, 23.069485992702457], [91.48349741534525, 23.0694878663804], [91.48348931575305, 23.07021028143667], [91.48290374723786, 23.070204659484066]]]}}, {"type": "Feature", "properties": {"aoi_name": "Feni", "sensor": "Sentinel-1", "acquisition_date": "2024-08-21", "baseline_date": "2024-08-09", "area_km2": 0.01, "threshold": 1.25, "detects": "open_water_only"}, "geometry": {"type": "Polygon", "coordinates": [[[91.46870994567993, 22.96151301079331], [91.46871604736886, 22.96097119581036], [91.46891107844444, 22.960973079114993], [91.4689131120409, 22.96079247409564], [91.46910814287823, 22.960794357144128], [91.46911017619534, 22.960613752104027], [91.46989029871472, 22.96062128183536], [91.46988420180728, 22.96116309714037], [91.46968917037027, 22.961161215017672], [91.46968510514512, 22.961522425166685], [91.46870994567993, 22.96151301079331]]]}}, {"type": "Feature", "properties": {"aoi_name": "Feni", "sensor": "Sentinel-1", "acquisition_date": "2024-08-21", "baseline_date": "2024-08-09", "area_km2": 0.01, "threshold": 1.25, "detects": "open_water_only"}, "geometry": {"type": "Polygon", "coordinates": [[[91.45910862681045, 22.861895560229627], [91.45911066358637, 22.861714953792326], [91.45891577534647, 22.861713066165795], [91.45891984935122, 22.861351853311515], [91.45872496164662, 22.861349965479587], [91.45873107327121, 22.86080814621585], [91.4595106211251, 22.86081569591368], [91.4595085849669, 22.86099630240545], [91.45970347223923, 22.860998189250182], [91.45969329242592, 22.861901221727763], [91.45910862681045, 22.861895560229627]]]}}, {"type": "Feature", "properties": {"aoi_name": "Feni", "sensor": "Sentinel-1", "acquisition_date": "2024-08-21", "baseline_date": "2024-08-09", "area_km2": 0.01, "threshold": 1.25, "detects": "open_water_only"}, "geometry": {"type": "Polygon", "coordinates": [[[91.35772576475209, 23.058296695769002], [91.35773014782599, 23.057935509671214], [91.35733982794272, 23.057931453313135], [91.35734640394885, 23.0573896742401], [91.357541563099, 23.057391702486484], [91.35754375479675, 23.057211109435823], [91.35832439057762, 23.057219219943146], [91.3583112463034, 23.05830277860647], [91.35772576475209, 23.058296695769002]]]}}, {"type": "Feature", "properties": {"aoi_name": "Feni", "sensor": "Sentinel-1", "acquisition_date": "2024-08-21", "baseline_date": "2024-08-09", "area_km2": 0.01, "threshold": 1.25, "detects": "open_water_only"}, "geometry": {"type": "Polygon", "coordinates": [[[91.46608789207153, 23.17570560458028], [91.46609406786322, 23.175163804937274], [91.46648474753869, 23.175167610915253], [91.46648886358214, 23.1748064110656], [91.46687954229272, 23.174810216008833], [91.46688159975963, 23.1746296160445], [91.46746761719483, 23.174635321593584], [91.46746144708915, 23.17517712162225], [91.46726610713772, 23.175175219965187], [91.46726405013261, 23.17535581994961], [91.4666780296166, 23.175350113475865], [91.46667391397291, 23.17571131333268], [91.46608789207153, 23.17570560458028]]]}}, {"type": "Feature", "properties": {"aoi_name": "Feni", "sensor": "Sentinel-1", "acquisition_date": "2024-08-21", "baseline_date": "2024-08-09", "area_km2": 0.01, "threshold": 1.25, "detects": "open_water_only"}, "geometry": {"type": "Polygon", "coordinates": [[[91.29129198962202, 22.95554626981075], [91.29129652729388, 22.95518509133998], [91.29110152169712, 22.955182990135928], [91.29111059780044, 22.954460633216026], [91.29189061618705, 22.95446903630105], [91.2918838122473, 22.955010804217945], [91.29207881767705, 22.955012904445486], [91.29207201430708, 22.9555546723786], [91.29129198962202, 22.95554626981075]]]}}, {"type": "Feature", "properties": {"aoi_name": "Feni", "sensor": "Sentinel-1", "acquisition_date": "2024-08-21", "baseline_date": "2024-08-09", "area_km2": 0.01, "threshold": 1.25, "detects": "open_water_only"}, "geometry": {"type": "Polygon", "coordinates": [[[91.50399138545114, 23.016760141736036], [91.50399736258179, 23.01621832166896], [91.50419247619239, 23.016220165762416], [91.50419446826947, 23.016039559048732], [91.50458469503172, 23.016043246482468], [91.50458668656951, 23.015862639732312], [91.5053671392965, 23.015870011651426], [91.50536116773823, 23.016411832082106], [91.50497093977691, 23.0164081465067], [91.5049689486981, 23.016588753276192], [91.50457872029786, 23.01658506670725], [91.50457672867975, 23.01676567344028], [91.50399138545114, 23.016760141736036]]]}}, {"type": "Feature", "properties": {"aoi_name": "Feni", "sensor": "Sentinel-1", "acquisition_date": "2024-08-21", "baseline_date": "2024-08-09", "area_km2": 0.01, "threshold": 1.25, "detects": "open_water_only"}, "geometry": {"type": "Polygon", "coordinates": [[[91.37830356759379, 22.953389390737076], [91.37830572071165, 22.953208793443125], [91.37811070929605, 22.953206799361745], [91.37811716929505, 22.952665007506432], [91.3787022012793, 22.95267098887497], [91.37870435379294, 22.952490391528944], [91.3792893851969, 22.95249637068928], [91.3792807781156, 22.953218760256785], [91.37908576659134, 22.953216767373153], [91.37908361450806, 22.953397364736844], [91.37830356759379, 22.953389390737076]]]}}, {"type": "Feature", "properties": {"aoi_name": "Feni", "sensor": "Sentinel-1", "acquisition_date": "2024-08-21", "baseline_date": "2024-08-09", "area_km2": 0.01, "threshold": 1.25, "detects": "open_water_only"}, "geometry": {"type": "Polygon", "coordinates": [[[91.36039823303523, 22.934059750542673], [91.36040693226842, 22.93333736604088], [91.36060191349796, 22.933339380238493], [91.36060626246608, 22.932978187926523], [91.36119120473647, 22.932984228977727], [91.3611868573184, 22.933345421395455], [91.36138183863581, 22.933347434635817], [91.36137531811904, 22.933889223283007], [91.3611803360266, 22.933887209989777], [91.36117816221876, 22.934067806179282], [91.36039823303523, 22.934059750542673]]]}}, {"type": "Feature", "properties": {"aoi_name": "Feni", "sensor": "Sentinel-1", "acquisition_date": "2024-08-21", "baseline_date": "2024-08-09", "area_km2": 0.01, "threshold": 1.25, "detects": "open_water_only"}, "geometry": {"type": "Polygon", "coordinates": [[[91.42192161254292, 22.875258460102863], [91.42192578707413, 22.87489725424371], [91.42173088349007, 22.87489532002726], [91.42173297098154, 22.874714717108226], [91.42153806767612, 22.874712782670088], [91.4215443307964, 22.874170973938213], [91.42173923332925, 22.874172908325452], [91.42174132073625, 22.8739923053893], [91.42232602768895, 22.873998107068214], [91.42231768102451, 22.874720518990696], [91.42251258441438, 22.87472245247419], [91.42250632496699, 22.875264261421993], [91.42192161254292, 22.875258460102863]]]}}, {"type": "Feature", "properties": {"aoi_name": "Feni", "sensor": "Sentinel-1", "acquisition_date": "2024-08-21", "baseline_date": "2024-08-09", "area_km2": 0.01, "threshold": 1.25, "detects": "open_water_only"}, "geometry": {"type": "Polygon", "coordinates": [[[91.40108151166518, 22.773720547980076], [91.4010836160513, 22.77353994458373], [91.40088885867036, 22.773537993025027], [91.40089096329119, 22.7733573896416], [91.40069620618766, 22.77335543786259], [91.40070252069029, 22.772813627738216], [91.40148154615987, 22.772821433223278], [91.4014794423712, 22.773002036671045], [91.4018689557461, 22.773005938023093], [91.40186054242656, 22.773728351908805], [91.40108151166518, 22.773720547980076]]]}}, {"type": "Feature", "properties": {"aoi_name": "Feni", "sensor": "Sentinel-1", "acquisition_date": "2024-08-21", "baseline_date": "2024-08-09", "area_km2": 0.01, "threshold": 1.25, "detects": "open_water_only"}, "geometry": {"type": "Polygon", "coordinates": [[[91.43132527688023, 23.24164956366529], [91.43133372457356, 23.24092718211083], [91.43152915678789, 23.24092913354072], [91.43153337998176, 23.24056794270369], [91.43211967517475, 23.240573795434443], [91.43211756437694, 23.240754390905817], [91.43231299641312, 23.240756341347133], [91.4323045540615, 23.24147872325692], [91.43191368790751, 23.241474821996203], [91.43191157674096, 23.24165541742903], [91.43132527688023, 23.24164956366529]]]}}, {"type": "Feature", "properties": {"aoi_name": "Feni", "sensor": "Sentinel-1", "acquisition_date": "2024-08-21", "baseline_date": "2024-08-09", "area_km2": 0.01, "threshold": 1.25, "detects": "open_water_only"}, "geometry": {"type": "Polygon", "coordinates": [[[91.46182455843011, 22.93218519293188], [91.46182863871326, 22.931823982782227], [91.46163365005125, 22.931822093033773], [91.46163977109649, 22.931280277826822], [91.46280969872697, 22.931291612429792], [91.46280358233234, 22.931833427934414], [91.46260859356731, 22.931831539382657], [91.46260655446953, 22.93201214452577], [91.46241156546674, 22.932010255718136], [91.46240952608998, 22.932190860840446], [91.46182455843011, 22.93218519293188]]]}}, {"type": "Feature", "properties": {"aoi_name": "Feni", "sensor": "Sentinel-1", "acquisition_date": "2024-08-21", "baseline_date": "2024-08-09", "area_km2": 0.01, "threshold": 1.25, "detects": "open_water_only"}, "geometry": {"type": "Polygon", "coordinates": [[[91.44952616610071, 22.984626986636158], [91.44953028948518, 22.984265780973065], [91.44933522677039, 22.9842638720122], [91.44933728869054, 22.984083269190894], [91.44914222625567, 22.984081360006773], [91.44914841266863, 22.98353955156718], [91.45012372116422, 22.983549094838217], [91.45011135592463, 22.984632712179163], [91.44952616610071, 22.984626986636158]]]}}, {"type": "Feature", "properties": {"aoi_name": "Feni", "sensor": "Sentinel-1", "acquisition_date": "2024-08-21", "baseline_date": "2024-08-09", "area_km2": 0.0096, "threshold": 1.25, "detects": "open_water_only"}, "geometry": {"type": "Polygon", "coordinates": [[[91.4060004095667, 23.218095265105706], [91.40600898388381, 23.217372890245212], [91.4062043794174, 23.217374871280818], [91.4062086659219, 23.217013683790224], [91.40699024617143, 23.217021605368952], [91.40698167727624, 23.217743980607523], [91.40659088500853, 23.21774002016608], [91.40658659938192, 23.218101207690697], [91.4060004095667, 23.218095265105706]]]}}, {"type": "Feature", "properties": {"aoi_name": "Feni", "sensor": "Sentinel-1", "acquisition_date": "2024-08-21", "baseline_date": "2024-08-09", "area_km2": 0.0096, "threshold": 1.25, "detects": "open_water_only"}, "geometry": {"type": "Polygon", "coordinates": [[[91.46768756421247, 23.189628913294065], [91.46769373770576, 23.18908711420172], [91.46788909789365, 23.189089016403187], [91.4678911554213, 23.1889084166806], [91.46808651536773, 23.188910318623233], [91.46808857261261, 23.18872971887983], [91.46887001155655, 23.188737324161067], [91.4688638429052, 23.189279123576334], [91.4686684823519, 23.189277222570027], [91.46866642583136, 23.189457822349993], [91.46847106503662, 23.18945592108485], [91.46846900823333, 23.189636520843997], [91.46768756421247, 23.189628913294065]]]}}, {"type": "Feature", "properties": {"aoi_name": "Feni", "sensor": "Sentinel-1", "acquisition_date": "2024-08-21", "baseline_date": "2024-08-09", "area_km2": 0.0096, "threshold": 1.25, "detects": "open_water_only"}, "geometry": {"type": "Polygon", "coordinates": [[[91.4539286111382, 22.94059781739477], [91.45393476545755, 22.940056004757526], [91.45412976520129, 22.94005790460486], [91.45413181634115, 22.939877300367254], [91.45452181537378, 22.93988109931037], [91.45452386597597, 22.939700495035236], [91.45510886390481, 22.939706191604344], [91.45510066447366, 22.940428608878594], [91.45471066376584, 22.940424811272354], [91.45470861333929, 22.940605415546976], [91.4539286111382, 22.94059781739477]]]}}, {"type": "Feature", "properties": {"aoi_name": "Feni", "sensor": "Sentinel-1", "acquisition_date": "2024-08-21", "baseline_date": "2024-08-09", "area_km2": 0.0096, "threshold": 1.25, "detects": "open_water_only"}, "geometry": {"type": "Polygon", "coordinates": [[[91.45752616075822, 22.88120719342505], [91.45753228305252, 22.88066537581923], [91.45909160485402, 22.880680495521908], [91.45908548874294, 22.881222313525488], [91.45752616075822, 22.88120719342505]]]}}, {"type": "Feature", "properties": {"aoi_name": "Feni", "sensor": "Sentinel-1", "acquisition_date": "2024-08-21", "baseline_date": "2024-08-09", "area_km2": 0.0096, "threshold": 1.25, "detects": "open_water_only"}, "geometry": {"type": "Polygon", "coordinates": [[[91.44176544187327, 23.03187382536868], [91.4417758255153, 23.03097081989717], [91.44197095467885, 23.030972741837207], [91.44197510746956, 23.03061153958499], [91.44256049352704, 23.03061730386163], [91.44255011529029, 23.031520309711393], [91.44235498528455, 23.03151838844252], [91.44235083332379, 23.031879590718823], [91.44176544187327, 23.03187382536868]]]}}, {"type": "Feature", "properties": {"aoi_name": "Feni", "sensor": "Sentinel-1", "acquisition_date": "2024-08-21", "baseline_date": "2024-08-09", "area_km2": 0.0096, "threshold": 1.25, "detects": "open_water_only"}, "geometry": {"type": "Polygon", "coordinates": [[[91.4151260264917, 22.940034372339458], [91.415130232224, 22.93967317061102], [91.41493523667633, 22.939671222879692], [91.41494154589085, 22.939129420306], [91.41552653027146, 22.939135262628376], [91.41552442799656, 22.9393158635417], [91.41591441820671, 22.93931975726035], [91.4159123164275, 22.93950035820345], [91.41610731182287, 22.939502304720698], [91.41610100713322, 22.94004410757537], [91.4151260264917, 22.940034372339458]]]}}, {"type": "Feature", "properties": {"aoi_name": "Feni", "sensor": "Sentinel-1", "acquisition_date": "2024-08-21", "baseline_date": "2024-08-09", "area_km2": 0.0096, "threshold": 1.25, "detects": "open_water_only"}, "geometry": {"type": "Polygon", "coordinates": [[[91.45766714408404, 23.228544663360022], [91.45766921927418, 23.22836406541146], [91.45747380292227, 23.228362147471078], [91.45747587835429, 23.22818154953481], [91.45708504623828, 23.228177712958953], [91.45709127398537, 23.227635919223953], [91.45806835049152, 23.227645508593405], [91.45806627590999, 23.22782610659251], [91.45826169153635, 23.227828023754686], [91.45825339405273, 23.228550415774304], [91.45766714408404, 23.228544663360022]]]}}, {"type": "Feature", "properties": {"aoi_name": "Feni", "sensor": "Sentinel-1", "acquisition_date": "2024-08-21", "baseline_date": "2024-08-09", "area_km2": 0.0096, "threshold": 1.25, "detects": "open_water_only"}, "geometry": {"type": "Polygon", "coordinates": [[[91.43439259117407, 23.16293093887135], [91.4343988906647, 23.16238914649809], [91.43420357232792, 23.16238720483754], [91.43420987241372, 23.161845412476005], [91.4344051899654, 23.161847354085957], [91.4344072896901, 23.161666756606607], [91.43499324168671, 23.161672579933885], [91.43497854866638, 23.162936762552683], [91.43439259117407, 23.16293093887135]]]}}, {"type": "Feature", "properties": {"aoi_name": "Feni", "sensor": "Sentinel-1", "acquisition_date": "2024-08-21", "baseline_date": "2024-08-09", "area_km2": 0.0096, "threshold": 1.25, "detects": "open_water_only"}, "geometry": {"type": "Polygon", "coordinates": [[[91.4650284149958, 22.87279036802984], [91.46504059486638, 22.871706727804014], [91.46523549792333, 22.871708608705124], [91.46523752757237, 22.871528001969377], [91.46582223609391, 22.871533643191373], [91.4658141204646, 22.872256070306676], [91.46561921657353, 22.872254190072013], [91.46561312886345, 22.872796010314193], [91.4650284149958, 22.87279036802984]]]}}, {"type": "Feature", "properties": {"aoi_name": "Feni", "sensor": "Sentinel-1", "acquisition_date": "2024-08-21", "baseline_date": "2024-08-09", "area_km2": 0.0096, "threshold": 1.25, "detects": "open_water_only"}, "geometry": {"type": "Polygon", "coordinates": [[[91.42759987295521, 23.209281947349876], [91.4276019866301, 23.209101351548288], [91.42740660110199, 23.20909939775684], [91.42741505663885, 23.208377014574985], [91.42839197924404, 23.208386780767967], [91.4283814163293, 23.20928976015794], [91.42759987295521, 23.209281947349876]]]}}, {"type": "Feature", "properties": {"aoi_name": "Feni", "sensor": "Sentinel-1", "acquisition_date": "2024-08-21", "baseline_date": "2024-08-09", "area_km2": 0.0096, "threshold": 1.25, "detects": "open_water_only"}, "geometry": {"type": "Polygon", "coordinates": [[[91.39456096803954, 22.964030760066304], [91.39456523329828, 22.96366956305727], [91.39417517736001, 22.963665612931575], [91.39418157663941, 22.963123817489393], [91.3945716310249, 22.96312776751147], [91.3945737635574, 22.96294716898761], [91.39515884452072, 22.962953092171393], [91.39514605366121, 22.96403668356085], [91.39456096803954, 22.964030760066304]]]}}, {"type": "Feature", "properties": {"aoi_name": "Feni", "sensor": "Sentinel-1", "acquisition_date": "2024-08-21", "baseline_date": "2024-08-09", "area_km2": 0.0096, "threshold": 1.25, "detects": "open_water_only"}, "geometry": {"type": "Polygon", "coordinates": [[[91.34536020360501, 23.00000947962471], [91.34536240542484, 22.999828886375987], [91.34497225524899, 22.999824809191274], [91.3449744575652, 22.99964421597385], [91.34477938276989, 22.999642177039185], [91.34478599036309, 22.99910039741441], [91.34556628656614, 22.99910855149898], [91.34556408509442, 22.99928914478276], [91.34595423384776, 22.99929322042023], [91.34594542981323, 23.000015593654584], [91.34536020360501, 23.00000947962471]]]}}, {"type": "Feature", "properties": {"aoi_name": "Feni", "sensor": "Sentinel-1", "acquisition_date": "2024-08-21", "baseline_date": "2024-08-09", "area_km2": 0.0096, "threshold": 1.25, "detects": "open_water_only"}, "geometry": {"type": "Polygon", "coordinates": [[[91.5405578044271, 23.00969581685639], [91.54056557648028, 23.00897337749621], [91.54076068289923, 23.008975175985675], [91.54076456828922, 23.008613956248535], [91.54154499208474, 23.00862114767815], [91.54153916708465, 23.00916297746581], [91.54134406032782, 23.009161179921716], [91.54134017637747, 23.00952239972741], [91.54114506912116, 23.009520601911646], [91.54114312685707, 23.009701211792386], [91.5405578044271, 23.00969581685639]]]}}, {"type": "Feature", "properties": {"aoi_name": "Feni", "sensor": "Sentinel-1", "acquisition_date": "2024-08-21", "baseline_date": "2024-08-09", "area_km2": 0.0096, "threshold": 1.25, "detects": "open_water_only"}, "geometry": {"type": "Polygon", "coordinates": [[[91.48360722866408, 22.919931585063686], [91.48361526882097, 22.919209156275], [91.48498007755573, 22.919222183741017], [91.4849740528908, 22.919764005681206], [91.48419415896497, 22.919756562654573], [91.4841921496699, 22.919937169894244], [91.48360722866408, 22.919931585063686]]]}}, {"type": "Feature", "properties": {"aoi_name": "Feni", "sensor": "Sentinel-1", "acquisition_date": "2024-08-21", "baseline_date": "2024-08-09", "area_km2": 0.0096, "threshold": 1.25, "detects": "open_water_only"}, "geometry": {"type": "Polygon", "coordinates": [[[91.49996311602271, 22.95747671502519], [91.49996510804698, 22.95729610732402], [91.49977007943305, 22.957294262484673], [91.4997760561614, 22.95675243940392], [91.50036113973472, 22.956757973057798], [91.50036313116102, 22.956577365307265], [91.50094821413907, 22.95658289675597], [91.50094025141823, 22.957305327925987], [91.5005501940094, 22.957301640404143], [91.50054820276142, 22.957482248153717], [91.49996311602271, 22.95747671502519]]]}}, {"type": "Feature", "properties": {"aoi_name": "Feni", "sensor": "Sentinel-1", "acquisition_date": "2024-08-21", "baseline_date": "2024-08-09", "area_km2": 0.0096, "threshold": 1.25, "detects": "open_water_only"}, "geometry": {"type": "Polygon", "coordinates": [[[91.51476028745823, 23.013429668118476], [91.51476226519704, 23.013249060470194], [91.51456715491865, 23.0132472296267], [91.51457506671275, 23.01252479905473], [91.51555061311275, 23.012533950549592], [91.51554072980952, 23.013436989153323], [91.51476028745823, 23.013429668118476]]]}}, {"type": "Feature", "properties": {"aoi_name": "Feni", "sensor": "Sentinel-1", "acquisition_date": "2024-08-21", "baseline_date": "2024-08-09", "area_km2": 0.0096, "threshold": 1.25, "detects": "open_water_only"}, "geometry": {"type": "Polygon", "coordinates": [[[91.33479256076295, 22.97081954684315], [91.33480362425419, 22.969916582083002], [91.33558374889442, 22.969924775527232], [91.33558153727627, 22.970105368559512], [91.335776568751, 22.97010741633916], [91.33576772309064, 22.97082978849677], [91.33479256076295, 22.97081954684315]]]}}, {"type": "Feature", "properties": {"aoi_name": "Feni", "sensor": "Sentinel-1", "acquisition_date": "2024-08-21", "baseline_date": "2024-08-09", "area_km2": 0.0096, "threshold": 1.25, "detects": "open_water_only"}, "geometry": {"type": "Polygon", "coordinates": [[[91.50345436030209, 22.906030922507405], [91.50345634272868, 22.905850313347564], [91.5026765217486, 22.905842965287103], [91.50268247200428, 22.90530113797514], [91.50404715351162, 22.905313994232937], [91.50403922702164, 22.906036431090946], [91.50345436030209, 22.906030922507405]]]}}, {"type": "Feature", "properties": {"aoi_name": "Feni", "sensor": "Sentinel-1", "acquisition_date": "2024-08-21", "baseline_date": "2024-08-09", "area_km2": 0.0096, "threshold": 1.25, "detects": "open_water_only"}, "geometry": {"type": "Polygon", "coordinates": [[[91.51624873600451, 22.912834189386825], [91.51625660041509, 22.912111749123], [91.51664653120756, 22.912115391248083], [91.5166484967443, 22.91193478113956], [91.51723339230767, 22.91194024248585], [91.51723142754525, 22.912120852642218], [91.51742639303089, 22.912122672628662], [91.51742049939887, 22.912664503120006], [91.51683560067852, 22.912659042299754], [91.51683363532044, 22.912839652407175], [91.51624873600451, 22.912834189386825]]]}}, {"type": "Feature", "properties": {"aoi_name": "Feni", "sensor": "Sentinel-1", "acquisition_date": "2024-08-21", "baseline_date": "2024-08-09", "area_km2": 0.0096, "threshold": 1.25, "detects": "open_water_only"}, "geometry": {"type": "Polygon", "coordinates": [[[91.43501728565566, 23.058539094864138], [91.43502981607607, 23.057455495431945], [91.4352249827652, 23.057457427783266], [91.4352270708348, 23.057276827846], [91.43581257024788, 23.05728262340473], [91.43580422096544, 23.058005023330068], [91.43560905343266, 23.058003091650587], [91.43560279046947, 23.058544891498887], [91.43501728565566, 23.058539094864138]]]}}, {"type": "Feature", "properties": {"aoi_name": "Feni", "sensor": "Sentinel-1", "acquisition_date": "2024-08-21", "baseline_date": "2024-08-09", "area_km2": 0.0092, "threshold": 1.25, "detects": "open_water_only"}, "geometry": {"type": "Polygon", "coordinates": [[[91.46761122876164, 22.937840545569507], [91.46761732781151, 22.937298729250525], [91.4678123248636, 22.9373006120738], [91.46781639027728, 22.936939401140133], [91.46801138683303, 22.936941283691045], [91.46801341925061, 22.93676067820132], [91.46859840826568, 22.936766324368254], [91.46859028157355, 22.937488746499167], [91.46839528418087, 22.937486864617046], [91.46839325219808, 22.937667470122605], [91.46819825456745, 22.9376655879846], [91.46819622230568, 22.937846193469408], [91.46761122876164, 22.937840545569507]]]}}, {"type": "Feature", "properties": {"aoi_name": "Feni", "sensor": "Sentinel-1", "acquisition_date": "2024-08-21", "baseline_date": "2024-08-09", "area_km2": 0.0092, "threshold": 1.25, "detects": "open_water_only"}, "geometry": {"type": "Polygon", "coordinates": [[[91.34214180693701, 22.943984661008038], [91.3421440070484, 22.943804066779023], [91.34194901264938, 22.943802029034654], [91.34195781390665, 22.943079652146853], [91.34273778750044, 22.94308780140256], [91.34273558825335, 22.943268395702283], [91.34293058196582, 22.943270432435483], [91.34292178578926, 22.943992809662575], [91.34214180693701, 22.943984661008038]]]}}, {"type": "Feature", "properties": {"aoi_name": "Feni", "sensor": "Sentinel-1", "acquisition_date": "2024-08-21", "baseline_date": "2024-08-09", "area_km2": 0.0092, "threshold": 1.25, "detects": "open_water_only"}, "geometry": {"type": "Polygon", "coordinates": [[[91.4388039470492, 22.983979829897482], [91.4388060229408, 22.983799227975766], [91.43861096189242, 22.98379730585186], [91.43861926628576, 22.983074898189262], [91.43939950645921, 22.98308258497662], [91.43939743142872, 22.983263186965875], [91.43959249178354, 22.983265108079692], [91.43958419248858, 22.98398751606095], [91.4388039470492, 22.983979829897482]]]}}, {"type": "Feature", "properties": {"aoi_name": "Feni", "sensor": "Sentinel-1", "acquisition_date": "2024-08-21", "baseline_date": "2024-08-09", "area_km2": 0.0092, "threshold": 1.25, "detects": "open_water_only"}, "geometry": {"type": "Polygon", "coordinates": [[[91.41805689783659, 23.106776144458287], [91.41806324581205, 23.106234352494205], [91.41825848132629, 23.106236309685052], [91.41826271268172, 23.105875114986695], [91.41904365286459, 23.105882941200406], [91.41903307953392, 23.106785928254467], [91.41805689783659, 23.106776144458287]]]}}, {"type": "Feature", "properties": {"aoi_name": "Feni", "sensor": "Sentinel-1", "acquisition_date": "2024-08-21", "baseline_date": "2024-08-09", "area_km2": 0.0092, "threshold": 1.25, "detects": "open_water_only"}, "geometry": {"type": "Polygon", "coordinates": [[[91.43187204400598, 23.07729241841553], [91.43187413855748, 23.07711181922158], [91.43167894383062, 23.077109881177872], [91.4316852281399, 23.07656808362082], [91.43188042208538, 23.076570021613882], [91.4318825165525, 23.076389422402702], [91.43266329150354, 23.076397171897376], [91.43265282416614, 23.077300168247728], [91.43187204400598, 23.07729241841553]]]}}, {"type": "Feature", "properties": {"aoi_name": "Feni", "sensor": "Sentinel-1", "acquisition_date": "2024-08-21", "baseline_date": "2024-08-09", "area_km2": 0.0092, "threshold": 1.25, "detects": "open_water_only"}, "geometry": {"type": "Polygon", "coordinates": [[[91.4146388131028, 23.247803583568313], [91.41464094814953, 23.24762298978251], [91.41444550777716, 23.247621016812634], [91.41445404880167, 23.246898641694393], [91.41523580621272, 23.246906531842612], [91.41523367204042, 23.247087125697014], [91.41542911170963, 23.24708909764369], [91.4154205758581, 23.24781147308624], [91.4146388131028, 23.247803583568313]]]}}, {"type": "Feature", "properties": {"aoi_name": "Feni", "sensor": "Sentinel-1", "acquisition_date": "2024-08-21", "baseline_date": "2024-08-09", "area_km2": 0.0092, "threshold": 1.25, "detects": "open_water_only"}, "geometry": {"type": "Polygon", "coordinates": [[[91.44728015564138, 23.12946330448725], [91.44729055148338, 23.12856030779076], [91.44807163380032, 23.12856799748454], [91.44806747761601, 23.128929196309798], [91.44826274876993, 23.12893111816262], [91.44825651512038, 23.12947291641831], [91.44728015564138, 23.12946330448725]]]}}, {"type": "Feature", "properties": {"aoi_name": "Feni", "sensor": "Sentinel-1", "acquisition_date": "2024-08-21", "baseline_date": "2024-08-09", "area_km2": 0.0092, "threshold": 1.25, "detects": "open_water_only"}, "geometry": {"type": "Polygon", "coordinates": [[[91.50345195336254, 22.977197968921857], [91.50345394265798, 22.977017361380465], [91.5032588854421, 22.977015519339773], [91.5032688329134, 22.976112481649178], [91.50404905671672, 22.976119848050725], [91.50403712590783, 22.977203493652947], [91.50345195336254, 22.977197968921857]]]}}, {"type": "Feature", "properties": {"aoi_name": "Feni", "sensor": "Sentinel-1", "acquisition_date": "2024-08-21", "baseline_date": "2024-08-09", "area_km2": 0.0092, "threshold": 1.25, "detects": "open_water_only"}, "geometry": {"type": "Polygon", "coordinates": [[[91.41945693580226, 23.153931502623312], [91.41945905476099, 23.153750906262836], [91.41887314160256, 23.153745027053553], [91.41887950070505, 23.153203238099444], [91.41907480428522, 23.153205198026686], [91.41907692368187, 23.153024601682986], [91.41966283376546, 23.153030479962286], [91.41966071515347, 23.15321107635706], [91.4198560188188, 23.153213035316732], [91.4198539004471, 23.153393631724207], [91.4200492043953, 23.153395590458995], [91.42004284993709, 23.15393737970656], [91.41945693580226, 23.153931502623312]]]}}, {"type": "Feature", "properties": {"aoi_name": "Feni", "sensor": "Sentinel-1", "acquisition_date": "2024-08-21", "baseline_date": "2024-08-09", "area_km2": 0.0092, "threshold": 1.25, "detects": "open_water_only"}, "geometry": {"type": "Polygon", "coordinates": [[[91.38961502156792, 22.821289786360776], [91.38962776765325, 22.820206178480834], [91.39021223554158, 22.82021208506628], [91.390210112018, 22.820392686442204], [91.39040493494718, 22.820394654845288], [91.3903943182903, 22.82129766174721], [91.38961502156792, 22.821289786360776]]]}}, {"type": "Feature", "properties": {"aoi_name": "Feni", "sensor": "Sentinel-1", "acquisition_date": "2024-08-21", "baseline_date": "2024-08-09", "area_km2": 0.0092, "threshold": 1.25, "detects": "open_water_only"}, "geometry": {"type": "Polygon", "coordinates": [[[91.45866703896925, 23.226567670917376], [91.45867948054433, 23.225484082377378], [91.45946112976651, 23.225491745792592], [91.45945076709211, 23.2263947365855], [91.45925535344216, 23.22639282101282], [91.45925328058223, 23.22657341914183], [91.45866703896925, 23.226567670917376]]]}}, {"type": "Feature", "properties": {"aoi_name": "Feni", "sensor": "Sentinel-1", "acquisition_date": "2024-08-21", "baseline_date": "2024-08-09", "area_km2": 0.0092, "threshold": 1.25, "detects": "open_water_only"}, "geometry": {"type": "Polygon", "coordinates": [[[91.43421729977175, 23.228312775053894], [91.4342278331126, 23.227409795315836], [91.43442324591712, 23.22741174207933], [91.43442535225923, 23.227231146101868], [91.43501159001157, 23.227236984885177], [91.43499895636968, 23.228320560988674], [91.43421729977175, 23.228312775053894]]]}}, {"type": "Feature", "properties": {"aoi_name": "Feni", "sensor": "Sentinel-1", "acquisition_date": "2024-08-21", "baseline_date": "2024-08-09", "area_km2": 0.0092, "threshold": 1.25, "detects": "open_water_only"}, "geometry": {"type": "Polygon", "coordinates": [[[91.36623037749175, 22.919309129260487], [91.36623254304591, 22.91912853227849], [91.36584262018283, 22.919124519821736], [91.36585128424574, 22.91840213199131], [91.36682608640487, 22.918412160988254], [91.3668152627249, 22.91931514620468], [91.36623037749175, 22.919309129260487]]]}}, {"type": "Feature", "properties": {"aoi_name": "Feni", "sensor": "Sentinel-1", "acquisition_date": "2024-08-21", "baseline_date": "2024-08-09", "area_km2": 0.0092, "threshold": 1.25, "detects": "open_water_only"}, "geometry": {"type": "Polygon", "coordinates": [[[91.4901796149362, 22.96027388836775], [91.49019164634815, 22.95919024736326], [91.490971768356, 22.959197672967914], [91.4909617474057, 22.96010070747373], [91.49076671557945, 22.960098851350907], [91.4907647110699, 22.96027945822301], [91.4901796149362, 22.96027388836775]]]}}, {"type": "Feature", "properties": {"aoi_name": "Feni", "sensor": "Sentinel-1", "acquisition_date": "2024-08-21", "baseline_date": "2024-08-09", "area_km2": 0.0092, "threshold": 1.25, "detects": "open_water_only"}, "geometry": {"type": "Polygon", "coordinates": [[[91.40588174966871, 23.195155870875432], [91.40589031515795, 23.194433493951934], [91.40608567733366, 23.1944354732915], [91.40608995942496, 23.19407428476943], [91.40687140624557, 23.194082199566676], [91.4068649862222, 23.194623982549302], [91.40666962369835, 23.19462200416204], [91.40666748338542, 23.194802598463756], [91.40647212062092, 23.19480061981696], [91.40646783940626, 23.195161808373072], [91.40588174966871, 23.195155870875432]]]}}, {"type": "Feature", "properties": {"aoi_name": "Feni", "sensor": "Sentinel-1", "acquisition_date": "2024-08-21", "baseline_date": "2024-08-09", "area_km2": 0.0092, "threshold": 1.25, "detects": "open_water_only"}, "geometry": {"type": "Polygon", "coordinates": [[[91.46253748511377, 23.024310295056413], [91.46254567835749, 23.023587882886673], [91.4627407988153, 23.02358977864027], [91.46274284681492, 23.023409175570563], [91.46352332781383, 23.023416756114784], [91.46351513984673, 23.024139168632473], [91.46332001852724, 23.02413727379089], [91.46331797122417, 23.024317876893043], [91.46253748511377, 23.024310295056413]]]}}, {"type": "Feature", "properties": {"aoi_name": "Feni", "sensor": "Sentinel-1", "acquisition_date": "2024-08-21", "baseline_date": "2024-08-09", "area_km2": 0.0092, "threshold": 1.25, "detects": "open_water_only"}, "geometry": {"type": "Polygon", "coordinates": [[[91.39999261092238, 23.213880086396376], [91.40000336696771, 23.21297711997873], [91.4005895327321, 23.212983083681454], [91.40058738235348, 23.213163677025356], [91.40097816016252, 23.21316765164873], [91.40096956053168, 23.213890025118868], [91.39999261092238, 23.213880086396376]]]}}, {"type": "Feature", "properties": {"aoi_name": "Feni", "sensor": "Sentinel-1", "acquisition_date": "2024-08-21", "baseline_date": "2024-08-09", "area_km2": 0.0092, "threshold": 1.25, "detects": "open_water_only"}, "geometry": {"type": "Polygon", "coordinates": [[[91.445952532161, 23.19375060413876], [91.44596296919495, 23.192847615375108], [91.44674442389847, 23.19285533179248], [91.44674233758221, 23.193035929620798], [91.44693770157262, 23.193037858135963], [91.44693144328463, 23.1935796516452], [91.44673607850774, 23.193577723079844], [91.44673399210767, 23.193758320890886], [91.445952532161, 23.19375060413876]]]}}, {"type": "Feature", "properties": {"aoi_name": "Feni", "sensor": "Sentinel-1", "acquisition_date": "2024-08-21", "baseline_date": "2024-08-09", "area_km2": 0.0092, "threshold": 1.25, "detects": "open_water_only"}, "geometry": {"type": "Polygon", "coordinates": [[[91.46313977719426, 23.211439489459273], [91.46314184332118, 23.21125889065227], [91.46275105940065, 23.211255070786287], [91.4627531260317, 23.211074472008086], [91.46255773436496, 23.21107256172778], [91.46256393492091, 23.21053076541694], [91.46315010762152, 23.210536495381042], [91.46314804157755, 23.21071709420533], [91.46373421525209, 23.210722822035887], [91.46372595401789, 23.211445217488514], [91.46313977719426, 23.211439489459273]]]}}, {"type": "Feature", "properties": {"aoi_name": "Feni", "sensor": "Sentinel-1", "acquisition_date": "2024-08-21", "baseline_date": "2024-08-09", "area_km2": 0.0092, "threshold": 1.25, "detects": "open_water_only"}, "geometry": {"type": "Polygon", "coordinates": [[[91.43845914087825, 22.92906706059696], [91.43846121169942, 22.92888645745582], [91.43826622940468, 22.928884539239444], [91.43827451351336, 22.92816212669922], [91.43924942002998, 22.928171715052365], [91.43924114108755, 22.92889412792838], [91.43904615870913, 22.928892210669176], [91.43904408866294, 22.92907281386069], [91.43845914087825, 22.92906706059696]]]}}, {"type": "Feature", "properties": {"aoi_name": "Feni", "sensor": "Sentinel-1", "acquisition_date": "2024-08-21", "baseline_date": "2024-08-09", "area_km2": 0.0088, "threshold": 1.25, "detects": "open_water_only"}, "geometry": {"type": "Polygon", "coordinates": [[[91.4210587380319, 23.233780219981323], [91.42106086300124, 23.23359962531186], [91.42086544244614, 23.233597661445145], [91.42087394316128, 23.232875282792033], [91.42146020173779, 23.232881173459518], [91.42145807737916, 23.233061768180335], [91.42184891706219, 23.233065694111907], [91.42184042151639, 23.233788073087926], [91.4210587380319, 23.233780219981323]]]}}, {"type": "Feature", "properties": {"aoi_name": "Feni", "sensor": "Sentinel-1", "acquisition_date": "2024-08-21", "baseline_date": "2024-08-09", "area_km2": 0.0088, "threshold": 1.25, "detects": "open_water_only"}, "geometry": {"type": "Polygon", "coordinates": [[[91.49850965075692, 22.98311187870019], [91.49851164719321, 22.982931271703105], [91.4983165819303, 22.982929423132383], [91.49831857860556, 22.982748816147183], [91.49812351362192, 22.982746967352668], [91.49812950430422, 22.98220514641985], [91.49910482553713, 22.982214387750687], [91.49909484744394, 22.983117423021124], [91.49850965075692, 22.98311187870019]]]}}, {"type": "Feature", "properties": {"aoi_name": "Feni", "sensor": "Sentinel-1", "acquisition_date": "2024-08-21", "baseline_date": "2024-08-09", "area_km2": 0.0088, "threshold": 1.25, "detects": "open_water_only"}, "geometry": {"type": "Polygon", "coordinates": [[[91.41549697462618, 22.99187640203168], [91.41550540522582, 22.991154003146338], [91.4157004746685, 22.991155954297327], [91.41570258200603, 22.9909753545482], [91.41589765121078, 22.990977305442133], [91.41589975826787, 22.990796705671674], [91.41648496523203, 22.990802556862324], [91.41647864632985, 22.99134435631418], [91.41628357654294, 22.991342406106185], [91.41628146994049, 22.991523005897843], [91.41608639991561, 22.9915210554328], [91.41608218612856, 22.99188225496913], [91.41549697462618, 22.99187640203168]]]}}, {"type": "Feature", "properties": {"aoi_name": "Feni", "sensor": "Sentinel-1", "acquisition_date": "2024-08-21", "baseline_date": "2024-08-09", "area_km2": 0.0088, "threshold": 1.25, "detects": "open_water_only"}, "geometry": {"type": "Polygon", "coordinates": [[[91.44759181644459, 23.119351657264694], [91.44759389422293, 23.119171057675935], [91.44739863725474, 23.11916913575942], [91.44740487124763, 23.118627337017447], [91.44857640867089, 23.11863886459307], [91.44857017937736, 23.119180663635866], [91.4483749223047, 23.1191787429269], [91.44837284557066, 23.119359342582502], [91.44759181644459, 23.119351657264694]]]}}, {"type": "Feature", "properties": {"aoi_name": "Feni", "sensor": "Sentinel-1", "acquisition_date": "2024-08-21", "baseline_date": "2024-08-09", "area_km2": 0.0088, "threshold": 1.25, "detects": "open_water_only"}, "geometry": {"type": "Polygon", "coordinates": [[[91.46157622498961, 23.023036591588486], [91.46158237341506, 23.02249478262573], [91.46177749221147, 23.022496679482025], [91.46177954138561, 23.0223160764693], [91.46256001573903, 23.022323661424384], [91.4625579676036, 23.022504264503304], [91.46275308650328, 23.02250616015765], [91.4627469427522, 23.023047969418272], [91.46157622498961, 23.023036591588486]]]}}, {"type": "Feature", "properties": {"aoi_name": "Feni", "sensor": "Sentinel-1", "acquisition_date": "2024-08-21", "baseline_date": "2024-08-09", "area_km2": 0.0088, "threshold": 1.25, "detects": "open_water_only"}, "geometry": {"type": "Polygon", "coordinates": [[[91.49206105067226, 22.948912344035133], [91.4920690572831, 22.948189915054186], [91.492264072156, 22.948191768668494], [91.49226607349956, 22.948011161396348], [91.49285111746367, 22.94801672075339], [91.4928471163081, 22.948377935390674], [91.49304213152045, 22.948379788063026], [91.49303613041144, 22.94892161003552], [91.49206105067226, 22.948912344035133]]]}}, {"type": "Feature", "properties": {"aoi_name": "Feni", "sensor": "Sentinel-1", "acquisition_date": "2024-08-21", "baseline_date": "2024-08-09", "area_km2": 0.0088, "threshold": 1.25, "detects": "open_water_only"}, "geometry": {"type": "Polygon", "coordinates": [[[91.47847942537116, 22.925120687374847], [91.47849152931028, 22.924037047457823], [91.47907646654764, 22.924042652075315], [91.47907243353242, 22.92440386549624], [91.47926741316883, 22.924405733256272], [91.47925934792697, 22.925128160112248], [91.47847942537116, 22.925120687374847]]]}}, {"type": "Feature", "properties": {"aoi_name": "Feni", "sensor": "Sentinel-1", "acquisition_date": "2024-08-21", "baseline_date": "2024-08-09", "area_km2": 0.0088, "threshold": 1.25, "detects": "open_water_only"}, "geometry": {"type": "Polygon", "coordinates": [[[91.47860155167392, 23.088225559923412], [91.47860358489787, 23.08804495698784], [91.47840837007188, 23.088043075840282], [91.47841447040288, 23.08750126705691], [91.47860968444695, 23.087503148155324], [91.47861171758903, 23.087322545202557], [91.47939257292745, 23.087330067119165], [91.47938444440646, 23.088052479166446], [91.47918922949863, 23.088050598983532], [91.4791871970566, 23.088231201968235], [91.47860155167392, 23.088225559923412]]]}}, {"type": "Feature", "properties": {"aoi_name": "Feni", "sensor": "Sentinel-1", "acquisition_date": "2024-08-21", "baseline_date": "2024-08-09", "area_km2": 0.0088, "threshold": 1.25, "detects": "open_water_only"}, "geometry": {"type": "Polygon", "coordinates": [[[91.49743173300372, 22.95709149822444], [91.4974417095413, 22.95618846068273], [91.49802679006135, 22.95619400281831], [91.49802479557036, 22.95637461038368], [91.49841484986857, 22.956378303974862], [91.49840886782722, 22.95692012674223], [91.4982138398918, 22.956918280018], [91.49821184557901, 22.957098887582426], [91.49743173300372, 22.95709149822444]]]}}, {"type": "Feature", "properties": {"aoi_name": "Feni", "sensor": "Sentinel-1", "acquisition_date": "2024-08-21", "baseline_date": "2024-08-09", "area_km2": 0.0088, "threshold": 1.25, "detects": "open_water_only"}, "geometry": {"type": "Polygon", "coordinates": [[[91.43187354542901, 23.00974029127246], [91.4318756331397, 23.009559690537156], [91.43148543833348, 23.009555824908936], [91.43148752654206, 23.00937522420308], [91.43129242943002, 23.009373291045506], [91.43129869470783, 23.008831488952797], [91.43188398377187, 23.00883728755297], [91.43188189614541, 23.009017888305465], [91.43227208947899, 23.009021752871558], [91.4322700023504, 23.009202353653492], [91.43246509930825, 23.00920428559308], [91.43245883857468, 23.009746087963702], [91.43187354542901, 23.00974029127246]]]}}, {"type": "Feature", "properties": {"aoi_name": "Feni", "sensor": "Sentinel-1", "acquisition_date": "2024-08-21", "baseline_date": "2024-08-09", "area_km2": 0.0088, "threshold": 1.25, "detects": "open_water_only"}, "geometry": {"type": "Polygon", "coordinates": [[[91.46895429783245, 23.18133272826081], [91.46896457427209, 23.180429728264674], [91.46955061753503, 23.18043542740537], [91.46954856307435, 23.180616027462698], [91.46974391113191, 23.180617926708287], [91.46974185691258, 23.180798526777778], [91.46993720525278, 23.18080042579762], [91.46993104325692, 23.18134222602969], [91.46895429783245, 23.18133272826081]]]}}, {"type": "Feature", "properties": {"aoi_name": "Feni", "sensor": "Sentinel-1", "acquisition_date": "2024-08-21", "baseline_date": "2024-08-09", "area_km2": 0.0088, "threshold": 1.25, "detects": "open_water_only"}, "geometry": {"type": "Polygon", "coordinates": [[[91.5041386825178, 23.02109654541336], [91.50414266773667, 23.020735332212944], [91.50394754763494, 23.02073348771704], [91.50395551887026, 23.0200110613292], [91.50473599524292, 23.02001843761297], [91.5047240445016, 23.021102077555298], [91.5041386825178, 23.02109654541336]]]}}, {"type": "Feature", "properties": {"aoi_name": "Feni", "sensor": "Sentinel-1", "acquisition_date": "2024-08-21", "baseline_date": "2024-08-09", "area_km2": 0.0088, "threshold": 1.25, "detects": "open_water_only"}, "geometry": {"type": "Polygon", "coordinates": [[[91.3707157307459, 23.016889219390052], [91.37072441006654, 23.01616683869973], [91.3709195111636, 23.016168847040824], [91.37092385017358, 23.01580765663474], [91.37150915203875, 23.015813680111204], [91.37149613941824, 23.016897251593193], [91.3707157307459, 23.016889219390052]]]}}, {"type": "Feature", "properties": {"aoi_name": "Feni", "sensor": "Sentinel-1", "acquisition_date": "2024-08-21", "baseline_date": "2024-08-09", "area_km2": 0.0088, "threshold": 1.25, "detects": "open_water_only"}, "geometry": {"type": "Polygon", "coordinates": [[[91.36567581906371, 22.916774752762738], [91.36568664895545, 22.915871767772426], [91.36646647609727, 22.91587979142098], [91.36646431119506, 22.916060388497918], [91.36665926829332, 22.916062393829836], [91.36665277422976, 22.916604185087536], [91.36626285850654, 22.916600174079193], [91.36626069325874, 22.916780771121367], [91.36567581906371, 22.916774752762738]]]}}, {"type": "Feature", "properties": {"aoi_name": "Feni", "sensor": "Sentinel-1", "acquisition_date": "2024-08-21", "baseline_date": "2024-08-09", "area_km2": 0.0088, "threshold": 1.25, "detects": "open_water_only"}, "geometry": {"type": "Polygon", "coordinates": [[[91.42916374580382, 23.142288395891494], [91.42916585056975, 23.142107798418778], [91.4289705621186, 23.142105851877215], [91.42897687707358, 23.141564059483876], [91.42995331561991, 23.141573789520276], [91.42995121196306, 23.141754387073608], [91.43014649999718, 23.14175633237251], [91.43014018968395, 23.142298125057323], [91.42916374580382, 23.142288395891494]]]}}, {"type": "Feature", "properties": {"aoi_name": "Feni", "sensor": "Sentinel-1", "acquisition_date": "2024-08-21", "baseline_date": "2024-08-09", "area_km2": 0.0088, "threshold": 1.25, "detects": "open_water_only"}, "geometry": {"type": "Polygon", "coordinates": [[[91.38992733978938, 22.960010135538276], [91.38993803145526, 22.959107144585698], [91.39013305247023, 22.959109124608386], [91.39013519047992, 22.958928526387652], [91.39072025287815, 22.95893446496603], [91.39070956649489, 22.959837456286362], [91.39051454438022, 22.95983547691331], [91.3905124067801, 22.960016075147173], [91.38992733978938, 22.960010135538276]]]}}, {"type": "Feature", "properties": {"aoi_name": "Feni", "sensor": "Sentinel-1", "acquisition_date": "2024-08-21", "baseline_date": "2024-08-09", "area_km2": 0.0088, "threshold": 1.25, "detects": "open_water_only"}, "geometry": {"type": "Polygon", "coordinates": [[[91.5123506030023, 23.00184696339307], [91.51235852222241, 23.001124532510662], [91.51255361487578, 23.001126365165362], [91.51255559437148, 23.00094575741806], [91.51333596414702, 23.000953085571215], [91.51332805019479, 23.00167551679076], [91.5129378631919, 23.00167185306652], [91.51293588413515, 23.00185246082871], [91.5123506030023, 23.00184696339307]]]}}, {"type": "Feature", "properties": {"aoi_name": "Feni", "sensor": "Sentinel-1", "acquisition_date": "2024-08-21", "baseline_date": "2024-08-09", "area_km2": 0.0088, "threshold": 1.25, "detects": "open_water_only"}, "geometry": {"type": "Polygon", "coordinates": [[[91.49313299530486, 22.9225510457454], [91.49313499300483, 22.922370437817932], [91.49294001502757, 22.922368587240026], [91.49294600878109, 22.921826763480603], [91.49314098598362, 22.92182861400989], [91.49314298360282, 22.921648006065343], [91.49392289158182, 22.92165540572535], [91.49391490511573, 22.922377837737134], [91.49371992705773, 22.922375988116194], [91.49371793013252, 22.92255659609227], [91.49313299530486, 22.9225510457454]]]}}, {"type": "Feature", "properties": {"aoi_name": "Feni", "sensor": "Sentinel-1", "acquisition_date": "2024-08-21", "baseline_date": "2024-08-09", "area_km2": 0.0088, "threshold": 1.25, "detects": "open_water_only"}, "geometry": {"type": "Polygon", "coordinates": [[[91.4612058118621, 23.14134015863211], [91.46120787361075, 23.141159558383045], [91.46101258355424, 23.141157651608857], [91.46101876946, 23.140615850885514], [91.46199521602887, 23.140625382090217], [91.46199315538801, 23.14080598241848], [91.46218844502535, 23.14080788795069], [91.46218226376268, 23.14134968895933], [91.4612058118621, 23.14134015863211]]]}}, {"type": "Feature", "properties": {"aoi_name": "Feni", "sensor": "Sentinel-1", "acquisition_date": "2024-08-21", "baseline_date": "2024-08-09", "area_km2": 0.0088, "threshold": 1.25, "detects": "open_water_only"}, "geometry": {"type": "Polygon", "coordinates": [[[91.40894677372263, 23.15075521980462], [91.40895103913893, 23.150394028776983], [91.40875574059315, 23.15039205652852], [91.40876427221453, 23.149669674489935], [91.40954546234207, 23.149677561758523], [91.40953267105766, 23.150761135201677], [91.40894677372263, 23.15075521980462]]]}}, {"type": "Feature", "properties": {"aoi_name": "Feni", "sensor": "Sentinel-1", "acquisition_date": "2024-08-21", "baseline_date": "2024-08-09", "area_km2": 0.0088, "threshold": 1.25, "detects": "open_water_only"}, "geometry": {"type": "Polygon", "coordinates": [[[91.44645825803522, 23.251372669557348], [91.4464603505994, 23.251192073092373], [91.44626490203768, 23.25119013942997], [91.44627536585878, 23.25028715712389], [91.44686170766194, 23.250292957130807], [91.44685961572868, 23.25047355365091], [91.44705506330135, 23.250475486517214], [91.44704460463531, 23.25137846913649], [91.44645825803522, 23.251372669557348]]]}}, {"type": "Feature", "properties": {"aoi_name": "Feni", "sensor": "Sentinel-1", "acquisition_date": "2024-08-21", "baseline_date": "2024-08-09", "area_km2": 0.0088, "threshold": 1.25, "detects": "open_water_only"}, "geometry": {"type": "Polygon", "coordinates": [[[91.31531039399596, 22.92166689279563], [91.31531709378464, 22.921125116012586], [91.31551205306276, 22.921127184550247], [91.31551428602239, 22.920946592262503], [91.31570924506492, 22.920948660542894], [91.31571147774386, 22.920768068232732], [91.31629635423242, 22.92077427158471], [91.31628519448435, 22.92167723336405], [91.31531039399596, 22.92166689279563]]]}}, {"type": "Feature", "properties": {"aoi_name": "Feni", "sensor": "Sentinel-1", "acquisition_date": "2024-08-21", "baseline_date": "2024-08-09", "area_km2": 0.0088, "threshold": 1.25, "detects": "open_water_only"}, "geometry": {"type": "Polygon", "coordinates": [[[91.41315844607469, 23.20769195395196], [91.41316911045756, 23.20678898102483], [91.4141460147906, 23.206798835059477], [91.41413962016024, 23.207340619085123], [91.4139442384638, 23.20733864871196], [91.41394210661521, 23.20751924336143], [91.41374672467782, 23.20751727272865], [91.41374459254546, 23.20769786735671], [91.41315844607469, 23.20769195395196]]]}}, {"type": "Feature", "properties": {"aoi_name": "Feni", "sensor": "Sentinel-1", "acquisition_date": "2024-08-21", "baseline_date": "2024-08-09", "area_km2": 0.0088, "threshold": 1.25, "detects": "open_water_only"}, "geometry": {"type": "Polygon", "coordinates": [[[91.47428332212516, 23.211006149410746], [91.4742915264275, 23.210283750343073], [91.47448691802217, 23.210285645985895], [91.47448896878386, 23.21010504619175], [91.47527053431871, 23.210112626271474], [91.47526233534718, 23.210835025685096], [91.47487155043922, 23.210831235998942], [91.47486950012004, 23.211011835808698], [91.47428332212516, 23.211006149410746]]]}}, {"type": "Feature", "properties": {"aoi_name": "Feni", "sensor": "Sentinel-1", "acquisition_date": "2024-08-21", "baseline_date": "2024-08-09", "area_km2": 0.0088, "threshold": 1.25, "detects": "open_water_only"}, "geometry": {"type": "Polygon", "coordinates": [[[91.41431695054804, 23.00938478597665], [91.41431906159032, 23.009204186764066], [91.41412396634163, 23.009202232467036], [91.41413030011911, 23.008660434854658], [91.41432539458938, 23.0086623891005], [91.4143275055465, 23.008481789870714], [91.41510788260265, 23.008489604383758], [91.41509944279787, 23.009212001550022], [91.41490434746405, 23.009210048213852], [91.4149022372002, 23.009390647477616], [91.41431695054804, 23.00938478597665]]]}}, {"type": "Feature", "properties": {"aoi_name": "Feni", "sensor": "Sentinel-1", "acquisition_date": "2024-08-21", "baseline_date": "2024-08-09", "area_km2": 0.0088, "threshold": 1.25, "detects": "open_water_only"}, "geometry": {"type": "Polygon", "coordinates": [[[91.384310784085, 22.84146577185546], [91.38431291757978, 22.841285171482962], [91.3841180654995, 22.841283193925445], [91.38412446662528, 22.840741392834314], [91.3843193179345, 22.84074337033974], [91.38432145134287, 22.840562769950107], [91.38490600462903, 22.840568700984793], [91.38490387199171, 22.84074930142651], [91.3850987233873, 22.84075127797893], [91.38509019365017, 22.841473679772406], [91.384310784085, 22.84146577185546]]]}}, {"type": "Feature", "properties": {"aoi_name": "Feni", "sensor": "Sentinel-1", "acquisition_date": "2024-08-21", "baseline_date": "2024-08-09", "area_km2": 0.0088, "threshold": 1.25, "detects": "open_water_only"}, "geometry": {"type": "Polygon", "coordinates": [[[91.41758640464847, 22.828795048322256], [91.41758849292391, 22.828614444720408], [91.41739365570987, 22.828612508892405], [91.41740409805405, 22.827709490904102], [91.4179886059068, 22.827715297418695], [91.4179865182508, 22.82789590107591], [91.41818135450086, 22.82789783612155], [91.41817091718805, 22.828800854428536], [91.41758640464847, 22.828795048322256]]]}}, {"type": "Feature", "properties": {"aoi_name": "Feni", "sensor": "Sentinel-1", "acquisition_date": "2024-08-21", "baseline_date": "2024-08-09", "area_km2": 0.0088, "threshold": 1.25, "detects": "open_water_only"}, "geometry": {"type": "Polygon", "coordinates": [[[91.40346540540558, 22.80318618080097], [91.40347382237813, 22.80246376901337], [91.40366862108185, 22.802465719753695], [91.4036707250152, 22.802285116778965], [91.40425512048482, 22.802290967521596], [91.4042530173209, 22.802471570547777], [91.40444781610987, 22.80247352033684], [91.40444150725965, 22.80301532944117], [91.40424670770122, 22.803013379600674], [91.40424460445205, 22.803193982609763], [91.40346540540558, 22.80318618080097]]]}}, {"type": "Feature", "properties": {"aoi_name": "Feni", "sensor": "Sentinel-1", "acquisition_date": "2024-08-21", "baseline_date": "2024-08-09", "area_km2": 0.0088, "threshold": 1.25, "detects": "open_water_only"}, "geometry": {"type": "Polygon", "coordinates": [[[91.49090927073479, 22.91205356726046], [91.49091726911959, 22.91133113531266], [91.49111223112637, 22.911332987532365], [91.49111423041396, 22.91115237951852], [91.49189407761082, 22.911159785941326], [91.49188808278453, 22.911701610164705], [91.49169312018074, 22.911699758869016], [91.49168912301269, 22.91206097496416], [91.49090927073479, 22.91205356726046]]]}}, {"type": "Feature", "properties": {"aoi_name": "Feni", "sensor": "Sentinel-1", "acquisition_date": "2024-08-21", "baseline_date": "2024-08-09", "area_km2": 0.0084, "threshold": 1.25, "detects": "open_water_only"}, "geometry": {"type": "Polygon", "coordinates": [[[91.43269987941771, 23.123719858445252], [91.43271036994513, 23.12281686737996], [91.43290563082132, 23.122818807763725], [91.43290772860237, 23.122638209520854], [91.43349351057422, 23.122644029172246], [91.43348512245699, 23.123366422320323], [91.43328986073409, 23.123364482610594], [91.43328566602663, 23.123725679125013], [91.43269987941771, 23.123719858445252]]]}}, {"type": "Feature", "properties": {"aoi_name": "Feni", "sensor": "Sentinel-1", "acquisition_date": "2024-08-21", "baseline_date": "2024-08-09", "area_km2": 0.0084, "threshold": 1.25, "detects": "open_water_only"}, "geometry": {"type": "Polygon", "coordinates": [[[91.43932818044614, 23.04015837835609], [91.4393427459727, 23.038894173459763], [91.4399281670727, 23.038899949432206], [91.43991360700443, 23.040164154681186], [91.43932818044614, 23.04015837835609]]]}}, {"type": "Feature", "properties": {"aoi_name": "Feni", "sensor": "Sentinel-1", "acquisition_date": "2024-08-21", "baseline_date": "2024-08-09", "area_km2": 0.0084, "threshold": 1.25, "detects": "open_water_only"}, "geometry": {"type": "Polygon", "coordinates": [[[91.43220825388093, 23.031418151071584], [91.43221034333949, 23.031237550801468], [91.43201521470614, 23.031235616803766], [91.43201730440346, 23.031055016546226], [91.43182217605096, 23.03105308232492], [91.43182844579589, 23.030511281577105], [91.43260895621476, 23.030519016817003], [91.43260686736, 23.030699617138055], [91.43280199527716, 23.030701550363716], [91.43279364068671, 23.031423951672405], [91.43220825388093, 23.031418151071584]]]}}, {"type": "Feature", "properties": {"aoi_name": "Feni", "sensor": "Sentinel-1", "acquisition_date": "2024-08-21", "baseline_date": "2024-08-09", "area_km2": 0.0084, "threshold": 1.25, "detects": "open_water_only"}, "geometry": {"type": "Polygon", "coordinates": [[[91.49182206321365, 23.07570875618523], [91.49183012045371, 23.07498633884404], [91.49202531764502, 23.074988202407276], [91.49202733164387, 23.074807598045012], [91.49280811957, 23.074815049822906], [91.49280208063811, 23.075356863091567], [91.49260688284478, 23.075355000459933], [91.4926048695665, 23.07553560485801], [91.49240967153298, 23.07553374196913], [91.49240765797394, 23.075714346346683], [91.49182206321365, 23.07570875618523]]]}}, {"type": "Feature", "properties": {"aoi_name": "Feni", "sensor": "Sentinel-1", "acquisition_date": "2024-08-21", "baseline_date": "2024-08-09", "area_km2": 0.0084, "threshold": 1.25, "detects": "open_water_only"}, "geometry": {"type": "Polygon", "coordinates": [[[91.5321076368635, 22.924903077751168], [91.53211152937158, 22.924541855587833], [91.53191654482605, 22.924540052702305], [91.53192433063938, 22.923817608387612], [91.5325092812355, 22.92382301613693], [91.53250733558653, 22.924003627269347], [91.53270231941617, 22.92400542938968], [91.53269259216792, 22.924908485066748], [91.5321076368635, 22.924903077751168]]]}}, {"type": "Feature", "properties": {"aoi_name": "Feni", "sensor": "Sentinel-1", "acquisition_date": "2024-08-21", "baseline_date": "2024-08-09", "area_km2": 0.0084, "threshold": 1.25, "detects": "open_water_only"}, "geometry": {"type": "Polygon", "coordinates": [[[91.42133455244907, 23.127038244393624], [91.421345120723, 23.12613525865032], [91.42193091461561, 23.12614112207406], [91.42192880178686, 23.12632171928234], [91.4223193316772, 23.126325627057586], [91.42231299463046, 23.126867418758483], [91.42192246317306, 23.126863510881286], [91.42192035025931, 23.127044108072308], [91.42133455244907, 23.127038244393624]]]}}, {"type": "Feature", "properties": {"aoi_name": "Feni", "sensor": "Sentinel-1", "acquisition_date": "2024-08-21", "baseline_date": "2024-08-09", "area_km2": 0.0084, "threshold": 1.25, "detects": "open_water_only"}, "geometry": {"type": "Polygon", "coordinates": [[[91.43664432894587, 23.18769799939255], [91.43664642828242, 23.187517402311908], [91.43645107326932, 23.187515461456684], [91.43645947145289, 23.186793073158213], [91.43704553341064, 23.1867988947949], [91.43704343468256, 23.186979491926518], [91.4372387889727, 23.186981432004334], [91.4372366904856, 23.187162029148467], [91.43743204505888, 23.18716396900082], [91.43742575025733, 23.187705760457803], [91.43664432894587, 23.18769799939255]]]}}, {"type": "Feature", "properties": {"aoi_name": "Feni", "sensor": "Sentinel-1", "acquisition_date": "2024-08-21", "baseline_date": "2024-08-09", "area_km2": 0.0084, "threshold": 1.25, "detects": "open_water_only"}, "geometry": {"type": "Polygon", "coordinates": [[[91.45382806418772, 22.949447418347575], [91.45383011666371, 22.949266814349276], [91.45363510375454, 22.949264913414417], [91.45364126183395, 22.94872310144372], [91.45383627396728, 22.948725002328693], [91.45383832636035, 22.948544398313263], [91.45442336210886, 22.948550099481118], [91.4544213104916, 22.94873070354642], [91.45461632270782, 22.94873260347327], [91.45461016850761, 22.949274415693356], [91.45441515551556, 22.94927251571664], [91.45441310381544, 22.94945311976482], [91.45382806418772, 22.949447418347575]]]}}, {"type": "Feature", "properties": {"aoi_name": "Feni", "sensor": "Sentinel-1", "acquisition_date": "2024-08-21", "baseline_date": "2024-08-09", "area_km2": 0.0084, "threshold": 1.25, "detects": "open_water_only"}, "geometry": {"type": "Polygon", "coordinates": [[[91.42967691439695, 23.182029482676302], [91.42968534672782, 23.18130709622242], [91.42988069209261, 23.181309044982925], [91.42988279986042, 23.181128448341735], [91.43046883529588, 23.181134293119182], [91.43046672831399, 23.181314889811105], [91.43066207376346, 23.18131683760271], [91.43065575347674, 23.181858627703274], [91.43026506102711, 23.181854731776383], [91.43026295369857, 23.18203532843411], [91.42967691439695, 23.182029482676302]]]}}, {"type": "Feature", "properties": {"aoi_name": "Feni", "sensor": "Sentinel-1", "acquisition_date": "2024-08-21", "baseline_date": "2024-08-09", "area_km2": 0.0084, "threshold": 1.25, "detects": "open_water_only"}, "geometry": {"type": "Polygon", "coordinates": [[[91.4821302719379, 22.98241394404074], [91.4821363263016, 22.98187212709092], [91.48233138858775, 22.981873995495203], [91.48233744199086, 22.981332178457865], [91.4829226266396, 22.98133778208423], [91.48291052431404, 22.9824214164142], [91.4821302719379, 22.98241394404074]]]}}, {"type": "Feature", "properties": {"aoi_name": "Feni", "sensor": "Sentinel-1", "acquisition_date": "2024-08-21", "baseline_date": "2024-08-09", "area_km2": 0.0084, "threshold": 1.25, "detects": "open_water_only"}, "geometry": {"type": "Polygon", "coordinates": [[[91.46427412514377, 23.231860501924395], [91.4642803249785, 23.23131870660745], [91.46447574626089, 23.231320616315077], [91.46447987885492, 23.230959419382405], [91.46526156208996, 23.230967055652357], [91.46525330102253, 23.231689449765113], [91.46486245726176, 23.231685631983435], [91.46486039141763, 23.231866230467737], [91.46427412514377, 23.231860501924395]]]}}, {"type": "Feature", "properties": {"aoi_name": "Feni", "sensor": "Sentinel-1", "acquisition_date": "2024-08-21", "baseline_date": "2024-08-09", "area_km2": 0.0084, "threshold": 1.25, "detects": "open_water_only"}, "geometry": {"type": "Polygon", "coordinates": [[[91.41383613728526, 22.883306056059272], [91.41384033484404, 22.882944851980014], [91.41364542053668, 22.88294290721123], [91.41365381643003, 22.882220499069515], [91.41423855632414, 22.882226332455], [91.41423645815554, 22.882406934548012], [91.41443137175364, 22.8824088785494], [91.41442088188052, 22.8833118890354], [91.41383613728526, 22.883306056059272]]]}}, {"type": "Feature", "properties": {"aoi_name": "Feni", "sensor": "Sentinel-1", "acquisition_date": "2024-08-21", "baseline_date": "2024-08-09", "area_km2": 0.0084, "threshold": 1.25, "detects": "open_water_only"}, "geometry": {"type": "Polygon", "coordinates": [[[91.48431748388356, 23.083403715201978], [91.48432355916657, 23.082861904612027], [91.48490918287143, 23.082867524207316], [91.48491120714328, 23.0826869206198], [91.48569203799282, 23.082694409972866], [91.48568596824298, 23.08323622091821], [91.48490513426658, 23.083228731369466], [91.48490310993358, 23.0834093349441], [91.48431748388356, 23.083403715201978]]]}}, {"type": "Feature", "properties": {"aoi_name": "Feni", "sensor": "Sentinel-1", "acquisition_date": "2024-08-21", "baseline_date": "2024-08-09", "area_km2": 0.0084, "threshold": 1.25, "detects": "open_water_only"}, "geometry": {"type": "Polygon", "coordinates": [[[91.48609392936869, 22.97685248040151], [91.48609996629693, 22.976310662075118], [91.48649007564094, 22.97631438803698], [91.48649409912213, 22.975953175732855], [91.48707926173628, 22.975958762778983], [91.48706920676646, 22.976861793751382], [91.48609392936869, 22.97685248040151]]]}}, {"type": "Feature", "properties": {"aoi_name": "Feni", "sensor": "Sentinel-1", "acquisition_date": "2024-08-21", "baseline_date": "2024-08-09", "area_km2": 0.0084, "threshold": 1.25, "detects": "open_water_only"}, "geometry": {"type": "Polygon", "coordinates": [[[91.49421672835317, 23.07103538480896], [91.49423080274615, 23.0697711522729], [91.49481637245357, 23.069776732153095], [91.49480230352887, 23.071040965029482], [91.49421672835317, 23.07103538480896]]]}}, {"type": "Feature", "properties": {"aoi_name": "Feni", "sensor": "Sentinel-1", "acquisition_date": "2024-08-21", "baseline_date": "2024-08-09", "area_km2": 0.0084, "threshold": 1.25, "detects": "open_water_only"}, "geometry": {"type": "Polygon", "coordinates": [[[91.42217997749142, 23.204892860003774], [91.42218209800195, 23.204712264573512], [91.4219867193653, 23.204710304398812], [91.42199308155602, 23.204168518133077], [91.42218845940577, 23.20417047825677], [91.42219057983114, 23.203989882809203], [91.42297209039371, 23.20399772081112], [91.42296573220143, 23.204539507344798], [91.42277035374194, 23.204537548157067], [91.42276611431606, 23.204898739123887], [91.42217997749142, 23.204892860003774]]]}}, {"type": "Feature", "properties": {"aoi_name": "Feni", "sensor": "Sentinel-1", "acquisition_date": "2024-08-21", "baseline_date": "2024-08-09", "area_km2": 0.0084, "threshold": 1.25, "detects": "open_water_only"}, "geometry": {"type": "Polygon", "coordinates": [[[91.48961215590468, 23.13366756428799], [91.48961417885275, 23.133486961468698], [91.489418897318, 23.13348509046809], [91.48942698995204, 23.132762679212956], [91.49001283148164, 23.13276829129453], [91.49001080913754, 23.132948894163558], [91.4902060899494, 23.132950764390305], [91.49020406784626, 23.1331313672713], [91.49039934893976, 23.13313323727262], [91.49039328329228, 23.133675045938542], [91.48961215590468, 23.13366756428799]]]}}, {"type": "Feature", "properties": {"aoi_name": "Feni", "sensor": "Sentinel-1", "acquisition_date": "2024-08-21", "baseline_date": "2024-08-09", "area_km2": 0.0084, "threshold": 1.25, "detects": "open_water_only"}, "geometry": {"type": "Polygon", "coordinates": [[[91.45197118255447, 23.146126462113944], [91.4519774062851, 23.145584664046737], [91.45236799757788, 23.145588500429483], [91.45237007159012, 23.14540790103178], [91.45315125338004, 23.145415570828796], [91.45314503441841, 23.14595736920893], [91.45294973815525, 23.14595545207242], [91.4529476648649, 23.14613605150718], [91.45197118255447, 23.146126462113944]]]}}, {"type": "Feature", "properties": {"aoi_name": "Feni", "sensor": "Sentinel-1", "acquisition_date": "2024-08-21", "baseline_date": "2024-08-09", "area_km2": 0.0084, "threshold": 1.25, "detects": "open_water_only"}, "geometry": {"type": "Polygon", "coordinates": [[[91.48577268520698, 23.17986983338128], [91.4857747178205, 23.179689231941207], [91.4855793696515, 23.17968735265698], [91.48558750094938, 23.178964946918885], [91.48617354237395, 23.17897058384914], [91.48617151036602, 23.179151185339066], [91.48636685781035, 23.17915306384769], [91.48636482604398, 23.179333665349606], [91.4865601737707, 23.17933554363231], [91.48655407913508, 23.179877348161124], [91.48577268520698, 23.17986983338128]]]}}, {"type": "Feature", "properties": {"aoi_name": "Feni", "sensor": "Sentinel-1", "acquisition_date": "2024-08-21", "baseline_date": "2024-08-09", "area_km2": 0.0084, "threshold": 1.25, "detects": "open_water_only"}, "geometry": {"type": "Polygon", "coordinates": [[[91.3407261060594, 22.980093211142645], [91.34073272355145, 22.979551431296635], [91.342098042805, 22.979565721904635], [91.34209143075203, 22.9801075021253], [91.3407261060594, 22.980093211142645]]]}}, {"type": "Feature", "properties": {"aoi_name": "Feni", "sensor": "Sentinel-1", "acquisition_date": "2024-08-21", "baseline_date": "2024-08-09", "area_km2": 0.0084, "threshold": 1.25, "detects": "open_water_only"}, "geometry": {"type": "Polygon", "coordinates": [[[91.36559564373071, 22.907201100732287], [91.36560213902547, 22.906659309120403], [91.3657970825969, 22.906661314734123], [91.36580141216808, 22.90630012026958], [91.36638624146596, 22.906306135571324], [91.36638407746517, 22.906486732858447], [91.36657902086617, 22.906488737498588], [91.36657252950647, 22.907030529386866], [91.36637758533158, 22.907028524694034], [91.3663754212433, 22.90720912196397], [91.36559564373071, 22.907201100732287]]]}}, {"type": "Feature", "properties": {"aoi_name": "Feni", "sensor": "Sentinel-1", "acquisition_date": "2024-08-21", "baseline_date": "2024-08-09", "area_km2": 0.0084, "threshold": 1.25, "detects": "open_water_only"}, "geometry": {"type": "Polygon", "coordinates": [[[91.47212613355545, 23.056554097081996], [91.47213224974512, 23.05601228773009], [91.47232741778177, 23.056014174165757], [91.47233149461852, 23.055652967876796], [91.47252666215536, 23.055654854038792], [91.47252870028277, 23.05547425087142], [91.473114202236, 23.05547990786341], [91.47310809013375, 23.056021717500567], [91.47291292201497, 23.056019832028046], [91.4729108843463, 23.056200435215395], [91.47271571598787, 23.056198549485654], [91.47271164006864, 23.056559755814614], [91.47212613355545, 23.056554097081996]]]}}, {"type": "Feature", "properties": {"aoi_name": "Feni", "sensor": "Sentinel-1", "acquisition_date": "2024-08-21", "baseline_date": "2024-08-09", "area_km2": 0.008, "threshold": 1.25, "detects": "open_water_only"}, "geometry": {"type": "Polygon", "coordinates": [[[91.4359815710338, 22.991899368044848], [91.43599197303658, 22.990996360514405], [91.43677225773168, 22.991004062738238], [91.43676186091332, 22.991907070605123], [91.4359815710338, 22.991899368044848]]]}}, {"type": "Feature", "properties": {"aoi_name": "Feni", "sensor": "Sentinel-1", "acquisition_date": "2024-08-21", "baseline_date": "2024-08-09", "area_km2": 0.008, "threshold": 1.25, "detects": "open_water_only"}, "geometry": {"type": "Polygon", "coordinates": [[[91.49678075031062, 23.086232200356356], [91.49679079381292, 23.085329177807008], [91.49757164420755, 23.085336609236865], [91.49756160591762, 23.086239632109788], [91.49678075031062, 23.086232200356356]]]}}, {"type": "Feature", "properties": {"aoi_name": "Feni", "sensor": "Sentinel-1", "acquisition_date": "2024-08-21", "baseline_date": "2024-08-09", "area_km2": 0.008, "threshold": 1.25, "detects": "open_water_only"}, "geometry": {"type": "Polygon", "coordinates": [[[91.4942782692552, 22.97765295326356], [91.49428427378777, 22.977111132942028], [91.49447933033638, 22.977112986033276], [91.49448333273902, 22.976751772431808], [91.49526355706307, 22.9767591822685], [91.4952575565373, 22.977301002858592], [91.49506249964888, 22.977299150710664], [91.49506049917419, 22.977479757549283], [91.49486544204692, 22.97747790514528], [91.494863441293, 22.977658511963437], [91.4942782692552, 22.97765295326356]]]}}, {"type": "Feature", "properties": {"aoi_name": "Feni", "sensor": "Sentinel-1", "acquisition_date": "2024-08-21", "baseline_date": "2024-08-09", "area_km2": 0.008, "threshold": 1.25, "detects": "open_water_only"}, "geometry": {"type": "Polygon", "coordinates": [[[91.5121502083747, 22.931039276019852], [91.5121600747145, 22.930136229431472], [91.51294003808344, 22.93014353825335], [91.51293017691121, 22.931046585161663], [91.5121502083747, 22.931039276019852]]]}}, {"type": "Feature", "properties": {"aoi_name": "Feni", "sensor": "Sentinel-1", "acquisition_date": "2024-08-21", "baseline_date": "2024-08-09", "area_km2": 0.008, "threshold": 1.25, "detects": "open_water_only"}, "geometry": {"type": "Polygon", "coordinates": [[[91.38390706715879, 22.97421782249383], [91.38391565843114, 22.973495433181466], [91.38489086401084, 22.97350537379274], [91.3848822779173, 22.97422776345267], [91.38390706715879, 22.97421782249383]]]}}, {"type": "Feature", "properties": {"aoi_name": "Feni", "sensor": "Sentinel-1", "acquisition_date": "2024-08-21", "baseline_date": "2024-08-09", "area_km2": 0.008, "threshold": 1.25, "detects": "open_water_only"}, "geometry": {"type": "Polygon", "coordinates": [[[91.42965601516806, 22.96528535929758], [91.42965810132716, 22.96510475774235], [91.42907300129261, 22.965098961322063], [91.42907926197303, 22.964557156782664], [91.43005442492007, 22.964566816031212], [91.43005233934183, 22.96474741763309], [91.43024737225323, 22.964749348780575], [91.43024111616865, 22.965291153611137], [91.42965601516806, 22.96528535929758]]]}}, {"type": "Feature", "properties": {"aoi_name": "Feni", "sensor": "Sentinel-1", "acquisition_date": "2024-08-21", "baseline_date": "2024-08-09", "area_km2": 0.008, "threshold": 1.25, "detects": "open_water_only"}, "geometry": {"type": "Polygon", "coordinates": [[[91.42574345742739, 23.134126444019635], [91.42574767444009, 23.133765249291027], [91.42555239839197, 23.1337632991776], [91.42555872453583, 23.133221507103183], [91.42614455039224, 23.1332273565659], [91.42614244248264, 23.133407953979205], [91.4263377180718, 23.133409903333728], [91.42633561040228, 23.133590500759677], [91.4265308862739, 23.133592449889484], [91.42652456392206, 23.134134242192246], [91.42574345742739, 23.134126444019635]]]}}, {"type": "Feature", "properties": {"aoi_name": "Feni", "sensor": "Sentinel-1", "acquisition_date": "2024-08-21", "baseline_date": "2024-08-09", "area_km2": 0.008, "threshold": 1.25, "detects": "open_water_only"}, "geometry": {"type": "Polygon", "coordinates": [[[91.49907784678064, 22.91393724369731], [91.49908779151629, 22.91303420056688], [91.4998676523418, 22.913041568420606], [91.49985771276863, 22.913944611873745], [91.49907784678064, 22.91393724369731]]]}}, {"type": "Feature", "properties": {"aoi_name": "Feni", "sensor": "Sentinel-1", "acquisition_date": "2024-08-21", "baseline_date": "2024-08-09", "area_km2": 0.008, "threshold": 1.25, "detects": "open_water_only"}, "geometry": {"type": "Polygon", "coordinates": [[[91.39948773134016, 22.82680797574517], [91.39949829087168, 22.82590496543179], [91.40027761764688, 22.825912793979676], [91.40026706325175, 22.82681580463695], [91.39948773134016, 22.82680797574517]]]}}, {"type": "Feature", "properties": {"aoi_name": "Feni", "sensor": "Sentinel-1", "acquisition_date": "2024-08-21", "baseline_date": "2024-08-09", "area_km2": 0.008, "threshold": 1.25, "detects": "open_water_only"}, "geometry": {"type": "Polygon", "coordinates": [[[91.42912796154546, 23.145358552267393], [91.429134276859, 23.144816760056422], [91.42932956925267, 23.14481870660996], [91.42933167405342, 23.144638109180757], [91.4295269662068, 23.144640055475577], [91.42952907072494, 23.14445945802514], [91.43011494652771, 23.144465295408086], [91.4301086352628, 23.145007087898648], [91.42991334252305, 23.145005142295403], [91.42990913438446, 23.145366337233707], [91.42912796154546, 23.145358552267393]]]}}, {"type": "Feature", "properties": {"aoi_name": "Feni", "sensor": "Sentinel-1", "acquisition_date": "2024-08-21", "baseline_date": "2024-08-09", "area_km2": 0.008, "threshold": 1.25, "detects": "open_water_only"}, "geometry": {"type": "Polygon", "coordinates": [[[91.43061450393073, 22.96673982825111], [91.43062284393756, 22.966017421804022], [91.43159801808018, 22.96602707213938], [91.43158968325045, 22.96674947892399], [91.43061450393073, 22.96673982825111]]]}}, {"type": "Feature", "properties": {"aoi_name": "Feni", "sensor": "Sentinel-1", "acquisition_date": "2024-08-21", "baseline_date": "2024-08-09", "area_km2": 0.0076, "threshold": 1.25, "detects": "open_water_only"}, "geometry": {"type": "Polygon", "coordinates": [[[91.42844308048409, 23.15384078151625], [91.42845150797784, 23.153118392907828], [91.42942802998624, 23.153128130776086], [91.4294217133212, 23.153669922492696], [91.42922640809249, 23.153667975352082], [91.42922430223358, 23.1538485725654], [91.42844308048409, 23.15384078151625]]]}}, {"type": "Feature", "properties": {"aoi_name": "Feni", "sensor": "Sentinel-1", "acquisition_date": "2024-08-21", "baseline_date": "2024-08-09", "area_km2": 0.0076, "threshold": 1.25, "detects": "open_water_only"}, "geometry": {"type": "Polygon", "coordinates": [[[91.55708583941323, 22.978417878195472], [91.55708775754418, 22.978237266323063], [91.5568926938694, 22.97823549019093], [91.55690036723594, 22.977513042720723], [91.55768061790593, 22.977520145561424], [91.557671031331, 22.978423205198933], [91.55708583941323, 22.978417878195472]]]}}, {"type": "Feature", "properties": {"aoi_name": "Feni", "sensor": "Sentinel-1", "acquisition_date": "2024-08-21", "baseline_date": "2024-08-09", "area_km2": 0.0076, "threshold": 1.25, "detects": "open_water_only"}, "geometry": {"type": "Polygon", "coordinates": [[[91.44422188544758, 23.140631566965176], [91.44423230737677, 23.13972857286074], [91.44481816674245, 23.139734354481845], [91.44481608318267, 23.13991495336161], [91.44501136994118, 23.139916880101897], [91.4450030365381, 23.140639275644833], [91.44422188544758, 23.140631566965176]]]}}, {"type": "Feature", "properties": {"aoi_name": "Feni", "sensor": "Sentinel-1", "acquisition_date": "2024-08-21", "baseline_date": "2024-08-09", "area_km2": 0.0076, "threshold": 1.25, "detects": "open_water_only"}, "geometry": {"type": "Polygon", "coordinates": [[[91.4643926332141, 23.204407582787482], [91.4643946969583, 23.204226983712744], [91.46419931509598, 23.204225076001908], [91.46420550699119, 23.203683278801392], [91.46518241257507, 23.20369281468234], [91.46517416191983, 23.204415211271908], [91.4643926332141, 23.204407582787482]]]}}, {"type": "Feature", "properties": {"aoi_name": "Feni", "sensor": "Sentinel-1", "acquisition_date": "2024-08-21", "baseline_date": "2024-08-09", "area_km2": 0.0076, "threshold": 1.25, "detects": "open_water_only"}, "geometry": {"type": "Polygon", "coordinates": [[[91.53603890162783, 22.99448137030754], [91.53604669199228, 22.99375893102163], [91.53702211297554, 22.993767943284137], [91.53701627412126, 22.994309772991166], [91.5368211891074, 22.994307970971615], [91.53681924252406, 22.994488580849676], [91.53603890162783, 22.99448137030754]]]}}, {"type": "Feature", "properties": {"aoi_name": "Feni", "sensor": "Sentinel-1", "acquisition_date": "2024-08-21", "baseline_date": "2024-08-09", "area_km2": 0.0076, "threshold": 1.25, "detects": "open_water_only"}, "geometry": {"type": "Polygon", "coordinates": [[[91.43054042734981, 22.99003933214359], [91.43054251484, 22.989858731075106], [91.43034744586262, 22.98985679830007], [91.43035579664954, 22.989134394050723], [91.43113606853834, 22.989142123440743], [91.43112563518585, 22.99004512907934], [91.43054042734981, 22.99003933214359]]]}}, {"type": "Feature", "properties": {"aoi_name": "Feni", "sensor": "Sentinel-1", "acquisition_date": "2024-08-21", "baseline_date": "2024-08-09", "area_km2": 0.0076, "threshold": 1.25, "detects": "open_water_only"}, "geometry": {"type": "Polygon", "coordinates": [[[91.45141819281098, 23.12625283908029], [91.45142026616, 23.12607223932137], [91.45122499885127, 23.12607032160136], [91.45123121955682, 23.12552852234876], [91.45220755239124, 23.1255381082828], [91.4521992632991, 23.1262605076111], [91.45141819281098, 23.12625283908029]]]}}, {"type": "Feature", "properties": {"aoi_name": "Feni", "sensor": "Sentinel-1", "acquisition_date": "2024-08-21", "baseline_date": "2024-08-09", "area_km2": 0.0076, "threshold": 1.25, "detects": "open_water_only"}, "geometry": {"type": "Polygon", "coordinates": [[[91.48292178381493, 23.138118869351235], [91.48292788078372, 23.13757706286599], [91.48331845454945, 23.13758082132858], [91.48332048630877, 23.137400219125556], [91.48410163303987, 23.137407733084554], [91.48409554083698, 23.137949539876686], [91.48350967840571, 23.137943904623075], [91.48350764684648, 23.138124506829527], [91.48292178381493, 23.138118869351235]]]}}, {"type": "Feature", "properties": {"aoi_name": "Feni", "sensor": "Sentinel-1", "acquisition_date": "2024-08-21", "baseline_date": "2024-08-09", "area_km2": 0.0076, "threshold": 1.25, "detects": "open_water_only"}, "geometry": {"type": "Polygon", "coordinates": [[[91.38900868977318, 22.87276098312949], [91.38901934225164, 22.87185798267603], [91.38979892693125, 22.871865877445504], [91.38979040911116, 22.872588278093843], [91.38959551187905, 22.872586304690156], [91.3895933821127, 22.87276690482422], [91.38900868977318, 22.87276098312949]]]}}, {"type": "Feature", "properties": {"aoi_name": "Feni", "sensor": "Sentinel-1", "acquisition_date": "2024-08-21", "baseline_date": "2024-08-09", "area_km2": 0.0076, "threshold": 1.25, "detects": "open_water_only"}, "geometry": {"type": "Polygon", "coordinates": [[[91.46140112467656, 23.00406946385607], [91.46140931593592, 23.003347050227465], [91.46160440717932, 23.00334894580966], [91.46160645468312, 23.00316834237523], [91.46219172775906, 23.00317402763115], [91.46218149392467, 23.004077045008625], [91.46140112467656, 23.00406946385607]]]}}, {"type": "Feature", "properties": {"aoi_name": "Feni", "sensor": "Sentinel-1", "acquisition_date": "2024-08-21", "baseline_date": "2024-08-09", "area_km2": 0.0076, "threshold": 1.25, "detects": "open_water_only"}, "geometry": {"type": "Polygon", "coordinates": [[[91.49939581823713, 23.026470394733163], [91.49940581531771, 23.025567364277244], [91.5001863220431, 23.025574764677607], [91.50017832857498, 23.02629718930923], [91.4999832008244, 23.026295339505236], [91.49998120214725, 23.02647594563628], [91.49939581823713, 23.026470394733163]]]}}, {"type": "Feature", "properties": {"aoi_name": "Feni", "sensor": "Sentinel-1", "acquisition_date": "2024-08-21", "baseline_date": "2024-08-09", "area_km2": 0.0076, "threshold": 1.25, "detects": "open_water_only"}, "geometry": {"type": "Polygon", "coordinates": [[[91.35276392569888, 22.807185860331455], [91.35277478301394, 22.806282868774503], [91.35355398005781, 22.806290919319867], [91.35354529835392, 22.807013312857094], [91.35335049803392, 22.80701130050675], [91.35334832729646, 22.80719189886265], [91.35276392569888, 22.807185860331455]]]}}, {"type": "Feature", "properties": {"aoi_name": "Feni", "sensor": "Sentinel-1", "acquisition_date": "2024-08-21", "baseline_date": "2024-08-09", "area_km2": 0.0076, "threshold": 1.25, "detects": "open_water_only"}, "geometry": {"type": "Polygon", "coordinates": [[[91.49679729749691, 23.11982828527441], [91.49680534530373, 23.119105870310328], [91.4970006066928, 23.11910773107323], [91.49700261833279, 23.118927127305273], [91.4975884018381, 23.118932708096274], [91.4975783473523, 23.11983572713578], [91.49679729749691, 23.11982828527441]]]}}, {"type": "Feature", "properties": {"aoi_name": "Feni", "sensor": "Sentinel-1", "acquisition_date": "2024-08-21", "baseline_date": "2024-08-09", "area_km2": 0.0076, "threshold": 1.25, "detects": "open_water_only"}, "geometry": {"type": "Polygon", "coordinates": [[[91.40053723309987, 22.770283228258762], [91.40054354728208, 22.76974141796822], [91.40093305122663, 22.769745321076535], [91.40093515539934, 22.769564717603465], [91.40171416252042, 22.769572520902198], [91.40170785301035, 22.770114331514684], [91.40112359533347, 22.77010847924224], [91.40112149135275, 22.770289082719685], [91.40053723309987, 22.770283228258762]]]}}, {"type": "Feature", "properties": {"aoi_name": "Feni", "sensor": "Sentinel-1", "acquisition_date": "2024-08-21", "baseline_date": "2024-08-09", "area_km2": 0.0076, "threshold": 1.25, "detects": "open_water_only"}, "geometry": {"type": "Polygon", "coordinates": [[[91.45030137254442, 22.950857994006007], [91.45030754437406, 22.950316183000105], [91.45050255848221, 22.950318088107085], [91.45050461545857, 22.950137484413215], [91.45128467106439, 22.950145102379008], [91.45127644717246, 22.950867517395356], [91.45030137254442, 22.950857994006007]]]}}, {"type": "Feature", "properties": {"aoi_name": "Feni", "sensor": "Sentinel-1", "acquisition_date": "2024-08-21", "baseline_date": "2024-08-09", "area_km2": 0.0076, "threshold": 1.25, "detects": "open_water_only"}, "geometry": {"type": "Polygon", "coordinates": [[[91.37797214287134, 22.78432469621025], [91.3779742787706, 22.78414409511167], [91.37777950855845, 22.784142114485817], [91.37778164469226, 22.783961513400392], [91.37758687475798, 22.783959532554373], [91.37759328379805, 22.78341772932473], [91.37817759136013, 22.78342367099319], [91.37817545580367, 22.783604272126293], [91.37837022529052, 22.7836062522247], [91.37836808996862, 22.783786853370948], [91.37856285973331, 22.783788833249194], [91.37855645440628, 22.784330636714536], [91.37797214287134, 22.78432469621025]]]}}, {"type": "Feature", "properties": {"aoi_name": "Feni", "sensor": "Sentinel-1", "acquisition_date": "2024-08-21", "baseline_date": "2024-08-09", "area_km2": 0.0076, "threshold": 1.25, "detects": "open_water_only"}, "geometry": {"type": "Polygon", "coordinates": [[[91.43908530346035, 22.806067702446544], [91.43909147628204, 22.805525884479184], [91.4392862826917, 22.805527791949306], [91.43928834000069, 22.80534718593489], [91.44006756482153, 22.805354813369668], [91.44005933956512, 22.806077237670006], [91.43908530346035, 22.806067702446544]]]}}, {"type": "Feature", "properties": {"aoi_name": "Feni", "sensor": "Sentinel-1", "acquisition_date": "2024-08-21", "baseline_date": "2024-08-09", "area_km2": 0.0076, "threshold": 1.25, "detects": "open_water_only"}, "geometry": {"type": "Polygon", "coordinates": [[[91.46733920057525, 22.910021615693054], [91.46734529246422, 22.90947979754674], [91.467540249684, 22.90948167854999], [91.46754228001456, 22.909301072476197], [91.46773723699684, 22.90930295322389], [91.46773926704881, 22.909122347129337], [91.46832413734461, 22.90912798788852], [91.46831804944955, 22.9096698063076], [91.46812309188962, 22.9096679262442], [91.4681210622922, 22.909848532358875], [91.46792610449472, 22.909846652039928], [91.46792407461872, 22.910027258133855], [91.46733920057525, 22.910021615693054]]]}}, {"type": "Feature", "properties": {"aoi_name": "Feni", "sensor": "Sentinel-1", "acquisition_date": "2024-08-21", "baseline_date": "2024-08-09", "area_km2": 0.0076, "threshold": 1.25, "detects": "open_water_only"}, "geometry": {"type": "Polygon", "coordinates": [[[91.48001071294765, 23.084446056362204], [91.48002086759344, 23.083543040617126], [91.48060649307794, 23.083548676321392], [91.48060446297141, 23.083729279528086], [91.48079967176771, 23.083731157630314], [91.48079155217957, 23.084453570479532], [91.48001071294765, 23.084446056362204]]]}}, {"type": "Feature", "properties": {"aoi_name": "Feni", "sensor": "Sentinel-1", "acquisition_date": "2024-08-21", "baseline_date": "2024-08-09", "area_km2": 0.0076, "threshold": 1.25, "detects": "open_water_only"}, "geometry": {"type": "Polygon", "coordinates": [[[91.42901739104194, 23.054144683302606], [91.42902787090608, 23.05324168588594], [91.42980851124273, 23.053249442148577], [91.42980013155554, 23.053971840360987], [91.42960497039924, 23.053969901588825], [91.42960287516456, 23.05415050111426], [91.42901739104194, 23.054144683302606]]]}}, {"type": "Feature", "properties": {"aoi_name": "Feni", "sensor": "Sentinel-1", "acquisition_date": "2024-08-21", "baseline_date": "2024-08-09", "area_km2": 0.0076, "threshold": 1.25, "detects": "open_water_only"}, "geometry": {"type": "Polygon", "coordinates": [[[91.53250003738513, 22.996977408317406], [91.53250589501778, 22.996435579890413], [91.53270098271088, 22.996437387381462], [91.53270293495635, 22.996256777881463], [91.5334832848883, 22.996264005381367], [91.53347547993765, 22.996986443608247], [91.53250003738513, 22.996977408317406]]]}}, {"type": "Feature", "properties": {"aoi_name": "Feni", "sensor": "Sentinel-1", "acquisition_date": "2024-08-21", "baseline_date": "2024-08-09", "area_km2": 0.0076, "threshold": 1.25, "detects": "open_water_only"}, "geometry": {"type": "Polygon", "coordinates": [[[91.44790471669879, 22.972870613980906], [91.44791090468023, 22.972328805094147], [91.44810595013213, 22.972330714872594], [91.44810801249201, 22.972150111885068], [91.44888819347199, 22.972157748534062], [91.44887994805075, 22.97288016072547], [91.44790471669879, 22.972870613980906]]]}}, {"type": "Feature", "properties": {"aoi_name": "Feni", "sensor": "Sentinel-1", "acquisition_date": "2024-08-21", "baseline_date": "2024-08-09", "area_km2": 0.0076, "threshold": 1.25, "detects": "open_water_only"}, "geometry": {"type": "Polygon", "coordinates": [[[91.47235130637551, 23.071186710363587], [91.4723615056381, 23.07028369633093], [91.47314226032006, 23.07029124389712], [91.47313410511725, 23.071013655394886], [91.47293891537443, 23.07101176879901], [91.472936876262, 23.071192371646273], [91.47235130637551, 23.071186710363587]]]}}, {"type": "Feature", "properties": {"aoi_name": "Feni", "sensor": "Sentinel-1", "acquisition_date": "2024-08-21", "baseline_date": "2024-08-09", "area_km2": 0.0076, "threshold": 1.25, "detects": "open_water_only"}, "geometry": {"type": "Polygon", "coordinates": [[[91.43918938105674, 23.08603467308834], [91.43919772357677, 23.085312274553615], [91.43939293084777, 23.085314203953764], [91.43939501616471, 23.085133604292512], [91.43998063732192, 23.08513939099588], [91.43997021443612, 23.086042389511025], [91.43918938105674, 23.08603467308834]]]}}, {"type": "Feature", "properties": {"aoi_name": "Feni", "sensor": "Sentinel-1", "acquisition_date": "2024-08-21", "baseline_date": "2024-08-09", "area_km2": 0.0076, "threshold": 1.25, "detects": "open_water_only"}, "geometry": {"type": "Polygon", "coordinates": [[[91.40164379476502, 23.173619581560725], [91.40164593963411, 23.173438987216716], [91.40145060836706, 23.173437004057966], [91.40145704363057, 23.172895221051633], [91.40243369625364, 23.172905134165955], [91.40242512109609, 23.173627511843357], [91.40164379476502, 23.173619581560725]]]}}, {"type": "Feature", "properties": {"aoi_name": "Feni", "sensor": "Sentinel-1", "acquisition_date": "2024-08-21", "baseline_date": "2024-08-09", "area_km2": 0.0072, "threshold": 1.25, "detects": "open_water_only"}, "geometry": {"type": "Polygon", "coordinates": [[[91.36054342321624, 23.002876661105454], [91.36054778704292, 23.002515471968827], [91.36035270658898, 23.002513451975933], [91.36035925294196, 23.001971668291574], [91.36113957177766, 23.00197974661083], [91.36112866626614, 23.002882719749262], [91.36054342321624, 23.002876661105454]]]}}, {"type": "Feature", "properties": {"aoi_name": "Feni", "sensor": "Sentinel-1", "acquisition_date": "2024-08-21", "baseline_date": "2024-08-09", "area_km2": 0.0072, "threshold": 1.25, "detects": "open_water_only"}, "geometry": {"type": "Polygon", "coordinates": [[[91.4250012929446, 23.180899060863442], [91.42500340721924, 23.180718464637117], [91.42480806317053, 23.18071650987193], [91.42481440665291, 23.180174721217906], [91.42500974991574, 23.18017667593219], [91.42501186410543, 23.179996079688568], [91.42559789323548, 23.18000194232727], [91.42558732600405, 23.180904923756597], [91.4250012929446, 23.180899060863442]]]}}, {"type": "Feature", "properties": {"aoi_name": "Feni", "sensor": "Sentinel-1", "acquisition_date": "2024-08-21", "baseline_date": "2024-08-09", "area_km2": 0.0072, "threshold": 1.25, "detects": "open_water_only"}, "geometry": {"type": "Polygon", "coordinates": [[[91.48265933328763, 23.17875612836749], [91.48266544327359, 23.178214324740583], [91.48383751818044, 23.178225617828794], [91.48383141290977, 23.178767421749804], [91.48265933328763, 23.17875612836749]]]}}, {"type": "Feature", "properties": {"aoi_name": "Feni", "sensor": "Sentinel-1", "acquisition_date": "2024-08-21", "baseline_date": "2024-08-09", "area_km2": 0.0072, "threshold": 1.25, "detects": "open_water_only"}, "geometry": {"type": "Polygon", "coordinates": [[[91.51129657104583, 22.955596611392952], [91.51130447811205, 22.954874176645525], [91.51227960918003, 22.954883326627723], [91.51227368279127, 22.955425152934815], [91.51188362875185, 22.955421493564792], [91.51188165273155, 22.955602102293266], [91.51129657104583, 22.955596611392952]]]}}, {"type": "Feature", "properties": {"aoi_name": "Feni", "sensor": "Sentinel-1", "acquisition_date": "2024-08-21", "baseline_date": "2024-08-09", "area_km2": 0.0072, "threshold": 1.25, "detects": "open_water_only"}, "geometry": {"type": "Polygon", "coordinates": [[[91.529922194816, 23.018809390669443], [91.52993002695375, 23.018086955585908], [91.53090562013062, 23.018096014533977], [91.53089974995177, 23.01863784109026], [91.53050951106387, 23.018634218137265], [91.5305075537788, 23.018814826949185], [91.529922194816, 23.018809390669443]]]}}, {"type": "Feature", "properties": {"aoi_name": "Feni", "sensor": "Sentinel-1", "acquisition_date": "2024-08-21", "baseline_date": "2024-08-09", "area_km2": 0.0072, "threshold": 1.25, "detects": "open_water_only"}, "geometry": {"type": "Polygon", "coordinates": [[[91.43285297724583, 23.043164897444022], [91.43285506703371, 23.04298429738597], [91.43265992142389, 23.042982363253934], [91.43266828140476, 23.0422599630462], [91.43325371517784, 23.042265764518085], [91.43325162599409, 23.042446364627068], [91.4334467708872, 23.042448297986674], [91.43343841498151, 23.04317069844702], [91.43285297724583, 23.043164897444022]]]}}, {"type": "Feature", "properties": {"aoi_name": "Feni", "sensor": "Sentinel-1", "acquisition_date": "2024-08-21", "baseline_date": "2024-08-09", "area_km2": 0.0072, "threshold": 1.25, "detects": "open_water_only"}, "geometry": {"type": "Polygon", "coordinates": [[[91.49816436131225, 22.943732070486714], [91.49816635439383, 22.943551462622207], [91.4979713456391, 22.943549616614167], [91.49797732553874, 22.943007793043446], [91.49895236563543, 22.94301702044651], [91.49894638961408, 22.943558844259464], [91.49875138077884, 22.943556999209385], [91.49874938847292, 22.94373760712234], [91.49816436131225, 22.943732070486714]]]}}, {"type": "Feature", "properties": {"aoi_name": "Feni", "sensor": "Sentinel-1", "acquisition_date": "2024-08-21", "baseline_date": "2024-08-09", "area_km2": 0.0072, "threshold": 1.25, "detects": "open_water_only"}, "geometry": {"type": "Polygon", "coordinates": [[[91.48429285884825, 23.137770815535003], [91.4842989502058, 23.137229008680986], [91.48547066946927, 23.13724027081908], [91.48546458281629, 23.1377820779668], [91.48429285884825, 23.137770815535003]]]}}, {"type": "Feature", "properties": {"aoi_name": "Feni", "sensor": "Sentinel-1", "acquisition_date": "2024-08-21", "baseline_date": "2024-08-09", "area_km2": 0.0072, "threshold": 1.25, "detects": "open_water_only"}, "geometry": {"type": "Polygon", "coordinates": [[[91.5148327553543, 23.024629165563287], [91.51484264873378, 23.023726128525993], [91.51542802492759, 23.023731621673885], [91.51542604707078, 23.02391222913784], [91.51562117276832, 23.023914059722255], [91.51561523985742, 23.02445588213637], [91.5154201133807, 23.02445405150403], [91.51541813544412, 23.02463465895086], [91.5148327553543, 23.024629165563287]]]}}, {"type": "Feature", "properties": {"aoi_name": "Feni", "sensor": "Sentinel-1", "acquisition_date": "2024-08-21", "baseline_date": "2024-08-09", "area_km2": 0.0072, "threshold": 1.25, "detects": "open_water_only"}, "geometry": {"type": "Polygon", "coordinates": [[[91.40254127226164, 23.213183540438884], [91.40254771546007, 23.21264175987748], [91.40274310378224, 23.21264374483299], [91.40274525120952, 23.212463151286645], [91.40352680366404, 23.212471088614077], [91.40352036446657, 23.21301286944658], [91.40332497553337, 23.213010885426982], [91.40332282882869, 23.21319147901194], [91.40254127226164, 23.213183540438884]]]}}, {"type": "Feature", "properties": {"aoi_name": "Feni", "sensor": "Sentinel-1", "acquisition_date": "2024-08-21", "baseline_date": "2024-08-09", "area_km2": 0.0072, "threshold": 1.25, "detects": "open_water_only"}, "geometry": {"type": "Polygon", "coordinates": [[[91.49843818486096, 23.02483568424805], [91.49844418652152, 23.024293866113975], [91.4980539371177, 23.024290162292974], [91.4980599401551, 23.023748344217307], [91.49864531195358, 23.023753899442728], [91.4986393112537, 23.024295717663836], [91.49902956077852, 23.02429942004228], [91.49902356145552, 23.02484123832175], [91.49843818486096, 23.02483568424805]]]}}, {"type": "Feature", "properties": {"aoi_name": "Feni", "sensor": "Sentinel-1", "acquisition_date": "2024-08-21", "baseline_date": "2024-08-09", "area_km2": 0.0072, "threshold": 1.25, "detects": "open_water_only"}, "geometry": {"type": "Polygon", "coordinates": [[[91.31727510766154, 22.809705038902973], [91.31728176324587, 22.809163253954743], [91.3174765630441, 22.80916531055762], [91.31747878127072, 22.80898471554822], [91.3182579796622, 22.80899293950893], [91.31825132799328, 22.809534724741155], [91.3180565275921, 22.809532669053546], [91.31805431006767, 22.809713264104293], [91.31727510766154, 22.809705038902973]]]}}, {"type": "Feature", "properties": {"aoi_name": "Feni", "sensor": "Sentinel-1", "acquisition_date": "2024-08-21", "baseline_date": "2024-08-09", "area_km2": 0.0072, "threshold": 1.25, "detects": "open_water_only"}, "geometry": {"type": "Polygon", "coordinates": [[[91.36399768256769, 22.81272020368117], [91.36400846877096, 22.8118172076518], [91.36459289342483, 22.811823206115157], [91.36459073699764, 22.812003805382325], [91.36478554551589, 22.812005804411864], [91.36477907687309, 22.81254760224038], [91.36458426758506, 22.812545603158117], [91.36458211107049, 22.81272620240815], [91.36399768256769, 22.81272020368117]]]}}, {"type": "Feature", "properties": {"aoi_name": "Feni", "sensor": "Sentinel-1", "acquisition_date": "2024-08-21", "baseline_date": "2024-08-09", "area_km2": 0.0072, "threshold": 1.25, "detects": "open_water_only"}, "geometry": {"type": "Polygon", "coordinates": [[[91.46365811847726, 23.148950140521265], [91.46366017769691, 23.148769540237932], [91.46326957510313, 23.1487657313438], [91.46327575420692, 23.148223930567237], [91.46425225692393, 23.148233450740438], [91.46424402330776, 23.14895585209815], [91.46365811847726, 23.148950140521265]]]}}, {"type": "Feature", "properties": {"aoi_name": "Feni", "sensor": "Sentinel-1", "acquisition_date": "2024-08-21", "baseline_date": "2024-08-09", "area_km2": 0.0072, "threshold": 1.25, "detects": "open_water_only"}, "geometry": {"type": "Polygon", "coordinates": [[[91.32626381318848, 22.98228911120096], [91.3262704890539, 22.98174733550289], [91.32607544182255, 22.9817452750462], [91.32608211826296, 22.981203499363293], [91.32666725769317, 22.981209679851773], [91.32666058358396, 22.9817514556967], [91.32685563088265, 22.981753515433823], [91.32684895734849, 22.982295291293887], [91.32626381318848, 22.98228911120096]]]}}, {"type": "Feature", "properties": {"aoi_name": "Feni", "sensor": "Sentinel-1", "acquisition_date": "2024-08-21", "baseline_date": "2024-08-09", "area_km2": 0.0072, "threshold": 1.25, "detects": "open_water_only"}, "geometry": {"type": "Polygon", "coordinates": [[[91.51135389004072, 22.950358957925765], [91.51135586625841, 22.95017834912145], [91.51116084683072, 22.950176518822477], [91.51116677614002, 22.94963469243195], [91.51194685086668, 22.94964201199831], [91.51194487548482, 22.949822620863465], [91.51213989447501, 22.949824450172148], [91.5121339689857, 22.950366276789982], [91.51135389004072, 22.950358957925765]]]}}, {"type": "Feature", "properties": {"aoi_name": "Feni", "sensor": "Sentinel-1", "acquisition_date": "2024-08-21", "baseline_date": "2024-08-09", "area_km2": 0.0072, "threshold": 1.25, "detects": "open_water_only"}, "geometry": {"type": "Polygon", "coordinates": [[[91.49823675581109, 23.13085999270766], [91.49823876693779, 23.130679389105904], [91.49784821046468, 23.130675668649758], [91.49785424529102, 23.130133857915727], [91.49883063270644, 23.130143157001026], [91.49882259145623, 23.1308655716279], [91.49823675581109, 23.13085999270766]]]}}, {"type": "Feature", "properties": {"aoi_name": "Feni", "sensor": "Sentinel-1", "acquisition_date": "2024-08-21", "baseline_date": "2024-08-09", "area_km2": 0.0072, "threshold": 1.25, "detects": "open_water_only"}, "geometry": {"type": "Polygon", "coordinates": [[[91.37214814917778, 23.0600714555501], [91.37215466659286, 23.059529672606814], [91.37254499397937, 23.059533692649357], [91.37254716588697, 23.05935309829125], [91.3731326563503, 23.059359126496656], [91.37312397171083, 23.060081504113327], [91.37214814917778, 23.0600714555501]]]}}, {"type": "Feature", "properties": {"aoi_name": "Feni", "sensor": "Sentinel-1", "acquisition_date": "2024-08-21", "baseline_date": "2024-08-09", "area_km2": 0.0072, "threshold": 1.25, "detects": "open_water_only"}, "geometry": {"type": "Polygon", "coordinates": [[[91.49345377297387, 22.911174587309606], [91.49345976142439, 22.91063276265881], [91.49384968391847, 22.910636460512585], [91.49385167951215, 22.910455852254724], [91.49443656263031, 22.910461397193515], [91.49442858323161, 22.911183830393664], [91.49345377297387, 22.911174587309606]]]}}, {"type": "Feature", "properties": {"aoi_name": "Feni", "sensor": "Sentinel-1", "acquisition_date": "2024-08-21", "baseline_date": "2024-08-09", "area_km2": 0.0072, "threshold": 1.25, "detects": "open_water_only"}, "geometry": {"type": "Polygon", "coordinates": [[[91.4719676638071, 23.05330135396105], [91.47197377966819, 23.052759544426582], [91.47314475997668, 23.052770859097933], [91.47313864879796, 23.05331266892832], [91.4719676638071, 23.05330135396105]]]}}, {"type": "Feature", "properties": {"aoi_name": "Feni", "sensor": "Sentinel-1", "acquisition_date": "2024-08-21", "baseline_date": "2024-08-09", "area_km2": 0.0072, "threshold": 1.25, "detects": "open_water_only"}, "geometry": {"type": "Polygon", "coordinates": [[[91.40563408177957, 22.867871087949755], [91.40563618983482, 22.86769048628336], [91.40544129807489, 22.86768853268819], [91.40544762288496, 22.86714672771473], [91.40622718696369, 22.86715454045833], [91.40622507974464, 22.86733514218898], [91.40641997107505, 22.867337094795598], [91.40641365006222, 22.867878900013235], [91.40563408177957, 22.867871087949755]]]}}, {"type": "Feature", "properties": {"aoi_name": "Feni", "sensor": "Sentinel-1", "acquisition_date": "2024-08-21", "baseline_date": "2024-08-09", "area_km2": 0.0072, "threshold": 1.25, "detects": "open_water_only"}, "geometry": {"type": "Polygon", "coordinates": [[[91.40365340181299, 23.201816057650852], [91.40365554689814, 23.20163546377575], [91.40346017449241, 23.20163348083983], [91.40346661040539, 23.20109169924016], [91.40424809701045, 23.201099629322783], [91.40424595277666, 23.201280223262454], [91.404441324744, 23.201282205194197], [91.40443489270027, 23.201823987038818], [91.40365340181299, 23.201816057650852]]]}}, {"type": "Feature", "properties": {"aoi_name": "Feni", "sensor": "Sentinel-1", "acquisition_date": "2024-08-21", "baseline_date": "2024-08-09", "area_km2": 0.0072, "threshold": 1.25, "detects": "open_water_only"}, "geometry": {"type": "Polygon", "coordinates": [[[91.41954402706867, 23.09649577933466], [91.4195545917289, 23.09559279088119], [91.42014025262067, 23.095598653650068], [91.42013814051333, 23.095779251400423], [91.42033336111382, 23.095781205191276], [91.42032702544645, 23.096322998467485], [91.42013180406376, 23.096321044625604], [91.4201296918714, 23.096501642358714], [91.41954402706867, 23.09649577933466]]]}}, {"type": "Feature", "properties": {"aoi_name": "Feni", "sensor": "Sentinel-1", "acquisition_date": "2024-08-21", "baseline_date": "2024-08-09", "area_km2": 0.0072, "threshold": 1.25, "detects": "open_water_only"}, "geometry": {"type": "Polygon", "coordinates": [[[91.42971893641753, 22.909112288203076], [91.42972725785054, 22.90838987682652], [91.4299222100286, 22.908391803903005], [91.42992429007627, 22.908211201031285], [91.43050914596253, 22.908216980775784], [91.43050082874194, 22.908939392439546], [91.43030587572675, 22.908937466029588], [91.43030379611103, 22.909118068917945], [91.42971893641753, 22.909112288203076]]]}}, {"type": "Feature", "properties": {"aoi_name": "Feni", "sensor": "Sentinel-1", "acquisition_date": "2024-08-21", "baseline_date": "2024-08-09", "area_km2": 0.0072, "threshold": 1.25, "detects": "open_water_only"}, "geometry": {"type": "Polygon", "coordinates": [[[91.42063413034283, 22.969530660338197], [91.42063622891663, 22.969350059665206], [91.4204411903096, 22.96934811633049], [91.42044958542859, 22.968625713663563], [91.42103469820661, 22.968631542744586], [91.42103260023529, 22.968812143468718], [91.42122763812921, 22.968814086033213], [91.42121924706774, 22.969536488954745], [91.42063413034283, 22.969530660338197]]]}}, {"type": "Feature", "properties": {"aoi_name": "Feni", "sensor": "Sentinel-1", "acquisition_date": "2024-08-21", "baseline_date": "2024-08-09", "area_km2": 0.0072, "threshold": 1.25, "detects": "open_water_only"}, "geometry": {"type": "Polygon", "coordinates": [[[91.48788863585533, 22.92069492064618], [91.4878946492049, 22.920153098037645], [91.48828459793062, 22.920156811004485], [91.48828660182353, 22.91997620342725], [91.48887152428935, 22.919981771034657], [91.48886351169477, 22.920704201513022], [91.48788863585533, 22.92069492064618]]]}}, {"type": "Feature", "properties": {"aoi_name": "Feni", "sensor": "Sentinel-1", "acquisition_date": "2024-08-21", "baseline_date": "2024-08-09", "area_km2": 0.0072, "threshold": 1.25, "detects": "open_water_only"}, "geometry": {"type": "Polygon", "coordinates": [[[91.42274036244449, 23.14041806248036], [91.42274247562426, 23.14023746552386], [91.42254719048677, 23.140235511173895], [91.42255353068265, 23.13969372032945], [91.42352995266201, 23.139703489407108], [91.42352361638666, 23.140245280506296], [91.4233283311642, 23.1402433271233], [91.42332621876858, 23.140423924130747], [91.42274036244449, 23.14041806248036]]]}}, {"type": "Feature", "properties": {"aoi_name": "Feni", "sensor": "Sentinel-1", "acquisition_date": "2024-08-21", "baseline_date": "2024-08-09", "area_km2": 0.0072, "threshold": 1.25, "detects": "open_water_only"}, "geometry": {"type": "Polygon", "coordinates": [[[91.47610141499611, 23.171287337737034], [91.47610959385958, 23.170564934413406], [91.47630492792946, 23.170566824745976], [91.47630697233213, 23.17038622388787], [91.47689297387952, 23.170391893383623], [91.47688479928776, 23.17111429698707], [91.47668946437071, 23.17111240733164], [91.47668742040959, 23.17129300820532], [91.47610141499611, 23.171287337737034]]]}}, {"type": "Feature", "properties": {"aoi_name": "Feni", "sensor": "Sentinel-1", "acquisition_date": "2024-08-21", "baseline_date": "2024-08-09", "area_km2": 0.0072, "threshold": 1.25, "detects": "open_water_only"}, "geometry": {"type": "Polygon", "coordinates": [[[91.43002890862327, 23.20208153056766], [91.4300310183022, 23.201900934389883], [91.4298356430128, 23.201898984185686], [91.4298440825658, 23.201176599498982], [91.43043020535038, 23.201182449181214], [91.43042809628069, 23.20136304541012], [91.43062347084684, 23.20136499483619], [91.43061503540547, 23.202087379776195], [91.43002890862327, 23.20208153056766]]]}}, {"type": "Feature", "properties": {"aoi_name": "Feni", "sensor": "Sentinel-1", "acquisition_date": "2024-08-21", "baseline_date": "2024-08-09", "area_km2": 0.0072, "threshold": 1.25, "detects": "open_water_only"}, "geometry": {"type": "Polygon", "coordinates": [[[91.52688210810716, 22.921242101139068], [91.52688796657782, 22.920700268912793], [91.5270829451875, 22.92070207768696], [91.52708489771335, 22.920521466920498], [91.52766983288605, 22.92052689176008], [91.52766788113492, 22.92070750257405], [91.5278628598235, 22.92070931039128], [91.52785700522652, 22.9212511428551], [91.52688210810716, 22.921242101139068]]]}}, {"type": "Feature", "properties": {"aoi_name": "Feni", "sensor": "Sentinel-1", "acquisition_date": "2024-08-21", "baseline_date": "2024-08-09", "area_km2": 0.0072, "threshold": 1.25, "detects": "open_water_only"}, "geometry": {"type": "Polygon", "coordinates": [[[91.43526173185741, 23.138556060460324], [91.43527221274488, 23.137653069983315], [91.43605334324178, 23.137660822067673], [91.4360470579087, 23.13820261656899], [91.43585177446883, 23.138200678859945], [91.43584758361872, 23.13856187513889], [91.43526173185741, 23.138556060460324]]]}}, {"type": "Feature", "properties": {"aoi_name": "Feni", "sensor": "Sentinel-1", "acquisition_date": "2024-08-21", "baseline_date": "2024-08-09", "area_km2": 0.0072, "threshold": 1.25, "detects": "open_water_only"}, "geometry": {"type": "Polygon", "coordinates": [[[91.47574054210696, 23.082237426114503], [91.47574868781173, 23.081515014762765], [91.47594389296954, 23.08151689869582], [91.47594592908393, 23.08133629583073], [91.47653154389873, 23.081341946134202], [91.47652340244474, 23.082064357765613], [91.4763281964438, 23.0820624745066], [91.47632616076851, 23.08224307738731], [91.47574054210696, 23.082237426114503]]]}}, {"type": "Feature", "properties": {"aoi_name": "Feni", "sensor": "Sentinel-1", "acquisition_date": "2024-08-21", "baseline_date": "2024-08-09", "area_km2": 0.0072, "threshold": 1.25, "detects": "open_water_only"}, "geometry": {"type": "Polygon", "coordinates": [[[91.422244691204, 22.998807360497306], [91.42225098938191, 22.998265560043567], [91.42342147147805, 22.998277216917764], [91.42341517796785, 22.998819017676933], [91.422244691204, 22.998807360497306]]]}}, {"type": "Feature", "properties": {"aoi_name": "Feni", "sensor": "Sentinel-1", "acquisition_date": "2024-08-21", "baseline_date": "2024-08-09", "area_km2": 0.0072, "threshold": 1.25, "detects": "open_water_only"}, "geometry": {"type": "Polygon", "coordinates": [[[91.5155703782243, 23.010727873021217], [91.51558026003265, 23.009824834096577], [91.51616557643234, 23.009830321391284], [91.51616162532595, 23.01019153706979], [91.51635673135142, 23.010193365719427], [91.51635080532103, 23.010735189252998], [91.5155703782243, 23.010727873021217]]]}}, {"type": "Feature", "properties": {"aoi_name": "Feni", "sensor": "Sentinel-1", "acquisition_date": "2024-08-21", "baseline_date": "2024-08-09", "area_km2": 0.0072, "threshold": 1.25, "detects": "open_water_only"}, "geometry": {"type": "Polygon", "coordinates": [[[91.45643957895167, 23.011426713328493], [91.45644779955032, 23.010704302061676], [91.45703310370442, 23.01071000814263], [91.45703104936437, 23.01089061101559], [91.45742125275638, 23.010894413901504], [91.45741509116904, 23.01143622259423], [91.45643957895167, 23.011426713328493]]]}}, {"type": "Feature", "properties": {"aoi_name": "Feni", "sensor": "Sentinel-1", "acquisition_date": "2024-08-21", "baseline_date": "2024-08-09", "area_km2": 0.0072, "threshold": 1.25, "detects": "open_water_only"}, "geometry": {"type": "Polygon", "coordinates": [[[91.56432182020092, 22.958253041080592], [91.56432372684777, 22.958072428173327], [91.5641286914795, 22.95807066240821], [91.5641344120809, 22.957528823707182], [91.56510958523278, 22.957537649904367], [91.56510386851329, 22.95807948883699], [91.56490883306805, 22.9580777240306], [91.56490692719761, 22.958258336984184], [91.56432182020092, 22.958253041080592]]]}}, {"type": "Feature", "properties": {"aoi_name": "Feni", "sensor": "Sentinel-1", "acquisition_date": "2024-08-21", "baseline_date": "2024-08-09", "area_km2": 0.0072, "threshold": 1.25, "detects": "open_water_only"}, "geometry": {"type": "Polygon", "coordinates": [[[91.41598177650307, 23.133848044092876], [91.41599238408823, 23.13294506146877], [91.41657820603487, 23.13295094640442], [91.4165760853443, 23.13313154298905], [91.41677135963045, 23.133133504168004], [91.4167649982146, 23.133675293947114], [91.41656972314465, 23.133673332717002], [91.41656760236877, 23.133853929284356], [91.41598177650307, 23.133848044092876]]]}}, {"type": "Feature", "properties": {"aoi_name": "Feni", "sensor": "Sentinel-1", "acquisition_date": "2024-08-21", "baseline_date": "2024-08-09", "area_km2": 0.0072, "threshold": 1.25, "detects": "open_water_only"}, "geometry": {"type": "Polygon", "coordinates": [[[91.49766679371508, 23.181970639110084], [91.49766881057045, 23.18179003672625], [91.49747345827869, 23.181788172040157], [91.49748152654553, 23.181065762526497], [91.49806758033743, 23.18107135566382], [91.49806556408713, 23.18125195809725], [91.49826091565362, 23.18125382200803], [91.49825285149792, 23.18197623176337], [91.49766679371508, 23.181970639110084]]]}}, {"type": "Feature", "properties": {"aoi_name": "Feni", "sensor": "Sentinel-1", "acquisition_date": "2024-08-21", "baseline_date": "2024-08-09", "area_km2": 0.0072, "threshold": 1.25, "detects": "open_water_only"}, "geometry": {"type": "Polygon", "coordinates": [[[91.31766269857941, 22.952215903587764], [91.31766493206014, 22.952035311806494], [91.31746992830827, 22.952033243284422], [91.31747662939092, 22.951491467969], [91.31845164449705, 22.951501807912855], [91.31844494729317, 22.952043583499627], [91.3182499434511, 22.95204151593561], [91.31824771074614, 22.952222107771153], [91.31766269857941, 22.952215903587764]]]}}, {"type": "Feature", "properties": {"aoi_name": "Feni", "sensor": "Sentinel-1", "acquisition_date": "2024-08-21", "baseline_date": "2024-08-09", "area_km2": 0.0072, "threshold": 1.25, "detects": "open_water_only"}, "geometry": {"type": "Polygon", "coordinates": [[[91.51335095883239, 23.017390211772643], [91.51335293882741, 23.017209604330446], [91.51315782297745, 23.01720777145286], [91.51316376362162, 23.01666594914859], [91.51394422402572, 23.016673279024886], [91.51394224486947, 23.016853886527908], [91.51413736028, 23.016855718412106], [91.51413142347039, 23.01739754094346], [91.51335095883239, 23.017390211772643]]]}}, {"type": "Feature", "properties": {"aoi_name": "Feni", "sensor": "Sentinel-1", "acquisition_date": "2024-08-21", "baseline_date": "2024-08-09", "area_km2": 0.0072, "threshold": 1.25, "detects": "open_water_only"}, "geometry": {"type": "Polygon", "coordinates": [[[91.44368335970569, 23.01780420557258], [91.44368543250717, 23.017623604000924], [91.44349032239406, 23.017621685224174], [91.4434986144294, 23.016899278961574], [91.44408394171624, 23.016905034369884], [91.44408186951755, 23.017085635992217], [91.44427697891454, 23.01708755399776], [91.44426869094922, 23.017809960511087], [91.44368335970569, 23.01780420557258]]]}}, {"type": "Feature", "properties": {"aoi_name": "Feni", "sensor": "Sentinel-1", "acquisition_date": "2024-08-21", "baseline_date": "2024-08-09", "area_km2": 0.0068, "threshold": 1.25, "detects": "open_water_only"}, "geometry": {"type": "Polygon", "coordinates": [[[91.39778410798792, 23.186042836498235], [91.39779056192745, 23.185501055331933], [91.3981812588054, 23.185505032435977], [91.39818340955134, 23.1853244386707], [91.39876945424419, 23.185330402458057], [91.39876300429981, 23.185872183896166], [91.39856765526119, 23.185870196157556], [91.3985655049745, 23.186050789944343], [91.39778410798792, 23.186042836498235]]]}}, {"type": "Feature", "properties": {"aoi_name": "Feni", "sensor": "Sentinel-1", "acquisition_date": "2024-08-21", "baseline_date": "2024-08-09", "area_km2": 0.0068, "threshold": 1.25, "detects": "open_water_only"}, "geometry": {"type": "Polygon", "coordinates": [[[91.42961925215964, 23.035907989992143], [91.42962343886518, 23.03554679010166], [91.42942830427006, 23.03554485257212], [91.42943458494969, 23.035003052754842], [91.43001998645968, 23.035008864469777], [91.43001789370047, 23.03518946446387], [91.43021302783916, 23.03519140123803], [91.43020465763074, 23.035913801238966], [91.42961925215964, 23.035907989992143]]]}}, {"type": "Feature", "properties": {"aoi_name": "Feni", "sensor": "Sentinel-1", "acquisition_date": "2024-08-21", "baseline_date": "2024-08-09", "area_km2": 0.0068, "threshold": 1.25, "detects": "open_water_only"}, "geometry": {"type": "Polygon", "coordinates": [[[91.4358674210075, 23.10316068819478], [91.43586951283763, 23.10298008924596], [91.4354790479321, 23.10297621870607], [91.4354853248612, 23.102434421934813], [91.43626625162642, 23.102442161847247], [91.4362641603811, 23.10262276084267], [91.43645939238586, 23.10262469523434], [91.43645311930615, 23.10316649224526], [91.4358674210075, 23.10316068819478]]]}}, {"type": "Feature", "properties": {"aoi_name": "Feni", "sensor": "Sentinel-1", "acquisition_date": "2024-08-21", "baseline_date": "2024-08-09", "area_km2": 0.0068, "threshold": 1.25, "detects": "open_water_only"}, "geometry": {"type": "Polygon", "coordinates": [[[91.42033656414851, 23.19548228790808], [91.42034293016084, 23.19494050143958], [91.4205382944448, 23.194942462877712], [91.42054253782214, 23.194581271843038], [91.42112862922886, 23.19458715460109], [91.421120145535, 23.195309536857284], [91.42092478066277, 23.195307576112263], [91.4209226594239, 23.195488171648492], [91.42033656414851, 23.19548228790808]]]}}, {"type": "Feature", "properties": {"aoi_name": "Feni", "sensor": "Sentinel-1", "acquisition_date": "2024-08-21", "baseline_date": "2024-08-09", "area_km2": 0.0068, "threshold": 1.25, "detects": "open_water_only"}, "geometry": {"type": "Polygon", "coordinates": [[[91.51270125784303, 22.951997243477532], [91.51270323242956, 22.95181663459963], [91.51250821053416, 22.95181480583367], [91.51251413495012, 22.951272979222313], [91.51309919836798, 22.95127846465745], [91.51309722435865, 22.95145907358016], [91.51348726725425, 22.951462729370974], [91.51348134665871, 22.952004556209427], [91.51270125784303, 22.951997243477532]]]}}, {"type": "Feature", "properties": {"aoi_name": "Feni", "sensor": "Sentinel-1", "acquisition_date": "2024-08-21", "baseline_date": "2024-08-09", "area_km2": 0.0068, "threshold": 1.25, "detects": "open_water_only"}, "geometry": {"type": "Polygon", "coordinates": [[[91.50089318457286, 23.19049062208183], [91.50089519792414, 23.19031001962561], [91.5005044680373, 23.190306296729688], [91.50051050954265, 23.189764489432086], [91.50129196625156, 23.189771934060698], [91.50128995348521, 23.18995253656213], [91.50148531797511, 23.18995439712955], [91.50147928034119, 23.190496204656473], [91.50089318457286, 23.19049062208183]]]}}, {"type": "Feature", "properties": {"aoi_name": "Feni", "sensor": "Sentinel-1", "acquisition_date": "2024-08-21", "baseline_date": "2024-08-09", "area_km2": 0.0068, "threshold": 1.25, "detects": "open_water_only"}, "geometry": {"type": "Polygon", "coordinates": [[[91.41880550395469, 23.19275765658], [91.41880762775757, 23.192577061166133], [91.41861226707344, 23.19257509776806], [91.4186186391405, 23.192033311551626], [91.41920471889772, 23.192039200865494], [91.41920259568307, 23.192219796326402], [91.41959331615207, 23.19222372135799], [91.41958694795301, 23.192765507816915], [91.41880550395469, 23.19275765658]]]}}, {"type": "Feature", "properties": {"aoi_name": "Feni", "sensor": "Sentinel-1", "acquisition_date": "2024-08-21", "baseline_date": "2024-08-09", "area_km2": 0.0068, "threshold": 1.25, "detects": "open_water_only"}, "geometry": {"type": "Polygon", "coordinates": [[[91.43225886972404, 23.111252752862], [91.43226516208487, 23.110710957495], [91.4326556487528, 23.110714837208395], [91.43265774564232, 23.110534238710347], [91.4332434750196, 23.110540056419286], [91.43323718663632, 23.11108185205234], [91.43304194270662, 23.111079913006822], [91.43303984627572, 23.111260511525675], [91.43225886972404, 23.111252752862]]]}}, {"type": "Feature", "properties": {"aoi_name": "Feni", "sensor": "Sentinel-1", "acquisition_date": "2024-08-21", "baseline_date": "2024-08-09", "area_km2": 0.0068, "threshold": 1.25, "detects": "open_water_only"}, "geometry": {"type": "Polygon", "coordinates": [[[91.50233535470467, 22.97231051047344], [91.50233734501195, 22.97212990291323], [91.50214229490977, 22.97212805986829], [91.50215025697388, 22.971405629649126], [91.50273540423305, 22.971411157871135], [91.50273142479497, 22.971772373085933], [91.50292647443948, 22.97177421537918], [91.50292050590865, 22.97231603821762], [91.50233535470467, 22.97231051047344]]]}}, {"type": "Feature", "properties": {"aoi_name": "Feni", "sensor": "Sentinel-1", "acquisition_date": "2024-08-21", "baseline_date": "2024-08-09", "area_km2": 0.0068, "threshold": 1.25, "detects": "open_water_only"}, "geometry": {"type": "Polygon", "coordinates": [[[91.41893352379728, 22.897626059229367], [91.41894189769144, 22.896903650568355], [91.41913683243851, 22.896905589960724], [91.4191389256013, 22.89672498776777], [91.41972372919592, 22.89673080446041], [91.41971745196471, 22.897272611179375], [91.41952251663845, 22.89727067246977], [91.41951833119616, 22.89763187689368], [91.41893352379728, 22.897626059229367]]]}}, {"type": "Feature", "properties": {"aoi_name": "Feni", "sensor": "Sentinel-1", "acquisition_date": "2024-08-21", "baseline_date": "2024-08-09", "area_km2": 0.0068, "threshold": 1.25, "detects": "open_water_only"}, "geometry": {"type": "Polygon", "coordinates": [[[91.4538453969064, 23.1530084133451], [91.45385368787989, 23.15228601590252], [91.45404899340036, 23.1522879324127], [91.45405106583007, 23.152107333024627], [91.4546369817318, 23.15211308105384], [91.45463076673424, 23.152654879354966], [91.45443546062813, 23.15265296353718], [91.45443131666917, 23.153014162349738], [91.4538453969064, 23.1530084133451]]]}}, {"type": "Feature", "properties": {"aoi_name": "Feni", "sensor": "Sentinel-1", "acquisition_date": "2024-08-21", "baseline_date": "2024-08-09", "area_km2": 0.0068, "threshold": 1.25, "detects": "open_water_only"}, "geometry": {"type": "Polygon", "coordinates": [[[91.40743957903463, 22.980235889613002], [91.40744169623574, 22.98005529034079], [91.40724664351609, 22.980053329914757], [91.40725511314302, 22.979330932851443], [91.40784026825764, 22.979336813204338], [91.40783603504111, 22.979698011847375], [91.40803108730678, 22.979699971519526], [91.40802473809889, 22.980241769503223], [91.40743957903463, 22.980235889613002]]]}}, {"type": "Feature", "properties": {"aoi_name": "Feni", "sensor": "Sentinel-1", "acquisition_date": "2024-08-21", "baseline_date": "2024-08-09", "area_km2": 0.0068, "threshold": 1.25, "detects": "open_water_only"}, "geometry": {"type": "Polygon", "coordinates": [[[91.44588518795874, 23.165754047615458], [91.4458914420694, 23.165212252462585], [91.44608676559356, 23.165214179853646], [91.44609093437245, 23.16485298303001], [91.44667690350012, 23.164858763650518], [91.44666856899956, 23.16558115748135], [91.44647324488906, 23.16557923078296], [91.44647116094983, 23.16575982921314], [91.44588518795874, 23.165754047615458]]]}}, {"type": "Feature", "properties": {"aoi_name": "Feni", "sensor": "Sentinel-1", "acquisition_date": "2024-08-21", "baseline_date": "2024-08-09", "area_km2": 0.0068, "threshold": 1.25, "detects": "open_water_only"}, "geometry": {"type": "Polygon", "coordinates": [[[91.48603624766037, 23.139051922789054], [91.48603827592375, 23.13887132039199], [91.48584298691527, 23.138869444551766], [91.48584907236719, 23.13832763738365], [91.48643493710138, 23.138333264032333], [91.48643290942192, 23.138513866474913], [91.4868234865361, 23.13851761639789], [91.48681740494375, 23.13905942379762], [91.48603624766037, 23.139051922789054]]]}}, {"type": "Feature", "properties": {"aoi_name": "Feni", "sensor": "Sentinel-1", "acquisition_date": "2024-08-21", "baseline_date": "2024-08-09", "area_km2": 0.0068, "threshold": 1.25, "detects": "open_water_only"}, "geometry": {"type": "Polygon", "coordinates": [[[91.33600034281295, 22.967761753657577], [91.33600697517697, 22.967219974272176], [91.33639702995514, 22.967224068060155], [91.33639924018088, 22.96704347488728], [91.336984321739, 22.967049613717865], [91.33697769332423, 22.967591393384584], [91.33678266533943, 22.967589347293753], [91.33678045556441, 22.967769940489475], [91.33600034281295, 22.967761753657577]]]}}, {"type": "Feature", "properties": {"aoi_name": "Feni", "sensor": "Sentinel-1", "acquisition_date": "2024-08-21", "baseline_date": "2024-08-09", "area_km2": 0.0068, "threshold": 1.25, "detects": "open_water_only"}, "geometry": {"type": "Polygon", "coordinates": [[[91.54273890791912, 23.006464606950036], [91.54274278757084, 23.006103386779444], [91.54254768510816, 23.00610159094355], [91.54255350521743, 23.005559760702667], [91.54313881032884, 23.005565147348534], [91.54313687109043, 23.00574575748014], [91.54333197309282, 23.005747552563978], [91.54332421698146, 23.006469993110375], [91.54273890791912, 23.006464606950036]]]}}, {"type": "Feature", "properties": {"aoi_name": "Feni", "sensor": "Sentinel-1", "acquisition_date": "2024-08-21", "baseline_date": "2024-08-09", "area_km2": 0.0068, "threshold": 1.25, "detects": "open_water_only"}, "geometry": {"type": "Polygon", "coordinates": [[[91.40522954654008, 23.2171843700192], [91.40523598013725, 23.21664258902148], [91.40543137453483, 23.216644570958895], [91.40543566296705, 23.216283383571053], [91.40602184471406, 23.216289327824466], [91.40601327091329, 23.21701170278896], [91.40581787592619, 23.217009721545075], [91.40581573215972, 23.217190315258186], [91.40522954654008, 23.2171843700192]]]}}, {"type": "Feature", "properties": {"aoi_name": "Feni", "sensor": "Sentinel-1", "acquisition_date": "2024-08-21", "baseline_date": "2024-08-09", "area_km2": 0.0068, "threshold": 1.25, "detects": "open_water_only"}, "geometry": {"type": "Polygon", "coordinates": [[[91.40969031854183, 22.887780205641807], [91.40969452798574, 22.887419002493804], [91.40949960768297, 22.887417052283848], [91.40950592246229, 22.88687524758101], [91.41009068111512, 22.88688109734061], [91.41008857698307, 22.887061698963794], [91.41028349683427, 22.88706364842316], [91.41027508112406, 22.88778605494143], [91.40969031854183, 22.887780205641807]]]}}, {"type": "Feature", "properties": {"aoi_name": "Feni", "sensor": "Sentinel-1", "acquisition_date": "2024-08-21", "baseline_date": "2024-08-09", "area_km2": 0.0064, "threshold": 1.25, "detects": "open_water_only"}, "geometry": {"type": "Polygon", "coordinates": [[[91.32765360711697, 22.980317015591087], [91.32766249998609, 22.979594647291183], [91.32844267733184, 22.97960287914002], [91.32843378860669, 22.980325247727684], [91.32765360711697, 22.980317015591087]]]}}, {"type": "Feature", "properties": {"aoi_name": "Feni", "sensor": "Sentinel-1", "acquisition_date": "2024-08-21", "baseline_date": "2024-08-09", "area_km2": 0.0064, "threshold": 1.25, "detects": "open_water_only"}, "geometry": {"type": "Polygon", "coordinates": [[[91.42916029713253, 23.07545927386694], [91.42916868895252, 23.074736877839126], [91.4299494533461, 23.074744640221443], [91.429941065693, 23.075467036519743], [91.42916029713253, 23.07545927386694]]]}}, {"type": "Feature", "properties": {"aoi_name": "Feni", "sensor": "Sentinel-1", "acquisition_date": "2024-08-21", "baseline_date": "2024-08-09", "area_km2": 0.0064, "threshold": 1.25, "detects": "open_water_only"}, "geometry": {"type": "Polygon", "coordinates": [[[91.5021375870067, 23.078516273628885], [91.50214559023638, 23.077793853115047], [91.50292639903645, 23.07780125579368], [91.50291839997493, 23.078523676565446], [91.5021375870067, 23.078516273628885]]]}}, {"type": "Feature", "properties": {"aoi_name": "Feni", "sensor": "Sentinel-1", "acquisition_date": "2024-08-21", "baseline_date": "2024-08-09", "area_km2": 0.0064, "threshold": 1.25, "detects": "open_water_only"}, "geometry": {"type": "Polygon", "coordinates": [[[91.42693361950255, 23.182724559084107], [91.42693573136965, 23.182543962731444], [91.42654503762935, 23.182540057464223], [91.42655137467531, 23.181998268481994], [91.4271374129597, 23.18200412586695], [91.4271353014182, 23.182184722249524], [91.42752599423783, 23.182188625995554], [91.42751966105806, 23.182730415218984], [91.42693361950255, 23.182724559084107]]]}}, {"type": "Feature", "properties": {"aoi_name": "Feni", "sensor": "Sentinel-1", "acquisition_date": "2024-08-21", "baseline_date": "2024-08-09", "area_km2": 0.0064, "threshold": 1.25, "detects": "open_water_only"}, "geometry": {"type": "Polygon", "coordinates": [[[91.52569996121046, 22.94037775907001], [91.52570582983641, 22.93983592843763], [91.52609584165435, 22.939839551499702], [91.52609779730645, 22.939658941248666], [91.52668281440597, 22.939664373998294], [91.52667694971709, 22.940206204881225], [91.52628693674654, 22.94020258319251], [91.5262849812937, 22.940383193446596], [91.52569996121046, 22.94037775907001]]]}}, {"type": "Feature", "properties": {"aoi_name": "Feni", "sensor": "Sentinel-1", "acquisition_date": "2024-08-21", "baseline_date": "2024-08-09", "area_km2": 0.0064, "threshold": 1.25, "detects": "open_water_only"}, "geometry": {"type": "Polygon", "coordinates": [[[91.50398485878226, 22.94649646455823], [91.50399280116419, 22.945774031396308], [91.50477285120643, 22.94578138506678], [91.50476491296206, 22.946503818486082], [91.50398485878226, 22.94649646455823]]]}}, {"type": "Feature", "properties": {"aoi_name": "Feni", "sensor": "Sentinel-1", "acquisition_date": "2024-08-21", "baseline_date": "2024-08-09", "area_km2": 0.0064, "threshold": 1.25, "detects": "open_water_only"}, "geometry": {"type": "Polygon", "coordinates": [[[91.43036303866269, 23.123154759968052], [91.43037144340755, 23.122432367883377], [91.43115248393657, 23.12244013942811], [91.43114408336969, 23.123162531783144], [91.43036303866269, 23.123154759968052]]]}}, {"type": "Feature", "properties": {"aoi_name": "Feni", "sensor": "Sentinel-1", "acquisition_date": "2024-08-21", "baseline_date": "2024-08-09", "area_km2": 0.0064, "threshold": 1.25, "detects": "open_water_only"}, "geometry": {"type": "Polygon", "coordinates": [[[91.46862642333716, 23.124253438915538], [91.46863462368138, 23.123531033809947], [91.4694156847521, 23.12353861624324], [91.4694074885864, 23.124261021612604], [91.46862642333716, 23.124253438915538]]]}}, {"type": "Feature", "properties": {"aoi_name": "Feni", "sensor": "Sentinel-1", "acquisition_date": "2024-08-21", "baseline_date": "2024-08-09", "area_km2": 0.0064, "threshold": 1.25, "detects": "open_water_only"}, "geometry": {"type": "Polygon", "coordinates": [[[91.45350968493192, 23.045896977882776], [91.45351793489372, 23.04517457076144], [91.45429853785078, 23.045182203591597], [91.45429029204917, 23.045904610979168], [91.45350968493192, 23.045896977882776]]]}}, {"type": "Feature", "properties": {"aoi_name": "Feni", "sensor": "Sentinel-1", "acquisition_date": "2024-08-21", "baseline_date": "2024-08-09", "area_km2": 0.0064, "threshold": 1.25, "detects": "open_water_only"}, "geometry": {"type": "Polygon", "coordinates": [[[91.39538700367723, 23.026172228332253], [91.39539555545154, 23.025449839665356], [91.39617602292304, 23.02545775297528], [91.39616747530388, 23.026180141918385], [91.39538700367723, 23.026172228332253]]]}}, {"type": "Feature", "properties": {"aoi_name": "Feni", "sensor": "Sentinel-1", "acquisition_date": "2024-08-21", "baseline_date": "2024-08-09", "area_km2": 0.0064, "threshold": 1.25, "detects": "open_water_only"}, "geometry": {"type": "Polygon", "coordinates": [[[91.40974313620526, 23.03336134251877], [91.40975161443978, 23.03263894943546], [91.41053212878174, 23.032646794255484], [91.41052365470416, 23.03336918761254], [91.40974313620526, 23.03336134251877]]]}}, {"type": "Feature", "properties": {"aoi_name": "Feni", "sensor": "Sentinel-1", "acquisition_date": "2024-08-21", "baseline_date": "2024-08-09", "area_km2": 0.0064, "threshold": 1.25, "detects": "open_water_only"}, "geometry": {"type": "Polygon", "coordinates": [[[91.45976671306417, 23.1817849508295], [91.45977291611715, 23.18124315321616], [91.45996826418754, 23.18124506463965], [91.45997239892837, 23.180883866175993], [91.46055844169223, 23.180889598893522], [91.46055224190772, 23.18143139673182], [91.46035689351304, 23.181429486018445], [91.4603527596956, 23.181790684522568], [91.45976671306417, 23.1817849508295]]]}}, {"type": "Feature", "properties": {"aoi_name": "Feni", "sensor": "Sentinel-1", "acquisition_date": "2024-08-21", "baseline_date": "2024-08-09", "area_km2": 0.0064, "threshold": 1.25, "detects": "open_water_only"}, "geometry": {"type": "Polygon", "coordinates": [[[91.51726562602585, 22.962697001221084], [91.5172735041105, 22.96197456515834], [91.51805365176439, 22.961981858396836], [91.51804577782113, 22.9627042947147], [91.51726562602585, 22.962697001221084]]]}}, {"type": "Feature", "properties": {"aoi_name": "Feni", "sensor": "Sentinel-1", "acquisition_date": "2024-08-21", "baseline_date": "2024-08-09", "area_km2": 0.0064, "threshold": 1.25, "detects": "open_water_only"}, "geometry": {"type": "Polygon", "coordinates": [[[91.41259983130284, 22.872275712586205], [91.41260612913251, 22.87173390603556], [91.41280102734376, 22.87173585117889], [91.41280522527572, 22.871374646756273], [91.413389918492, 22.871380480652213], [91.41338362387948, 22.871922287433247], [91.41318872534707, 22.87192034298872], [91.41318452831763, 22.8722815474539], [91.41259983130284, 22.872275712586205]]]}}, {"type": "Feature", "properties": {"aoi_name": "Feni", "sensor": "Sentinel-1", "acquisition_date": "2024-08-21", "baseline_date": "2024-08-09", "area_km2": 0.0064, "threshold": 1.25, "detects": "open_water_only"}, "geometry": {"type": "Polygon", "coordinates": [[[91.41749946545539, 23.137656261810132], [91.41750158537248, 23.137475665248243], [91.41711102410862, 23.13747174376384], [91.41711738529993, 23.136929954154514], [91.41770322487577, 23.136935835865167], [91.41770110528395, 23.137116432457056], [91.41809166563039, 23.137120352423057], [91.41808530829505, 23.137662142275044], [91.41749946545539, 23.137656261810132]]]}}, {"type": "Feature", "properties": {"aoi_name": "Feni", "sensor": "Sentinel-1", "acquisition_date": "2024-08-21", "baseline_date": "2024-08-09", "area_km2": 0.0064, "threshold": 1.25, "detects": "open_water_only"}, "geometry": {"type": "Polygon", "coordinates": [[[91.40222909007676, 23.140753319498227], [91.40223337143122, 23.14039212919708], [91.40203808801648, 23.140390149430228], [91.40204451067083, 23.139848363997725], [91.40263035862733, 23.13985430241822], [91.40262607844745, 23.140215492814118], [91.40282136166537, 23.140217471838554], [91.40281494201827, 23.14075925745158], [91.40222909007676, 23.140753319498227]]]}}, {"type": "Feature", "properties": {"aoi_name": "Feni", "sensor": "Sentinel-1", "acquisition_date": "2024-08-21", "baseline_date": "2024-08-09", "area_km2": 0.0064, "threshold": 1.25, "detects": "open_water_only"}, "geometry": {"type": "Polygon", "coordinates": [[[91.45084276061814, 23.125344086557927], [91.45085105660611, 23.124621687610336], [91.4516321174418, 23.124629358439858], [91.45162382563248, 23.125351757654297], [91.45084276061814, 23.125344086557927]]]}}, {"type": "Feature", "properties": {"aoi_name": "Feni", "sensor": "Sentinel-1", "acquisition_date": "2024-08-21", "baseline_date": "2024-08-09", "area_km2": 0.0064, "threshold": 1.25, "detects": "open_water_only"}, "geometry": {"type": "Polygon", "coordinates": [[[91.44966493681135, 23.12587437153097], [91.44966908810632, 23.125513172291907], [91.44947382176892, 23.125511252447676], [91.44948004933832, 23.12496945360685], [91.45006584606261, 23.12497521226456], [91.45006169593756, 23.125336411596248], [91.45025696207641, 23.12533833069904], [91.45025073751583, 23.125880129714318], [91.44966493681135, 23.12587437153097]]]}}, {"type": "Feature", "properties": {"aoi_name": "Feni", "sensor": "Sentinel-1", "acquisition_date": "2024-08-21", "baseline_date": "2024-08-09", "area_km2": 0.0064, "threshold": 1.25, "detects": "open_water_only"}, "geometry": {"type": "Polygon", "coordinates": [[[91.45060505679075, 23.230823229094998], [91.45061339633877, 23.23010083989848], [91.45139506945736, 23.230108544860563], [91.45138673411259, 23.230830934324167], [91.45060505679075, 23.230823229094998]]]}}, {"type": "Feature", "properties": {"aoi_name": "Feni", "sensor": "Sentinel-1", "acquisition_date": "2024-08-21", "baseline_date": "2024-08-09", "area_km2": 0.0064, "threshold": 1.25, "detects": "open_water_only"}, "geometry": {"type": "Polygon", "coordinates": [[[91.3351383764345, 22.974435502902345], [91.33514722698754, 22.973713131304677], [91.33592737355272, 22.97372132433495], [91.33591852714235, 22.974443696219076], [91.3351383764345, 22.974435502902345]]]}}, {"type": "Feature", "properties": {"aoi_name": "Feni", "sensor": "Sentinel-1", "acquisition_date": "2024-08-21", "baseline_date": "2024-08-09", "area_km2": 0.0064, "threshold": 1.25, "detects": "open_water_only"}, "geometry": {"type": "Polygon", "coordinates": [[[91.411211287936, 22.824035359289997], [91.41121548031427, 22.82367415298436], [91.41102065073372, 22.82367220975936], [91.41102693991223, 22.82313040032006], [91.41161142640657, 22.82313622912723], [91.4116072351828, 22.823497435526797], [91.41180206457025, 22.82349937802054], [91.41179577834578, 22.824041187639036], [91.411211287936, 22.824035359289997]]]}}, {"type": "Feature", "properties": {"aoi_name": "Feni", "sensor": "Sentinel-1", "acquisition_date": "2024-08-21", "baseline_date": "2024-08-09", "area_km2": 0.0064, "threshold": 1.25, "detects": "open_water_only"}, "geometry": {"type": "Polygon", "coordinates": [[[91.45701585567912, 22.891859147488283], [91.45702402563141, 22.891136725146428], [91.45780374598962, 22.891144292664954], [91.4577955801619, 22.891866715272158], [91.45701585567912, 22.891859147488283]]]}}, {"type": "Feature", "properties": {"aoi_name": "Feni", "sensor": "Sentinel-1", "acquisition_date": "2024-08-21", "baseline_date": "2024-08-09", "area_km2": 0.006, "threshold": 1.25, "detects": "open_water_only"}, "geometry": {"type": "Polygon", "coordinates": [[[91.41628550789099, 23.240776192529438], [91.41629190415381, 23.240234410241992], [91.41726905330184, 23.240244258228934], [91.41726266098149, 23.24078604077231], [91.41628550789099, 23.240776192529438]]]}}, {"type": "Feature", "properties": {"aoi_name": "Feni", "sensor": "Sentinel-1", "acquisition_date": "2024-08-21", "baseline_date": "2024-08-09", "area_km2": 0.006, "threshold": 1.25, "detects": "open_water_only"}, "geometry": {"type": "Polygon", "coordinates": [[[91.39481969950991, 22.77618641915287], [91.39482815090095, 22.7754640079838], [91.39541242957002, 22.775469884601712], [91.39541031752265, 22.77565048745211], [91.39560507737792, 22.77565244586699], [91.39559874187559, 22.77619425444425], [91.39481969950991, 22.77618641915287]]]}}, {"type": "Feature", "properties": {"aoi_name": "Feni", "sensor": "Sentinel-1", "acquisition_date": "2024-08-21", "baseline_date": "2024-08-09", "area_km2": 0.006, "threshold": 1.25, "detects": "open_water_only"}, "geometry": {"type": "Polygon", "coordinates": [[[91.39904198471419, 22.798264976330724], [91.39904409431117, 22.79808437366993], [91.3988493022745, 22.798082417634944], [91.39885563170641, 22.797540609678535], [91.39963479690444, 22.797548432185533], [91.39962636172167, 22.7982708430607], [91.39904198471419, 22.798264976330724]]]}}, {"type": "Feature", "properties": {"aoi_name": "Feni", "sensor": "Sentinel-1", "acquisition_date": "2024-08-21", "baseline_date": "2024-08-09", "area_km2": 0.006, "threshold": 1.25, "detects": "open_water_only"}, "geometry": {"type": "Polygon", "coordinates": [[[91.41912861881514, 22.796478527355507], [91.41913486761273, 22.795936713937834], [91.42010882238787, 22.79594636699256], [91.42010257743623, 22.796488180664927], [91.41912861881514, 22.796478527355507]]]}}, {"type": "Feature", "properties": {"aoi_name": "Feni", "sensor": "Sentinel-1", "acquisition_date": "2024-08-21", "baseline_date": "2024-08-09", "area_km2": 0.006, "threshold": 1.25, "detects": "open_water_only"}, "geometry": {"type": "Polygon", "coordinates": [[[91.39643262985717, 23.15189266687801], [91.39644122815565, 23.151170289330512], [91.39722242227515, 23.151178238165368], [91.397215976722, 23.151720021539674], [91.39702067737514, 23.151718034641963], [91.39701852855269, 23.151898629074147], [91.39643262985717, 23.15189266687801]]]}}, {"type": "Feature", "properties": {"aoi_name": "Feni", "sensor": "Sentinel-1", "acquisition_date": "2024-08-21", "baseline_date": "2024-08-09", "area_km2": 0.006, "threshold": 1.25, "detects": "open_water_only"}, "geometry": {"type": "Polygon", "coordinates": [[[91.49138447137122, 23.114899793953608], [91.49138649011596, 23.114719190557015], [91.4911912355805, 23.114717323179732], [91.49119729247597, 23.11417551301288], [91.49197830760725, 23.11418298087825], [91.49197023588253, 23.11490539468533], [91.49138447137122, 23.114899793953608]]]}}, {"type": "Feature", "properties": {"aoi_name": "Feni", "sensor": "Sentinel-1", "acquisition_date": "2024-08-21", "baseline_date": "2024-08-09", "area_km2": 0.006, "threshold": 1.25, "detects": "open_water_only"}, "geometry": {"type": "Polygon", "coordinates": [[[91.46101407704022, 23.22641005242754], [91.46102442920896, 23.225507060970926], [91.46161066684277, 23.225512800157382], [91.46160031861366, 23.226415791862717], [91.46101407704022, 23.22641005242754]]]}}, {"type": "Feature", "properties": {"aoi_name": "Feni", "sensor": "Sentinel-1", "acquisition_date": "2024-08-21", "baseline_date": "2024-08-09", "area_km2": 0.006, "threshold": 1.25, "detects": "open_water_only"}, "geometry": {"type": "Polygon", "coordinates": [[[91.46625423112557, 23.109600069020914], [91.46626243835959, 23.108877663378788], [91.46704341377865, 23.108885253023793], [91.46703726151543, 23.109427057459964], [91.46684201684688, 23.109425160361294], [91.46683996579026, 23.109605761814898], [91.46625423112557, 23.109600069020914]]]}}, {"type": "Feature", "properties": {"aoi_name": "Feni", "sensor": "Sentinel-1", "acquisition_date": "2024-08-21", "baseline_date": "2024-08-09", "area_km2": 0.006, "threshold": 1.25, "detects": "open_water_only"}, "geometry": {"type": "Polygon", "coordinates": [[[91.45398473774594, 23.157886511303857], [91.45399302992315, 23.157164114260492], [91.4545789677992, 23.157169863688143], [91.45457689557105, 23.157350463005397], [91.45477220849969, 23.157352379014025], [91.45476599247523, 23.15789417698985], [91.45398473774594, 23.157886511303857]]]}}, {"type": "Feature", "properties": {"aoi_name": "Feni", "sensor": "Sentinel-1", "acquisition_date": "2024-08-21", "baseline_date": "2024-08-09", "area_km2": 0.006, "threshold": 1.25, "detects": "open_water_only"}, "geometry": {"type": "Polygon", "coordinates": [[[91.33954037614697, 22.981345104448046], [91.33954920626493, 22.980622731860723], [91.34013434721578, 22.980628862484608], [91.34013214049675, 22.980809455691478], [91.34032718778391, 22.98081149877093], [91.34032056827029, 22.981353278419242], [91.33954037614697, 22.981345104448046]]]}}, {"type": "Feature", "properties": {"aoi_name": "Feni", "sensor": "Sentinel-1", "acquisition_date": "2024-08-21", "baseline_date": "2024-08-09", "area_km2": 0.006, "threshold": 1.25, "detects": "open_water_only"}, "geometry": {"type": "Polygon", "coordinates": [[[91.47898297410087, 22.984731885761462], [91.47899106418902, 22.984009464421966], [91.47977132458918, 22.984016952740063], [91.47976526016333, 22.984558768947416], [91.47957019425527, 22.98455689717875], [91.47956817248004, 22.984737502556285], [91.47898297410087, 22.984731885761462]]]}}, {"type": "Feature", "properties": {"aoi_name": "Feni", "sensor": "Sentinel-1", "acquisition_date": "2024-08-21", "baseline_date": "2024-08-09", "area_km2": 0.006, "threshold": 1.25, "detects": "open_water_only"}, "geometry": {"type": "Polygon", "coordinates": [[[91.41629724335588, 23.09032220075744], [91.41629936003845, 23.090141603218314], [91.41610414796607, 23.090139644890336], [91.41611049866788, 23.089597852298215], [91.41689134395757, 23.089605683958595], [91.41688288048279, 23.090328074345557], [91.41629724335588, 23.09032220075744]]]}}, {"type": "Feature", "properties": {"aoi_name": "Feni", "sensor": "Sentinel-1", "acquisition_date": "2024-08-21", "baseline_date": "2024-08-09", "area_km2": 0.006, "threshold": 1.25, "detects": "open_water_only"}, "geometry": {"type": "Polygon", "coordinates": [[[91.5077167464471, 23.085974682979938], [91.50772472274929, 23.08525226130282], [91.50831036311729, 23.085257794677442], [91.50830836985371, 23.085438400151343], [91.50850358361046, 23.085440244143328], [91.50849760448119, 23.085982060587465], [91.5077167464471, 23.085974682979938]]]}}, {"type": "Feature", "properties": {"aoi_name": "Feni", "sensor": "Sentinel-1", "acquisition_date": "2024-08-21", "baseline_date": "2024-08-09", "area_km2": 0.006, "threshold": 1.25, "detects": "open_water_only"}, "geometry": {"type": "Polygon", "coordinates": [[[91.46732110932123, 23.118822123388522], [91.46732931450146, 23.11809971822825], [91.4681103436611, 23.118107305445417], [91.46810419293982, 23.118649109520067], [91.46790893483572, 23.118647213028545], [91.46790688429296, 23.118827814361662], [91.46732110932123, 23.118822123388522]]]}}, {"type": "Feature", "properties": {"aoi_name": "Feni", "sensor": "Sentinel-1", "acquisition_date": "2024-08-21", "baseline_date": "2024-08-09", "area_km2": 0.006, "threshold": 1.25, "detects": "open_water_only"}, "geometry": {"type": "Polygon", "coordinates": [[[91.3804565100384, 22.837814173778874], [91.3804650627177, 22.837091773311226], [91.3812444458818, 22.837099698618236], [91.38123803448842, 22.837641499184198], [91.38104318789402, 22.837639518162565], [91.38104105046266, 22.83782011832525], [91.3804565100384, 22.837814173778874]]]}}, {"type": "Feature", "properties": {"aoi_name": "Feni", "sensor": "Sentinel-1", "acquisition_date": "2024-08-21", "baseline_date": "2024-08-09", "area_km2": 0.006, "threshold": 1.25, "detects": "open_water_only"}, "geometry": {"type": "Polygon", "coordinates": [[[91.39549445503052, 22.984089023433263], [91.3955029888055, 22.983366630892803], [91.39608815793534, 22.983372555611833], [91.39608602530114, 22.983553153805172], [91.3962810819799, 22.983555128248952], [91.39627468472544, 22.98409692285492], [91.39549445503052, 22.984089023433263]]]}}, {"type": "Feature", "properties": {"aoi_name": "Feni", "sensor": "Sentinel-1", "acquisition_date": "2024-08-21", "baseline_date": "2024-08-09", "area_km2": 0.006, "threshold": 1.25, "detects": "open_water_only"}, "geometry": {"type": "Polygon", "coordinates": [[[91.4638311970627, 22.978986363661882], [91.46383936544505, 22.978263946921807], [91.46442453182138, 22.978269618131314], [91.46442249053383, 22.978450222372327], [91.46461754629286, 22.978452112312258], [91.46461142308378, 22.978993925059143], [91.4638311970627, 22.978986363661882]]]}}, {"type": "Feature", "properties": {"aoi_name": "Feni", "sensor": "Sentinel-1", "acquisition_date": "2024-08-21", "baseline_date": "2024-08-09", "area_km2": 0.006, "threshold": 1.25, "detects": "open_water_only"}, "geometry": {"type": "Polygon", "coordinates": [[[91.42528019362113, 23.15706032161806], [91.4252886393831, 23.156337934405006], [91.42606987442534, 23.156345741885527], [91.42606354327506, 23.156887532505277], [91.42586823369784, 23.156885580947186], [91.42586612301037, 23.15706617779484], [91.42528019362113, 23.15706032161806]]]}}, {"type": "Feature", "properties": {"aoi_name": "Feni", "sensor": "Sentinel-1", "acquisition_date": "2024-08-21", "baseline_date": "2024-08-09", "area_km2": 0.006, "threshold": 1.25, "detects": "open_water_only"}, "geometry": {"type": "Polygon", "coordinates": [[[91.50207659561435, 22.978088106565856], [91.50208256918181, 22.97754628433125], [91.50227762705434, 22.97754812785956], [91.50227961794424, 22.977367520423357], [91.50286479090525, 22.97737304952064], [91.5028568303337, 22.978095479433104], [91.50207659561435, 22.978088106565856]]]}}, {"type": "Feature", "properties": {"aoi_name": "Feni", "sensor": "Sentinel-1", "acquisition_date": "2024-08-21", "baseline_date": "2024-08-09", "area_km2": 0.006, "threshold": 1.25, "detects": "open_water_only"}, "geometry": {"type": "Polygon", "coordinates": [[[91.48237375856122, 22.97808127542464], [91.48238384532674, 22.977178246558136], [91.48296901209989, 22.977183849058196], [91.48295892922003, 22.978086878169545], [91.48237375856122, 22.97808127542464]]]}}, {"type": "Feature", "properties": {"aoi_name": "Feni", "sensor": "Sentinel-1", "acquisition_date": "2024-08-21", "baseline_date": "2024-08-09", "area_km2": 0.006, "threshold": 1.25, "detects": "open_water_only"}, "geometry": {"type": "Polygon", "coordinates": [[[91.45048049817397, 22.883667437159954], [91.4504907497193, 22.882764411086267], [91.45107550228128, 22.882770109148964], [91.4510652546009, 22.88367313547247], [91.45048049817397, 22.883667437159954]]]}}, {"type": "Feature", "properties": {"aoi_name": "Feni", "sensor": "Sentinel-1", "acquisition_date": "2024-08-21", "baseline_date": "2024-08-09", "area_km2": 0.006, "threshold": 1.25, "detects": "open_water_only"}, "geometry": {"type": "Polygon", "coordinates": [[[91.42656395463037, 23.080490782720513], [91.42657446424283, 23.079587789378078], [91.42716005777913, 23.07959362229631], [91.42714955207418, 23.080496615892766], [91.42656395463037, 23.080490782720513]]]}}, {"type": "Feature", "properties": {"aoi_name": "Feni", "sensor": "Sentinel-1", "acquisition_date": "2024-08-21", "baseline_date": "2024-08-09", "area_km2": 0.006, "threshold": 1.25, "detects": "open_water_only"}, "geometry": {"type": "Polygon", "coordinates": [[[91.45590194596734, 23.143997586915134], [91.4559081532608, 23.143455787693643], [91.45610344617589, 23.143457700969993], [91.45610551497067, 23.14327710120426], [91.45669139305646, 23.143282839532667], [91.45668312088983, 23.14400523876928], [91.45590194596734, 23.143997586915134]]]}}, {"type": "Feature", "properties": {"aoi_name": "Feni", "sensor": "Sentinel-1", "acquisition_date": "2024-08-21", "baseline_date": "2024-08-09", "area_km2": 0.006, "threshold": 1.25, "detects": "open_water_only"}, "geometry": {"type": "Polygon", "coordinates": [[[91.42165447473188, 23.11638495954591], [91.42166503543075, 23.11548197244455], [91.42225078317408, 23.11548783213581], [91.4222402263905, 23.116390819492047], [91.42165447473188, 23.11638495954591]]]}}, {"type": "Feature", "properties": {"aoi_name": "Feni", "sensor": "Sentinel-1", "acquisition_date": "2024-08-21", "baseline_date": "2024-08-09", "area_km2": 0.006, "threshold": 1.25, "detects": "open_water_only"}, "geometry": {"type": "Polygon", "coordinates": [[[91.43789489147231, 22.995169446492554], [91.43790320425697, 22.99444704011325], [91.43848843315264, 22.994452810898437], [91.43848635576572, 22.99463341255011], [91.43868143236546, 22.99463533568186], [91.43867520085676, 22.995177140661514], [91.43789489147231, 22.995169446492554]]]}}, {"type": "Feature", "properties": {"aoi_name": "Feni", "sensor": "Sentinel-1", "acquisition_date": "2024-08-21", "baseline_date": "2024-08-09", "area_km2": 0.006, "threshold": 1.25, "detects": "open_water_only"}, "geometry": {"type": "Polygon", "coordinates": [[[91.45834530363324, 23.049737266545456], [91.45835147293981, 23.04919546023524], [91.45932725788526, 23.049204972414284], [91.45932109247978, 23.04974677897331], [91.45834530363324, 23.049737266545456]]]}}, {"type": "Feature", "properties": {"aoi_name": "Feni", "sensor": "Sentinel-1", "acquisition_date": "2024-08-21", "baseline_date": "2024-08-09", "area_km2": 0.006, "threshold": 1.25, "detects": "open_water_only"}, "geometry": {"type": "Polygon", "coordinates": [[[91.42670752712722, 23.202048343833372], [91.42671809760307, 23.201145364340512], [91.42730421937, 23.2011512256606], [91.42729365282818, 23.202054205407666], [91.42670752712722, 23.202048343833372]]]}}, {"type": "Feature", "properties": {"aoi_name": "Feni", "sensor": "Sentinel-1", "acquisition_date": "2024-08-21", "baseline_date": "2024-08-09", "area_km2": 0.006, "threshold": 1.25, "detects": "open_water_only"}, "geometry": {"type": "Polygon", "coordinates": [[[91.51352816309468, 23.054600760695667], [91.51353014642433, 23.054420154087733], [91.51333497697489, 23.054418318635918], [91.51334092762447, 23.053876498834395], [91.5141216024201, 23.053883839004985], [91.51411367234338, 23.054606265654403], [91.51352816309468, 23.054600760695667]]]}}, {"type": "Feature", "properties": {"aoi_name": "Feni", "sensor": "Sentinel-1", "acquisition_date": "2024-08-21", "baseline_date": "2024-08-09", "area_km2": 0.006, "threshold": 1.25, "detects": "open_water_only"}, "geometry": {"type": "Polygon", "coordinates": [[[91.43293919278615, 23.119929235360182], [91.43294548505322, 23.11938744041161], [91.43392176494615, 23.119397137104677], [91.43391547659526, 23.11993893230629], [91.43293919278615, 23.119929235360182]]]}}, {"type": "Feature", "properties": {"aoi_name": "Feni", "sensor": "Sentinel-1", "acquisition_date": "2024-08-21", "baseline_date": "2024-08-09", "area_km2": 0.006, "threshold": 1.25, "detects": "open_water_only"}, "geometry": {"type": "Polygon", "coordinates": [[[91.41301237698399, 22.88709091578056], [91.41301867772003, 22.886549110129714], [91.41321359711701, 22.886551055955938], [91.4132156970622, 22.8863704540467], [91.4138004546075, 22.886376290041433], [91.41379205779171, 22.887098697857358], [91.41301237698399, 22.88709091578056]]]}}, {"type": "Feature", "properties": {"aoi_name": "Feni", "sensor": "Sentinel-1", "acquisition_date": "2024-08-21", "baseline_date": "2024-08-09", "area_km2": 0.006, "threshold": 1.25, "detects": "open_water_only"}, "geometry": {"type": "Polygon", "coordinates": [[[91.38573230924617, 22.88609373814242], [91.38574085414383, 22.885371340166834], [91.3863255995379, 22.885377276958646], [91.38632346411889, 22.88555787651103], [91.38651837955109, 22.885559854981445], [91.38651197393747, 22.886101653664895], [91.38573230924617, 22.88609373814242]]]}}, {"type": "Feature", "properties": {"aoi_name": "Feni", "sensor": "Sentinel-1", "acquisition_date": "2024-08-21", "baseline_date": "2024-08-09", "area_km2": 0.006, "threshold": 1.25, "detects": "open_water_only"}, "geometry": {"type": "Polygon", "coordinates": [[[91.41207980351597, 22.883469146117775], [91.41208610684235, 22.882927340465947], [91.41306067774202, 22.88293707147238], [91.4130543782803, 22.883478877380178], [91.41207980351597, 22.883469146117775]]]}}, {"type": "Feature", "properties": {"aoi_name": "Feni", "sensor": "Sentinel-1", "acquisition_date": "2024-08-21", "baseline_date": "2024-08-09", "area_km2": 0.006, "threshold": 1.25, "detects": "open_water_only"}, "geometry": {"type": "Polygon", "coordinates": [[[91.4161405497129, 23.10368640668529], [91.41614902262323, 23.10296401777956], [91.41692994517466, 23.10297185352117], [91.41692359365388, 23.10351364541152], [91.41672836220155, 23.103511686786945], [91.4167262447245, 23.103692284058056], [91.4161405497129, 23.10368640668529]]]}}, {"type": "Feature", "properties": {"aoi_name": "Feni", "sensor": "Sentinel-1", "acquisition_date": "2024-08-21", "baseline_date": "2024-08-09", "area_km2": 0.006, "threshold": 1.25, "detects": "open_water_only"}, "geometry": {"type": "Polygon", "coordinates": [[[91.5131303304037, 22.966270820033902], [91.51313823182586, 22.96554838565454], [91.5139183985162, 22.965555700307817], [91.51391247558612, 22.96609752629062], [91.51371743310698, 22.96609569793897], [91.51371545849821, 22.966276306575374], [91.5131303304037, 22.966270820033902]]]}}, {"type": "Feature", "properties": {"aoi_name": "Feni", "sensor": "Sentinel-1", "acquisition_date": "2024-08-21", "baseline_date": "2024-08-09", "area_km2": 0.006, "threshold": 1.25, "detects": "open_water_only"}, "geometry": {"type": "Polygon", "coordinates": [[[91.4662071275058, 22.95859882845374], [91.46621323830067, 22.958057013908153], [91.46640826496873, 22.958058900064664], [91.46641030160048, 22.957878295191072], [91.46699538095183, 22.957883952173262], [91.46698723740654, 22.95860637183983], [91.4662071275058, 22.95859882845374]]]}}, {"type": "Feature", "properties": {"aoi_name": "Feni", "sensor": "Sentinel-1", "acquisition_date": "2024-08-21", "baseline_date": "2024-08-09", "area_km2": 0.006, "threshold": 1.25, "detects": "open_water_only"}, "geometry": {"type": "Polygon", "coordinates": [[[91.48413765883356, 22.959854994243777], [91.48414571178301, 22.95913256890814], [91.48492583127612, 22.95914002423138], [91.48491979469988, 22.95968184343514], [91.48472476401977, 22.959679979914934], [91.48472275152828, 22.959860586291324], [91.48413765883356, 22.959854994243777]]]}}, {"type": "Feature", "properties": {"aoi_name": "Feni", "sensor": "Sentinel-1", "acquisition_date": "2024-08-21", "baseline_date": "2024-08-09", "area_km2": 0.006, "threshold": 1.25, "detects": "open_water_only"}, "geometry": {"type": "Polygon", "coordinates": [[[91.4188500274055, 23.17234838595129], [91.41885214906097, 23.172167790065735], [91.41865681800249, 23.172165828350295], [91.41866318362649, 23.171624040718775], [91.41944450484634, 23.171631885923503], [91.41943602149436, 23.17235426969602], [91.4188500274055, 23.17234838595129]]]}}, {"type": "Feature", "properties": {"aoi_name": "Feni", "sensor": "Sentinel-1", "acquisition_date": "2024-08-21", "baseline_date": "2024-08-09", "area_km2": 0.006, "threshold": 1.25, "detects": "open_water_only"}, "geometry": {"type": "Polygon", "coordinates": [[[91.44583097776824, 23.17044960397962], [91.44583723351303, 23.16990780916346], [91.44681388537508, 23.169917445873903], [91.44680763355763, 23.170459240941103], [91.44583097776824, 23.17044960397962]]]}}, {"type": "Feature", "properties": {"aoi_name": "Feni", "sensor": "Sentinel-1", "acquisition_date": "2024-08-21", "baseline_date": "2024-08-09", "area_km2": 0.006, "threshold": 1.25, "detects": "open_water_only"}, "geometry": {"type": "Polygon", "coordinates": [[[91.41201671697317, 23.138865445035027], [91.41202735367958, 23.137962464723593], [91.41261319629396, 23.13796836559471], [91.41260256350769, 23.138871346162617], [91.41201671697317, 23.138865445035027]]]}}, {"type": "Feature", "properties": {"aoi_name": "Feni", "sensor": "Sentinel-1", "acquisition_date": "2024-08-21", "baseline_date": "2024-08-09", "area_km2": 0.006, "threshold": 1.25, "detects": "open_water_only"}, "geometry": {"type": "Polygon", "coordinates": [[[91.4179921750106, 23.01213086483232], [91.41800060060694, 23.011408466919043], [91.41878099588541, 23.01141626426529], [91.41877467983407, 23.011958062910914], [91.4185795802041, 23.011956113883674], [91.41857747455168, 23.0121367134066], [91.4179921750106, 23.01213086483232]]]}}, {"type": "Feature", "properties": {"aoi_name": "Feni", "sensor": "Sentinel-1", "acquisition_date": "2024-08-21", "baseline_date": "2024-08-09", "area_km2": 0.006, "threshold": 1.25, "detects": "open_water_only"}, "geometry": {"type": "Polygon", "coordinates": [[[91.43440996948253, 23.04354156234588], [91.43441832035724, 23.04281916158285], [91.43519890264055, 23.042826887937693], [91.4351926426357, 23.043368688718555], [91.43499749625343, 23.043366757440246], [91.4349954092831, 23.04354735767508], [91.43440996948253, 23.04354156234588]]]}}, {"type": "Feature", "properties": {"aoi_name": "Feni", "sensor": "Sentinel-1", "acquisition_date": "2024-08-21", "baseline_date": "2024-08-09", "area_km2": 0.006, "threshold": 1.25, "detects": "open_water_only"}, "geometry": {"type": "Polygon", "coordinates": [[[91.41707049710152, 23.12428622571019], [91.41707685440807, 23.12374443520639], [91.41727211515449, 23.123746395015676], [91.41727423395292, 23.123565798155393], [91.41786001553665, 23.123571676082854], [91.41785154334868, 23.124294063702546], [91.41707049710152, 23.12428622571019]]]}}, {"type": "Feature", "properties": {"aoi_name": "Feni", "sensor": "Sentinel-1", "acquisition_date": "2024-08-21", "baseline_date": "2024-08-09", "area_km2": 0.006, "threshold": 1.25, "detects": "open_water_only"}, "geometry": {"type": "Polygon", "coordinates": [[[91.51652266233656, 22.92349381948759], [91.51652856264268, 22.92295198995528], [91.51750346742858, 22.922961095867123], [91.51749757099657, 22.92350292563865], [91.51652266233656, 22.92349381948759]]]}}, {"type": "Feature", "properties": {"aoi_name": "Feni", "sensor": "Sentinel-1", "acquisition_date": "2024-08-21", "baseline_date": "2024-08-09", "area_km2": 0.006, "threshold": 1.25, "detects": "open_water_only"}, "geometry": {"type": "Polygon", "coordinates": [[[91.50893815957913, 22.92161649386922], [91.50894606610512, 22.920894056808635], [91.50972597542369, 22.92090137863519], [91.50972004865804, 22.92144320662939], [91.50952507052372, 22.92144137648352], [91.509523094637, 22.921621985790356], [91.50893815957913, 22.92161649386922]]]}}, {"type": "Feature", "properties": {"aoi_name": "Feni", "sensor": "Sentinel-1", "acquisition_date": "2024-08-21", "baseline_date": "2024-08-09", "area_km2": 0.006, "threshold": 1.25, "detects": "open_water_only"}, "geometry": {"type": "Polygon", "coordinates": [[[91.41209795598013, 23.18167250113425], [91.41210648253626, 23.180950120787], [91.41288785541076, 23.180958001506447], [91.41288146366936, 23.181499786978595], [91.41268611963274, 23.18149781711076], [91.41268398874749, 23.181678412242388], [91.41209795598013, 23.18167250113425]]]}}, {"type": "Feature", "properties": {"aoi_name": "Feni", "sensor": "Sentinel-1", "acquisition_date": "2024-08-21", "baseline_date": "2024-08-09", "area_km2": 0.006, "threshold": 1.25, "detects": "open_water_only"}, "geometry": {"type": "Polygon", "coordinates": [[[91.51069241121701, 22.93951510325482], [91.51069833932065, 22.938973276252646], [91.51089334265662, 22.938975106277237], [91.51089531839273, 22.938794497251962], [91.51148032774486, 22.938799985841076], [91.51147242778262, 22.939522422108727], [91.51069241121701, 22.93951510325482]]]}}, {"type": "Feature", "properties": {"aoi_name": "Feni", "sensor": "Sentinel-1", "acquisition_date": "2024-08-21", "baseline_date": "2024-08-09", "area_km2": 0.006, "threshold": 1.25, "detects": "open_water_only"}, "geometry": {"type": "Polygon", "coordinates": [[[91.46918745913773, 22.936410757190664], [91.46919761295939, 22.935507729140994], [91.46978259691663, 22.93551337065309], [91.46977244697148, 22.936416398949664], [91.46918745913773, 22.936410757190664]]]}}, {"type": "Feature", "properties": {"aoi_name": "Feni", "sensor": "Sentinel-1", "acquisition_date": "2024-08-21", "baseline_date": "2024-08-09", "area_km2": 0.006, "threshold": 1.25, "detects": "open_water_only"}, "geometry": {"type": "Polygon", "coordinates": [[[91.3955318401915, 23.194689428774346], [91.39553830589388, 23.19414764880175], [91.39573366666416, 23.194149640969336], [91.39573582159287, 23.193969047619188], [91.3963219032471, 23.193975022615962], [91.39631328654822, 23.194697396197917], [91.3955318401915, 23.194689428774346]]]}}, {"type": "Feature", "properties": {"aoi_name": "Feni", "sensor": "Sentinel-1", "acquisition_date": "2024-08-21", "baseline_date": "2024-08-09", "area_km2": 0.006, "threshold": 1.25, "detects": "open_water_only"}, "geometry": {"type": "Polygon", "coordinates": [[[91.44003213769368, 23.029869905813598], [91.44004045308004, 23.029147501859892], [91.4408209587148, 23.029155196163124], [91.44081472532372, 23.029696999336252], [91.44061959810429, 23.029695076070794], [91.44061752000562, 23.029875677103124], [91.44003213769368, 23.029869905813598]]]}}, {"type": "Feature", "properties": {"aoi_name": "Feni", "sensor": "Sentinel-1", "acquisition_date": "2024-08-21", "baseline_date": "2024-08-09", "area_km2": 0.006, "threshold": 1.25, "detects": "open_water_only"}, "geometry": {"type": "Polygon", "coordinates": [[[91.4063836436804, 22.97047176205877], [91.4063857612814, 22.97029116265732], [91.40619072267437, 22.970289201717822], [91.40619707612582, 22.969747403539106], [91.40697722757544, 22.969755245652845], [91.40696876040646, 22.970477643490113], [91.4063836436804, 22.97047176205877]]]}}, {"type": "Feature", "properties": {"aoi_name": "Feni", "sensor": "Sentinel-1", "acquisition_date": "2024-08-21", "baseline_date": "2024-08-09", "area_km2": 0.006, "threshold": 1.25, "detects": "open_water_only"}, "geometry": {"type": "Polygon", "coordinates": [[[91.56164114126125, 22.971956620447862], [91.56164687563509, 22.97141478328791], [91.56184192993022, 22.97141655307407], [91.5618438410906, 22.971235940663416], [91.56242900331483, 22.971241248536483], [91.56242136166553, 22.97196369833912], [91.56164114126125, 22.971956620447862]]]}}, {"type": "Feature", "properties": {"aoi_name": "Feni", "sensor": "Sentinel-1", "acquisition_date": "2024-08-21", "baseline_date": "2024-08-09", "area_km2": 0.006, "threshold": 1.25, "detects": "open_water_only"}, "geometry": {"type": "Polygon", "coordinates": [[[91.53416549243235, 22.951113282941904], [91.5341674384449, 22.950932672291383], [91.53397241592393, 22.950930869975622], [91.53397825461963, 22.950389038045756], [91.53475834171726, 22.95039624568209], [91.53475056088921, 22.95111868849894], [91.53416549243235, 22.951113282941904]]]}}, {"type": "Feature", "properties": {"aoi_name": "Feni", "sensor": "Sentinel-1", "acquisition_date": "2024-08-21", "baseline_date": "2024-08-09", "area_km2": 0.006, "threshold": 1.25, "detects": "open_water_only"}, "geometry": {"type": "Polygon", "coordinates": [[[91.43775246276965, 23.041407167981305], [91.43775871194298, 23.040865366402283], [91.43795385498001, 23.040867294076502], [91.43795593773585, 23.040686693524748], [91.43854136619306, 23.040692475053426], [91.43853303816302, 23.041414877436328], [91.43775246276965, 23.041407167981305]]]}}, {"type": "Feature", "properties": {"aoi_name": "Feni", "sensor": "Sentinel-1", "acquisition_date": "2024-08-21", "baseline_date": "2024-08-09", "area_km2": 0.006, "threshold": 1.25, "detects": "open_water_only"}, "geometry": {"type": "Polygon", "coordinates": [[[91.41107515654787, 23.036264642467927], [91.41108574690197, 23.035361650848735], [91.41167114476686, 23.03536753054355], [91.41166055831053, 23.03627052241918], [91.41107515654787, 23.036264642467927]]]}}, {"type": "Feature", "properties": {"aoi_name": "Feni", "sensor": "Sentinel-1", "acquisition_date": "2024-08-21", "baseline_date": "2024-08-09", "area_km2": 0.006, "threshold": 1.25, "detects": "open_water_only"}, "geometry": {"type": "Polygon", "coordinates": [[[91.44014826209008, 23.036734664585403], [91.44015865895307, 23.03583166036527], [91.44074406705029, 23.035837432594878], [91.44073367408538, 23.03674043706676], [91.44014826209008, 23.036734664585403]]]}}, {"type": "Feature", "properties": {"aoi_name": "Feni", "sensor": "Sentinel-1", "acquisition_date": "2024-08-21", "baseline_date": "2024-08-09", "area_km2": 0.006, "threshold": 1.25, "detects": "open_water_only"}, "geometry": {"type": "Polygon", "coordinates": [[[91.46303256893862, 23.169534731860967], [91.46303463104255, 23.169354132102264], [91.4628392999466, 23.169352225405184], [91.46284548691949, 23.168810426152874], [91.46362680828582, 23.168818051289936], [91.46361856313622, 23.169540450549256], [91.46303256893862, 23.169534731860967]]]}}, {"type": "Feature", "properties": {"aoi_name": "Feni", "sensor": "Sentinel-1", "acquisition_date": "2024-08-21", "baseline_date": "2024-08-09", "area_km2": 0.006, "threshold": 1.25, "detects": "open_water_only"}, "geometry": {"type": "Polygon", "coordinates": [[[91.4433824954989, 23.02701296038326], [91.44339079188241, 23.02629055501423], [91.44417128231616, 23.026298231894383], [91.4441650631767, 23.02684003612855], [91.44396993975771, 23.02683811721893], [91.44396786640968, 23.027018718604985], [91.4433824954989, 23.02701296038326]]]}}, {"type": "Feature", "properties": {"aoi_name": "Feni", "sensor": "Sentinel-1", "acquisition_date": "2024-08-21", "baseline_date": "2024-08-09", "area_km2": 0.006, "threshold": 1.25, "detects": "open_water_only"}, "geometry": {"type": "Polygon", "coordinates": [[[91.45630845712307, 23.176693732024237], [91.4563146725751, 23.176151934945363], [91.45651001293663, 23.176153850263493], [91.45651208445042, 23.175973251211943], [91.45709810487415, 23.17597899566341], [91.45708982183706, 23.17670139204321], [91.45630845712307, 23.176693732024237]]]}}, {"type": "Feature", "properties": {"aoi_name": "Feni", "sensor": "Sentinel-1", "acquisition_date": "2024-08-21", "baseline_date": "2024-08-09", "area_km2": 0.006, "threshold": 1.25, "detects": "open_water_only"}, "geometry": {"type": "Polygon", "coordinates": [[[91.3041759539948, 22.954600879364534], [91.30418270885093, 22.95405910794929], [91.30515773565517, 22.954069530690635], [91.30515098467826, 22.954611302379366], [91.3041759539948, 22.954600879364534]]]}}, {"type": "Feature", "properties": {"aoi_name": "Feni", "sensor": "Sentinel-1", "acquisition_date": "2024-08-21", "baseline_date": "2024-08-09", "area_km2": 0.006, "threshold": 1.25, "detects": "open_water_only"}, "geometry": {"type": "Polygon", "coordinates": [[[91.47877690824305, 23.17655120997107], [91.47878303320812, 23.17600940717098], [91.47975974448177, 23.17601884192141], [91.4797536234456, 23.176560644967232], [91.47877690824305, 23.17655120997107]]]}}, {"type": "Feature", "properties": {"aoi_name": "Feni", "sensor": "Sentinel-1", "acquisition_date": "2024-08-21", "baseline_date": "2024-08-09", "area_km2": 0.006, "threshold": 1.25, "detects": "open_water_only"}, "geometry": {"type": "Polygon", "coordinates": [[[91.50075716821692, 22.956219837600976], [91.50076513149033, 22.95549740639289], [91.50135020993166, 22.95550293611353], [91.50134821991966, 22.955683543970334], [91.5015432463657, 22.955685386747408], [91.50153727698536, 22.956227210340522], [91.50075716821692, 22.956219837600976]]]}}, {"type": "Feature", "properties": {"aoi_name": "Feni", "sensor": "Sentinel-1", "acquisition_date": "2024-08-21", "baseline_date": "2024-08-09", "area_km2": 0.006, "threshold": 1.25, "detects": "open_water_only"}, "geometry": {"type": "Polygon", "coordinates": [[[91.42333300026591, 22.955469019497205], [91.42334346784948, 22.95456601331217], [91.42392852096121, 22.954571828355967], [91.42391805725796, 22.95547483479531], [91.42333300026591, 22.955469019497205]]]}}, {"type": "Feature", "properties": {"aoi_name": "Feni", "sensor": "Sentinel-1", "acquisition_date": "2024-08-21", "baseline_date": "2024-08-09", "area_km2": 0.006, "threshold": 1.25, "detects": "open_water_only"}, "geometry": {"type": "Polygon", "coordinates": [[[91.37909652668182, 22.952313780490176], [91.37910513436309, 22.951591390906383], [91.37988517127988, 22.95159936037616], [91.37987871865496, 22.952141152779596], [91.37968370861732, 22.95213916071918], [91.37968155744029, 22.95231975816096], [91.37909652668182, 22.952313780490176]]]}}, {"type": "Feature", "properties": {"aoi_name": "Feni", "sensor": "Sentinel-1", "acquisition_date": "2024-08-21", "baseline_date": "2024-08-09", "area_km2": 0.006, "threshold": 1.25, "detects": "open_water_only"}, "geometry": {"type": "Polygon", "coordinates": [[[91.471710253868, 23.024218534887147], [91.47171636215128, 23.023676723427574], [91.47269196948336, 23.023686143296004], [91.47268586509571, 23.024227955002182], [91.471710253868, 23.024218534887147]]]}}, {"type": "Feature", "properties": {"aoi_name": "Feni", "sensor": "Sentinel-1", "acquisition_date": "2024-08-21", "baseline_date": "2024-08-09", "area_km2": 0.006, "threshold": 1.25, "detects": "open_water_only"}, "geometry": {"type": "Polygon", "coordinates": [[[91.37157004623137, 22.7985286269143], [91.37157862936132, 22.797806226080922], [91.37216299648064, 22.797812193329303], [91.37216085149997, 22.797992793596542], [91.37235564083961, 22.79799478222133], [91.37234920653633, 22.798536583049835], [91.37157004623137, 22.7985286269143]]]}}, {"type": "Feature", "properties": {"aoi_name": "Feni", "sensor": "Sentinel-1", "acquisition_date": "2024-08-21", "baseline_date": "2024-08-09", "area_km2": 0.006, "threshold": 1.25, "detects": "open_water_only"}, "geometry": {"type": "Polygon", "coordinates": [[[91.50591972018292, 22.965661151269853], [91.50592964450382, 22.96475811118695], [91.50651476416684, 22.96476362395583], [91.50650484372906, 22.96566666427976], [91.50591972018292, 22.965661151269853]]]}}, {"type": "Feature", "properties": {"aoi_name": "Feni", "sensor": "Sentinel-1", "acquisition_date": "2024-08-21", "baseline_date": "2024-08-09", "area_km2": 0.006, "threshold": 1.25, "detects": "open_water_only"}, "geometry": {"type": "Polygon", "coordinates": [[[91.48174284011097, 22.96470896842109], [91.4817529245222, 22.963805938297543], [91.48233803356648, 22.96381154005091], [91.48232795303797, 22.96471457041938], [91.48174284011097, 22.96470896842109]]]}}, {"type": "Feature", "properties": {"aoi_name": "Feni", "sensor": "Sentinel-1", "acquisition_date": "2024-08-21", "baseline_date": "2024-08-09", "area_km2": 0.006, "threshold": 1.25, "detects": "open_water_only"}, "geometry": {"type": "Polygon", "coordinates": [[[91.42700239245355, 23.009150100480458], [91.4270086747932, 23.00860829949038], [91.42720377040342, 23.008610237865195], [91.42720586421494, 23.008429637509654], [91.42779115039389, 23.00843545114207], [91.42778277813473, 23.00915785274151], [91.42700239245355, 23.009150100480458]]]}}, {"type": "Feature", "properties": {"aoi_name": "Feni", "sensor": "Sentinel-1", "acquisition_date": "2024-08-21", "baseline_date": "2024-08-09", "area_km2": 0.006, "threshold": 1.25, "detects": "open_water_only"}, "geometry": {"type": "Polygon", "coordinates": [[[91.46641844792181, 22.957155875653907], [91.4664245574469, 22.956614060956078], [91.467399680746, 22.956623487484364], [91.46739357510194, 22.95716530242954], [91.46641844792181, 22.957155875653907]]]}}, {"type": "Feature", "properties": {"aoi_name": "Feni", "sensor": "Sentinel-1", "acquisition_date": "2024-08-21", "baseline_date": "2024-08-09", "area_km2": 0.006, "threshold": 1.25, "detects": "open_water_only"}, "geometry": {"type": "Polygon", "coordinates": [[[91.45296379985574, 22.95684457061829], [91.45297201717447, 22.956122155568092], [91.45375210800432, 22.95612976327322], [91.45374594815104, 22.95667157476693], [91.45355092463632, 22.95666967315017], [91.4535488710517, 22.956850276956207], [91.45296379985574, 22.95684457061829]]]}}, {"type": "Feature", "properties": {"aoi_name": "Feni", "sensor": "Sentinel-1", "acquisition_date": "2024-08-21", "baseline_date": "2024-08-09", "area_km2": 0.006, "threshold": 1.25, "detects": "open_water_only"}, "geometry": {"type": "Polygon", "coordinates": [[[91.41667713776, 22.95757016955273], [91.41668554806938, 22.956847767130444], [91.41727060910995, 22.956853607275853], [91.4172685073406, 22.95703420793894], [91.41746352798862, 22.95703615419188], [91.41745722332934, 22.95757795620646], [91.41667713776, 22.95757016955273]]]}}, {"type": "Feature", "properties": {"aoi_name": "Feni", "sensor": "Sentinel-1", "acquisition_date": "2024-08-21", "baseline_date": "2024-08-09", "area_km2": 0.006, "threshold": 1.25, "detects": "open_water_only"}, "geometry": {"type": "Polygon", "coordinates": [[[91.55534828275285, 22.95835217929143], [91.55535403840734, 22.957810342707447], [91.5555490726478, 22.957812119242707], [91.55555099090176, 22.95763150702399], [91.55613609296296, 22.957636835145095], [91.55612842293641, 22.958359284180833], [91.55534828275285, 22.95835217929143]]]}}, {"type": "Feature", "properties": {"aoi_name": "Feni", "sensor": "Sentinel-1", "acquisition_date": "2024-08-21", "baseline_date": "2024-08-09", "area_km2": 0.006, "threshold": 1.25, "detects": "open_water_only"}, "geometry": {"type": "Polygon", "coordinates": [[[91.42000509272133, 22.956519630958827], [91.4200113869093, 22.955977828203693], [91.42098648408401, 22.95598753978969], [91.4209801937766, 22.95652934279966], [91.42000509272133, 22.956519630958827]]]}}, {"type": "Feature", "properties": {"aoi_name": "Feni", "sensor": "Sentinel-1", "acquisition_date": "2024-08-21", "baseline_date": "2024-08-09", "area_km2": 0.006, "threshold": 1.25, "detects": "open_water_only"}, "geometry": {"type": "Polygon", "coordinates": [[[91.41694942948754, 22.967687691965782], [91.41695784248205, 22.96696529036895], [91.41773798204925, 22.96697307864641], [91.41773167544154, 22.967514880054765], [91.41753663974133, 22.967512933293925], [91.41753453723746, 22.967693533737773], [91.41694942948754, 22.967687691965782]]]}}, {"type": "Feature", "properties": {"aoi_name": "Feni", "sensor": "Sentinel-1", "acquisition_date": "2024-08-21", "baseline_date": "2024-08-09", "area_km2": 0.006, "threshold": 1.25, "detects": "open_water_only"}, "geometry": {"type": "Polygon", "coordinates": [[[91.45243808465196, 22.968760601428123], [91.45244630951886, 22.968038187642374], [91.45322646850698, 22.968045801657663], [91.45322030299467, 22.968587612203113], [91.45302526243982, 22.968585709009005], [91.45302320696867, 22.968766312498943], [91.45243808465196, 22.968760601428123]]]}}, {"type": "Feature", "properties": {"aoi_name": "Feni", "sensor": "Sentinel-1", "acquisition_date": "2024-08-21", "baseline_date": "2024-08-09", "area_km2": 0.006, "threshold": 1.25, "detects": "open_water_only"}, "geometry": {"type": "Polygon", "coordinates": [[[91.41506568017412, 23.012101589526978], [91.41507201108104, 23.01155979186516], [91.41526710980942, 23.011561745182785], [91.41526921980966, 23.011381145936525], [91.41585451534395, 23.011387004396788], [91.4158460783294, 23.012109401560597], [91.41506568017412, 23.012101589526978]]]}}, {"type": "Feature", "properties": {"aoi_name": "Feni", "sensor": "Sentinel-1", "acquisition_date": "2024-08-21", "baseline_date": "2024-08-09", "area_km2": 0.0056, "threshold": 1.25, "detects": "open_water_only"}, "geometry": {"type": "Polygon", "coordinates": [[[91.4555323242234, 23.108050512031124], [91.45553439024852, 23.107869911504068], [91.45533914888945, 23.107868000295806], [91.45534534762287, 23.107326198738694], [91.45593106941418, 23.10733193148969], [91.45592900397324, 23.10751253206291], [91.45612424487283, 23.107514442513786], [91.45611804920806, 23.108056244257504], [91.4555323242234, 23.108050512031124]]]}}, {"type": "Feature", "properties": {"aoi_name": "Feni", "sensor": "Sentinel-1", "acquisition_date": "2024-08-21", "baseline_date": "2024-08-09", "area_km2": 0.0056, "threshold": 1.25, "detects": "open_water_only"}, "geometry": {"type": "Polygon", "coordinates": [[[91.42880233439945, 23.25679610632558], [91.428808685012, 23.25625432186706], [91.4290041393232, 23.25625627765117], [91.42900625588852, 23.256075682806067], [91.42959261816026, 23.25608154864901], [91.42958627076823, 23.256623333323695], [91.42939081586722, 23.25662137823502], [91.42938869976436, 23.256801973100988], [91.42880233439945, 23.25679610632558]]]}}, {"type": "Feature", "properties": {"aoi_name": "Feni", "sensor": "Sentinel-1", "acquisition_date": "2024-08-21", "baseline_date": "2024-08-09", "area_km2": 0.0056, "threshold": 1.25, "detects": "open_water_only"}, "geometry": {"type": "Polygon", "coordinates": [[[91.43095553426694, 23.239839706263567], [91.43096187101011, 23.23929792007574], [91.43115730081657, 23.239299871839293], [91.4311594127591, 23.23911927641778], [91.43174570151709, 23.239125130200318], [91.43173936799137, 23.239666916604005], [91.4315439375957, 23.239664965535347], [91.43154182611528, 23.239845560977678], [91.43095553426694, 23.239839706263567]]]}}, {"type": "Feature", "properties": {"aoi_name": "Feni", "sensor": "Sentinel-1", "acquisition_date": "2024-08-21", "baseline_date": "2024-08-09", "area_km2": 0.0056, "threshold": 1.25, "detects": "open_water_only"}, "geometry": {"type": "Polygon", "coordinates": [[[91.47000257770722, 23.157862283449443], [91.47000462930687, 23.157681682832365], [91.46980931450017, 23.157679785680163], [91.46981546996034, 23.15713798385251], [91.4704014120875, 23.15714367443491], [91.47039936107299, 23.157324275097874], [91.47059467541824, 23.157326171491224], [91.470588523036, 23.157867973503677], [91.47000257770722, 23.157862283449443]]]}}, {"type": "Feature", "properties": {"aoi_name": "Feni", "sensor": "Sentinel-1", "acquisition_date": "2024-08-21", "baseline_date": "2024-08-09", "area_km2": 0.0056, "threshold": 1.25, "detects": "open_water_only"}, "geometry": {"type": "Polygon", "coordinates": [[[91.45623874259792, 23.148697005818022], [91.45624081173442, 23.14851640616068], [91.45604551147723, 23.14851449266056], [91.45605171954644, 23.14797269371254], [91.45663761802679, 23.14797843333769], [91.4566355494757, 23.14815903304122], [91.45683084927225, 23.148160945782532], [91.45682464427878, 23.14870274491712], [91.45623874259792, 23.148697005818022]]]}}, {"type": "Feature", "properties": {"aoi_name": "Feni", "sensor": "Sentinel-1", "acquisition_date": "2024-08-21", "baseline_date": "2024-08-09", "area_km2": 0.0056, "threshold": 1.25, "detects": "open_water_only"}, "geometry": {"type": "Polygon", "coordinates": [[[91.44683365109063, 23.083400738978156], [91.44683987658269, 23.082858937928744], [91.44703508102249, 23.082860857691394], [91.44703715588417, 23.08268025731626], [91.44762276854728, 23.082686015107516], [91.44761654624453, 23.08322781637044], [91.44742134122096, 23.08322589729763], [91.4474192668177, 23.08340649769328], [91.44683365109063, 23.083400738978156]]]}}, {"type": "Feature", "properties": {"aoi_name": "Feni", "sensor": "Sentinel-1", "acquisition_date": "2024-08-21", "baseline_date": "2024-08-09", "area_km2": 0.0056, "threshold": 1.25, "detects": "open_water_only"}, "geometry": {"type": "Polygon", "coordinates": [[[91.47673488896193, 23.080621417320764], [91.47673692393168, 23.080440814368576], [91.47654172025513, 23.080438931498243], [91.47654782582308, 23.0798971226651], [91.47713343456948, 23.079902770405308], [91.47713140018223, 23.08008337340318], [91.47732660339918, 23.080085255517513], [91.47732050089611, 23.080627064534518], [91.47673488896193, 23.080621417320764]]]}}, {"type": "Feature", "properties": {"aoi_name": "Feni", "sensor": "Sentinel-1", "acquisition_date": "2024-08-21", "baseline_date": "2024-08-09", "area_km2": 0.0056, "threshold": 1.25, "detects": "open_water_only"}, "geometry": {"type": "Polygon", "coordinates": [[[91.41611566438726, 23.238607092973137], [91.4161177965024, 23.238426498846724], [91.4159223693865, 23.238424528448416], [91.415928766392, 23.23788274609436], [91.41651504543873, 23.237888656407012], [91.41651291391332, 23.23806925058057], [91.41670834056781, 23.238071220216096], [91.41670194665173, 23.238613002761948], [91.41611566438726, 23.238607092973137]]]}}, {"type": "Feature", "properties": {"aoi_name": "Feni", "sensor": "Sentinel-1", "acquisition_date": "2024-08-21", "baseline_date": "2024-08-09", "area_km2": 0.0056, "threshold": 1.25, "detects": "open_water_only"}, "geometry": {"type": "Polygon", "coordinates": [[[91.4047558185925, 23.059139639784554], [91.40475794748384, 23.05895904254759], [91.40456278150639, 23.058957072463237], [91.40456916883228, 23.058415280778], [91.40515466448738, 23.058421190154164], [91.40515253618072, 23.058601787438395], [91.40534770170215, 23.058603756766043], [91.40534131743411, 23.05914554864437], [91.4047558185925, 23.059139639784554]]]}}, {"type": "Feature", "properties": {"aoi_name": "Feni", "sensor": "Sentinel-1", "acquisition_date": "2024-08-21", "baseline_date": "2024-08-09", "area_km2": 0.0056, "threshold": 1.25, "detects": "open_water_only"}, "geometry": {"type": "Polygon", "coordinates": [[[91.40887904639006, 22.890481425270142], [91.40888115247292, 22.890300823830945], [91.40868622813173, 22.890298872392083], [91.40869254702577, 22.88975706810012], [91.40927731779352, 22.889762921546254], [91.40927521229003, 22.88994352303251], [91.4094701361796, 22.889945473720662], [91.40946382031461, 22.890487278205015], [91.40887904639006, 22.890481425270142]]]}}, {"type": "Feature", "properties": {"aoi_name": "Feni", "sensor": "Sentinel-1", "acquisition_date": "2024-08-21", "baseline_date": "2024-08-09", "area_km2": 0.0056, "threshold": 1.25, "detects": "open_water_only"}, "geometry": {"type": "Polygon", "coordinates": [[[91.33127320375927, 23.050795036519293], [91.33127542978907, 23.05061444572275], [91.3310802830059, 23.050612385622514], [91.33108696174082, 23.0500706132608], [91.33167239981739, 23.0500767926779], [91.33167017437489, 23.05025738352334], [91.33186532070528, 23.050259442865684], [91.33185864502337, 23.050801215429896], [91.33127320375927, 23.050795036519293]]]}}, {"type": "Feature", "properties": {"aoi_name": "Feni", "sensor": "Sentinel-1", "acquisition_date": "2024-08-21", "baseline_date": "2024-08-09", "area_km2": 0.0056, "threshold": 1.25, "detects": "open_water_only"}, "geometry": {"type": "Polygon", "coordinates": [[[91.40357826791832, 23.125775772638605], [91.40358040525345, 23.12559517702832], [91.40338514313282, 23.12559320012175], [91.40339155579271, 23.12505141331654], [91.40397733986875, 23.12505734315687], [91.40397520312038, 23.12523793881449], [91.40417046478318, 23.125239914961995], [91.40416405519261, 23.125781701960502], [91.40357826791832, 23.125775772638605]]]}}, {"type": "Feature", "properties": {"aoi_name": "Feni", "sensor": "Sentinel-1", "acquisition_date": "2024-08-21", "baseline_date": "2024-08-09", "area_km2": 0.0056, "threshold": 1.25, "detects": "open_water_only"}, "geometry": {"type": "Polygon", "coordinates": [[[91.53003661574856, 22.972208570496566], [91.53004247616636, 22.97166674097764], [91.53023752807879, 22.97166854966369], [91.53023948125298, 22.971487939799704], [91.53082463633157, 22.97149336437145], [91.53081877908068, 22.972035194092886], [91.53062372659117, 22.97203338609471], [91.53062177387581, 22.97221399597752], [91.53003661574856, 22.972208570496566]]]}}, {"type": "Feature", "properties": {"aoi_name": "Feni", "sensor": "Sentinel-1", "acquisition_date": "2024-08-21", "baseline_date": "2024-08-09", "area_km2": 0.0056, "threshold": 1.25, "detects": "open_water_only"}, "geometry": {"type": "Polygon", "coordinates": [[[91.45528336664175, 22.941514133205185], [91.45528951584335, 22.94097232028314], [91.45548451702452, 22.940974218537512], [91.45548656645848, 22.940793614204992], [91.45607156935067, 22.940799307481623], [91.45606542331319, 22.941341120615817], [91.45587042155292, 22.941339223046562], [91.45586837257387, 22.941519827399457], [91.45528336664175, 22.941514133205185]]]}}, {"type": "Feature", "properties": {"aoi_name": "Feni", "sensor": "Sentinel-1", "acquisition_date": "2024-08-21", "baseline_date": "2024-08-09", "area_km2": 0.0056, "threshold": 1.25, "detects": "open_water_only"}, "geometry": {"type": "Polygon", "coordinates": [[[91.43490877075098, 23.034154209100684], [91.43491085688778, 23.033973608659064], [91.43471572406257, 23.03397167777545], [91.43472198312627, 23.033429876475317], [91.43530737932646, 23.033435668253073], [91.43530529377242, 23.033616268741277], [91.43550042614102, 23.033618198869686], [91.43549417013226, 23.034160000358995], [91.43490877075098, 23.034154209100684]]]}}, {"type": "Feature", "properties": {"aoi_name": "Feni", "sensor": "Sentinel-1", "acquisition_date": "2024-08-21", "baseline_date": "2024-08-09", "area_km2": 0.0056, "threshold": 1.25, "detects": "open_water_only"}, "geometry": {"type": "Polygon", "coordinates": [[[91.53919148259283, 22.955314112661707], [91.53919342233004, 22.955133501700065], [91.53899839334855, 22.955131705252246], [91.53900421321887, 22.954589872388873], [91.53958929789341, 22.954595260871997], [91.53958735873245, 22.954775871877857], [91.53978238725522, 22.95477766757534], [91.53977657043103, 22.955319500614454], [91.53919148259283, 22.955314112661707]]]}}, {"type": "Feature", "properties": {"aoi_name": "Feni", "sensor": "Sentinel-1", "acquisition_date": "2024-08-21", "baseline_date": "2024-08-09", "area_km2": 0.0056, "threshold": 1.25, "detects": "open_water_only"}, "geometry": {"type": "Polygon", "coordinates": [[[91.52708171015021, 23.01083539758857], [91.52708759335684, 23.010293571430374], [91.52728270049381, 23.010295386624723], [91.52728466126361, 23.010114777880922], [91.52786998201456, 23.01012022197478], [91.52786410198172, 23.010662048335938], [91.52766899426635, 23.010660233830734], [91.52766703395632, 23.010840842593396], [91.52708171015021, 23.01083539758857]]]}}, {"type": "Feature", "properties": {"aoi_name": "Feni", "sensor": "Sentinel-1", "acquisition_date": "2024-08-21", "baseline_date": "2024-08-09", "area_km2": 0.0056, "threshold": 1.25, "detects": "open_water_only"}, "geometry": {"type": "Polygon", "coordinates": [[[91.43559846317747, 22.957396710606318], [91.43560469552719, 22.956854903844242], [91.43579971764085, 22.95685682753954], [91.4358017947901, 22.956676225260114], [91.43638686048074, 22.956681994857814], [91.43638063129859, 22.95722380183462], [91.43618560860457, 22.957221878824537], [91.43618353190988, 22.957402481124742], [91.43559846317747, 22.957396710606318]]]}}, {"type": "Feature", "properties": {"aoi_name": "Feni", "sensor": "Sentinel-1", "acquisition_date": "2024-08-21", "baseline_date": "2024-08-09", "area_km2": 0.0056, "threshold": 1.25, "detects": "open_water_only"}, "geometry": {"type": "Polygon", "coordinates": [[[91.51354037241771, 23.142203672509147], [91.51354634753896, 23.141661858677015], [91.51374164307695, 23.141663700411247], [91.51374363448255, 23.14148309577593], [91.51432952043236, 23.141488619479823], [91.51432354850846, 23.142030433516915], [91.51412825238752, 23.14202859247607], [91.51412626144474, 23.142209197130505], [91.51354037241771, 23.142203672509147]]]}}, {"type": "Feature", "properties": {"aoi_name": "Feni", "sensor": "Sentinel-1", "acquisition_date": "2024-08-21", "baseline_date": "2024-08-09", "area_km2": 0.0056, "threshold": 1.25, "detects": "open_water_only"}, "geometry": {"type": "Polygon", "coordinates": [[[91.48329911189141, 22.965085114569266], [91.4833051565088, 22.964543296141894], [91.48350019403473, 22.964545161780247], [91.48350220860767, 22.96436455561292], [91.48408732053088, 22.96437015104068], [91.48408127908075, 22.964911969676614], [91.48388624097612, 22.964910104724826], [91.4838842268599, 22.96509071091194], [91.48329911189141, 22.965085114569266]]]}}, {"type": "Feature", "properties": {"aoi_name": "Feni", "sensor": "Sentinel-1", "acquisition_date": "2024-08-21", "baseline_date": "2024-08-09", "area_km2": 0.0048, "threshold": 1.25, "detects": "open_water_only"}, "geometry": {"type": "Polygon", "coordinates": [[[91.43322898030496, 23.24600335963511], [91.43323530974472, 23.245461573280718], [91.43401706586378, 23.24546936951402], [91.43401073957902, 23.246011156070995], [91.43322898030496, 23.24600335963511]]]}}, {"type": "Feature", "properties": {"aoi_name": "Feni", "sensor": "Sentinel-1", "acquisition_date": "2024-08-21", "baseline_date": "2024-08-09", "area_km2": 0.0048, "threshold": 1.25, "detects": "open_water_only"}, "geometry": {"type": "Polygon", "coordinates": [[[91.35843046135587, 22.805799352489615], [91.35843695296776, 22.805257555928403], [91.35921614640264, 22.805265578461352], [91.3592096578687, 22.805807375234156], [91.35843046135587, 22.805799352489615]]]}}, {"type": "Feature", "properties": {"aoi_name": "Feni", "sensor": "Sentinel-1", "acquisition_date": "2024-08-21", "baseline_date": "2024-08-09", "area_km2": 0.0048, "threshold": 1.25, "detects": "open_water_only"}, "geometry": {"type": "Polygon", "coordinates": [[[91.40737141867972, 22.81912017153614], [91.40737772089871, 22.81857836275065], [91.40815700897751, 22.818586150398698], [91.40815070983909, 22.819127959389505], [91.40737141867972, 22.81912017153614]]]}}, {"type": "Feature", "properties": {"aoi_name": "Feni", "sensor": "Sentinel-1", "acquisition_date": "2024-08-21", "baseline_date": "2024-08-09", "area_km2": 0.0048, "threshold": 1.25, "detects": "open_water_only"}, "geometry": {"type": "Polygon", "coordinates": [[[91.4458919950535, 23.232763481654946], [91.44590036074409, 23.232041094254082], [91.44648662271285, 23.23204689137406], [91.44647826017501, 23.232769278975855], [91.4458919950535, 23.232763481654946]]]}}, {"type": "Feature", "properties": {"aoi_name": "Feni", "sensor": "Sentinel-1", "acquisition_date": "2024-08-21", "baseline_date": "2024-08-09", "area_km2": 0.0048, "threshold": 1.25, "detects": "open_water_only"}, "geometry": {"type": "Polygon", "coordinates": [[[91.45138819748647, 23.094824586276587], [91.45139647833724, 23.094102184350657], [91.45198214169923, 23.094107928657248], [91.45197386397714, 23.09483033078321], [91.45138819748647, 23.094824586276587]]]}}, {"type": "Feature", "properties": {"aoi_name": "Feni", "sensor": "Sentinel-1", "acquisition_date": "2024-08-21", "baseline_date": "2024-08-09", "area_km2": 0.0048, "threshold": 1.25, "detects": "open_water_only"}, "geometry": {"type": "Polygon", "coordinates": [[[91.4128958965133, 23.09733216544061], [91.4129043841702, 23.096609777091665], [91.41349004758187, 23.096615664772592], [91.41348156305385, 23.097338053326542], [91.4128958965133, 23.09733216544061]]]}}, {"type": "Feature", "properties": {"aoi_name": "Feni", "sensor": "Sentinel-1", "acquisition_date": "2024-08-21", "baseline_date": "2024-08-09", "area_km2": 0.0048, "threshold": 1.25, "detects": "open_water_only"}, "geometry": {"type": "Polygon", "coordinates": [[[91.39214310981643, 22.838293859646498], [91.39215160099431, 22.837571455051084], [91.39273614375863, 22.83757735661475], [91.39272765566452, 22.838299761417467], [91.39214310981643, 22.838293859646498]]]}}, {"type": "Feature", "properties": {"aoi_name": "Feni", "sensor": "Sentinel-1", "acquisition_date": "2024-08-21", "baseline_date": "2024-08-09", "area_km2": 0.0048, "threshold": 1.25, "detects": "open_water_only"}, "geometry": {"type": "Polygon", "coordinates": [[[91.3983782754877, 22.838356701333595], [91.39838461923284, 22.83781489623788], [91.3991640134011, 22.837822734089954], [91.39915767273982, 22.838364539392163], [91.3983782754877, 22.838356701333595]]]}}, {"type": "Feature", "properties": {"aoi_name": "Feni", "sensor": "Sentinel-1", "acquisition_date": "2024-08-21", "baseline_date": "2024-08-09", "area_km2": 0.0048, "threshold": 1.25, "detects": "open_water_only"}, "geometry": {"type": "Polygon", "coordinates": [[[91.3696538589012, 22.84492877296913], [91.36966247159975, 22.844206377028904], [91.37024703619835, 22.844212362771938], [91.37023842658458, 22.84493475892238], [91.3696538589012, 22.84492877296913]]]}}, {"type": "Feature", "properties": {"aoi_name": "Feni", "sensor": "Sentinel-1", "acquisition_date": "2024-08-21", "baseline_date": "2024-08-09", "area_km2": 0.0048, "threshold": 1.25, "detects": "open_water_only"}, "geometry": {"type": "Polygon", "coordinates": [[[91.37933599999465, 22.997651576430293], [91.3793446253597, 22.99692919088844], [91.37992984825986, 22.996935178598072], [91.37992122600613, 22.99765756434912], [91.37933599999465, 22.997651576430293]]]}}, {"type": "Feature", "properties": {"aoi_name": "Feni", "sensor": "Sentinel-1", "acquisition_date": "2024-08-21", "baseline_date": "2024-08-09", "area_km2": 0.0048, "threshold": 1.25, "detects": "open_water_only"}, "geometry": {"type": "Polygon", "coordinates": [[[91.53481185620151, 22.999708227328192], [91.53481965507055, 22.998985788916073], [91.53540492981035, 22.998991202686607], [91.53539713405391, 22.999713641287872], [91.53481185620151, 22.999708227328192]]]}}, {"type": "Feature", "properties": {"aoi_name": "Feni", "sensor": "Sentinel-1", "acquisition_date": "2024-08-21", "baseline_date": "2024-08-09", "area_km2": 0.0048, "threshold": 1.25, "detects": "open_water_only"}, "geometry": {"type": "Polygon", "coordinates": [[[91.47900826202444, 23.10412424778884], [91.47901639887336, 23.10340183733746], [91.47960211015062, 23.103407481337445], [91.47959397643214, 23.1041298919853], [91.47900826202444, 23.10412424778884]]]}}, {"type": "Feature", "properties": {"aoi_name": "Feni", "sensor": "Sentinel-1", "acquisition_date": "2024-08-21", "baseline_date": "2024-08-09", "area_km2": 0.0048, "threshold": 1.25, "detects": "open_water_only"}, "geometry": {"type": "Polygon", "coordinates": [[[91.37729376320534, 22.85801157488204], [91.37730019660012, 22.85746977676151], [91.37807969467758, 22.85747772424101], [91.37807326436992, 22.858019522570775], [91.37729376320534, 22.85801157488204]]]}}, {"type": "Feature", "properties": {"aoi_name": "Feni", "sensor": "Sentinel-1", "acquisition_date": "2024-08-21", "baseline_date": "2024-08-09", "area_km2": 0.0048, "threshold": 1.25, "detects": "open_water_only"}, "geometry": {"type": "Polygon", "coordinates": [[[91.407692459898, 22.85849930971587], [91.40769877295473, 22.857957503522233], [91.4084782854729, 22.85796530227824], [91.40847197550355, 22.85850710867721], [91.407692459898, 22.85849930971587]]]}}, {"type": "Feature", "properties": {"aoi_name": "Feni", "sensor": "Sentinel-1", "acquisition_date": "2024-08-21", "baseline_date": "2024-08-09", "area_km2": 0.0048, "threshold": 1.25, "detects": "open_water_only"}, "geometry": {"type": "Polygon", "coordinates": [[[91.36528540862989, 22.8680033979464], [91.36529189277549, 22.86746160375001], [91.36607144317959, 22.867469613342788], [91.36606496212276, 22.868011407749986], [91.36528540862989, 22.8680033979464]]]}}, {"type": "Feature", "properties": {"aoi_name": "Feni", "sensor": "Sentinel-1", "acquisition_date": "2024-08-21", "baseline_date": "2024-08-09", "area_km2": 0.0048, "threshold": 1.25, "detects": "open_water_only"}, "geometry": {"type": "Polygon", "coordinates": [[[91.36799658419763, 22.86947620186117], [91.36800521596575, 22.868753808744867], [91.36858988505902, 22.868759806646423], [91.36858125637991, 22.869482199973195], [91.36799658419763, 22.86947620186117]]]}}, {"type": "Feature", "properties": {"aoi_name": "Feni", "sensor": "Sentinel-1", "acquisition_date": "2024-08-21", "baseline_date": "2024-08-09", "area_km2": 0.0048, "threshold": 1.25, "detects": "open_water_only"}, "geometry": {"type": "Polygon", "coordinates": [[[91.41617263144913, 23.11759434034356], [91.41617899030567, 23.11705254961636], [91.4169599943528, 23.11706038971173], [91.41695363862868, 23.117602180643527], [91.41617263144913, 23.11759434034356]]]}}, {"type": "Feature", "properties": {"aoi_name": "Feni", "sensor": "Sentinel-1", "acquisition_date": "2024-08-21", "baseline_date": "2024-08-09", "area_km2": 0.0048, "threshold": 1.25, "detects": "open_water_only"}, "geometry": {"type": "Polygon", "coordinates": [[[91.40835831821737, 23.117876917273993], [91.40836683858682, 23.117154532399006], [91.40895258980879, 23.11716044186041], [91.40894407257177, 23.117882826941017], [91.40835831821737, 23.117876917273993]]]}}, {"type": "Feature", "properties": {"aoi_name": "Feni", "sensor": "Sentinel-1", "acquisition_date": "2024-08-21", "baseline_date": "2024-08-09", "area_km2": 0.0048, "threshold": 1.25, "detects": "open_water_only"}, "geometry": {"type": "Polygon", "coordinates": [[[91.41242482693558, 23.087574029617976], [91.41243119159668, 23.087032237817795], [91.41321202067112, 23.087040086848766], [91.41320565913722, 23.08758187885399], [91.41242482693558, 23.087574029617976]]]}}, {"type": "Feature", "properties": {"aoi_name": "Feni", "sensor": "Sentinel-1", "acquisition_date": "2024-08-21", "baseline_date": "2024-08-09", "area_km2": 0.0048, "threshold": 1.25, "detects": "open_water_only"}, "geometry": {"type": "Polygon", "coordinates": [[[91.43579419369067, 23.109481648688178], [91.43580047132835, 23.108939852281353], [91.43658143582837, 23.10894759268783], [91.43657516132184, 23.109489389296712], [91.43579419369067, 23.109481648688178]]]}}, {"type": "Feature", "properties": {"aoi_name": "Feni", "sensor": "Sentinel-1", "acquisition_date": "2024-08-21", "baseline_date": "2024-08-09", "area_km2": 0.0048, "threshold": 1.25, "detects": "open_water_only"}, "geometry": {"type": "Polygon", "coordinates": [[[91.47598053989225, 23.078266046466734], [91.475986647067, 23.07772423762652], [91.47676744601964, 23.077731769570143], [91.47676134197083, 23.07827357860717], [91.47598053989225, 23.078266046466734]]]}}, {"type": "Feature", "properties": {"aoi_name": "Feni", "sensor": "Sentinel-1", "acquisition_date": "2024-08-21", "baseline_date": "2024-08-09", "area_km2": 0.0048, "threshold": 1.25, "detects": "open_water_only"}, "geometry": {"type": "Polygon", "coordinates": [[[91.46227938581112, 23.11570249547101], [91.46228761673565, 23.1149800917372], [91.46287337364912, 23.114985800505302], [91.46286514585695, 23.115708204437777], [91.46227938581112, 23.11570249547101]]]}}, {"type": "Feature", "properties": {"aoi_name": "Feni", "sensor": "Sentinel-1", "acquisition_date": "2024-08-21", "baseline_date": "2024-08-09", "area_km2": 0.0048, "threshold": 1.25, "detects": "open_water_only"}, "geometry": {"type": "Polygon", "coordinates": [[[91.4271257073656, 23.11607837208555], [91.42713412656326, 23.11535598047845], [91.4277198753049, 23.115361819836558], [91.42771145923949, 23.116084211646847], [91.4271257073656, 23.11607837208555]]]}}, {"type": "Feature", "properties": {"aoi_name": "Feni", "sensor": "Sentinel-1", "acquisition_date": "2024-08-21", "baseline_date": "2024-08-09", "area_km2": 0.0048, "threshold": 1.25, "detects": "open_water_only"}, "geometry": {"type": "Polygon", "coordinates": [[[91.40906420519559, 23.008067743831276], [91.40907267666083, 23.007345348680328], [91.40965795302415, 23.00735122907412], [91.40964948467222, 23.00807362443043], [91.40906420519559, 23.008067743831276]]]}}, {"type": "Feature", "properties": {"aoi_name": "Feni", "sensor": "Sentinel-1", "acquisition_date": "2024-08-21", "baseline_date": "2024-08-09", "area_km2": 0.0048, "threshold": 1.25, "detects": "open_water_only"}, "geometry": {"type": "Polygon", "coordinates": [[[91.4684422579616, 23.174825426095186], [91.46845047932466, 23.17410302568376], [91.46903649489853, 23.17410872527248], [91.46902827667823, 23.174831125881845], [91.4684422579616, 23.174825426095186]]]}}, {"type": "Feature", "properties": {"aoi_name": "Feni", "sensor": "Sentinel-1", "acquisition_date": "2024-08-21", "baseline_date": "2024-08-09", "area_km2": 0.0048, "threshold": 1.25, "detects": "open_water_only"}, "geometry": {"type": "Polygon", "coordinates": [[[91.46212555515083, 22.991794105686022], [91.46213169208065, 22.99125229444723], [91.46291198792863, 22.9912598680196], [91.46290585410965, 22.991801679456888], [91.46212555515083, 22.991794105686022]]]}}, {"type": "Feature", "properties": {"aoi_name": "Feni", "sensor": "Sentinel-1", "acquisition_date": "2024-08-21", "baseline_date": "2024-08-09", "area_km2": 0.0048, "threshold": 1.25, "detects": "open_water_only"}, "geometry": {"type": "Polygon", "coordinates": [[[91.45325234035496, 22.879901295778833], [91.45325847921832, 22.879359479179207], [91.45403813092223, 22.879367061484334], [91.45403199515023, 22.87990887828344], [91.45325234035496, 22.879901295778833]]]}}, {"type": "Feature", "properties": {"aoi_name": "Feni", "sensor": "Sentinel-1", "acquisition_date": "2024-08-21", "baseline_date": "2024-08-09", "area_km2": 0.0048, "threshold": 1.25, "detects": "open_water_only"}, "geometry": {"type": "Polygon", "coordinates": [[[91.457115914826, 22.88300946908912], [91.45712408073075, 22.882287045909717], [91.45770883308404, 22.882292719469003], [91.45770067027121, 22.883015142847402], [91.457115914826, 22.88300946908912]]]}}, {"type": "Feature", "properties": {"aoi_name": "Feni", "sensor": "Sentinel-1", "acquisition_date": "2024-08-21", "baseline_date": "2024-08-09", "area_km2": 0.0048, "threshold": 1.25, "detects": "open_water_only"}, "geometry": {"type": "Polygon", "coordinates": [[[91.423498451823, 22.89062710377658], [91.4235067987026, 22.88990469288599], [91.4240915743031, 22.88991049187842], [91.42408323051653, 22.89063290297236], [91.423498451823, 22.89062710377658]]]}}, {"type": "Feature", "properties": {"aoi_name": "Feni", "sensor": "Sentinel-1", "acquisition_date": "2024-08-21", "baseline_date": "2024-08-09", "area_km2": 0.0048, "threshold": 1.25, "detects": "open_water_only"}, "geometry": {"type": "Polygon", "coordinates": [[[91.45994390147594, 22.891526295311223], [91.45995205579612, 22.890803871940804], [91.46053684541549, 22.890809537089748], [91.4605286941887, 22.891531960658813], [91.45994390147594, 22.891526295311223]]]}}, {"type": "Feature", "properties": {"aoi_name": "Feni", "sensor": "Sentinel-1", "acquisition_date": "2024-08-21", "baseline_date": "2024-08-09", "area_km2": 0.0048, "threshold": 1.25, "detects": "open_water_only"}, "geometry": {"type": "Polygon", "coordinates": [[[91.35117357649723, 22.89061575226652], [91.35118012380622, 22.890073963452465], [91.35195979777966, 22.890082049722523], [91.35195325356325, 22.890623838749224], [91.35117357649723, 22.89061575226652]]]}}, {"type": "Feature", "properties": {"aoi_name": "Feni", "sensor": "Sentinel-1", "acquisition_date": "2024-08-21", "baseline_date": "2024-08-09", "area_km2": 0.0048, "threshold": 1.25, "detects": "open_water_only"}, "geometry": {"type": "Polygon", "coordinates": [[[91.5223916183351, 23.065160150413586], [91.52239753581664, 23.06461832912109], [91.52317827577455, 23.064625627777605], [91.52317236141694, 23.065167449260915], [91.5223916183351, 23.065160150413586]]]}}, {"type": "Feature", "properties": {"aoi_name": "Feni", "sensor": "Sentinel-1", "acquisition_date": "2024-08-21", "baseline_date": "2024-08-09", "area_km2": 0.0048, "threshold": 1.25, "detects": "open_water_only"}, "geometry": {"type": "Polygon", "coordinates": [[[91.49205753919315, 23.072098532095907], [91.49206559376903, 23.071376114346354], [91.4926511698386, 23.0713817026162], [91.49264311838766, 23.072104120560503], [91.49205753919315, 23.072098532095907]]]}}, {"type": "Feature", "properties": {"aoi_name": "Feni", "sensor": "Sentinel-1", "acquisition_date": "2024-08-21", "baseline_date": "2024-08-09", "area_km2": 0.0048, "threshold": 1.25, "detects": "open_water_only"}, "geometry": {"type": "Polygon", "coordinates": [[[91.39093859117544, 22.90745983321873], [91.39094498586144, 22.906918034806683], [91.39172477156771, 22.906925931541092], [91.39171837997748, 22.907467730160693], [91.39093859117544, 22.90745983321873]]]}}, {"type": "Feature", "properties": {"aoi_name": "Feni", "sensor": "Sentinel-1", "acquisition_date": "2024-08-21", "baseline_date": "2024-08-09", "area_km2": 0.0048, "threshold": 1.25, "detects": "open_water_only"}, "geometry": {"type": "Polygon", "coordinates": [[[91.37279782085787, 22.908178140385626], [91.37280428784533, 22.907636346891938], [91.3735840706528, 22.907644332889532], [91.3735776067611, 22.90818612659311], [91.37279782085787, 22.908178140385626]]]}}, {"type": "Feature", "properties": {"aoi_name": "Feni", "sensor": "Sentinel-1", "acquisition_date": "2024-08-21", "baseline_date": "2024-08-09", "area_km2": 0.0048, "threshold": 1.25, "detects": "open_water_only"}, "geometry": {"type": "Polygon", "coordinates": [[[91.42357517148726, 23.20255883207857], [91.42358364495088, 23.201836449630775], [91.42416976884533, 23.20184232279241], [91.42416129852903, 23.202564705443972], [91.42357517148726, 23.20255883207857]]]}}, {"type": "Feature", "properties": {"aoi_name": "Feni", "sensor": "Sentinel-1", "acquisition_date": "2024-08-21", "baseline_date": "2024-08-09", "area_km2": 0.0048, "threshold": 1.25, "detects": "open_water_only"}, "geometry": {"type": "Polygon", "coordinates": [[[91.50336139211947, 23.056130448855598], [91.50336738317762, 23.055588631639157], [91.50414806429097, 23.055596021571898], [91.50414207635505, 23.056137838981595], [91.50336139211947, 23.056130448855598]]]}}, {"type": "Feature", "properties": {"aoi_name": "Feni", "sensor": "Sentinel-1", "acquisition_date": "2024-08-21", "baseline_date": "2024-08-09", "area_km2": 0.0048, "threshold": 1.25, "detects": "open_water_only"}, "geometry": {"type": "Polygon", "coordinates": [[[91.38301565753862, 22.967164580198983], [91.38302210237208, 22.966622787978647], [91.38380222700854, 22.966630743099874], [91.38379578528114, 22.967172535528874], [91.38301565753862, 22.967164580198983]]]}}, {"type": "Feature", "properties": {"aoi_name": "Feni", "sensor": "Sentinel-1", "acquisition_date": "2024-08-21", "baseline_date": "2024-08-09", "area_km2": 0.0048, "threshold": 1.25, "detects": "open_water_only"}, "geometry": {"type": "Polygon", "coordinates": [[[91.51621750146802, 22.969370406349007], [91.51622341615274, 22.968828580021867], [91.51700360275902, 22.968835880479926], [91.51699769118152, 22.969377706998557], [91.51621750146802, 22.969370406349007]]]}}, {"type": "Feature", "properties": {"aoi_name": "Feni", "sensor": "Sentinel-1", "acquisition_date": "2024-08-21", "baseline_date": "2024-08-09", "area_km2": 0.0048, "threshold": 1.25, "detects": "open_water_only"}, "geometry": {"type": "Polygon", "coordinates": [[[91.43942903038848, 23.166593295330976], [91.43943740413245, 23.165870904085793], [91.44002337583099, 23.165876709696715], [91.44001500522815, 23.16659910114358], [91.43942903038848, 23.166593295330976]]]}}, {"type": "Feature", "properties": {"aoi_name": "Feni", "sensor": "Sentinel-1", "acquisition_date": "2024-08-21", "baseline_date": "2024-08-09", "area_km2": 0.0048, "threshold": 1.25, "detects": "open_water_only"}, "geometry": {"type": "Polygon", "coordinates": [[[91.40387810577083, 23.166417595810593], [91.40388667015402, 23.165695216959307], [91.40447263102386, 23.165701154775324], [91.40446406978155, 23.166423533832884], [91.40387810577083, 23.166417595810593]]]}}, {"type": "Feature", "properties": {"aoi_name": "Feni", "sensor": "Sentinel-1", "acquisition_date": "2024-08-21", "baseline_date": "2024-08-09", "area_km2": 0.0048, "threshold": 1.25, "detects": "open_water_only"}, "geometry": {"type": "Polygon", "coordinates": [[[91.47241567025317, 23.013568552309458], [91.47242177256791, 23.013026739942728], [91.47320219736649, 23.01303426955493], [91.47319609816638, 23.013576082118856], [91.47241567025317, 23.013568552309458]]]}}, {"type": "Feature", "properties": {"aoi_name": "Feni", "sensor": "Sentinel-1", "acquisition_date": "2024-08-21", "baseline_date": "2024-08-09", "area_km2": 0.0048, "threshold": 1.25, "detects": "open_water_only"}, "geometry": {"type": "Polygon", "coordinates": [[[91.45313828140559, 22.95865251046253], [91.45314444427177, 22.95811069925993], [91.45392454656879, 22.95811830673847], [91.45391838680759, 22.95866011814068], [91.45313828140559, 22.95865251046253]]]}}, {"type": "Feature", "properties": {"aoi_name": "Feni", "sensor": "Sentinel-1", "acquisition_date": "2024-08-21", "baseline_date": "2024-08-09", "area_km2": 0.0048, "threshold": 1.25, "detects": "open_water_only"}, "geometry": {"type": "Polygon", "coordinates": [[[91.52033911348465, 22.913233606107145], [91.52034499567978, 22.912691774937482], [91.52112486210812, 22.912699038334843], [91.52111898301051, 22.913240869695386], [91.52033911348465, 22.913233606107145]]]}}, {"type": "Feature", "properties": {"aoi_name": "Feni", "sensor": "Sentinel-1", "acquisition_date": "2024-08-21", "baseline_date": "2024-08-09", "area_km2": 0.0048, "threshold": 1.25, "detects": "open_water_only"}, "geometry": {"type": "Polygon", "coordinates": [[[91.44713062734948, 23.125488195473398], [91.44713686432092, 23.12494639723411], [91.44791792565904, 23.12495408655691], [91.44791169182162, 23.12549588499682], [91.44713062734948, 23.125488195473398]]]}}, {"type": "Feature", "properties": {"aoi_name": "Feni", "sensor": "Sentinel-1", "acquisition_date": "2024-08-21", "baseline_date": "2024-08-09", "area_km2": 0.0048, "threshold": 1.25, "detects": "open_water_only"}, "geometry": {"type": "Polygon", "coordinates": [[[91.50609592334894, 23.126599696363044], [91.50610392399955, 23.125877278936713], [91.50668974012063, 23.12588282750564], [91.50668174260456, 23.126605245124992], [91.50609592334894, 23.126599696363044]]]}}, {"type": "Feature", "properties": {"aoi_name": "Feni", "sensor": "Sentinel-1", "acquisition_date": "2024-08-21", "baseline_date": "2024-08-09", "area_km2": 0.0048, "threshold": 1.25, "detects": "open_water_only"}, "geometry": {"type": "Polygon", "coordinates": [[[91.53150505563455, 22.998774460712614], [91.53151091774866, 22.998232632650744], [91.5322912786193, 22.998239866608415], [91.53228541961761, 22.99878169485984], [91.53150505563455, 22.998774460712614]]]}}, {"type": "Feature", "properties": {"aoi_name": "Feni", "sensor": "Sentinel-1", "acquisition_date": "2024-08-21", "baseline_date": "2024-08-09", "area_km2": 0.0048, "threshold": 1.25, "detects": "open_water_only"}, "geometry": {"type": "Polygon", "coordinates": [[[91.55885482587696, 22.977169568554277], [91.5588605728104, 22.97662773241582], [91.55964081907265, 22.976634825350228], [91.55963507524802, 22.977176661674683], [91.55885482587696, 22.977169568554277]]]}}, {"type": "Feature", "properties": {"aoi_name": "Feni", "sensor": "Sentinel-1", "acquisition_date": "2024-08-21", "baseline_date": "2024-08-09", "area_km2": 0.0048, "threshold": 1.25, "detects": "open_water_only"}, "geometry": {"type": "Polygon", "coordinates": [[[91.40588050020062, 23.162283697455006], [91.40588691418546, 23.161741912509136], [91.40666817321785, 23.161749817921173], [91.4066617623732, 23.162291603073037], [91.40588050020062, 23.162283697455006]]]}}, {"type": "Feature", "properties": {"aoi_name": "Feni", "sensor": "Sentinel-1", "acquisition_date": "2024-08-21", "baseline_date": "2024-08-09", "area_km2": 0.0048, "threshold": 1.25, "detects": "open_water_only"}, "geometry": {"type": "Polygon", "coordinates": [[[91.36410965111466, 22.91730048380567], [91.36411832359393, 22.916578096436194], [91.36470319648913, 22.916584120481], [91.36469452710716, 22.917306508061507], [91.36410965111466, 22.91730048380567]]]}}, {"type": "Feature", "properties": {"aoi_name": "Feni", "sensor": "Sentinel-1", "acquisition_date": "2024-08-21", "baseline_date": "2024-08-09", "area_km2": 0.0048, "threshold": 1.25, "detects": "open_water_only"}, "geometry": {"type": "Polygon", "coordinates": [[[91.48401325183859, 22.918490450616687], [91.48401927995012, 22.917948628831233], [91.48479916346699, 22.91795607216279], [91.48479313845367, 22.918497894143815], [91.48401325183859, 22.918490450616687]]]}}, {"type": "Feature", "properties": {"aoi_name": "Feni", "sensor": "Sentinel-1", "acquisition_date": "2024-08-21", "baseline_date": "2024-08-09", "area_km2": 0.0048, "threshold": 1.25, "detects": "open_water_only"}, "geometry": {"type": "Polygon", "coordinates": [[[91.41982262503221, 22.921838356602066], [91.41983100407916, 22.921115949829858], [91.42041591248892, 22.92112176981792], [91.42040753654038, 22.92184417679399], [91.41982262503221, 22.921838356602066]]]}}, {"type": "Feature", "properties": {"aoi_name": "Feni", "sensor": "Sentinel-1", "acquisition_date": "2024-08-21", "baseline_date": "2024-08-09", "area_km2": 0.0048, "threshold": 1.25, "detects": "open_water_only"}, "geometry": {"type": "Polygon", "coordinates": [[[91.395031758375, 22.92411838659296], [91.39503814196672, 22.923576588225018], [91.39581802454633, 22.92358447027433], [91.39581164405327, 22.924126268849328], [91.395031758375, 22.92411838659296]]]}}, {"type": "Feature", "properties": {"aoi_name": "Feni", "sensor": "Sentinel-1", "acquisition_date": "2024-08-21", "baseline_date": "2024-08-09", "area_km2": 0.0048, "threshold": 1.25, "detects": "open_water_only"}, "geometry": {"type": "Polygon", "coordinates": [[[91.5141493924409, 22.926542303687636], [91.51415727322657, 22.92581986535916], [91.51474222772048, 22.925825339004103], [91.51473435003456, 22.926547777524284], [91.5141493924409, 22.926542303687636]]]}}, {"type": "Feature", "properties": {"aoi_name": "Feni", "sensor": "Sentinel-1", "acquisition_date": "2024-08-21", "baseline_date": "2024-08-09", "area_km2": 0.0048, "threshold": 1.25, "detects": "open_water_only"}, "geometry": {"type": "Polygon", "coordinates": [[[91.5178285759465, 22.928924862984353], [91.51783447261606, 22.92838303350111], [91.51861442795816, 22.928390313922044], [91.5186085343888, 22.928932143596505], [91.5178285759465, 22.928924862984353]]]}}, {"type": "Feature", "properties": {"aoi_name": "Feni", "sensor": "Sentinel-1", "acquisition_date": "2024-08-21", "baseline_date": "2024-08-09", "area_km2": 0.0048, "threshold": 1.25, "detects": "open_water_only"}, "geometry": {"type": "Polygon", "coordinates": [[[91.4683535330801, 23.04495773000161], [91.46836170350258, 23.044235317741666], [91.46894715572368, 23.044240987559245], [91.46893898842129, 23.04496340001696], [91.4683535330801, 23.04495773000161]]]}}, {"type": "Feature", "properties": {"aoi_name": "Feni", "sensor": "Sentinel-1", "acquisition_date": "2024-08-21", "baseline_date": "2024-08-09", "area_km2": 0.0048, "threshold": 1.25, "detects": "open_water_only"}, "geometry": {"type": "Polygon", "coordinates": [[[91.30905560341836, 22.95429175270521], [91.3090645838048, 22.953569388953877], [91.30964959919393, 22.953575625188947], [91.30964062191084, 22.954297989158462], [91.30905560341836, 22.95429175270521]]]}}, {"type": "Feature", "properties": {"aoi_name": "Feni", "sensor": "Sentinel-1", "acquisition_date": "2024-08-21", "baseline_date": "2024-08-09", "area_km2": 0.0048, "threshold": 1.25, "detects": "open_water_only"}, "geometry": {"type": "Polygon", "coordinates": [[[91.46501753187641, 23.046550983812196], [91.46502572072184, 23.045828572829013], [91.46561117891262, 23.04583425536547], [91.46560299318753, 23.046556666546863], [91.46501753187641, 23.046550983812196]]]}}, {"type": "Feature", "properties": {"aoi_name": "Feni", "sensor": "Sentinel-1", "acquisition_date": "2024-08-21", "baseline_date": "2024-08-09", "area_km2": 0.0048, "threshold": 1.25, "detects": "open_water_only"}, "geometry": {"type": "Polygon", "coordinates": [[[91.4907679393009, 23.047701999463488], [91.4907759912529, 23.04697957991643], [91.49136146144288, 23.046985167391064], [91.49135341261157, 23.04770758713301], [91.4907679393009, 23.047701999463488]]]}}, {"type": "Feature", "properties": {"aoi_name": "Feni", "sensor": "Sentinel-1", "acquisition_date": "2024-08-21", "baseline_date": "2024-08-09", "area_km2": 0.0048, "threshold": 1.25, "detects": "open_water_only"}, "geometry": {"type": "Polygon", "coordinates": [[[91.37972654918131, 23.046603038600797], [91.37973519294366, 23.04588065738284], [91.38032062724628, 23.045886655660603], [91.38031198660379, 23.046609037087766], [91.37972654918131, 23.046603038600797]]]}}, {"type": "Feature", "properties": {"aoi_name": "Feni", "sensor": "Sentinel-1", "acquisition_date": "2024-08-21", "baseline_date": "2024-08-09", "area_km2": 0.0048, "threshold": 1.25, "detects": "open_water_only"}, "geometry": {"type": "Polygon", "coordinates": [[[91.46783920480914, 23.124787655939286], [91.46784535841783, 23.12424585235324], [91.46862642333716, 23.124253438915538], [91.46862027286247, 23.12479524269952], [91.46783920480914, 23.124787655939286]]]}}, {"type": "Feature", "properties": {"aoi_name": "Feni", "sensor": "Sentinel-1", "acquisition_date": "2024-08-21", "baseline_date": "2024-08-09", "area_km2": 0.0048, "threshold": 1.25, "detects": "open_water_only"}, "geometry": {"type": "Polygon", "coordinates": [[[91.5331880695583, 22.933221999634586], [91.53319585191281, 22.932499555696534], [91.53378084012431, 22.932504960692086], [91.53377306087083, 22.933227404819394], [91.5331880695583, 22.933221999634586]]]}}, {"type": "Feature", "properties": {"aoi_name": "Feni", "sensor": "Sentinel-1", "acquisition_date": "2024-08-21", "baseline_date": "2024-08-09", "area_km2": 0.0048, "threshold": 1.25, "detects": "open_water_only"}, "geometry": {"type": "Polygon", "coordinates": [[[91.43124389830736, 23.181683873030302], [91.43125232208563, 23.180961486000793], [91.43183835717952, 23.18096732564086], [91.43182993654497, 23.181689712873126], [91.43124389830736, 23.181683873030302]]]}}, {"type": "Feature", "properties": {"aoi_name": "Feni", "sensor": "Sentinel-1", "acquisition_date": "2024-08-21", "baseline_date": "2024-08-09", "area_km2": 0.0048, "threshold": 1.25, "detects": "open_water_only"}, "geometry": {"type": "Polygon", "coordinates": [[[91.48984182062965, 23.130599186273603], [91.48984990987154, 23.129876774613027], [91.49043573898187, 23.129882384464004], [91.49042765287513, 23.130604796319695], [91.48984182062965, 23.130599186273603]]]}}, {"type": "Feature", "properties": {"aoi_name": "Feni", "sensor": "Sentinel-1", "acquisition_date": "2024-08-21", "baseline_date": "2024-08-09", "area_km2": 0.0048, "threshold": 1.25, "detects": "open_water_only"}, "geometry": {"type": "Polygon", "coordinates": [[[91.49548875448282, 23.132098152493878], [91.49549681406663, 23.131375739087947], [91.49608265121317, 23.131381328303927], [91.4960745947648, 23.132103741904242], [91.49548875448282, 23.132098152493878]]]}}, {"type": "Feature", "properties": {"aoi_name": "Feni", "sensor": "Sentinel-1", "acquisition_date": "2024-08-21", "baseline_date": "2024-08-09", "area_km2": 0.0048, "threshold": 1.25, "detects": "open_water_only"}, "geometry": {"type": "Polygon", "coordinates": [[[91.46310493899176, 23.043100576078338], [91.46311108728041, 23.042558768098505], [91.46389167869741, 23.042566352768336], [91.4638855335285, 23.04310816094661], [91.46310493899176, 23.043100576078338]]]}}, {"type": "Feature", "properties": {"aoi_name": "Feni", "sensor": "Sentinel-1", "acquisition_date": "2024-08-21", "baseline_date": "2024-08-09", "area_km2": 0.0048, "threshold": 1.25, "detects": "open_water_only"}, "geometry": {"type": "Polygon", "coordinates": [[[91.42729052947745, 23.185618005013033], [91.42729897608001, 23.184895619717608], [91.42788502719516, 23.18490147500885], [91.42787658373696, 23.18562386050755], [91.42729052947745, 23.185618005013033]]]}}, {"type": "Feature", "properties": {"aoi_name": "Feni", "sensor": "Sentinel-1", "acquisition_date": "2024-08-21", "baseline_date": "2024-08-09", "area_km2": 0.0048, "threshold": 1.25, "detects": "open_water_only"}, "geometry": {"type": "Polygon", "coordinates": [[[91.45969639873178, 23.18792532106594], [91.45970260390352, 23.187383523892844], [91.46048403194634, 23.18739117038949], [91.46047782991958, 23.187932967761657], [91.45969639873178, 23.18792532106594]]]}}, {"type": "Feature", "properties": {"aoi_name": "Feni", "sensor": "Sentinel-1", "acquisition_date": "2024-08-21", "baseline_date": "2024-08-09", "area_km2": 0.0048, "threshold": 1.25, "detects": "open_water_only"}, "geometry": {"type": "Polygon", "coordinates": [[[91.45257798053828, 22.93932028267836], [91.45258413985039, 22.93877847030053], [91.45336413113199, 22.938786074491443], [91.45335797492153, 22.939327887068927], [91.45257798053828, 22.93932028267836]]]}}, {"type": "Feature", "properties": {"aoi_name": "Feni", "sensor": "Sentinel-1", "acquisition_date": "2024-08-21", "baseline_date": "2024-08-09", "area_km2": 0.0048, "threshold": 1.25, "detects": "open_water_only"}, "geometry": {"type": "Polygon", "coordinates": [[[91.52017601421589, 23.035697423513774], [91.52018390471925, 23.034974993150207], [91.52076933091004, 23.034980469063523], [91.52076144352546, 23.035702899618173], [91.52017601421589, 23.035697423513774]]]}}, {"type": "Feature", "properties": {"aoi_name": "Feni", "sensor": "Sentinel-1", "acquisition_date": "2024-08-21", "baseline_date": "2024-08-09", "area_km2": 0.0048, "threshold": 1.25, "detects": "open_water_only"}, "geometry": {"type": "Polygon", "coordinates": [[[91.4807030585967, 22.970479014606045], [91.48071113395152, 22.969756591390308], [91.48129626831997, 22.969762198357024], [91.48128819607237, 22.970484621768836], [91.4807030585967, 22.970479014606045]]]}}, {"type": "Feature", "properties": {"aoi_name": "Feni", "sensor": "Sentinel-1", "acquisition_date": "2024-08-21", "baseline_date": "2024-08-09", "area_km2": 0.0048, "threshold": 1.25, "detects": "open_water_only"}, "geometry": {"type": "Polygon", "coordinates": [[[91.41833729096338, 23.032725030825905], [91.41834572313103, 23.032002634669958], [91.41893110854951, 23.032008486696917], [91.41892267949954, 23.032730883057074], [91.41833729096338, 23.032725030825905]]]}}, {"type": "Feature", "properties": {"aoi_name": "Feni", "sensor": "Sentinel-1", "acquisition_date": "2024-08-21", "baseline_date": "2024-08-09", "area_km2": 0.0048, "threshold": 1.25, "detects": "open_water_only"}, "geometry": {"type": "Polygon", "coordinates": [[[91.39586322621416, 22.95284548320288], [91.39586961541092, 22.95230368657284], [91.3966496628656, 22.952311573848803], [91.39664327677251, 22.952853370685826], [91.39586322621416, 22.95284548320288]]]}}, {"type": "Feature", "properties": {"aoi_name": "Feni", "sensor": "Sentinel-1", "acquisition_date": "2024-08-21", "baseline_date": "2024-08-09", "area_km2": 0.0048, "threshold": 1.25, "detects": "open_water_only"}, "geometry": {"type": "Polygon", "coordinates": [[[91.43849267840385, 23.1799497714534], [91.43850106256703, 23.17922738175572], [91.43908709214429, 23.17923319400446], [91.43907871112455, 23.179955583903958], [91.43849267840385, 23.1799497714534]]]}}, {"type": "Feature", "properties": {"aoi_name": "Feni", "sensor": "Sentinel-1", "acquisition_date": "2024-08-21", "baseline_date": "2024-08-09", "area_km2": 0.0048, "threshold": 1.25, "detects": "open_water_only"}, "geometry": {"type": "Polygon", "coordinates": [[[91.41538202264553, 23.018426467078765], [91.41538835422946, 23.017884669766282], [91.4161687857775, 23.017892482059757], [91.41616245730874, 23.018434279576795], [91.41538202264553, 23.018426467078765]]]}}, {"type": "Feature", "properties": {"aoi_name": "Feni", "sensor": "Sentinel-1", "acquisition_date": "2024-08-21", "baseline_date": "2024-08-09", "area_km2": 0.0048, "threshold": 1.25, "detects": "open_water_only"}, "geometry": {"type": "Polygon", "coordinates": [[[91.42147981175255, 23.14799139664355], [91.42148827418946, 23.147269009925022], [91.42207415993354, 23.14727487786442], [91.4220657006344, 23.147997264786913], [91.42147981175255, 23.14799139664355]]]}}, {"type": "Feature", "properties": {"aoi_name": "Feni", "sensor": "Sentinel-1", "acquisition_date": "2024-08-21", "baseline_date": "2024-08-09", "area_km2": 0.0048, "threshold": 1.25, "detects": "open_water_only"}, "geometry": {"type": "Polygon", "coordinates": [[[91.42226568438917, 22.997001358834442], [91.42227408107034, 22.99627895804897], [91.42285931346632, 22.99628478700644], [91.42285091989662, 22.997007187995564], [91.42226568438917, 22.997001358834442]]]}}, {"type": "Feature", "properties": {"aoi_name": "Feni", "sensor": "Sentinel-1", "acquisition_date": "2024-08-21", "baseline_date": "2024-08-09", "area_km2": 0.0048, "threshold": 1.25, "detects": "open_water_only"}, "geometry": {"type": "Polygon", "coordinates": [[[91.46346734980034, 22.94213547078717], [91.46347550551273, 22.941413050816983], [91.46406051327055, 22.941418714790974], [91.46405236066033, 22.94214113495942], [91.46346734980034, 22.94213547078717]]]}}, {"type": "Feature", "properties": {"aoi_name": "Feni", "sensor": "Sentinel-1", "acquisition_date": "2024-08-21", "baseline_date": "2024-08-09", "area_km2": 0.0048, "threshold": 1.25, "detects": "open_water_only"}, "geometry": {"type": "Polygon", "coordinates": [[[91.43925185346153, 22.944969715203786], [91.43925806750887, 22.944427906646794], [91.44003808621504, 22.944435578105622], [91.44003187527025, 22.944977386863993], [91.43925185346153, 22.944969715203786]]]}}, {"type": "Feature", "properties": {"aoi_name": "Feni", "sensor": "Sentinel-1", "acquisition_date": "2024-08-21", "baseline_date": "2024-08-09", "area_km2": 0.0048, "threshold": 1.25, "detects": "open_water_only"}, "geometry": {"type": "Polygon", "coordinates": [[[91.39551580239802, 22.94922956045027], [91.39552219185607, 22.948687763665973], [91.39630221845012, 22.948695651478147], [91.39629583209508, 22.94923744846946], [91.39551580239802, 22.94922956045027]]]}}, {"type": "Feature", "properties": {"aoi_name": "Feni", "sensor": "Sentinel-1", "acquisition_date": "2024-08-21", "baseline_date": "2024-08-09", "area_km2": 0.0048, "threshold": 1.25, "detects": "open_water_only"}, "geometry": {"type": "Polygon", "coordinates": [[[91.45643731241547, 23.028766467056617], [91.45644553993552, 23.0280440573718], [91.45703091892673, 23.02804976751434], [91.45702269452389, 23.02877217739844], [91.45643731241547, 23.028766467056617]]]}}, {"type": "Feature", "properties": {"aoi_name": "Feni", "sensor": "Sentinel-1", "acquisition_date": "2024-08-21", "baseline_date": "2024-08-09", "area_km2": 0.0048, "threshold": 1.25, "detects": "open_water_only"}, "geometry": {"type": "Polygon", "coordinates": [[[91.43102284312641, 23.032670744438477], [91.43103120765952, 23.031948343857675], [91.43161659642436, 23.031954148939107], [91.43160823500898, 23.03267654972248], [91.43102284312641, 23.032670744438477]]]}}, {"type": "Feature", "properties": {"aoi_name": "Feni", "sensor": "Sentinel-1", "acquisition_date": "2024-08-21", "baseline_date": "2024-08-09", "area_km2": 0.0048, "threshold": 1.25, "detects": "open_water_only"}, "geometry": {"type": "Polygon", "coordinates": [[[91.44288462925077, 22.83175376691023], [91.44289079477213, 22.831211949705065], [91.44367016810425, 22.83121956767816], [91.44366400566585, 22.831761385084086], [91.44288462925077, 22.83175376691023]]]}}, {"type": "Feature", "properties": {"aoi_name": "Feni", "sensor": "Sentinel-1", "acquisition_date": "2024-08-21", "baseline_date": "2024-08-09", "area_km2": 0.0048, "threshold": 1.25, "detects": "open_water_only"}, "geometry": {"type": "Polygon", "coordinates": [[[91.43282573093025, 23.11288395854573], [91.4328341183305, 23.112161564667133], [91.43341985481693, 23.112167382107373], [91.43341147054839, 23.112889776188425], [91.43282573093025, 23.11288395854573]]]}}, {"type": "Feature", "properties": {"aoi_name": "Feni", "sensor": "Sentinel-1", "acquisition_date": "2024-08-21", "baseline_date": "2024-08-09", "area_km2": 0.0048, "threshold": 1.25, "detects": "open_water_only"}, "geometry": {"type": "Polygon", "coordinates": [[[91.45306816124584, 22.98195226011157], [91.45307433136456, 22.981410450517828], [91.45385456734478, 22.981418065621178], [91.45384840033509, 22.98195987541457], [91.45306816124584, 22.98195226011157]]]}}, {"type": "Feature", "properties": {"aoi_name": "Feni", "sensor": "Sentinel-1", "acquisition_date": "2024-08-21", "baseline_date": "2024-08-09", "area_km2": 0.0048, "threshold": 1.25, "detects": "open_water_only"}, "geometry": {"type": "Polygon", "coordinates": [[[91.43387739121644, 23.106392102982717], [91.43388577036163, 23.105669708145964], [91.43447147898455, 23.105675520144025], [91.43446310296996, 23.10639791518309], [91.43387739121644, 23.106392102982717]]]}}, {"type": "Feature", "properties": {"aoi_name": "Feni", "sensor": "Sentinel-1", "acquisition_date": "2024-08-21", "baseline_date": "2024-08-09", "area_km2": 0.0048, "threshold": 1.25, "detects": "open_water_only"}, "geometry": {"type": "Polygon", "coordinates": [[[91.4664865506239, 22.98569517190832], [91.46649470754443, 22.984972754877834], [91.46707990354473, 22.98497841784322], [91.46707174973396, 22.985700835071636], [91.4664865506239, 22.98569517190832]]]}}, {"type": "Feature", "properties": {"aoi_name": "Feni", "sensor": "Sentinel-1", "acquisition_date": "2024-08-21", "baseline_date": "2024-08-09", "area_km2": 0.0048, "threshold": 1.25, "detects": "open_water_only"}, "geometry": {"type": "Polygon", "coordinates": [[[91.40894288708792, 22.985127746946567], [91.40895134978022, 22.984405349748158], [91.4095365272331, 22.984411225062058], [91.4095280676501, 22.985133622465824], [91.40894288708792, 22.985127746946567]]]}}, {"type": "Feature", "properties": {"aoi_name": "Feni", "sensor": "Sentinel-1", "acquisition_date": "2024-08-21", "baseline_date": "2024-08-09", "area_km2": 0.0048, "threshold": 1.25, "detects": "open_water_only"}, "geometry": {"type": "Polygon", "coordinates": [[[91.4733057641114, 22.986483527032174], [91.47331388507885, 22.9857611077657], [91.47389908634422, 22.98576674573244], [91.47389096848671, 22.986489165195977], [91.4733057641114, 22.986483527032174]]]}}, {"type": "Feature", "properties": {"aoi_name": "Feni", "sensor": "Sentinel-1", "acquisition_date": "2024-08-21", "baseline_date": "2024-08-09", "area_km2": 0.0048, "threshold": 1.25, "detects": "open_water_only"}, "geometry": {"type": "Polygon", "coordinates": [[[91.38553966602544, 22.803366891682824], [91.38554817755353, 22.80264448627727], [91.3861325693507, 22.802650403524233], [91.38612406090033, 22.803372809137898], [91.38553966602544, 22.803366891682824]]]}}, {"type": "Feature", "properties": {"aoi_name": "Feni", "sensor": "Sentinel-1", "acquisition_date": "2024-08-21", "baseline_date": "2024-08-09", "area_km2": 0.0036, "threshold": 1.25, "detects": "open_water_only"}, "geometry": {"type": "Polygon", "coordinates": [[[91.46413450198112, 23.226982433118383], [91.46414070092432, 23.226440637501042], [91.46472694349387, 23.226446365283536], [91.46472074691455, 23.22698816104981], [91.46413450198112, 23.226982433118383]]]}}, {"type": "Feature", "properties": {"aoi_name": "Feni", "sensor": "Sentinel-1", "acquisition_date": "2024-08-21", "baseline_date": "2024-08-09", "area_km2": 0.0036, "threshold": 1.25, "detects": "open_water_only"}, "geometry": {"type": "Polygon", "coordinates": [[[91.40727392676175, 23.226055251917703], [91.40728035485726, 23.225513470990304], [91.40786657741823, 23.225519410590287], [91.40786015168622, 23.226061191672116], [91.40727392676175, 23.226055251917703]]]}}, {"type": "Feature", "properties": {"aoi_name": "Feni", "sensor": "Sentinel-1", "acquisition_date": "2024-08-21", "baseline_date": "2024-08-09", "area_km2": 0.0036, "threshold": 1.25, "detects": "open_water_only"}, "geometry": {"type": "Polygon", "coordinates": [[[91.41727331474186, 23.239883069845018], [91.41727970674158, 23.23934128723663], [91.41786599254458, 23.23934719285812], [91.41785960291023, 23.239888975619987], [91.41727331474186, 23.239883069845018]]]}}, {"type": "Feature", "properties": {"aoi_name": "Feni", "sensor": "Sentinel-1", "acquisition_date": "2024-08-21", "baseline_date": "2024-08-09", "area_km2": 0.0036, "threshold": 1.25, "detects": "open_water_only"}, "geometry": {"type": "Polygon", "coordinates": [[[91.39235002443678, 22.986043963450623], [91.39235643794837, 22.985502170023004], [91.3929416153716, 22.98550810688007], [91.39293520419207, 22.986049900463314], [91.39235002443678, 22.986043963450623]]]}}, {"type": "Feature", "properties": {"aoi_name": "Feni", "sensor": "Sentinel-1", "acquisition_date": "2024-08-21", "baseline_date": "2024-08-09", "area_km2": 0.0036, "threshold": 1.25, "detects": "open_water_only"}, "geometry": {"type": "Polygon", "coordinates": [[[91.46394047649561, 22.986573626696], [91.46394660463277, 22.9860318146378], [91.46453180449475, 22.986037487258887], [91.46452567869002, 22.986579299465784], [91.46394047649561, 22.986573626696]]]}}, {"type": "Feature", "properties": {"aoi_name": "Feni", "sensor": "Sentinel-1", "acquisition_date": "2024-08-21", "baseline_date": "2024-08-09", "area_km2": 0.0036, "threshold": 1.25, "detects": "open_water_only"}, "geometry": {"type": "Polygon", "coordinates": [[[91.42122332139749, 22.985973080796594], [91.42122961973013, 22.985431279733326], [91.42181480508806, 22.98543710995524], [91.42180850908761, 22.985978911171333], [91.42122332139749, 22.985973080796594]]]}}, {"type": "Feature", "properties": {"aoi_name": "Feni", "sensor": "Sentinel-1", "acquisition_date": "2024-08-21", "baseline_date": "2024-08-09", "area_km2": 0.0036, "threshold": 1.25, "detects": "open_water_only"}, "geometry": {"type": "Polygon", "coordinates": [[[91.33540674889376, 22.984372204477733], [91.33541338897278, 22.983830426390433], [91.33599854250673, 22.983836573091658], [91.3359919047593, 22.98437835134008], [91.33540674889376, 22.984372204477733]]]}}, {"type": "Feature", "properties": {"aoi_name": "Feni", "sensor": "Sentinel-1", "acquisition_date": "2024-08-21", "baseline_date": "2024-08-09", "area_km2": 0.0036, "threshold": 1.25, "detects": "open_water_only"}, "geometry": {"type": "Polygon", "coordinates": [[[91.42273624544941, 23.10736484480119], [91.4227425748324, 23.1068230516514], [91.42332828531737, 23.106828905275705], [91.4233219582824, 23.10737069857831], [91.42273624544941, 23.10736484480119]]]}}, {"type": "Feature", "properties": {"aoi_name": "Feni", "sensor": "Sentinel-1", "acquisition_date": "2024-08-21", "baseline_date": "2024-08-09", "area_km2": 0.0036, "threshold": 1.25, "detects": "open_water_only"}, "geometry": {"type": "Polygon", "coordinates": [[[91.41043844645172, 23.107060817058453], [91.41044482507829, 23.106519027117848], [91.4110305307536, 23.106524926306257], [91.41102415447496, 23.10706671640086], [91.41043844645172, 23.107060817058453]]]}}, {"type": "Feature", "properties": {"aoi_name": "Feni", "sensor": "Sentinel-1", "acquisition_date": "2024-08-21", "baseline_date": "2024-08-09", "area_km2": 0.0036, "threshold": 1.25, "detects": "open_water_only"}, "geometry": {"type": "Polygon", "coordinates": [[[91.44130892986455, 23.105381967569304], [91.44131518413649, 23.104840169452906], [91.44190089124304, 23.10484595368559], [91.44189463931895, 23.10538775195301], [91.44130892986455, 23.105381967569304]]]}}, {"type": "Feature", "properties": {"aoi_name": "Feni", "sensor": "Sentinel-1", "acquisition_date": "2024-08-21", "baseline_date": "2024-08-09", "area_km2": 0.0036, "threshold": 1.25, "detects": "open_water_only"}, "geometry": {"type": "Polygon", "coordinates": [[[91.41828598361451, 23.103888543837293], [91.41829232978552, 23.103346751615053], [91.4188780239349, 23.103352620922227], [91.41887168011145, 23.103894413297706], [91.41828598361451, 23.103888543837293]]]}}, {"type": "Feature", "properties": {"aoi_name": "Feni", "sensor": "Sentinel-1", "acquisition_date": "2024-08-21", "baseline_date": "2024-08-09", "area_km2": 0.0036, "threshold": 1.25, "detects": "open_water_only"}, "geometry": {"type": "Polygon", "coordinates": [[[91.47197483063903, 22.983400082516873], [91.47198092579211, 22.982858268200015], [91.47256611418872, 22.9828639104172], [91.47256002136768, 22.983405724881976], [91.47197483063903, 22.983400082516873]]]}}, {"type": "Feature", "properties": {"aoi_name": "Feni", "sensor": "Sentinel-1", "acquisition_date": "2024-08-21", "baseline_date": "2024-08-09", "area_km2": 0.0036, "threshold": 1.25, "detects": "open_water_only"}, "geometry": {"type": "Polygon", "coordinates": [[[91.34987356290596, 22.98181428626034], [91.34988014447575, 22.98127250402106], [91.35046529128792, 22.98127859666774], [91.35045871204943, 22.981820379066747], [91.34987356290596, 22.98181428626034]]]}}, {"type": "Feature", "properties": {"aoi_name": "Feni", "sensor": "Sentinel-1", "acquisition_date": "2024-08-21", "baseline_date": "2024-08-09", "area_km2": 0.0036, "threshold": 1.25, "detects": "open_water_only"}, "geometry": {"type": "Polygon", "coordinates": [[[91.45535400498491, 23.15771932434285], [91.45536021859213, 23.157177526204322], [91.45594615690541, 23.15718327055093], [91.45593994565296, 23.157725068839166], [91.45535400498491, 23.15771932434285]]]}}, {"type": "Feature", "properties": {"aoi_name": "Feni", "sensor": "Sentinel-1", "acquisition_date": "2024-08-21", "baseline_date": "2024-08-09", "area_km2": 0.0036, "threshold": 1.25, "detects": "open_water_only"}, "geometry": {"type": "Polygon", "coordinates": [[[91.43934045885705, 23.157380866882622], [91.43934673676345, 23.156839072845084], [91.43993266914546, 23.15684487666106], [91.43992639359371, 23.157386670849853], [91.43934045885705, 23.157380866882622]]]}}, {"type": "Feature", "properties": {"aoi_name": "Feni", "sensor": "Sentinel-1", "acquisition_date": "2024-08-21", "baseline_date": "2024-08-09", "area_km2": 0.0036, "threshold": 1.25, "detects": "open_water_only"}, "geometry": {"type": "Polygon", "coordinates": [[[91.40640575136122, 23.150910156548377], [91.406412159717, 23.15036837068224], [91.40699805464635, 23.150374295408852], [91.40699164864422, 23.15091608142943], [91.40640575136122, 23.150910156548377]]]}}, {"type": "Feature", "properties": {"aoi_name": "Feni", "sensor": "Sentinel-1", "acquisition_date": "2024-08-21", "baseline_date": "2024-08-09", "area_km2": 0.0036, "threshold": 1.25, "detects": "open_water_only"}, "geometry": {"type": "Polygon", "coordinates": [[[91.4408079761063, 23.148725691178182], [91.44081424549297, 23.14818389616633], [91.44140014065152, 23.148189692483644], [91.44139387361835, 23.148731487646597], [91.4408079761063, 23.148725691178182]]]}}, {"type": "Feature", "properties": {"aoi_name": "Feni", "sensor": "Sentinel-1", "acquisition_date": "2024-08-21", "baseline_date": "2024-08-09", "area_km2": 0.0036, "threshold": 1.25, "detects": "open_water_only"}, "geometry": {"type": "Polygon", "coordinates": [[[91.41758174644728, 23.113996117031494], [91.41758809854389, 23.113454325687393], [91.41817383633426, 23.11346020002809], [91.41816748658654, 23.114001991525505], [91.41758174644728, 23.113996117031494]]]}}, {"type": "Feature", "properties": {"aoi_name": "Feni", "sensor": "Sentinel-1", "acquisition_date": "2024-08-21", "baseline_date": "2024-08-09", "area_km2": 0.0036, "threshold": 1.25, "detects": "open_water_only"}, "geometry": {"type": "Polygon", "coordinates": [[[91.43574396576736, 23.113816018546146], [91.43575024492104, 23.11327422244969], [91.43633598705337, 23.113280029329058], [91.43632971024861, 23.11382182557707], [91.43574396576736, 23.113816018546146]]]}}, {"type": "Feature", "properties": {"aoi_name": "Feni", "sensor": "Sentinel-1", "acquisition_date": "2024-08-21", "baseline_date": "2024-08-09", "area_km2": 0.0036, "threshold": 1.25, "detects": "open_water_only"}, "geometry": {"type": "Polygon", "coordinates": [[[91.46933309765558, 23.113603641090688], [91.46933924194647, 23.113061836357684], [91.46992499247656, 23.113067518503417], [91.46991885053473, 23.113609323384722], [91.46933309765558, 23.113603641090688]]]}}, {"type": "Feature", "properties": {"aoi_name": "Feni", "sensor": "Sentinel-1", "acquisition_date": "2024-08-21", "baseline_date": "2024-08-09", "area_km2": 0.0036, "threshold": 1.25, "detects": "open_water_only"}, "geometry": {"type": "Polygon", "coordinates": [[[91.3991640134011, 22.837822734089954], [91.39917035386982, 22.837280928749237], [91.3997548974079, 22.837286804482154], [91.399748559252, 22.83782860997768], [91.3991640134011, 22.837822734089954]]]}}, {"type": "Feature", "properties": {"aoi_name": "Feni", "sensor": "Sentinel-1", "acquisition_date": "2024-08-21", "baseline_date": "2024-08-09", "area_km2": 0.0036, "threshold": 1.25, "detects": "open_water_only"}, "geometry": {"type": "Polygon", "coordinates": [[[91.41701651517704, 22.82752501512735], [91.41702278180736, 22.826983204372322], [91.41760728645112, 22.826989012111504], [91.41760102213236, 22.827530823019593], [91.41701651517704, 22.82752501512735]]]}}, {"type": "Feature", "properties": {"aoi_name": "Feni", "sensor": "Sentinel-1", "acquisition_date": "2024-08-21", "baseline_date": "2024-08-09", "area_km2": 0.0036, "threshold": 1.25, "detects": "open_water_only"}, "geometry": {"type": "Polygon", "coordinates": [[[91.35995656577205, 22.82478027032364], [91.35996305735945, 22.824238474636104], [91.36054753383317, 22.824244491020693], [91.3605410445567, 22.824786286866814], [91.35995656577205, 22.82478027032364]]]}}, {"type": "Feature", "properties": {"aoi_name": "Feni", "sensor": "Sentinel-1", "acquisition_date": "2024-08-21", "baseline_date": "2024-08-09", "area_km2": 0.0036, "threshold": 1.25, "detects": "open_water_only"}, "geometry": {"type": "Polygon", "coordinates": [[[91.38957040416905, 22.82508241272756], [91.38957677866416, 22.824540609076404], [91.39016126503894, 22.82454651690755], [91.39015489285494, 22.825088320714425], [91.38957040416905, 22.82508241272756]]]}}, {"type": "Feature", "properties": {"aoi_name": "Feni", "sensor": "Sentinel-1", "acquisition_date": "2024-08-21", "baseline_date": "2024-08-09", "area_km2": 0.0036, "threshold": 1.25, "detects": "open_water_only"}, "geometry": {"type": "Polygon", "coordinates": [[[91.48238538599107, 23.02937875591193], [91.48239145313411, 23.028836942108505], [91.48297684266495, 23.028842556454407], [91.48297077786, 23.029384370404788], [91.48238538599107, 23.02937875591193]]]}}, {"type": "Feature", "properties": {"aoi_name": "Feni", "sensor": "Sentinel-1", "acquisition_date": "2024-08-21", "baseline_date": "2024-08-09", "area_km2": 0.0036, "threshold": 1.25, "detects": "open_water_only"}, "geometry": {"type": "Polygon", "coordinates": [[[91.4199509709997, 23.028225651459277], [91.41995728733008, 23.027683853617784], [91.4205426545548, 23.027689698649123], [91.42053634056207, 23.028231496643613], [91.4199509709997, 23.028225651459277]]]}}, {"type": "Feature", "properties": {"aoi_name": "Feni", "sensor": "Sentinel-1", "acquisition_date": "2024-08-21", "baseline_date": "2024-08-09", "area_km2": 0.0036, "threshold": 1.25, "detects": "open_water_only"}, "geometry": {"type": "Polygon", "coordinates": [[[91.53997897090166, 23.027211349531363], [91.53998480723351, 23.02666952135578], [91.5405702027694, 23.02667492216284], [91.54056436877562, 23.027216750479806], [91.53997897090166, 23.027211349531363]]]}}, {"type": "Feature", "properties": {"aoi_name": "Feni", "sensor": "Sentinel-1", "acquisition_date": "2024-08-21", "baseline_date": "2024-08-09", "area_km2": 0.0036, "threshold": 1.25, "detects": "open_water_only"}, "geometry": {"type": "Polygon", "coordinates": [[[91.47047531398924, 22.94328693200323], [91.47048140325342, 22.942745115328375], [91.47106641865885, 22.942750753786914], [91.47106033172149, 22.943292570609785], [91.47047531398924, 22.94328693200323]]]}}, {"type": "Feature", "properties": {"aoi_name": "Feni", "sensor": "Sentinel-1", "acquisition_date": "2024-08-21", "baseline_date": "2024-08-09", "area_km2": 0.0036, "threshold": 1.25, "detects": "open_water_only"}, "geometry": {"type": "Polygon", "coordinates": [[[91.43299503223407, 22.9971078834737], [91.43300128699327, 22.996566080099797], [91.43358652364844, 22.996571869495824], [91.43358027122294, 22.997113673021428], [91.43299503223407, 22.9971078834737]]]}}, {"type": "Feature", "properties": {"aoi_name": "Feni", "sensor": "Sentinel-1", "acquisition_date": "2024-08-21", "baseline_date": "2024-08-09", "area_km2": 0.0036, "threshold": 1.25, "detects": "open_water_only"}, "geometry": {"type": "Polygon", "coordinates": [[[91.36628774000967, 22.99571133103634], [91.3662942605223, 22.995169545275804], [91.36687947203397, 22.99517558076208], [91.36687295385454, 22.995717366680765], [91.36628774000967, 22.99571133103634]]]}}, {"type": "Feature", "properties": {"aoi_name": "Feni", "sensor": "Sentinel-1", "acquisition_date": "2024-08-21", "baseline_date": "2024-08-09", "area_km2": 0.0036, "threshold": 1.25, "detects": "open_water_only"}, "geometry": {"type": "Polygon", "coordinates": [[[91.49348875579113, 22.996069255463127], [91.49349476884045, 22.99552743659704], [91.49408001767239, 22.99553300226825], [91.49407400695688, 22.996074821280185], [91.49348875579113, 22.996069255463127]]]}}, {"type": "Feature", "properties": {"aoi_name": "Feni", "sensor": "Sentinel-1", "acquisition_date": "2024-08-21", "baseline_date": "2024-08-09", "area_km2": 0.0036, "threshold": 1.25, "detects": "open_water_only"}, "geometry": {"type": "Polygon", "coordinates": [[[91.49354555835748, 23.148696847128296], [91.49355161573112, 23.14815503870543], [91.49413752526144, 23.14816063897189], [91.49413147024156, 23.148702447540757], [91.49354555835748, 23.148696847128296]]]}}, {"type": "Feature", "properties": {"aoi_name": "Feni", "sensor": "Sentinel-1", "acquisition_date": "2024-08-21", "baseline_date": "2024-08-09", "area_km2": 0.0036, "threshold": 1.25, "detects": "open_water_only"}, "geometry": {"type": "Polygon", "coordinates": [[[91.45647748514467, 23.144906325034107], [91.45648369039708, 23.14436452572764], [91.45706957331358, 23.144370262904463], [91.45706337041428, 23.144912062360508], [91.45647748514467, 23.144906325034107]]]}}, {"type": "Feature", "properties": {"aoi_name": "Feni", "sensor": "Sentinel-1", "acquisition_date": "2024-08-21", "baseline_date": "2024-08-09", "area_km2": 0.0036, "threshold": 1.25, "detects": "open_water_only"}, "geometry": {"type": "Polygon", "coordinates": [[[91.45673935814715, 23.019377038619687], [91.45674552480541, 23.018835230642917], [91.4573308641256, 23.018840937523656], [91.45732469980399, 23.019382745649846], [91.45673935814715, 23.019377038619687]]]}}, {"type": "Feature", "properties": {"aoi_name": "Feni", "sensor": "Sentinel-1", "acquisition_date": "2024-08-21", "baseline_date": "2024-08-09", "area_km2": 0.0036, "threshold": 1.25, "detects": "open_water_only"}, "geometry": {"type": "Polygon", "coordinates": [[[91.53245484216784, 23.019194150184273], [91.53246070629231, 23.01865232328726], [91.53304606524529, 23.01865775014495], [91.5330402034578, 23.019199577184068], [91.53245484216784, 23.019194150184273]]]}}, {"type": "Feature", "properties": {"aoi_name": "Feni", "sensor": "Sentinel-1", "acquisition_date": "2024-08-21", "baseline_date": "2024-08-09", "area_km2": 0.0036, "threshold": 1.25, "detects": "open_water_only"}, "geometry": {"type": "Polygon", "coordinates": [[[91.42189908848057, 23.17888119954457], [91.42190544311275, 23.17833941152513], [91.4224914641502, 23.17834528533083], [91.4224851118754, 23.178887073503244], [91.42189908848057, 23.17888119954457]]]}}, {"type": "Feature", "properties": {"aoi_name": "Feni", "sensor": "Sentinel-1", "acquisition_date": "2024-08-21", "baseline_date": "2024-08-09", "area_km2": 0.0036, "threshold": 1.25, "detects": "open_water_only"}, "geometry": {"type": "Polygon", "coordinates": [[[91.49142593502569, 22.953421959924867], [91.49143194385857, 22.952880138662202], [91.49201700853112, 22.9528857022077], [91.49201100202647, 22.95342752361637], [91.49142593502569, 22.953421959924867]]]}}, {"type": "Feature", "properties": {"aoi_name": "Feni", "sensor": "Sentinel-1", "acquisition_date": "2024-08-21", "baseline_date": "2024-08-09", "area_km2": 0.0036, "threshold": 1.25, "detects": "open_water_only"}, "geometry": {"type": "Polygon", "coordinates": [[[91.5319968551062, 22.953260769508404], [91.53200270232976, 22.95271893821831], [91.5325877771225, 22.952724352108085], [91.53258193222734, 22.95326618354026], [91.5319968551062, 22.953260769508404]]]}}, {"type": "Feature", "properties": {"aoi_name": "Feni", "sensor": "Sentinel-1", "acquisition_date": "2024-08-21", "baseline_date": "2024-08-09", "area_km2": 0.0036, "threshold": 1.25, "detects": "open_water_only"}, "geometry": {"type": "Polygon", "coordinates": [[[91.37793723305747, 22.951398832213698], [91.37794369318001, 22.950857040281697], [91.37852871734052, 22.9508630218456], [91.37852225954545, 22.95140481393458], [91.37793723305747, 22.951398832213698]]]}}, {"type": "Feature", "properties": {"aoi_name": "Feni", "sensor": "Sentinel-1", "acquisition_date": "2024-08-21", "baseline_date": "2024-08-09", "area_km2": 0.0036, "threshold": 1.25, "detects": "open_water_only"}, "geometry": {"type": "Polygon", "coordinates": [[[91.47291107279007, 22.9521610277743], [91.47291715498034, 22.95161921108738], [91.47350220919841, 22.951624842620433], [91.47349612933614, 22.952166659455152], [91.47291107279007, 22.9521610277743]]]}}, {"type": "Feature", "properties": {"aoi_name": "Feni", "sensor": "Sentinel-1", "acquisition_date": "2024-08-21", "baseline_date": "2024-08-09", "area_km2": 0.0036, "threshold": 1.25, "detects": "open_water_only"}, "geometry": {"type": "Polygon", "coordinates": [[[91.44183188814004, 23.0260945884945], [91.44183811637875, 23.02555278481195], [91.4424234805541, 23.025558548401776], [91.4424172546529, 23.02610035223521], [91.44183188814004, 23.0260945884945]]]}}, {"type": "Feature", "properties": {"aoi_name": "Feni", "sensor": "Sentinel-1", "acquisition_date": "2024-08-21", "baseline_date": "2024-08-09", "area_km2": 0.0036, "threshold": 1.25, "detects": "open_water_only"}, "geometry": {"type": "Polygon", "coordinates": [[[91.4638951497216, 23.025045973310288], [91.46390128947911, 23.024504163893642], [91.46448665524346, 23.024509845632647], [91.4644805178234, 23.025051655198034], [91.4638951497216, 23.025045973310288]]]}}, {"type": "Feature", "properties": {"aoi_name": "Feni", "sensor": "Sentinel-1", "acquisition_date": "2024-08-21", "baseline_date": "2024-08-09", "area_km2": 0.0036, "threshold": 1.25, "detects": "open_water_only"}, "geometry": {"type": "Polygon", "coordinates": [[[91.44185887581412, 23.02374677225745], [91.44186510323665, 23.02320496840732], [91.44245045728368, 23.02321073134336], [91.44244423219834, 23.023752535344368], [91.44185887581412, 23.02374677225745]]]}}, {"type": "Feature", "properties": {"aoi_name": "Feni", "sensor": "Sentinel-1", "acquisition_date": "2024-08-21", "baseline_date": "2024-08-09", "area_km2": 0.0036, "threshold": 1.25, "detects": "open_water_only"}, "geometry": {"type": "Polygon", "coordinates": [[[91.50882158344481, 23.02114074196986], [91.50882754254596, 23.02059892100564], [91.50941290363653, 23.020604435694867], [91.50940694687253, 23.02114625680348], [91.50882158344481, 23.02114074196986]]]}}, {"type": "Feature", "properties": {"aoi_name": "Feni", "sensor": "Sentinel-1", "acquisition_date": "2024-08-21", "baseline_date": "2024-08-09", "area_km2": 0.0036, "threshold": 1.25, "detects": "open_water_only"}, "geometry": {"type": "Polygon", "coordinates": [[[91.43862130117006, 23.13515761171613], [91.43862757523803, 23.134615816338485], [91.43921341082522, 23.134621617579228], [91.43920713910899, 23.135163413108177], [91.43862130117006, 23.13515761171613]]]}}, {"type": "Feature", "properties": {"aoi_name": "Feni", "sensor": "Sentinel-1", "acquisition_date": "2024-08-21", "baseline_date": "2024-08-09", "area_km2": 0.0036, "threshold": 1.25, "detects": "open_water_only"}, "geometry": {"type": "Polygon", "coordinates": [[[91.49082340662483, 22.972562572734542], [91.4908294234452, 22.972020752929303], [91.49141457030356, 22.97202632307326], [91.4914085558139, 22.97256814302457], [91.49082340662483, 22.972562572734542]]]}}, {"type": "Feature", "properties": {"aoi_name": "Feni", "sensor": "Sentinel-1", "acquisition_date": "2024-08-21", "baseline_date": "2024-08-09", "area_km2": 0.0036, "threshold": 1.25, "detects": "open_water_only"}, "geometry": {"type": "Polygon", "coordinates": [[[91.38747354432351, 22.969558042001953], [91.38747997214043, 22.96901624875093], [91.38806507717446, 22.969022199587734], [91.38805865168743, 22.969563992994843], [91.38747354432351, 22.969558042001953]]]}}, {"type": "Feature", "properties": {"aoi_name": "Feni", "sensor": "Sentinel-1", "acquisition_date": "2024-08-21", "baseline_date": "2024-08-09", "area_km2": 0.0036, "threshold": 1.25, "detects": "open_water_only"}, "geometry": {"type": "Polygon", "coordinates": [[[91.50391961581818, 22.9701579537775], [91.50392557974202, 22.969616130543656], [91.5045107197747, 22.96962165180795], [91.50450475818134, 22.970163475186606], [91.50391961581818, 22.9701579537775]]]}}, {"type": "Feature", "properties": {"aoi_name": "Feni", "sensor": "Sentinel-1", "acquisition_date": "2024-08-21", "baseline_date": "2024-08-09", "area_km2": 0.0036, "threshold": 1.25, "detects": "open_water_only"}, "geometry": {"type": "Polygon", "coordinates": [[[91.42748893493783, 23.168641932285336], [91.42749526394212, 23.16810014210137], [91.42808124198602, 23.168105992667147], [91.4280749153378, 23.168647783003536], [91.42748893493783, 23.168641932285336]]]}}, {"type": "Feature", "properties": {"aoi_name": "Feni", "sensor": "Sentinel-1", "acquisition_date": "2024-08-21", "baseline_date": "2024-08-09", "area_km2": 0.0036, "threshold": 1.25, "detects": "open_water_only"}, "geometry": {"type": "Polygon", "coordinates": [[[91.42893100632668, 23.12873968263841], [91.42893731736802, 23.128197889337724], [91.42952312236052, 23.128203725054664], [91.42951681367, 23.128745518507593], [91.42893100632668, 23.12873968263841]]]}}, {"type": "Feature", "properties": {"aoi_name": "Feni", "sensor": "Sentinel-1", "acquisition_date": "2024-08-21", "baseline_date": "2024-08-09", "area_km2": 0.0036, "threshold": 1.25, "detects": "open_water_only"}, "geometry": {"type": "Polygon", "coordinates": [[[91.3986666984709, 23.128254609139017], [91.39867313090357, 23.12771282376796], [91.39925892518193, 23.12771877177621], [91.3992524950999, 23.128260557302436], [91.3986666984709, 23.128254609139017]]]}}, {"type": "Feature", "properties": {"aoi_name": "Feni", "sensor": "Sentinel-1", "acquisition_date": "2024-08-21", "baseline_date": "2024-08-09", "area_km2": 0.0036, "threshold": 1.25, "detects": "open_water_only"}, "geometry": {"type": "Polygon", "coordinates": [[[91.42961087849538, 23.0366303897215], [91.42961715877523, 23.03608858993094], [91.43020256502592, 23.036094401228443], [91.4301962870849, 23.03663620117108], [91.42961087849538, 23.0366303897215]]]}}, {"type": "Feature", "properties": {"aoi_name": "Feni", "sensor": "Sentinel-1", "acquisition_date": "2024-08-21", "baseline_date": "2024-08-09", "area_km2": 0.0036, "threshold": 1.25, "detects": "open_water_only"}, "geometry": {"type": "Polygon", "coordinates": [[[91.45517595554672, 23.03670153749135], [91.45518213363292, 23.03615973110022], [91.45576754732645, 23.036165447814728], [91.45576137157917, 23.03670725435546], [91.45517595554672, 23.03670153749135]]]}}, {"type": "Feature", "properties": {"aoi_name": "Feni", "sensor": "Sentinel-1", "acquisition_date": "2024-08-21", "baseline_date": "2024-08-09", "area_km2": 0.0036, "threshold": 1.25, "detects": "open_water_only"}, "geometry": {"type": "Polygon", "coordinates": [[[91.41714963663833, 23.034158111158337], [91.41715596598273, 23.033616314457603], [91.4177413580336, 23.03362217127307], [91.41773503102762, 23.03416396812708], [91.41714963663833, 23.034158111158337]]]}}, {"type": "Feature", "properties": {"aoi_name": "Feni", "sensor": "Sentinel-1", "acquisition_date": "2024-08-21", "baseline_date": "2024-08-09", "area_km2": 0.0036, "threshold": 1.25, "detects": "open_water_only"}, "geometry": {"type": "Polygon", "coordinates": [[[91.48766200023452, 22.941103544232963], [91.48766802045313, 22.940561723072943], [91.4882530311568, 22.940567297676356], [91.48824701326481, 22.94110911898274], [91.48766200023452, 22.941103544232963]]]}}, {"type": "Feature", "properties": {"aoi_name": "Feni", "sensor": "Sentinel-1", "acquisition_date": "2024-08-21", "baseline_date": "2024-08-09", "area_km2": 0.0036, "threshold": 1.25, "detects": "open_water_only"}, "geometry": {"type": "Polygon", "coordinates": [[[91.46349589335219, 22.939607000591934], [91.46350200930247, 22.939065185440974], [91.46408700697906, 22.93907084877062], [91.4640808933551, 22.939612664070275], [91.46349589335219, 22.939607000591934]]]}}, {"type": "Feature", "properties": {"aoi_name": "Feni", "sensor": "Sentinel-1", "acquisition_date": "2024-08-21", "baseline_date": "2024-08-09", "area_km2": 0.0036, "threshold": 1.25, "detects": "open_water_only"}, "geometry": {"type": "Polygon", "coordinates": [[[91.45433296836694, 22.939337387170152], [91.45433912070034, 22.938795574343242], [91.45492411468996, 22.93880127138133], [91.45491796468279, 22.939343084357816], [91.45433296836694, 22.939337387170152]]]}}, {"type": "Feature", "properties": {"aoi_name": "Feni", "sensor": "Sentinel-1", "acquisition_date": "2024-08-21", "baseline_date": "2024-08-09", "area_km2": 0.0036, "threshold": 1.25, "detects": "open_water_only"}, "geometry": {"type": "Polygon", "coordinates": [[[91.4386398131723, 23.1841054489862], [91.43864610199317, 23.183563656967078], [91.43923215049622, 23.18356946969999], [91.43922586403349, 23.18411126187047], [91.4386398131723, 23.1841054489862]]]}}, {"type": "Feature", "properties": {"aoi_name": "Feni", "sensor": "Sentinel-1", "acquisition_date": "2024-08-21", "baseline_date": "2024-08-09", "area_km2": 0.0036, "threshold": 1.25, "detects": "open_water_only"}, "geometry": {"type": "Polygon", "coordinates": [[[91.49101340992611, 23.043188738559643], [91.49101944661946, 23.042646923535376], [91.49160489814878, 23.042652509118827], [91.49159886379537, 23.043194324289225], [91.49101340992611, 23.043188738559643]]]}}, {"type": "Feature", "properties": {"aoi_name": "Feni", "sensor": "Sentinel-1", "acquisition_date": "2024-08-21", "baseline_date": "2024-08-09", "area_km2": 0.0036, "threshold": 1.25, "detects": "open_water_only"}, "geometry": {"type": "Polygon", "coordinates": [[[91.43540239360287, 23.042106417756145], [91.43540865238633, 23.04156461683445], [91.43599408392359, 23.041570407998723], [91.43598782747969, 23.042112209071938], [91.43540239360287, 23.042106417756145]]]}}, {"type": "Feature", "properties": {"aoi_name": "Feni", "sensor": "Sentinel-1", "acquisition_date": "2024-08-21", "baseline_date": "2024-08-09", "area_km2": 0.0036, "threshold": 1.25, "detects": "open_water_only"}, "geometry": {"type": "Polygon", "coordinates": [[[91.43443293357805, 23.041554960081964], [91.43443919607144, 23.04101315937421], [91.43502462495384, 23.041018953995895], [91.43501836479993, 23.04156075485525], [91.43443293357805, 23.041554960081964]]]}}, {"type": "Feature", "properties": {"aoi_name": "Feni", "sensor": "Sentinel-1", "acquisition_date": "2024-08-21", "baseline_date": "2024-08-09", "area_km2": 0.0036, "threshold": 1.25, "detects": "open_water_only"}, "geometry": {"type": "Polygon", "coordinates": [[[91.35268936514977, 23.039099016389642], [91.3526959537591, 23.038557237296466], [91.35328134849861, 23.038563333839004], [91.35327476222807, 23.039105113091704], [91.35268936514977, 23.039099016389642]]]}}, {"type": "Feature", "properties": {"aoi_name": "Feni", "sensor": "Sentinel-1", "acquisition_date": "2024-08-21", "baseline_date": "2024-08-09", "area_km2": 0.0036, "threshold": 1.25, "detects": "open_water_only"}, "geometry": {"type": "Polygon", "coordinates": [[[91.4671836234653, 23.130922399582605], [91.46718978152991, 23.130380596584313], [91.46777560664596, 23.130386290725877], [91.46776945093268, 23.130928093872704], [91.4671836234653, 23.130922399582605]]]}}, {"type": "Feature", "properties": {"aoi_name": "Feni", "sensor": "Sentinel-1", "acquisition_date": "2024-08-21", "baseline_date": "2024-08-09", "area_km2": 0.0036, "threshold": 1.25, "detects": "open_water_only"}, "geometry": {"type": "Polygon", "coordinates": [[[91.43906830546462, 23.13028531884829], [91.4390745762619, 23.1297435230204], [91.43966039081279, 23.129749321449697], [91.43965412236659, 23.13029111742884], [91.43906830546462, 23.13028531884829]]]}}, {"type": "Feature", "properties": {"aoi_name": "Feni", "sensor": "Sentinel-1", "acquisition_date": "2024-08-21", "baseline_date": "2024-08-09", "area_km2": 0.0036, "threshold": 1.25, "detects": "open_water_only"}, "geometry": {"type": "Polygon", "coordinates": [[[91.41662061536806, 23.129339013805154], [91.41662697603238, 23.128797223766295], [91.41721278014577, 23.128803105350745], [91.41720642183233, 23.12934489554303], [91.41662061536806, 23.129339013805154]]]}}, {"type": "Feature", "properties": {"aoi_name": "Feni", "sensor": "Sentinel-1", "acquisition_date": "2024-08-21", "baseline_date": "2024-08-09", "area_km2": 0.0036, "threshold": 1.25, "detects": "open_water_only"}, "geometry": {"type": "Polygon", "coordinates": [[[91.31414109949536, 22.937368048193353], [91.3141478090508, 22.93682627280762], [91.31473275401876, 22.936832486020638], [91.31472604678866, 22.9373742615695], [91.31414109949536, 22.937368048193353]]]}}, {"type": "Feature", "properties": {"aoi_name": "Feni", "sensor": "Sentinel-1", "acquisition_date": "2024-08-21", "baseline_date": "2024-08-09", "area_km2": 0.0036, "threshold": 1.25, "detects": "open_water_only"}, "geometry": {"type": "Polygon", "coordinates": [[[91.52242013895588, 22.93709594404785], [91.52242601969697, 22.936554113994656], [91.52301102248632, 22.936559559582875], [91.52300514407149, 22.937101389779063], [91.52242013895588, 22.93709594404785]]]}}, {"type": "Feature", "properties": {"aoi_name": "Feni", "sensor": "Sentinel-1", "acquisition_date": "2024-08-21", "baseline_date": "2024-08-09", "area_km2": 0.0036, "threshold": 1.25, "detects": "open_water_only"}, "geometry": {"type": "Polygon", "coordinates": [[[91.51464767447385, 22.93449459674046], [91.51465358539522, 22.93395276841998], [91.51523857494787, 22.933958242067295], [91.51523266635239, 22.934500070531517], [91.51464767447385, 22.93449459674046]]]}}, {"type": "Feature", "properties": {"aoi_name": "Feni", "sensor": "Sentinel-1", "acquisition_date": "2024-08-21", "baseline_date": "2024-08-09", "area_km2": 0.0036, "threshold": 1.25, "detects": "open_water_only"}, "geometry": {"type": "Polygon", "coordinates": [[[91.53591803052916, 22.933247205397826], [91.53592385647083, 22.932705371788742], [91.53650884628219, 22.932710766777742], [91.53650302266632, 22.93325260052851], [91.53591803052916, 22.933247205397826]]]}}, {"type": "Feature", "properties": {"aoi_name": "Feni", "sensor": "Sentinel-1", "acquisition_date": "2024-08-21", "baseline_date": "2024-08-09", "area_km2": 0.0036, "threshold": 1.25, "detects": "open_water_only"}, "geometry": {"type": "Polygon", "coordinates": [[[91.4663072809947, 22.932409197296877], [91.46631338362239, 22.9318673809391], [91.46689835115183, 22.931873032234], [91.46689225084953, 22.932414848740198], [91.4663072809947, 22.932409197296877]]]}}, {"type": "Feature", "properties": {"aoi_name": "Feni", "sensor": "Sentinel-1", "acquisition_date": "2024-08-21", "baseline_date": "2024-08-09", "area_km2": 0.0036, "threshold": 1.25, "detects": "open_water_only"}, "geometry": {"type": "Polygon", "coordinates": [[[91.4951700048922, 22.932324217850557], [91.49517599267546, 22.93178239421285], [91.49576096769155, 22.931787939140072], [91.49575498223382, 22.932329762923406], [91.4951700048922, 22.932324217850557]]]}}, {"type": "Feature", "properties": {"aoi_name": "Feni", "sensor": "Sentinel-1", "acquisition_date": "2024-08-21", "baseline_date": "2024-08-09", "area_km2": 0.0036, "threshold": 1.25, "detects": "open_water_only"}, "geometry": {"type": "Polygon", "coordinates": [[[91.48408361757997, 22.92968995449167], [91.48408964869417, 22.92914813345203], [91.48467460939901, 22.9291537186233], [91.4846685806099, 22.92969553980962], [91.48408361757997, 22.92968995449167]]]}}, {"type": "Feature", "properties": {"aoi_name": "Feni", "sensor": "Sentinel-1", "acquisition_date": "2024-08-21", "baseline_date": "2024-08-09", "area_km2": 0.0036, "threshold": 1.25, "detects": "open_water_only"}, "geometry": {"type": "Polygon", "coordinates": [[[91.42345393629653, 23.196236025634292], [91.4234602899797, 23.195694238401614], [91.42404638706323, 23.19570011055841], [91.42404003573974, 23.196241897943917], [91.42345393629653, 23.196236025634292]]]}}, {"type": "Feature", "properties": {"aoi_name": "Feni", "sensor": "Sentinel-1", "acquisition_date": "2024-08-21", "baseline_date": "2024-08-09", "area_km2": 0.0036, "threshold": 1.25, "detects": "open_water_only"}, "geometry": {"type": "Polygon", "coordinates": [[[91.445727937073, 23.19627704207392], [91.44573420102333, 23.1957352490604], [91.44632030454092, 23.195741038267673], [91.44631404295039, 23.196282831431873], [91.445727937073, 23.19627704207392]]]}}, {"type": "Feature", "properties": {"aoi_name": "Feni", "sensor": "Sentinel-1", "acquisition_date": "2024-08-21", "baseline_date": "2024-08-09", "area_km2": 0.0036, "threshold": 1.25, "detects": "open_water_only"}, "geometry": {"type": "Polygon", "coordinates": [[[91.50052985160065, 23.04743363308519], [91.50053585146492, 23.04689181597693], [91.5011213239067, 23.046897367299653], [91.50111532638294, 23.047439184553138], [91.50052985160065, 23.04743363308519]]]}}, {"type": "Feature", "properties": {"aoi_name": "Feni", "sensor": "Sentinel-1", "acquisition_date": "2024-08-21", "baseline_date": "2024-08-09", "area_km2": 0.0036, "threshold": 1.25, "detects": "open_water_only"}, "geometry": {"type": "Polygon", "coordinates": [[[91.4847261433247, 23.046921715836792], [91.48473220626003, 23.046379902645135], [91.48531767221994, 23.046385512356817], [91.48531161162502, 23.04692732569522], [91.4847261433247, 23.046921715836792]]]}}, {"type": "Feature", "properties": {"aoi_name": "Feni", "sensor": "Sentinel-1", "acquisition_date": "2024-08-21", "baseline_date": "2024-08-09", "area_km2": 0.0036, "threshold": 1.25, "detects": "open_water_only"}, "geometry": {"type": "Polygon", "coordinates": [[[91.5161564280748, 23.04631668190648], [91.51616236510493, 23.04577486085512], [91.51674783689577, 23.04578035407586], [91.51674190220609, 23.046322175270923], [91.5161564280748, 23.04631668190648]]]}}, {"type": "Feature", "properties": {"aoi_name": "Feni", "sensor": "Sentinel-1", "acquisition_date": "2024-08-21", "baseline_date": "2024-08-09", "area_km2": 0.0036, "threshold": 1.25, "detects": "open_water_only"}, "geometry": {"type": "Polygon", "coordinates": [[[91.49722819919748, 23.04595729033798], [91.49723421184002, 23.045415473950793], [91.49781967701213, 23.045421037160587], [91.49781366670989, 23.04596285369331], [91.49722819919748, 23.04595729033798]]]}}, {"type": "Feature", "properties": {"aoi_name": "Feni", "sensor": "Sentinel-1", "acquisition_date": "2024-08-21", "baseline_date": "2024-08-09", "area_km2": 0.0036, "threshold": 1.25, "detects": "open_water_only"}, "geometry": {"type": "Polygon", "coordinates": [[[91.45430059924924, 23.04500160173396], [91.45430678332004, 23.04445979613528], [91.45489223263588, 23.044465518031465], [91.45488605090512, 23.045007323779842], [91.45430059924924, 23.04500160173396]]]}}, {"type": "Feature", "properties": {"aoi_name": "Feni", "sensor": "Sentinel-1", "acquisition_date": "2024-08-21", "baseline_date": "2024-08-09", "area_km2": 0.0036, "threshold": 1.25, "detects": "open_water_only"}, "geometry": {"type": "Polygon", "coordinates": [[[91.50355537010746, 22.9678063710997], [91.50356133480217, 22.9672645477957], [91.50414646461658, 22.96727006987108], [91.50414050225206, 22.967811893319922], [91.50355537010746, 22.9678063710997]]]}}, {"type": "Feature", "properties": {"aoi_name": "Feni", "sensor": "Sentinel-1", "acquisition_date": "2024-08-21", "baseline_date": "2024-08-09", "area_km2": 0.0036, "threshold": 1.25, "detects": "open_water_only"}, "geometry": {"type": "Polygon", "coordinates": [[[91.51370834698233, 23.002582218642434], [91.5137142812193, 23.0020403952024], [91.51429956354944, 23.0020458876424], [91.51429363164722, 23.00258771122633], [91.51370834698233, 23.002582218642434]]]}}, {"type": "Feature", "properties": {"aoi_name": "Feni", "sensor": "Sentinel-1", "acquisition_date": "2024-08-21", "baseline_date": "2024-08-09", "area_km2": 0.0036, "threshold": 1.25, "detects": "open_water_only"}, "geometry": {"type": "Polygon", "coordinates": [[[91.48446249651744, 23.000679384795315], [91.48446854693798, 23.00013756850678], [91.48505381320008, 23.00014316858179], [91.4850477651139, 23.000684985017056], [91.48446249651744, 23.000679384795315]]]}}, {"type": "Feature", "properties": {"aoi_name": "Feni", "sensor": "Sentinel-1", "acquisition_date": "2024-08-21", "baseline_date": "2024-08-09", "area_km2": 0.0036, "threshold": 1.25, "detects": "open_water_only"}, "geometry": {"type": "Polygon", "coordinates": [[[91.34790937564436, 22.99895239720449], [91.34791597052558, 22.998410616674], [91.34850119059831, 22.998416720860945], [91.34849459805062, 22.998958501551364], [91.34790937564436, 22.99895239720449]]]}}, {"type": "Feature", "properties": {"aoi_name": "Feni", "sensor": "Sentinel-1", "acquisition_date": "2024-08-21", "baseline_date": "2024-08-09", "area_km2": 0.0036, "threshold": 1.25, "detects": "open_water_only"}, "geometry": {"type": "Polygon", "coordinates": [[[91.42361235676782, 22.99864035943414], [91.42361864943659, 22.99809855861119], [91.42420389005589, 22.99810438303588], [91.42419759972096, 22.998646184011438], [91.42361235676782, 22.99864035943414]]]}}, {"type": "Feature", "properties": {"aoi_name": "Feni", "sensor": "Sentinel-1", "acquisition_date": "2024-08-21", "baseline_date": "2024-08-09", "area_km2": 0.0036, "threshold": 1.25, "detects": "open_water_only"}, "geometry": {"type": "Polygon", "coordinates": [[[91.44038939666092, 22.998806473730163], [91.44039562242516, 22.9982646685548], [91.44098086847315, 22.99827043103469], [91.44097464504281, 22.99881223636104], [91.44038939666092, 22.998806473730163]]]}}, {"type": "Feature", "properties": {"aoi_name": "Feni", "sensor": "Sentinel-1", "acquisition_date": "2024-08-21", "baseline_date": "2024-08-09", "area_km2": 0.0036, "threshold": 1.25, "detects": "open_water_only"}, "geometry": {"type": "Polygon", "coordinates": [[[91.4535048089079, 23.012120559693006], [91.45351098631531, 23.011578752048937], [91.45409629342882, 23.01158446919074], [91.45409011835712, 23.01212627698455], [91.4535048089079, 23.012120559693006]]]}}, {"type": "Feature", "properties": {"aoi_name": "Feni", "sensor": "Sentinel-1", "acquisition_date": "2024-08-21", "baseline_date": "2024-08-09", "area_km2": 0.0036, "threshold": 1.25, "detects": "open_water_only"}, "geometry": {"type": "Polygon", "coordinates": [[[91.47223683783166, 23.012121836324173], [91.47224294043278, 23.011580023903843], [91.47282825271043, 23.01158567179981], [91.47282215244515, 23.012127484368065], [91.47223683783166, 23.012121836324173]]]}}, {"type": "Feature", "properties": {"aoi_name": "Feni", "sensor": "Sentinel-1", "acquisition_date": "2024-08-21", "baseline_date": "2024-08-09", "area_km2": 0.0036, "threshold": 1.25, "detects": "open_water_only"}, "geometry": {"type": "Polygon", "coordinates": [[[91.50599226924996, 23.01226339991327], [91.50599823708747, 23.011721579042472], [91.50658355911314, 23.011727102186278], [91.50657759361158, 23.012268923201734], [91.50599226924996, 23.01226339991327]]]}}, {"type": "Feature", "properties": {"aoi_name": "Feni", "sensor": "Sentinel-1", "acquisition_date": "2024-08-21", "baseline_date": "2024-08-09", "area_km2": 0.0036, "threshold": 1.25, "detects": "open_water_only"}, "geometry": {"type": "Polygon", "coordinates": [[[91.41449938093368, 23.01047033533809], [91.41450571360136, 23.009928537713662], [91.41509100265263, 23.009934398647477], [91.41508467232026, 23.010476196425415], [91.41449938093368, 23.01047033533809]]]}}, {"type": "Feature", "properties": {"aoi_name": "Feni", "sensor": "Sentinel-1", "acquisition_date": "2024-08-21", "baseline_date": "2024-08-09", "area_km2": 0.0036, "threshold": 1.25, "detects": "open_water_only"}, "geometry": {"type": "Polygon", "coordinates": [[[91.48559156647578, 23.178603744023974], [91.48559766461223, 23.17806193964929], [91.48618370210737, 23.17806757633489], [91.48617760632855, 23.17860938085637], [91.48559156647578, 23.178603744023974]]]}}, {"type": "Feature", "properties": {"aoi_name": "Feni", "sensor": "Sentinel-1", "acquisition_date": "2024-08-21", "baseline_date": "2024-08-09", "area_km2": 0.0036, "threshold": 1.25, "detects": "open_water_only"}, "geometry": {"type": "Polygon", "coordinates": [[[91.43347050653713, 23.17502318559473], [91.43347681341263, 23.174481394292137], [91.43406282091608, 23.174487224116675], [91.43405651639752, 23.175029015571113], [91.43347050653713, 23.17502318559473]]]}}, {"type": "Feature", "properties": {"aoi_name": "Feni", "sensor": "Sentinel-1", "acquisition_date": "2024-08-21", "baseline_date": "2024-08-09", "area_km2": 0.0036, "threshold": 1.25, "detects": "open_water_only"}, "geometry": {"type": "Polygon", "coordinates": [[[91.38159513201722, 22.95540982697327], [91.381601578831, 22.95486803433183], [91.3821866212992, 22.95487400339141], [91.38218017681345, 22.95541579618948], [91.38159513201722, 22.95540982697327]]]}}, {"type": "Feature", "properties": {"aoi_name": "Feni", "sensor": "Sentinel-1", "acquisition_date": "2024-08-21", "baseline_date": "2024-08-09", "area_km2": 0.0036, "threshold": 1.25, "detects": "open_water_only"}, "geometry": {"type": "Polygon", "coordinates": [[[91.54094287176032, 22.95569149224276], [91.5409486840445, 22.955149658946628], [91.54153377163487, 22.95515504038195], [91.54152796167945, 22.955696873819296], [91.54094287176032, 22.95569149224276]]]}}, {"type": "Feature", "properties": {"aoi_name": "Feni", "sensor": "Sentinel-1", "acquisition_date": "2024-08-21", "baseline_date": "2024-08-09", "area_km2": 0.0036, "threshold": 1.25, "detects": "open_water_only"}, "geometry": {"type": "Polygon", "coordinates": [[[91.4271103940156, 23.134140088284134], [91.42711671401588, 23.133598295828897], [91.42770254194852, 23.133604139593288], [91.42769622429978, 23.13414593220095], [91.4271103940156, 23.134140088284134]]]}}, {"type": "Feature", "properties": {"aoi_name": "Feni", "sensor": "Sentinel-1", "acquisition_date": "2024-08-21", "baseline_date": "2024-08-09", "area_km2": 0.0036, "threshold": 1.25, "detects": "open_water_only"}, "geometry": {"type": "Polygon", "coordinates": [[[91.40064776823493, 23.191671053055934], [91.40065421238936, 23.191129271516342], [91.40124028308179, 23.191135227509307], [91.40123384128634, 23.191677009203936], [91.40064776823493, 23.191671053055934]]]}}, {"type": "Feature", "properties": {"aoi_name": "Feni", "sensor": "Sentinel-1", "acquisition_date": "2024-08-21", "baseline_date": "2024-08-09", "area_km2": 0.0036, "threshold": 1.25, "detects": "open_water_only"}, "geometry": {"type": "Polygon", "coordinates": [[[91.40732844245105, 23.18848772801187], [91.40733485871027, 23.187945944484728], [91.40792091744551, 23.187951874833843], [91.40791450354486, 23.18849365851537], [91.40732844245105, 23.18848772801187]]]}}, {"type": "Feature", "properties": {"aoi_name": "Feni", "sensor": "Sentinel-1", "acquisition_date": "2024-08-21", "baseline_date": "2024-08-09", "area_km2": 0.0036, "threshold": 1.25, "detects": "open_water_only"}, "geometry": {"type": "Polygon", "coordinates": [[[91.52485799452653, 22.928087198618076], [91.52486386299745, 22.92754536735346], [91.52544882773834, 22.927550801943354], [91.52544296159252, 22.928092633350715], [91.52485799452653, 22.928087198618076]]]}}, {"type": "Feature", "properties": {"aoi_name": "Feni", "sensor": "Sentinel-1", "acquisition_date": "2024-08-21", "baseline_date": "2024-08-09", "area_km2": 0.0036, "threshold": 1.25, "detects": "open_water_only"}, "geometry": {"type": "Polygon", "coordinates": [[[91.52506863032256, 22.92664412685044], [91.52507449754418, 22.9261022954359], [91.52565945614447, 22.926107728927242], [91.52565359124776, 22.926649560484513], [91.52506863032256, 22.92664412685044]]]}}, {"type": "Feature", "properties": {"aoi_name": "Feni", "sensor": "Sentinel-1", "acquisition_date": "2024-08-21", "baseline_date": "2024-08-09", "area_km2": 0.0036, "threshold": 1.25, "detects": "open_water_only"}, "geometry": {"type": "Polygon", "coordinates": [[[91.3336035992482, 22.92456920380986], [91.33361022724259, 22.924027422140156], [91.33419512309027, 22.92403356039987], [91.33418849741969, 22.924575342230806], [91.3336035992482, 22.92456920380986]]]}}, {"type": "Feature", "properties": {"aoi_name": "Feni", "sensor": "Sentinel-1", "acquisition_date": "2024-08-21", "baseline_date": "2024-08-09", "area_km2": 0.0036, "threshold": 1.25, "detects": "open_water_only"}, "geometry": {"type": "Polygon", "coordinates": [[[91.43149593804763, 22.924121583490955], [91.43150217664402, 22.92357977552527], [91.43208709891965, 22.923585553115068], [91.43208086264741, 22.92412736123253], [91.43149593804763, 22.924121583490955]]]}}, {"type": "Feature", "properties": {"aoi_name": "Feni", "sensor": "Sentinel-1", "acquisition_date": "2024-08-21", "baseline_date": "2024-08-09", "area_km2": 0.0036, "threshold": 1.25, "detects": "open_water_only"}, "geometry": {"type": "Polygon", "coordinates": [[[91.46269217884085, 22.9244267248313], [91.4626982934771, 22.923884908850084], [91.46328322573653, 22.923890571605497], [91.46327711342464, 22.92443238773547], [91.46269217884085, 22.9244267248313]]]}}, {"type": "Feature", "properties": {"aoi_name": "Feni", "sensor": "Sentinel-1", "acquisition_date": "2024-08-21", "baseline_date": "2024-08-09", "area_km2": 0.0036, "threshold": 1.25, "detects": "open_water_only"}, "geometry": {"type": "Polygon", "coordinates": [[[91.41574295087776, 22.92053334558378], [91.41574925101568, 22.919991541492884], [91.41633415344312, 22.919997376243675], [91.41632785562882, 22.92053918048786], [91.41574295087776, 22.92053334558378]]]}}, {"type": "Feature", "properties": {"aoi_name": "Feni", "sensor": "Sentinel-1", "acquisition_date": "2024-08-21", "baseline_date": "2024-08-09", "area_km2": 0.0036, "threshold": 1.25, "detects": "open_water_only"}, "geometry": {"type": "Polygon", "coordinates": [[[91.51070086252108, 22.92091052553569], [91.51070678523357, 22.920368697262774], [91.51129171540734, 22.920374182388187], [91.51128579501894, 22.920916010805207], [91.51070086252108, 22.92091052553569]]]}}, {"type": "Feature", "properties": {"aoi_name": "Feni", "sensor": "Sentinel-1", "acquisition_date": "2024-08-21", "baseline_date": "2024-08-09", "area_km2": 0.0036, "threshold": 1.25, "detects": "open_water_only"}, "geometry": {"type": "Polygon", "coordinates": [[[91.43180836177378, 23.200293108152767], [91.4318146830309, 23.19975131902027], [91.43240080015634, 23.19975716102338], [91.43239448125946, 23.20029895030791], [91.43180836177378, 23.200293108152767]]]}}, {"type": "Feature", "properties": {"aoi_name": "Feni", "sensor": "Sentinel-1", "acquisition_date": "2024-08-21", "baseline_date": "2024-08-09", "area_km2": 0.0036, "threshold": 1.25, "detects": "open_water_only"}, "geometry": {"type": "Polygon", "coordinates": [[[91.36639131719342, 23.0518843132215], [91.36639785506014, 23.051342531274877], [91.366983309085, 23.05134858027465], [91.3669767735588, 23.051890362379474], [91.36639131719342, 23.0518843132215]]]}}, {"type": "Feature", "properties": {"aoi_name": "Feni", "sensor": "Sentinel-1", "acquisition_date": "2024-08-21", "baseline_date": "2024-08-09", "area_km2": 0.0036, "threshold": 1.25, "detects": "open_water_only"}, "geometry": {"type": "Polygon", "coordinates": [[[91.36621142165089, 23.050618138541296], [91.36621795983667, 23.050076356556747], [91.36680340833475, 23.050082405909382], [91.3667968724893, 23.050624188052158], [91.36621142165089, 23.050618138541296]]]}}, {"type": "Feature", "properties": {"aoi_name": "Feni", "sensor": "Sentinel-1", "acquisition_date": "2024-08-21", "baseline_date": "2024-08-09", "area_km2": 0.0036, "threshold": 1.25, "detects": "open_water_only"}, "geometry": {"type": "Polygon", "coordinates": [[[91.38203161321265, 23.049697142515278], [91.38203808781634, 23.049155356200995], [91.38262353694242, 23.049161346756243], [91.38261706467901, 23.049703133227215], [91.38203161321265, 23.049697142515278]]]}}, {"type": "Feature", "properties": {"aoi_name": "Feni", "sensor": "Sentinel-1", "acquisition_date": "2024-08-21", "baseline_date": "2024-08-09", "area_km2": 0.0036, "threshold": 1.25, "detects": "open_water_only"}, "geometry": {"type": "Polygon", "coordinates": [[[91.51122585313087, 23.05096659006], [91.51123181122531, 23.050424770542634], [91.5118173018045, 23.050430283064145], [91.5118113460511, 23.0509721027257], [91.51122585313087, 23.05096659006]]]}}, {"type": "Feature", "properties": {"aoi_name": "Feni", "sensor": "Sentinel-1", "acquisition_date": "2024-08-21", "baseline_date": "2024-08-09", "area_km2": 0.0036, "threshold": 1.25, "detects": "open_water_only"}, "geometry": {"type": "Polygon", "coordinates": [[[91.43223765847699, 22.995113548897617], [91.4322439156534, 22.994571745584352], [91.4328291435, 22.9945775373048], [91.43282288865701, 22.995119340769833], [91.43223765847699, 22.995113548897617]]]}}, {"type": "Feature", "properties": {"aoi_name": "Feni", "sensor": "Sentinel-1", "acquisition_date": "2024-08-21", "baseline_date": "2024-08-09", "area_km2": 0.0036, "threshold": 1.25, "detects": "open_water_only"}, "geometry": {"type": "Polygon", "coordinates": [[[91.52022131663955, 22.995779398413916], [91.5202272229298, 22.99523757290664], [91.52081247766282, 22.99524303975444], [91.52080657370644, 22.995784865404985], [91.52022131663955, 22.995779398413916]]]}}, {"type": "Feature", "properties": {"aoi_name": "Feni", "sensor": "Sentinel-1", "acquisition_date": "2024-08-21", "baseline_date": "2024-08-09", "area_km2": 0.0036, "threshold": 1.25, "detects": "open_water_only"}, "geometry": {"type": "Polygon", "coordinates": [[[91.53504788390467, 22.99591722946423], [91.535053731069, 22.99537540034508], [91.53563899030672, 22.995380812449635], [91.53563314547635, 22.99592264171061], [91.53504788390467, 22.99591722946423]]]}}, {"type": "Feature", "properties": {"aoi_name": "Feni", "sensor": "Sentinel-1", "acquisition_date": "2024-08-21", "baseline_date": "2024-08-09", "area_km2": 0.0036, "threshold": 1.25, "detects": "open_water_only"}, "geometry": {"type": "Polygon", "coordinates": [[[91.45453544663438, 23.160962448444717], [91.454541664506, 23.160420650738818], [91.45512761669912, 23.160426398887587], [91.45512140118267, 23.16096819674328], [91.45453544663438, 23.160962448444717]]]}}, {"type": "Feature", "properties": {"aoi_name": "Feni", "sensor": "Sentinel-1", "acquisition_date": "2024-08-21", "baseline_date": "2024-08-09", "area_km2": 0.0036, "threshold": 1.25, "detects": "open_water_only"}, "geometry": {"type": "Polygon", "coordinates": [[[91.43423297110337, 23.159858840151184], [91.43423927030284, 23.159317047608273], [91.43482521203084, 23.159322871003937], [91.43481891518633, 23.159864663698595], [91.43423297110337, 23.159858840151184]]]}}, {"type": "Feature", "properties": {"aoi_name": "Feni", "sensor": "Sentinel-1", "acquisition_date": "2024-08-21", "baseline_date": "2024-08-09", "area_km2": 0.0036, "threshold": 1.25, "detects": "open_water_only"}, "geometry": {"type": "Polygon", "coordinates": [[[91.46199055212614, 23.15814550098682], [91.46199673917019, 23.15760370118081], [91.46258268117167, 23.157609420947246], [91.46257649648246, 23.158151220902315], [91.46199055212614, 23.15814550098682]]]}}, {"type": "Feature", "properties": {"aoi_name": "Feni", "sensor": "Sentinel-1", "acquisition_date": "2024-08-21", "baseline_date": "2024-08-09", "area_km2": 0.0036, "threshold": 1.25, "detects": "open_water_only"}, "geometry": {"type": "Polygon", "coordinates": [[[91.48491755538794, 22.97738311446054], [91.48492359716161, 22.976841296465928], [91.48550876317373, 22.976846889513137], [91.48550272373139, 22.97738870765441], [91.48491755538794, 22.97738311446054]]]}}, {"type": "Feature", "properties": {"aoi_name": "Feni", "sensor": "Sentinel-1", "acquisition_date": "2024-08-21", "baseline_date": "2024-08-09", "area_km2": 0.0036, "threshold": 1.25, "detects": "open_water_only"}, "geometry": {"type": "Polygon", "coordinates": [[[91.47401473021786, 22.97547226093024], [91.47402081489501, 22.974930445555188], [91.47460596971055, 22.97493607840775], [91.47459988736443, 22.97547789393051], [91.47401473021786, 22.97547226093024]]]}}, {"type": "Feature", "properties": {"aoi_name": "Feni", "sensor": "Sentinel-1", "acquisition_date": "2024-08-21", "baseline_date": "2024-08-09", "area_km2": 0.0036, "threshold": 1.25, "detects": "open_water_only"}, "geometry": {"type": "Polygon", "coordinates": [[[91.43403775727778, 22.974359818922686], [91.43404400098248, 22.973818013723857], [91.43462913993915, 22.973823793871677], [91.43462289856515, 22.974365599222086], [91.43403775727778, 22.974359818922686]]]}}, {"type": "Feature", "properties": {"aoi_name": "Feni", "sensor": "Sentinel-1", "acquisition_date": "2024-08-21", "baseline_date": "2024-08-09", "area_km2": 0.0036, "threshold": 1.25, "detects": "open_water_only"}, "geometry": {"type": "Polygon", "coordinates": [[[91.42343405792712, 22.997193615283408], [91.423440350866, 22.996651814408214], [91.42402558519863, 22.996657639146168], [91.4240192945934, 22.997199440173986], [91.42343405792712, 22.997193615283408]]]}}, {"type": "Feature", "properties": {"aoi_name": "Feni", "sensor": "Sentinel-1", "acquisition_date": "2024-08-21", "baseline_date": "2024-08-09", "area_km2": 0.0036, "threshold": 1.25, "detects": "open_water_only"}, "geometry": {"type": "Polygon", "coordinates": [[[91.43630930845131, 22.9973212637431], [91.43631555004927, 22.996779459523186], [91.43690078855359, 22.996785236725653], [91.43689454928936, 22.997327041096955], [91.43630930845131, 22.9973212637431]]]}}, {"type": "Feature", "properties": {"aoi_name": "Feni", "sensor": "Sentinel-1", "acquisition_date": "2024-08-21", "baseline_date": "2024-08-09", "area_km2": 0.0036, "threshold": 1.25, "detects": "open_water_only"}, "geometry": {"type": "Polygon", "coordinates": [[[91.40880532046019, 22.996866691780426], [91.40881167167498, 22.996324894726413], [91.40939690044775, 22.996330773428937], [91.40939055156649, 22.996872570636995], [91.40880532046019, 22.996866691780426]]]}}, {"type": "Feature", "properties": {"aoi_name": "Feni", "sensor": "Sentinel-1", "acquisition_date": "2024-08-21", "baseline_date": "2024-08-09", "area_km2": 0.0036, "threshold": 1.25, "detects": "open_water_only"}, "geometry": {"type": "Polygon", "coordinates": [[[91.42683359964782, 23.124383922823746], [91.4268399177837, 23.123842129771038], [91.4274257032735, 23.123847972241478], [91.4274193874879, 23.12438976544661], [91.42683359964782, 23.124383922823746]]]}}, {"type": "Feature", "properties": {"aoi_name": "Feni", "sensor": "Sentinel-1", "acquisition_date": "2024-08-21", "baseline_date": "2024-08-09", "area_km2": 0.0036, "threshold": 1.25, "detects": "open_water_only"}, "geometry": {"type": "Polygon", "coordinates": [[[91.43279154501239, 23.19976105447992], [91.43279786214548, 23.199219265055145], [91.43338397722793, 23.199225103269708], [91.43337766245502, 23.19976689284642], [91.43279154501239, 23.19976105447992]]]}}, {"type": "Feature", "properties": {"aoi_name": "Feni", "sensor": "Sentinel-1", "acquisition_date": "2024-08-21", "baseline_date": "2024-08-09", "area_km2": 0.0036, "threshold": 1.25, "detects": "open_water_only"}, "geometry": {"type": "Polygon", "coordinates": [[[91.45897371256103, 23.19983910819117], [91.4589799242072, 23.199297312022335], [91.45956604692992, 23.199303052725554], [91.45955983764406, 23.19984484904379], [91.45897371256103, 23.19983910819117]]]}}, {"type": "Feature", "properties": {"aoi_name": "Feni", "sensor": "Sentinel-1", "acquisition_date": "2024-08-21", "baseline_date": "2024-08-09", "area_km2": 0.0036, "threshold": 1.25, "detects": "open_water_only"}, "geometry": {"type": "Polygon", "coordinates": [[[91.42534233729167, 22.91665513024612], [91.4253485980845, 22.91611332337576], [91.42593348658325, 22.916119121849153], [91.42592722811361, 22.916660928871863], [91.42534233729167, 22.91665513024612]]]}}, {"type": "Feature", "properties": {"aoi_name": "Feni", "sensor": "Sentinel-1", "acquisition_date": "2024-08-21", "baseline_date": "2024-08-09", "area_km2": 0.0036, "threshold": 1.25, "detects": "open_water_only"}, "geometry": {"type": "Polygon", "coordinates": [[[91.43042595862282, 22.915441094329932], [91.43043219883994, 22.91489928605107], [91.43101708356029, 22.914905065517015], [91.43101084566621, 22.915446873947744], [91.43042595862282, 22.915441094329932]]]}}, {"type": "Feature", "properties": {"aoi_name": "Feni", "sensor": "Sentinel-1", "acquisition_date": "2024-08-21", "baseline_date": "2024-08-09", "area_km2": 0.0036, "threshold": 1.25, "detects": "open_water_only"}, "geometry": {"type": "Polygon", "coordinates": [[[91.51231392509149, 22.916048688840597], [91.5123198399922, 22.915506859837986], [91.51290474973072, 22.915512337926405], [91.51289883715346, 22.91605416707297], [91.51231392509149, 22.916048688840597]]]}}, {"type": "Feature", "properties": {"aoi_name": "Feni", "sensor": "Sentinel-1", "acquisition_date": "2024-08-21", "baseline_date": "2024-08-09", "area_km2": 0.0036, "threshold": 1.25, "detects": "open_water_only"}, "geometry": {"type": "Polygon", "coordinates": [[[91.39600155145234, 23.20444744034428], [91.39600801830076, 23.20390566091805], [91.39659414335031, 23.203911637311382], [91.3965876788625, 23.204453416893113], [91.39600155145234, 23.20444744034428]]]}}, {"type": "Feature", "properties": {"aoi_name": "Feni", "sensor": "Sentinel-1", "acquisition_date": "2024-08-21", "baseline_date": "2024-08-09", "area_km2": 0.0036, "threshold": 1.25, "detects": "open_water_only"}, "geometry": {"type": "Polygon", "coordinates": [[[91.42902036367836, 23.204780717915988], [91.42902669753956, 23.20423892981814], [91.42961283344654, 23.204244783272884], [91.42960650194617, 23.204786571523044], [91.42902036367836, 23.204780717915988]]]}}, {"type": "Feature", "properties": {"aoi_name": "Feni", "sensor": "Sentinel-1", "acquisition_date": "2024-08-21", "baseline_date": "2024-08-09", "area_km2": 0.0036, "threshold": 1.25, "detects": "open_water_only"}, "geometry": {"type": "Polygon", "coordinates": [[[91.38232479503625, 23.057827928185624], [91.38233127101485, 23.05728614234934], [91.38291675538335, 23.05729213381049], [91.38291028174612, 23.05783391980344], [91.38232479503625, 23.057827928185624]]]}}, {"type": "Feature", "properties": {"aoi_name": "Feni", "sensor": "Sentinel-1", "acquisition_date": "2024-08-21", "baseline_date": "2024-08-09", "area_km2": 0.0036, "threshold": 1.25, "detects": "open_water_only"}, "geometry": {"type": "Polygon", "coordinates": [[[91.4825572580418, 22.961646133305926], [91.48256330460556, 22.961104314830486], [91.483148402247, 22.961109912972873], [91.48314235801249, 22.961651731595182], [91.4825572580418, 22.961646133305926]]]}}, {"type": "Feature", "properties": {"aoi_name": "Feni", "sensor": "Sentinel-1", "acquisition_date": "2024-08-21", "baseline_date": "2024-08-09", "area_km2": 0.0036, "threshold": 1.25, "detects": "open_water_only"}, "geometry": {"type": "Polygon", "coordinates": [[[91.32714018020258, 22.95863770921931], [91.32714684491894, 22.95809593166332], [91.32773188522033, 22.95810210236482], [91.32772522283214, 22.958643880082704], [91.32714018020258, 22.95863770921931]]]}}, {"type": "Feature", "properties": {"aoi_name": "Feni", "sensor": "Sentinel-1", "acquisition_date": "2024-08-21", "baseline_date": "2024-08-09", "area_km2": 0.0036, "threshold": 1.25, "detects": "open_water_only"}, "geometry": {"type": "Polygon", "coordinates": [[[91.46697502147194, 22.959690001211243], [91.46698112953175, 22.959148186544805], [91.46756621450201, 22.959153841716418], [91.46756010877117, 22.959695656531228], [91.46697502147194, 22.959690001211243]]]}}, {"type": "Feature", "properties": {"aoi_name": "Feni", "sensor": "Sentinel-1", "acquisition_date": "2024-08-21", "baseline_date": "2024-08-09", "area_km2": 0.0036, "threshold": 1.25, "detects": "open_water_only"}, "geometry": {"type": "Polygon", "coordinates": [[[91.419517196932, 23.015216648903067], [91.41952351101519, 23.014674850285544], [91.42010882196598, 23.014680693807854], [91.42010251021878, 23.015222492578417], [91.419517196932, 23.015216648903067]]]}}, {"type": "Feature", "properties": {"aoi_name": "Feni", "sensor": "Sentinel-1", "acquisition_date": "2024-08-21", "baseline_date": "2024-08-09", "area_km2": 0.0036, "threshold": 1.25, "detects": "open_water_only"}, "geometry": {"type": "Polygon", "coordinates": [[[91.5163191967976, 23.013624914115027], [91.5163251237842, 23.01308309078683], [91.51691045443862, 23.01308857606027], [91.51690452978818, 23.013630399532115], [91.5163191967976, 23.013624914115027]]]}}, {"type": "Feature", "properties": {"aoi_name": "Feni", "sensor": "Sentinel-1", "acquisition_date": "2024-08-21", "baseline_date": "2024-08-09", "area_km2": 0.0036, "threshold": 1.25, "detects": "open_water_only"}, "geometry": {"type": "Polygon", "coordinates": [[[91.41662647682497, 23.012117209750194], [91.41663280150372, 23.0115754116793], [91.41721809826308, 23.011581265145566], [91.41721177591988, 23.01212306336976], [91.41662647682497, 23.012117209750194]]]}}, {"type": "Feature", "properties": {"aoi_name": "Feni", "sensor": "Sentinel-1", "acquisition_date": "2024-08-21", "baseline_date": "2024-08-09", "area_km2": 0.0036, "threshold": 1.25, "detects": "open_water_only"}, "geometry": {"type": "Polygon", "coordinates": [[[91.43610221599627, 23.167102147106903], [91.43610850987531, 23.166560354576564], [91.43669448364119, 23.166566172734054], [91.43668819211807, 23.16710796541597], [91.43610221599627, 23.167102147106903]]]}}, {"type": "Feature", "properties": {"aoi_name": "Feni", "sensor": "Sentinel-1", "acquisition_date": "2024-08-21", "baseline_date": "2024-08-09", "area_km2": 0.0036, "threshold": 1.25, "detects": "open_water_only"}, "geometry": {"type": "Polygon", "coordinates": [[[91.45856476909469, 23.167323623382888], [91.45857097266148, 23.16678182508257], [91.4591569536467, 23.16678755972875], [91.45915075243596, 23.167329358178478], [91.45856476909469, 23.167323623382888]]]}}, {"type": "Feature", "properties": {"aoi_name": "Feni", "sensor": "Sentinel-1", "acquisition_date": "2024-08-21", "baseline_date": "2024-08-09", "area_km2": 0.0036, "threshold": 1.25, "detects": "open_water_only"}, "geometry": {"type": "Polygon", "coordinates": [[[91.40739175629903, 23.166633786279935], [91.40739816554903, 23.16609200123358], [91.40798412914957, 23.16609792608274], [91.40797772225531, 23.166639711283455], [91.40739175629903, 23.166633786279935]]]}}, {"type": "Feature", "properties": {"aoi_name": "Feni", "sensor": "Sentinel-1", "acquisition_date": "2024-08-21", "baseline_date": "2024-08-09", "area_km2": 0.0036, "threshold": 1.25, "detects": "open_water_only"}, "geometry": {"type": "Polygon", "coordinates": [[[91.50490081323014, 22.969625331451844], [91.50490677308936, 22.969083507938194], [91.50549191109249, 22.969089025460857], [91.50548595356366, 22.969630849119223], [91.50490081323014, 22.969625331451844]]]}}, {"type": "Feature", "properties": {"aoi_name": "Feni", "sensor": "Sentinel-1", "acquisition_date": "2024-08-21", "baseline_date": "2024-08-09", "area_km2": 0.0036, "threshold": 1.25, "detects": "open_water_only"}, "geometry": {"type": "Polygon", "coordinates": [[[91.42389693679952, 23.058067349175243], [91.42390324646892, 23.057525552343293], [91.42448874377058, 23.057531389899687], [91.42448243644279, 23.058073186884286], [91.42389693679952, 23.058067349175243]]]}}, {"type": "Feature", "properties": {"aoi_name": "Feni", "sensor": "Sentinel-1", "acquisition_date": "2024-08-21", "baseline_date": "2024-08-09", "area_km2": 0.0036, "threshold": 1.25, "detects": "open_water_only"}, "geometry": {"type": "Polygon", "coordinates": [[[91.42841932589319, 23.055222459777806], [91.42842561659633, 23.054680661570398], [91.42901110287008, 23.054686481700962], [91.42900481450818, 23.05522828006058], [91.42841932589319, 23.055222459777806]]]}}, {"type": "Feature", "properties": {"aoi_name": "Feni", "sensor": "Sentinel-1", "acquisition_date": "2024-08-21", "baseline_date": "2024-08-09", "area_km2": 0.0036, "threshold": 1.25, "detects": "open_water_only"}, "geometry": {"type": "Polygon", "coordinates": [[[91.50492675080825, 23.055784013523848], [91.50493273550131, 23.055242195895268], [91.50551824522755, 23.055247732830445], [91.50551226287612, 23.05578955060382], [91.50492675080825, 23.055784013523848]]]}}, {"type": "Feature", "properties": {"aoi_name": "Feni", "sensor": "Sentinel-1", "acquisition_date": "2024-08-21", "baseline_date": "2024-08-09", "area_km2": 0.0036, "threshold": 1.25, "detects": "open_water_only"}, "geometry": {"type": "Polygon", "coordinates": [[[91.49264712917973, 23.054222395283382], [91.49265316256033, 23.053680580605782], [91.49323866222959, 23.05368616266022], [91.49323263119038, 23.054227977483805], [91.49264712917973, 23.054222395283382]]]}}, {"type": "Feature", "properties": {"aoi_name": "Feni", "sensor": "Sentinel-1", "acquisition_date": "2024-08-21", "baseline_date": "2024-08-09", "area_km2": 0.0036, "threshold": 1.25, "detects": "open_water_only"}, "geometry": {"type": "Polygon", "coordinates": [[[91.48621469792009, 23.053438430627974], [91.48622075681158, 23.05289661750851], [91.48680625134944, 23.052902223203148], [91.48680019479922, 23.05344403646923], [91.48621469792009, 23.053438430627974]]]}}, {"type": "Feature", "properties": {"aoi_name": "Feni", "sensor": "Sentinel-1", "acquisition_date": "2024-08-21", "baseline_date": "2024-08-09", "area_km2": 0.0036, "threshold": 1.25, "detects": "open_water_only"}, "geometry": {"type": "Polygon", "coordinates": [[[91.42551411801739, 23.203842571782044], [91.42552046572476, 23.20330078453433], [91.42610659655156, 23.203306650829155], [91.42610025120487, 23.203848438229517], [91.42551411801739, 23.203842571782044]]]}}, {"type": "Feature", "properties": {"aoi_name": "Feni", "sensor": "Sentinel-1", "acquisition_date": "2024-08-21", "baseline_date": "2024-08-09", "area_km2": 0.0036, "threshold": 1.25, "detects": "open_water_only"}, "geometry": {"type": "Polygon", "coordinates": [[[91.46224963081035, 23.2038447877576], [91.46225583045073, 23.203302991027908], [91.46284197154309, 23.20330872045957], [91.46283577426355, 23.203850517338353], [91.46224963081035, 23.2038447877576]]]}}, {"type": "Feature", "properties": {"aoi_name": "Feni", "sensor": "Sentinel-1", "acquisition_date": "2024-08-21", "baseline_date": "2024-08-09", "area_km2": 0.0036, "threshold": 1.25, "detects": "open_water_only"}, "geometry": {"type": "Polygon", "coordinates": [[[91.49228599904932, 22.910982879602635], [91.49229199208476, 22.910441055230738], [91.49287687471866, 22.910446605908003], [91.49287088400595, 22.910988430425782], [91.49228599904932, 22.910982879602635]]]}}, {"type": "Feature", "properties": {"aoi_name": "Feni", "sensor": "Sentinel-1", "acquisition_date": "2024-08-21", "baseline_date": "2024-08-09", "area_km2": 0.0036, "threshold": 1.25, "detects": "open_water_only"}, "geometry": {"type": "Polygon", "coordinates": [[[91.40749862853228, 22.90852982496168], [91.407504957752, 22.907988022225073], [91.40808980633423, 22.907993884440096], [91.40808347943656, 22.90853568733078], [91.40749862853228, 22.90852982496168]]]}}, {"type": "Feature", "properties": {"aoi_name": "Feni", "sensor": "Sentinel-1", "acquisition_date": "2024-08-21", "baseline_date": "2024-08-09", "area_km2": 0.0036, "threshold": 1.25, "detects": "open_water_only"}, "geometry": {"type": "Polygon", "coordinates": [[[91.41457599795204, 23.070617467906672], [91.41458234878175, 23.07007567437841], [91.41516789774231, 23.07008154946751], [91.41516154925577, 23.070623343149336], [91.41457599795204, 23.070617467906672]]]}}, {"type": "Feature", "properties": {"aoi_name": "Feni", "sensor": "Sentinel-1", "acquisition_date": "2024-08-21", "baseline_date": "2024-08-09", "area_km2": 0.0036, "threshold": 1.25, "detects": "open_water_only"}, "geometry": {"type": "Polygon", "coordinates": [[[91.371666533966, 23.067652390092636], [91.37167305570033, 23.067110607798615], [91.37225857947062, 23.067116641153785], [91.37225206007889, 23.06765842360552], [91.371666533966, 23.067652390092636]]]}}, {"type": "Feature", "properties": {"aoi_name": "Feni", "sensor": "Sentinel-1", "acquisition_date": "2024-08-21", "baseline_date": "2024-08-09", "area_km2": 0.0036, "threshold": 1.25, "detects": "open_water_only"}, "geometry": {"type": "Polygon", "coordinates": [[[91.4858518087724, 23.068426707834252], [91.48585787351257, 23.06788489583245], [91.48644343279028, 23.06789050630654], [91.48643737039332, 23.068432318455002], [91.4858518087724, 23.068426707834252]]]}}, {"type": "Feature", "properties": {"aoi_name": "Feni", "sensor": "Sentinel-1", "acquisition_date": "2024-08-21", "baseline_date": "2024-08-09", "area_km2": 0.0036, "threshold": 1.25, "detects": "open_water_only"}, "geometry": {"type": "Polygon", "coordinates": [[[91.44799417116886, 23.06733688059208], [91.44800038717949, 23.066795078143095], [91.44858593133847, 23.066800828631337], [91.44857971767075, 23.067342631230648], [91.44799417116886, 23.06733688059208]]]}}, {"type": "Feature", "properties": {"aoi_name": "Feni", "sensor": "Sentinel-1", "acquisition_date": "2024-08-21", "baseline_date": "2024-08-09", "area_km2": 0.0036, "threshold": 1.25, "detects": "open_water_only"}, "geometry": {"type": "Polygon", "coordinates": [[[91.50618130046213, 23.065910858294867], [91.50618728306512, 23.065369041048875], [91.5067728369356, 23.06537457562816], [91.5067668566756, 23.065916393018853], [91.50618130046213, 23.065910858294867]]]}}, {"type": "Feature", "properties": {"aoi_name": "Feni", "sensor": "Sentinel-1", "acquisition_date": "2024-08-21", "baseline_date": "2024-08-09", "area_km2": 0.0036, "threshold": 1.25, "detects": "open_water_only"}, "geometry": {"type": "Polygon", "coordinates": [[[91.43924433352173, 23.064360759389825], [91.43925058366828, 23.063818958995938], [91.43983611250873, 23.06382474119913], [91.43982986470465, 23.06436654174418], [91.43924433352173, 23.064360759389825]]]}}, {"type": "Feature", "properties": {"aoi_name": "Feni", "sensor": "Sentinel-1", "acquisition_date": "2024-08-21", "baseline_date": "2024-08-09", "area_km2": 0.0036, "threshold": 1.25, "detects": "open_water_only"}, "geometry": {"type": "Polygon", "coordinates": [[[91.45137428940238, 23.061951404133527], [91.4513804902626, 23.06140960044641], [91.45196601205912, 23.061415337148734], [91.45195981354112, 23.06195714098584], [91.45137428940238, 23.061951404133527]]]}}, {"type": "Feature", "properties": {"aoi_name": "Feni", "sensor": "Sentinel-1", "acquisition_date": "2024-08-21", "baseline_date": "2024-08-09", "area_km2": 0.0036, "threshold": 1.25, "detects": "open_water_only"}, "geometry": {"type": "Polygon", "coordinates": [[[91.517947852276, 23.060964151437233], [91.5179537863451, 23.06042233094817], [91.5185393219511, 23.06042782082374], [91.51853339022436, 23.06096964145635], [91.517947852276, 23.060964151437233]]]}}, {"type": "Feature", "properties": {"aoi_name": "Feni", "sensor": "Sentinel-1", "acquisition_date": "2024-08-21", "baseline_date": "2024-08-09", "area_km2": 0.0036, "threshold": 1.25, "detects": "open_water_only"}, "geometry": {"type": "Polygon", "coordinates": [[[91.51278663705638, 22.908466730361493], [91.51279254789834, 22.907924900725543], [91.51337742523522, 22.90793037536431], [91.51337151671572, 22.908472205144157], [91.51278663705638, 22.908466730361493]]]}}, {"type": "Feature", "properties": {"aoi_name": "Feni", "sensor": "Sentinel-1", "acquisition_date": "2024-08-21", "baseline_date": "2024-08-09", "area_km2": 0.0036, "threshold": 1.25, "detects": "open_water_only"}, "geometry": {"type": "Polygon", "coordinates": [[[91.37751093077607, 22.905336427809296], [91.37751737814598, 22.90479463285165], [91.37810220440313, 22.904800604661666], [91.3780957593547, 22.905342399776277], [91.37751093077607, 22.905336427809296]]]}}, {"type": "Feature", "properties": {"aoi_name": "Feni", "sensor": "Sentinel-1", "acquisition_date": "2024-08-21", "baseline_date": "2024-08-09", "area_km2": 0.0036, "threshold": 1.25, "detects": "open_water_only"}, "geometry": {"type": "Polygon", "coordinates": [[[91.45107359856596, 22.90011009636325], [91.45107975212325, 22.899568281699135], [91.45166457685416, 22.89957398154154], [91.45165842561798, 22.900115796355493], [91.45107359856596, 22.90011009636325]]]}}, {"type": "Feature", "properties": {"aoi_name": "Feni", "sensor": "Sentinel-1", "acquisition_date": "2024-08-21", "baseline_date": "2024-08-09", "area_km2": 0.0036, "threshold": 1.25, "detects": "open_water_only"}, "geometry": {"type": "Polygon", "coordinates": [[[91.42107781852398, 22.897647380152524], [91.42108409046723, 22.897105573102618], [91.42166889624333, 22.897111382729676], [91.42166262662077, 22.89765318993233], [91.42107781852398, 22.897647380152524]]]}}, {"type": "Feature", "properties": {"aoi_name": "Feni", "sensor": "Sentinel-1", "acquisition_date": "2024-08-21", "baseline_date": "2024-08-09", "area_km2": 0.0036, "threshold": 1.25, "detects": "open_water_only"}, "geometry": {"type": "Polygon", "coordinates": [[[91.42381109869879, 22.897313268890517], [91.42381735968556, 22.896771461102574], [91.42440216480142, 22.89677726059337], [91.42439590613529, 22.8973190685338], [91.42381109869879, 22.897313268890517]]]}}, {"type": "Feature", "properties": {"aoi_name": "Feni", "sensor": "Sentinel-1", "acquisition_date": "2024-08-21", "baseline_date": "2024-08-09", "area_km2": 0.0036, "threshold": 1.25, "detects": "open_water_only"}, "geometry": {"type": "Polygon", "coordinates": [[[91.45483274938609, 22.895269818096008], [91.45483888656722, 22.894728002137487], [91.45542369159132, 22.89473368701372], [91.45541755673071, 22.895275503121727], [91.45483274938609, 22.895269818096008]]]}}, {"type": "Feature", "properties": {"aoi_name": "Feni", "sensor": "Sentinel-1", "acquisition_date": "2024-08-21", "baseline_date": "2024-08-09", "area_km2": 0.0036, "threshold": 1.25, "detects": "open_water_only"}, "geometry": {"type": "Polygon", "coordinates": [[[91.45892844503706, 22.89512896245803], [91.4589345659126, 22.89458714544148], [91.45951937146437, 22.89459281521693], [91.45951325290935, 22.895134632382565], [91.45892844503706, 22.89512896245803]]]}}, {"type": "Feature", "properties": {"aoi_name": "Feni", "sensor": "Sentinel-1", "acquisition_date": "2024-08-21", "baseline_date": "2024-08-09", "area_km2": 0.0036, "threshold": 1.25, "detects": "open_water_only"}, "geometry": {"type": "Polygon", "coordinates": [[[91.4191724133277, 22.893835352097938], [91.4191786916733, 22.89329354528779], [91.4197634805723, 22.893299361011852], [91.41975720454688, 22.893841167974934], [91.4191724133277, 22.893835352097938]]]}}, {"type": "Feature", "properties": {"aoi_name": "Feni", "sensor": "Sentinel-1", "acquisition_date": "2024-08-21", "baseline_date": "2024-08-09", "area_km2": 0.0036, "threshold": 1.25, "detects": "open_water_only"}, "geometry": {"type": "Polygon", "coordinates": [[[91.4838856695865, 23.12187216822064], [91.48389175790567, 23.121330360377623], [91.48447754829328, 23.121335990400354], [91.48447146232431, 23.121877798390283], [91.4838856695865, 23.12187216822064]]]}}, {"type": "Feature", "properties": {"aoi_name": "Feni", "sensor": "Sentinel-1", "acquisition_date": "2024-08-21", "baseline_date": "2024-08-09", "area_km2": 0.0036, "threshold": 1.25, "detects": "open_water_only"}, "geometry": {"type": "Polygon", "coordinates": [[[91.46573645471337, 23.12079354921606], [91.46574261557707, 23.120251745890684], [91.46632839631967, 23.120257443056563], [91.46632223780593, 23.120799246530595], [91.46573645471337, 23.12079354921606]]]}}, {"type": "Feature", "properties": {"aoi_name": "Feni", "sensor": "Sentinel-1", "acquisition_date": "2024-08-21", "baseline_date": "2024-08-09", "area_km2": 0.0036, "threshold": 1.25, "detects": "open_water_only"}, "geometry": {"type": "Polygon", "coordinates": [[[91.46633044911628, 23.12007684188994], [91.46633660738222, 23.11953503836424], [91.46692238517747, 23.119540733158207], [91.4669162292614, 23.120082536832516], [91.46633044911628, 23.12007684188994]]]}}, {"type": "Feature", "properties": {"aoi_name": "Feni", "sensor": "Sentinel-1", "acquisition_date": "2024-08-21", "baseline_date": "2024-08-09", "area_km2": 0.0036, "threshold": 1.25, "detects": "open_water_only"}, "geometry": {"type": "Polygon", "coordinates": [[[91.47540919380631, 23.076996174487707], [91.47541530289492, 23.076454365704944], [91.47600089642407, 23.07646001684897], [91.47599478967975, 23.07700182577942], [91.47540919380631, 23.076996174487707]]]}}, {"type": "Feature", "properties": {"aoi_name": "Feni", "sensor": "Sentinel-1", "acquisition_date": "2024-08-21", "baseline_date": "2024-08-09", "area_km2": 0.0036, "threshold": 1.25, "detects": "open_water_only"}, "geometry": {"type": "Polygon", "coordinates": [[[91.42837113258504, 23.07617390304654], [91.42837742986052, 23.075632106286793], [91.42896300677698, 23.075637931580534], [91.42895671184549, 23.07617972849252], [91.42837113258504, 23.07617390304654]]]}}, {"type": "Feature", "properties": {"aoi_name": "Feni", "sensor": "Sentinel-1", "acquisition_date": "2024-08-21", "baseline_date": "2024-08-09", "area_km2": 0.0036, "threshold": 1.25, "detects": "open_water_only"}, "geometry": {"type": "Polygon", "coordinates": [[[91.41327238755481, 22.88149420087836], [91.41327868554289, 22.880952394778063], [91.41386341989957, 22.880958229237866], [91.41385712423005, 22.881500035491655], [91.41327238755481, 22.88149420087836]]]}}, {"type": "Feature", "properties": {"aoi_name": "Feni", "sensor": "Sentinel-1", "acquisition_date": "2024-08-21", "baseline_date": "2024-08-09", "area_km2": 0.0036, "threshold": 1.25, "detects": "open_water_only"}, "geometry": {"type": "Polygon", "coordinates": [[[91.44293482342863, 23.116777075200652], [91.44294107461809, 23.116235277445806], [91.44352683161054, 23.11624105833022], [91.44352058277045, 23.116782856235933], [91.44293482342863, 23.116777075200652]]]}}, {"type": "Feature", "properties": {"aoi_name": "Feni", "sensor": "Sentinel-1", "acquisition_date": "2024-08-21", "baseline_date": "2024-08-09", "area_km2": 0.0036, "threshold": 1.25, "detects": "open_water_only"}, "geometry": {"type": "Polygon", "coordinates": [[[91.48672324636783, 22.990405382084973], [91.48672928475585, 22.989863564526384], [91.4873145073489, 22.989869153893082], [91.48730847129391, 22.990410971598163], [91.48672324636783, 22.990405382084973]]]}}, {"type": "Feature", "properties": {"aoi_name": "Feni", "sensor": "Sentinel-1", "acquisition_date": "2024-08-21", "baseline_date": "2024-08-09", "area_km2": 0.0036, "threshold": 1.25, "detects": "open_water_only"}, "geometry": {"type": "Polygon", "coordinates": [[[91.49141909662653, 22.989185793942234], [91.49142511592504, 22.988643975123352], [91.49201033453413, 22.988649546867588], [91.49200431756852, 22.98919136583251], [91.49141909662653, 22.989185793942234]]]}}, {"type": "Feature", "properties": {"aoi_name": "Feni", "sensor": "Sentinel-1", "acquisition_date": "2024-08-21", "baseline_date": "2024-08-09", "area_km2": 0.0036, "threshold": 1.25, "detects": "open_water_only"}, "geometry": {"type": "Polygon", "coordinates": [[[91.39098460576285, 22.986030102023186], [91.39099102471586, 22.985488308958903], [91.39157620168602, 22.985494250854533], [91.39156978506504, 22.986036044074567], [91.39098460576285, 22.986030102023186]]]}}, {"type": "Feature", "properties": {"aoi_name": "Feni", "sensor": "Sentinel-1", "acquisition_date": "2024-08-21", "baseline_date": "2024-08-09", "area_km2": 0.0036, "threshold": 1.25, "detects": "open_water_only"}, "geometry": {"type": "Polygon", "coordinates": [[[91.40478775796942, 23.155589818528476], [91.40479417427818, 23.155048033411724], [91.40538008909265, 23.155053965282658], [91.40537367513815, 23.155595750554014], [91.40478775796942, 23.155589818528476]]]}}, {"type": "Feature", "properties": {"aoi_name": "Feni", "sensor": "Sentinel-1", "acquisition_date": "2024-08-21", "baseline_date": "2024-08-09", "area_km2": 0.0036, "threshold": 1.25, "detects": "open_water_only"}, "geometry": {"type": "Polygon", "coordinates": [[[91.44499540192656, 23.1751374417567], [91.44500166244836, 23.174595647478263], [91.4455876736757, 23.174601434442266], [91.4455814155109, 23.17514322887143], [91.44499540192656, 23.1751374417567]]]}}, {"type": "Feature", "properties": {"aoi_name": "Feni", "sensor": "Sentinel-1", "acquisition_date": "2024-08-21", "baseline_date": "2024-08-09", "area_km2": 0.0036, "threshold": 1.25, "detects": "open_water_only"}, "geometry": {"type": "Polygon", "coordinates": [[[91.44226694588346, 23.17456861283009], [91.44227321721554, 23.17402681921693], [91.44285922520481, 23.17403261620034], [91.44285295622964, 23.17457440996449], [91.44226694588346, 23.17456861283009]]]}}, {"type": "Feature", "properties": {"aoi_name": "Feni", "sensor": "Sentinel-1", "acquisition_date": "2024-08-21", "baseline_date": "2024-08-09", "area_km2": 0.0036, "threshold": 1.25, "detects": "open_water_only"}, "geometry": {"type": "Polygon", "coordinates": [[[91.41414080103574, 23.174107192072352], [91.41414718543163, 23.173565405760545], [91.41473318348248, 23.173571307296175], [91.41472680144334, 23.174113093761694], [91.41414080103574, 23.174107192072352]]]}}, {"type": "Feature", "properties": {"aoi_name": "Feni", "sensor": "Sentinel-1", "acquisition_date": "2024-08-21", "baseline_date": "2024-08-09", "area_km2": 0.0036, "threshold": 1.25, "detects": "open_water_only"}, "geometry": {"type": "Polygon", "coordinates": [[[91.461804048416, 23.140262275696465], [91.46181023087412, 23.13972047470965], [91.46239609508105, 23.139726191008148], [91.46238991497543, 23.14026799214403], [91.461804048416, 23.140262275696465]]]}}, {"type": "Feature", "properties": {"aoi_name": "Feni", "sensor": "Sentinel-1", "acquisition_date": "2024-08-21", "baseline_date": "2024-08-09", "area_km2": 0.0036, "threshold": 1.25, "detects": "open_water_only"}, "geometry": {"type": "Polygon", "coordinates": [[[91.44130092511428, 23.139880230697432], [91.44130718984502, 23.139338434950627], [91.44189304669871, 23.1393442273496], [91.44188678432033, 23.139886023247456], [91.44130092511428, 23.139880230697432]]]}}, {"type": "Feature", "properties": {"aoi_name": "Feni", "sensor": "Sentinel-1", "acquisition_date": "2024-08-21", "baseline_date": "2024-08-09", "area_km2": 0.0036, "threshold": 1.25, "detects": "open_water_only"}, "geometry": {"type": "Polygon", "coordinates": [[[91.40869096572439, 23.006619032134033], [91.40869732039931, 23.00607723577675], [91.40928259118651, 23.00608311725221], [91.40927623884637, 23.006624913763556], [91.40869096572439, 23.006619032134033]]]}}, {"type": "Feature", "properties": {"aoi_name": "Feni", "sensor": "Sentinel-1", "acquisition_date": "2024-08-21", "baseline_date": "2024-08-09", "area_km2": 0.0036, "threshold": 1.25, "detects": "open_water_only"}, "geometry": {"type": "Polygon", "coordinates": [[[91.51817778391111, 23.00424974660503], [91.5181837007854, 23.00370792217869], [91.51876899149437, 23.00371339847696], [91.51876307695505, 23.00425522304677], [91.51817778391111, 23.00424974660503]]]}}, {"type": "Feature", "properties": {"aoi_name": "Feni", "sensor": "Sentinel-1", "acquisition_date": "2024-08-21", "baseline_date": "2024-08-09", "area_km2": 0.0036, "threshold": 1.25, "detects": "open_water_only"}, "geometry": {"type": "Polygon", "coordinates": [[[91.50211603826149, 23.009878636190322], [91.50212202088768, 23.00933681611836], [91.50270733158679, 23.009342353050688], [91.50270135129624, 23.009884173267675], [91.50211603826149, 23.009878636190322]]]}}, {"type": "Feature", "properties": {"aoi_name": "Feni", "sensor": "Sentinel-1", "acquisition_date": "2024-08-21", "baseline_date": "2024-08-09", "area_km2": 0.0036, "threshold": 1.25, "detects": "open_water_only"}, "geometry": {"type": "Polygon", "coordinates": [[[91.42370464322622, 23.00749170999751], [91.42371093822733, 23.006949909755434], [91.42429621703822, 23.006955735952342], [91.42428992437209, 23.007497536347024], [91.42370464322622, 23.00749170999751]]]}}, {"type": "Feature", "properties": {"aoi_name": "Feni", "sensor": "Sentinel-1", "acquisition_date": "2024-08-21", "baseline_date": "2024-08-09", "area_km2": 0.0036, "threshold": 1.25, "detects": "open_water_only"}, "geometry": {"type": "Polygon", "coordinates": [[[91.54174592212789, 23.0080811150617], [91.54175174599698, 23.007539285150052], [91.54233705943675, 23.007544675196332], [91.54233123790323, 23.008086505249175], [91.54174592212789, 23.0080811150617]]]}}, {"type": "Feature", "properties": {"aoi_name": "Feni", "sensor": "Sentinel-1", "acquisition_date": "2024-08-21", "baseline_date": "2024-08-09", "area_km2": 0.0036, "threshold": 1.25, "detects": "open_water_only"}, "geometry": {"type": "Polygon", "coordinates": [[[91.51101651159561, 22.963360949143095], [91.51102244527695, 22.96281912368807], [91.51160755795762, 22.962824617228794], [91.5116016266059, 22.96336644282793], [91.51101651159561, 22.963360949143095]]]}}, {"type": "Feature", "properties": {"aoi_name": "Feni", "sensor": "Sentinel-1", "acquisition_date": "2024-08-21", "baseline_date": "2024-08-09", "area_km2": 0.0036, "threshold": 1.25, "detects": "open_water_only"}, "geometry": {"type": "Polygon", "coordinates": [[[91.46889074135072, 22.962779129073024], [91.46889684269442, 22.962237314130572], [91.46948194147924, 22.96224296295219], [91.46947584246492, 22.96278477804284], [91.46889074135072, 22.962779129073024]]]}}, {"type": "Feature", "properties": {"aoi_name": "Feni", "sensor": "Sentinel-1", "acquisition_date": "2024-08-21", "baseline_date": "2024-08-09", "area_km2": 0.0036, "threshold": 1.25, "detects": "open_water_only"}, "geometry": {"type": "Polygon", "coordinates": [[[91.33569209084176, 22.961075711662215], [91.33569872228144, 22.96053393190554], [91.33628377562478, 22.960540071679482], [91.33627714651362, 22.961081851597218], [91.33569209084176, 22.961075711662215]]]}}, {"type": "Feature", "properties": {"aoi_name": "Feni", "sensor": "Sentinel-1", "acquisition_date": "2024-08-21", "baseline_date": "2024-08-09", "area_km2": 0.0036, "threshold": 1.25, "detects": "open_water_only"}, "geometry": {"type": "Polygon", "coordinates": [[[91.43066870795596, 22.962044185117914], [91.43067496135112, 22.961502379954386], [91.43126004636228, 22.961508169608972], [91.43125379529623, 22.962049974924405], [91.43066870795596, 22.962044185117914]]]}}, {"type": "Feature", "properties": {"aoi_name": "Feni", "sensor": "Sentinel-1", "acquisition_date": "2024-08-21", "baseline_date": "2024-08-09", "area_km2": 0.0036, "threshold": 1.25, "detects": "open_water_only"}, "geometry": {"type": "Polygon", "coordinates": [[[91.45420492378904, 23.155721236551347], [91.45421114141833, 23.155179438570073], [91.45479707072333, 23.155185186722534], [91.45479085544855, 23.15572698485363], [91.45420492378904, 23.155721236551347]]]}}, {"type": "Feature", "properties": {"aoi_name": "Feni", "sensor": "Sentinel-1", "acquisition_date": "2024-08-21", "baseline_date": "2024-08-09", "area_km2": 0.0036, "threshold": 1.25, "detects": "open_water_only"}, "geometry": {"type": "Polygon", "coordinates": [[[91.41495218351122, 23.154969948376326], [91.41495855875601, 23.15442816053599], [91.41554447377362, 23.154434054463977], [91.41553810088304, 23.15497584245793], [91.41495218351122, 23.154969948376326]]]}}, {"type": "Feature", "properties": {"aoi_name": "Feni", "sensor": "Sentinel-1", "acquisition_date": "2024-08-21", "baseline_date": "2024-08-09", "area_km2": 0.0036, "threshold": 1.25, "detects": "open_water_only"}, "geometry": {"type": "Polygon", "coordinates": [[[91.46536512685789, 22.981349338267727], [91.46537124776131, 22.9808075254898], [91.4659564255125, 22.98081319163546], [91.46595030694085, 22.981355004561948], [91.46536512685789, 22.981349338267727]]]}}, {"type": "Feature", "properties": {"aoi_name": "Feni", "sensor": "Sentinel-1", "acquisition_date": "2024-08-21", "baseline_date": "2024-08-09", "area_km2": 0.0036, "threshold": 1.25, "detects": "open_water_only"}, "geometry": {"type": "Polygon", "coordinates": [[[91.34346556530849, 22.979399407220143], [91.34347217165569, 22.978857626573365], [91.3440573061711, 22.97886374227158], [91.34405070215486, 22.979405523078704], [91.34346556530849, 22.979399407220143]]]}}, {"type": "Feature", "properties": {"aoi_name": "Feni", "sensor": "Sentinel-1", "acquisition_date": "2024-08-21", "baseline_date": "2024-08-09", "area_km2": 0.0036, "threshold": 1.25, "detects": "open_water_only"}, "geometry": {"type": "Polygon", "coordinates": [[[91.41608157126146, 23.14197684559079], [91.41608793797282, 23.141435056561182], [91.41667379683044, 23.141440943176434], [91.4166674324716, 23.141982732359526], [91.41608157126146, 23.14197684559079]]]}}, {"type": "Feature", "properties": {"aoi_name": "Feni", "sensor": "Sentinel-1", "acquisition_date": "2024-08-21", "baseline_date": "2024-08-09", "area_km2": 0.0036, "threshold": 1.25, "detects": "open_water_only"}, "geometry": {"type": "Polygon", "coordinates": [[[91.4687166089793, 23.116306978965735], [91.46872275654688, 23.115765174574772], [91.46930851863748, 23.11577085963535], [91.46930237341931, 23.11631266417468], [91.4687166089793, 23.116306978965735]]]}}, {"type": "Feature", "properties": {"aoi_name": "Feni", "sensor": "Sentinel-1", "acquisition_date": "2024-08-21", "baseline_date": "2024-08-09", "area_km2": 0.0036, "threshold": 1.25, "detects": "open_water_only"}, "geometry": {"type": "Polygon", "coordinates": [[[91.48178585856668, 23.082837527957864], [91.48179194382824, 23.082295717966144], [91.4823775643924, 23.08230134681732], [91.48237148147592, 23.08284315695611], [91.48178585856668, 23.082837527957864]]]}}, {"type": "Feature", "properties": {"aoi_name": "Feni", "sensor": "Sentinel-1", "acquisition_date": "2024-08-21", "baseline_date": "2024-08-09", "area_km2": 0.0036, "threshold": 1.25, "detects": "open_water_only"}, "geometry": {"type": "Polygon", "coordinates": [[[91.4567317470647, 23.12269252166162], [91.45673794464665, 23.122150720764992], [91.45732373114748, 23.122156451809865], [91.45731753591572, 23.12269825285603], [91.4567317470647, 23.12269252166162]]]}}, {"type": "Feature", "properties": {"aoi_name": "Feni", "sensor": "Sentinel-1", "acquisition_date": "2024-08-21", "baseline_date": "2024-08-09", "area_km2": 0.0036, "threshold": 1.25, "detects": "open_water_only"}, "geometry": {"type": "Polygon", "coordinates": [[[91.45734553172078, 22.87994106131415], [91.45735165435445, 22.879399243668363], [91.45793639440333, 22.879404915715472], [91.45793027408818, 22.879946733510483], [91.45734553172078, 22.87994106131415]]]}}, {"type": "Feature", "properties": {"aoi_name": "Feni", "sensor": "Sentinel-1", "acquisition_date": "2024-08-21", "baseline_date": "2024-08-09", "area_km2": 0.0036, "threshold": 1.25, "detects": "open_water_only"}, "geometry": {"type": "Polygon", "coordinates": [[[91.46557456907566, 22.876227537622338], [91.46558065795595, 22.875685717623522], [91.46616538437036, 22.87569135855157], [91.46615929780816, 22.876233178698815], [91.46557456907566, 22.876227537622338]]]}}, {"type": "Feature", "properties": {"aoi_name": "Feni", "sensor": "Sentinel-1", "acquisition_date": "2024-08-21", "baseline_date": "2024-08-09", "area_km2": 0.0036, "threshold": 1.25, "detects": "open_water_only"}, "geometry": {"type": "Polygon", "coordinates": [[[91.42387273939593, 22.875097186383023], [91.4238789933719, 22.874555377066436], [91.42446370333853, 22.874561171022307], [91.42445745168033, 22.87510298049136], [91.42387273939593, 22.875097186383023]]]}}, {"type": "Feature", "properties": {"aoi_name": "Feni", "sensor": "Sentinel-1", "acquisition_date": "2024-08-21", "baseline_date": "2024-08-09", "area_km2": 0.0036, "threshold": 1.25, "detects": "open_water_only"}, "geometry": {"type": "Polygon", "coordinates": [[[91.4254319725759, 22.875112632565276], [91.42543822037115, 22.874570822842262], [91.42602293084354, 22.874576611070328], [91.42601668536606, 22.87511842094565], [91.4254319725759, 22.875112632565276]]]}}, {"type": "Feature", "properties": {"aoi_name": "Feni", "sensor": "Sentinel-1", "acquisition_date": "2024-08-21", "baseline_date": "2024-08-09", "area_km2": 0.0036, "threshold": 1.25, "detects": "open_water_only"}, "geometry": {"type": "Polygon", "coordinates": [[[91.42194874548623, 22.87291062171238], [91.42195500642798, 22.87236881275034], [91.42253970649138, 22.872374613255385], [91.42253344786712, 22.872916422370057], [91.42194874548623, 22.87291062171238]]]}}, {"type": "Feature", "properties": {"aoi_name": "Feni", "sensor": "Sentinel-1", "acquisition_date": "2024-08-21", "baseline_date": "2024-08-09", "area_km2": 0.0036, "threshold": 1.25, "detects": "open_water_only"}, "geometry": {"type": "Polygon", "coordinates": [[[91.43493196479263, 23.217302251586293], [91.43493827863026, 23.21676046281273], [91.435524470822, 23.216766297205478], [91.43551815934684, 23.21730808613079], [91.43493196479263, 23.217302251586293]]]}}, {"type": "Feature", "properties": {"aoi_name": "Feni", "sensor": "Sentinel-1", "acquisition_date": "2024-08-21", "baseline_date": "2024-08-09", "area_km2": 0.0036, "threshold": 1.25, "detects": "open_water_only"}, "geometry": {"type": "Polygon", "coordinates": [[[91.40331209498211, 23.21409444687177], [91.40331853535471, 23.213552666168873], [91.40390470458082, 23.213558617654733], [91.40389826657017, 23.21410039851244], [91.40331209498211, 23.21409444687177]]]}}, {"type": "Feature", "properties": {"aoi_name": "Feni", "sensor": "Sentinel-1", "acquisition_date": "2024-08-21", "baseline_date": "2024-08-09", "area_km2": 0.0036, "threshold": 1.25, "detects": "open_water_only"}, "geometry": {"type": "Polygon", "coordinates": [[[91.45392310649248, 23.21423903312793], [91.45392934281439, 23.213697239243256], [91.4545155269407, 23.213703002126874], [91.45450929298096, 23.21424479616146], [91.45392310649248, 23.21423903312793]]]}}, {"type": "Feature", "properties": {"aoi_name": "Feni", "sensor": "Sentinel-1", "acquisition_date": "2024-08-21", "baseline_date": "2024-08-09", "area_km2": 0.0036, "threshold": 1.25, "detects": "open_water_only"}, "geometry": {"type": "Polygon", "coordinates": [[[91.42346657904264, 23.111706994785344], [91.42347290682272, 23.111165201742377], [91.42405863634853, 23.11117105369234], [91.42405231091706, 23.11171284688805], [91.42346657904264, 23.111706994785344]]]}}, {"type": "Feature", "properties": {"aoi_name": "Feni", "sensor": "Sentinel-1", "acquisition_date": "2024-08-21", "baseline_date": "2024-08-09", "area_km2": 0.0036, "threshold": 1.25, "detects": "open_water_only"}, "geometry": {"type": "Polygon", "coordinates": [[[91.45219044306963, 23.11000459078025], [91.4521966550769, 23.109462790177297], [91.45278238526278, 23.109468535114065], [91.452776175604, 23.110010335866978], [91.45219044306963, 23.11000459078025]]]}}, {"type": "Feature", "properties": {"aoi_name": "Feni", "sensor": "Sentinel-1", "acquisition_date": "2024-08-21", "baseline_date": "2024-08-09", "area_km2": 0.0036, "threshold": 1.25, "detects": "open_water_only"}, "geometry": {"type": "Polygon", "coordinates": [[[91.4163015919866, 23.206278707966298], [91.41630797757497, 23.205736923299252], [91.41689411641515, 23.205742824499772], [91.41688773318775, 23.206284609320363], [91.4163015919866, 23.206278707966298]]]}}, {"type": "Feature", "properties": {"aoi_name": "Feni", "sensor": "Sentinel-1", "acquisition_date": "2024-08-21", "baseline_date": "2024-08-09", "area_km2": 0.0036, "threshold": 1.25, "detects": "open_water_only"}, "geometry": {"type": "Polygon", "coordinates": [[[91.39196830398514, 22.8697203637364], [91.39197468285319, 22.86917856248007], [91.39255936071406, 22.869184472399834], [91.39255298416295, 22.869726273811693], [91.39196830398514, 22.8697203637364]]]}}, {"type": "Feature", "properties": {"aoi_name": "Feni", "sensor": "Sentinel-1", "acquisition_date": "2024-08-21", "baseline_date": "2024-08-09", "area_km2": 0.0036, "threshold": 1.25, "detects": "open_water_only"}, "geometry": {"type": "Polygon", "coordinates": [[[91.36644825929123, 22.868557205694376], [91.36645473900035, 22.868015411220433], [91.36703940448062, 22.86802141463692], [91.36703292708815, 22.868563209268864], [91.36644825929123, 22.868557205694376]]]}}, {"type": "Feature", "properties": {"aoi_name": "Feni", "sensor": "Sentinel-1", "acquisition_date": "2024-08-21", "baseline_date": "2024-08-09", "area_km2": 0.0036, "threshold": 1.25, "detects": "open_water_only"}, "geometry": {"type": "Polygon", "coordinates": [[[91.46690969013909, 23.103465309978002], [91.46691584114232, 23.102923505165343], [91.46750154703265, 23.102929193954708], [91.46749539837714, 23.1034709989159], [91.46690969013909, 23.103465309978002]]]}}, {"type": "Feature", "properties": {"aoi_name": "Feni", "sensor": "Sentinel-1", "acquisition_date": "2024-08-21", "baseline_date": "2024-08-09", "area_km2": 0.0036, "threshold": 1.25, "detects": "open_water_only"}, "geometry": {"type": "Polygon", "coordinates": [[[91.4214265897872, 23.10247504100573], [91.42143292292803, 23.101933247863357], [91.42201861183813, 23.101939105179667], [91.42201228104467, 23.102480898474973], [91.4214265897872, 23.10247504100573]]]}}, {"type": "Feature", "properties": {"aoi_name": "Feni", "sensor": "Sentinel-1", "acquisition_date": "2024-08-21", "baseline_date": "2024-08-09", "area_km2": 0.0036, "threshold": 1.25, "detects": "open_water_only"}, "geometry": {"type": "Polygon", "coordinates": [[[91.42823136571313, 23.22211205582026], [91.42823770804382, 23.22157026912106], [91.42882391934141, 23.221576129634446], [91.4288175793738, 23.222117916486052], [91.42823136571313, 23.22211205582026]]]}}, {"type": "Feature", "properties": {"aoi_name": "Feni", "sensor": "Sentinel-1", "acquisition_date": "2024-08-21", "baseline_date": "2024-08-09", "area_km2": 0.0036, "threshold": 1.25, "detects": "open_water_only"}, "geometry": {"type": "Polygon", "coordinates": [[[91.44954518218933, 23.22105940938741], [91.44955143821936, 23.22051761709661], [91.45013765089266, 23.220523397896706], [91.45013139722566, 23.221065190337846], [91.44954518218933, 23.22105940938741]]]}}, {"type": "Feature", "properties": {"aoi_name": "Feni", "sensor": "Sentinel-1", "acquisition_date": "2024-08-21", "baseline_date": "2024-08-09", "area_km2": 0.0036, "threshold": 1.25, "detects": "open_water_only"}, "geometry": {"type": "Polygon", "coordinates": [[[91.43528909253011, 23.22019568153289], [91.43529540580649, 23.219653892865836], [91.4358816107257, 23.219659726611873], [91.4358752998122, 23.22020151543065], [91.43528909253011, 23.22019568153289]]]}}, {"type": "Feature", "properties": {"aoi_name": "Feni", "sensor": "Sentinel-1", "acquisition_date": "2024-08-21", "baseline_date": "2024-08-09", "area_km2": 0.0036, "threshold": 1.25, "detects": "open_water_only"}, "geometry": {"type": "Polygon", "coordinates": [[[91.3727018948902, 22.81804735749147], [91.37270833392762, 22.817505557892495], [91.37329278539053, 22.81751152586406], [91.37328634866324, 22.81805332562037], [91.3727018948902, 22.81804735749147]]]}}, {"type": "Feature", "properties": {"aoi_name": "Feni", "sensor": "Sentinel-1", "acquisition_date": "2024-08-21", "baseline_date": "2024-08-09", "area_km2": 0.0036, "threshold": 1.25, "detects": "open_water_only"}, "geometry": {"type": "Polygon", "coordinates": [[[91.382453484049, 22.81724354296498], [91.3824598842596, 22.81670174068685], [91.38304433512309, 22.81670767270107], [91.38303793722255, 22.817249475135597], [91.382453484049, 22.81724354296498]]]}}, {"type": "Feature", "properties": {"aoi_name": "Feni", "sensor": "Sentinel-1", "acquisition_date": "2024-08-21", "baseline_date": "2024-08-09", "area_km2": 0.0036, "threshold": 1.25, "detects": "open_water_only"}, "geometry": {"type": "Polygon", "coordinates": [[[91.3482138313654, 22.812918624193184], [91.34822036563787, 22.812376830906203], [91.34880478803572, 22.812382887392445], [91.34879825607263, 22.812924680839135], [91.3482138313654, 22.812918624193184]]]}}, {"type": "Feature", "properties": {"aoi_name": "Feni", "sensor": "Sentinel-1", "acquisition_date": "2024-08-21", "baseline_date": "2024-08-09", "area_km2": 0.0036, "threshold": 1.25, "detects": "open_water_only"}, "geometry": {"type": "Polygon", "coordinates": [[[91.38542472662749, 22.813119357959458], [91.3854311137994, 22.812577554604676], [91.38601554792592, 22.812583474713367], [91.38600916306356, 22.81312527822425], [91.38542472662749, 22.813119357959458]]]}}, {"type": "Feature", "properties": {"aoi_name": "Feni", "sensor": "Sentinel-1", "acquisition_date": "2024-08-21", "baseline_date": "2024-08-09", "area_km2": 0.0036, "threshold": 1.25, "detects": "open_water_only"}, "geometry": {"type": "Polygon", "coordinates": [[[91.51744869407277, 22.999546630004726], [91.51745461250805, 22.99900480543617], [91.51803988274483, 22.999010283372776], [91.51803396664391, 22.999552108084874], [91.51744869407277, 22.999546630004726]]]}}, {"type": "Feature", "properties": {"aoi_name": "Feni", "sensor": "Sentinel-1", "acquisition_date": "2024-08-21", "baseline_date": "2024-08-09", "area_km2": 0.0036, "threshold": 1.25, "detects": "open_water_only"}, "geometry": {"type": "Polygon", "coordinates": [[[91.45268582888723, 22.998385226838316], [91.45269200545134, 22.99784341846547], [91.4532772531054, 22.99784913541593], [91.4532710788752, 22.99839094393857], [91.45268582888723, 22.998385226838316]]]}}, {"type": "Feature", "properties": {"aoi_name": "Feni", "sensor": "Sentinel-1", "acquisition_date": "2024-08-21", "baseline_date": "2024-08-09", "area_km2": 0.0036, "threshold": 1.25, "detects": "open_water_only"}, "geometry": {"type": "Polygon", "coordinates": [[[91.43218312281817, 22.96603285946393], [91.43218937139, 22.965491054178617], [91.43277447398759, 22.96549683919391], [91.4327682277454, 22.966038644630977], [91.43218312281817, 22.96603285946393]]]}}, {"type": "Feature", "properties": {"aoi_name": "Feni", "sensor": "Sentinel-1", "acquisition_date": "2024-08-21", "baseline_date": "2024-08-09", "area_km2": 0.0036, "threshold": 1.25, "detects": "open_water_only"}, "geometry": {"type": "Polygon", "coordinates": [[[91.50085861498594, 22.964710243475576], [91.50086458952931, 22.964168420630237], [91.50144970529733, 22.96417395195352], [91.50144373308372, 22.964715774943965], [91.50085861498594, 22.964710243475576]]]}}, {"type": "Feature", "properties": {"aoi_name": "Feni", "sensor": "Sentinel-1", "acquisition_date": "2024-08-21", "baseline_date": "2024-08-09", "area_km2": 0.0036, "threshold": 1.25, "detects": "open_water_only"}, "geometry": {"type": "Polygon", "coordinates": [[[91.46305312334091, 22.857779306253974], [91.46305921674706, 22.85723748564228], [91.46364386352575, 22.857243131540425], [91.46363777243529, 22.857784952300776], [91.46305312334091, 22.857779306253974]]]}}, {"type": "Feature", "properties": {"aoi_name": "Feni", "sensor": "Sentinel-1", "acquisition_date": "2024-08-21", "baseline_date": "2024-08-09", "area_km2": 0.0036, "threshold": 1.25, "detects": "open_water_only"}, "geometry": {"type": "Polygon", "coordinates": [[[91.44324099114075, 22.851806696050016], [91.4432471612797, 22.85126488011603], [91.44383177703395, 22.851270597379546], [91.44382560920985, 22.85181241346409], [91.44324099114075, 22.851806696050016]]]}}, {"type": "Feature", "properties": {"aoi_name": "Feni", "sensor": "Sentinel-1", "acquisition_date": "2024-08-21", "baseline_date": "2024-08-09", "area_km2": 0.0036, "threshold": 1.25, "detects": "open_water_only"}, "geometry": {"type": "Polygon", "coordinates": [[[91.4405457388155, 22.848890304740255], [91.440551918756, 22.8483484893046], [91.44113652129089, 22.848354215776357], [91.44113034366484, 22.848896031362827], [91.4405457388155, 22.848890304740255]]]}}, {"type": "Feature", "properties": {"aoi_name": "Feni", "sensor": "Sentinel-1", "acquisition_date": "2024-08-21", "baseline_date": "2024-08-09", "area_km2": 0.0036, "threshold": 1.25, "detects": "open_water_only"}, "geometry": {"type": "Polygon", "coordinates": [[[91.38524453001092, 22.84490706406894], [91.38525092780552, 22.84436526292232], [91.38583549760922, 22.844371191476355], [91.38582910212831, 22.84491299277914], [91.38524453001092, 22.84490706406894]]]}}, {"type": "Feature", "properties": {"aoi_name": "Feni", "sensor": "Sentinel-1", "acquisition_date": "2024-08-21", "baseline_date": "2024-08-09", "area_km2": 0.0036, "threshold": 1.25, "detects": "open_water_only"}, "geometry": {"type": "Polygon", "coordinates": [[[91.42504371157506, 22.84115144043056], [91.4250499505794, 22.84060962849902], [91.42563451569248, 22.84061541004412], [91.42562827900147, 22.841157222127965], [91.42504371157506, 22.84115144043056]]]}}, {"type": "Feature", "properties": {"aoi_name": "Feni", "sensor": "Sentinel-1", "acquisition_date": "2024-08-21", "baseline_date": "2024-08-09", "area_km2": 0.0036, "threshold": 1.25, "detects": "open_water_only"}, "geometry": {"type": "Polygon", "coordinates": [[[91.39622646487678, 22.83905753299531], [91.3962328173597, 22.838515728519326], [91.39681736533082, 22.83852161533379], [91.39681101516085, 22.83906341996486], [91.39622646487678, 22.83905753299531]]]}}, {"type": "Feature", "properties": {"aoi_name": "Feni", "sensor": "Sentinel-1", "acquisition_date": "2024-08-21", "baseline_date": "2024-08-09", "area_km2": 0.0036, "threshold": 1.25, "detects": "open_water_only"}, "geometry": {"type": "Polygon", "coordinates": [[[91.45719536646219, 23.099216355736438], [91.45720155516089, 23.098674553110623], [91.45778723995079, 23.098680276952877], [91.45778105359919, 23.099222079728154], [91.45719536646219, 23.099216355736438]]]}}, {"type": "Feature", "properties": {"aoi_name": "Feni", "sensor": "Sentinel-1", "acquisition_date": "2024-08-21", "baseline_date": "2024-08-09", "area_km2": 0.0036, "threshold": 1.25, "detects": "open_water_only"}, "geometry": {"type": "Polygon", "coordinates": [[[91.41897738550253, 23.09486453530513], [91.41898372613468, 23.094322742282724], [91.41956938136009, 23.094328606865222], [91.4195630430743, 23.094870400040797], [91.41897738550253, 23.09486453530513]]]}}, {"type": "Feature", "properties": {"aoi_name": "Feni", "sensor": "Sentinel-1", "acquisition_date": "2024-08-21", "baseline_date": "2024-08-09", "area_km2": 0.0036, "threshold": 1.25, "detects": "open_water_only"}, "geometry": {"type": "Polygon", "coordinates": [[[91.48170582553843, 22.98548050118021], [91.48171188249569, 22.98493868454676], [91.48229708250854, 22.984944291312235], [91.48229102788365, 22.985486108092672], [91.48170582553843, 22.98548050118021]]]}}, {"type": "Feature", "properties": {"aoi_name": "Feni", "sensor": "Sentinel-1", "acquisition_date": "2024-08-21", "baseline_date": "2024-08-09", "area_km2": 0.0036, "threshold": 1.25, "detects": "open_water_only"}, "geometry": {"type": "Polygon", "coordinates": [[[91.32274403235587, 22.98297435154826], [91.32275072247874, 22.98243257687525], [91.32333586620227, 22.98243876997498], [91.32332917841072, 22.98298054481033], [91.32274403235587, 22.98297435154826]]]}}, {"type": "Feature", "properties": {"aoi_name": "Feni", "sensor": "Sentinel-1", "acquisition_date": "2024-08-21", "baseline_date": "2024-08-09", "area_km2": 0.0036, "threshold": 1.25, "detects": "open_water_only"}, "geometry": {"type": "Polygon", "coordinates": [[[91.45635749759, 22.9843324434393], [91.45636365530294, 22.983790633164958], [91.45694884341908, 22.983796333264383], [91.45694268803827, 22.984338143688152], [91.45635749759, 22.9843324434393]]]}}, {"type": "Feature", "properties": {"aoi_name": "Feni", "sensor": "Sentinel-1", "acquisition_date": "2024-08-21", "baseline_date": "2024-08-09", "area_km2": 0.0036, "threshold": 1.25, "detects": "open_water_only"}, "geometry": {"type": "Polygon", "coordinates": [[[91.38588994334445, 22.823238936692345], [91.38589633182957, 22.82269713390032], [91.38648080927341, 22.822703054780813], [91.38647442309917, 22.82324485772891], [91.38588994334445, 22.823238936692345]]]}}, {"type": "Feature", "properties": {"aoi_name": "Feni", "sensor": "Sentinel-1", "acquisition_date": "2024-08-21", "baseline_date": "2024-08-09", "area_km2": 0.0036, "threshold": 1.25, "detects": "open_water_only"}, "geometry": {"type": "Polygon", "coordinates": [[[91.40804056774877, 23.22732732693078], [91.40804699314427, 23.2267855458885], [91.40863322147813, 23.226791482935898], [91.40862679844632, 23.227333264132543], [91.40804056774877, 23.22732732693078]]]}}, {"type": "Feature", "properties": {"aoi_name": "Feni", "sensor": "Sentinel-1", "acquisition_date": "2024-08-21", "baseline_date": "2024-08-09", "area_km2": 0.0036, "threshold": 1.25, "detects": "open_water_only"}, "geometry": {"type": "Polygon", "coordinates": [[[91.43408297931214, 23.22307354446574], [91.43408929832886, 23.222531756309987], [91.43467551547059, 23.22253759523392], [91.43466919881712, 23.22307938354151], [91.43408297931214, 23.22307354446574]]]}}, {"type": "Feature", "properties": {"aoi_name": "Feni", "sensor": "Sentinel-1", "acquisition_date": "2024-08-21", "baseline_date": "2024-08-09", "area_km2": 0.0036, "threshold": 1.25, "detects": "open_water_only"}, "geometry": {"type": "Polygon", "coordinates": [[[91.35275306783379, 22.808088851781275], [91.35275958261884, 22.807547056924236], [91.35334398575556, 22.8075530955616], [91.35333747327924, 22.8080948905779], [91.35275306783379, 22.808088851781275]]]}}, {"type": "Feature", "properties": {"aoi_name": "Feni", "sensor": "Sentinel-1", "acquisition_date": "2024-08-21", "baseline_date": "2024-08-09", "area_km2": 0.0036, "threshold": 1.25, "detects": "open_water_only"}, "geometry": {"type": "Polygon", "coordinates": [[[91.41931484232877, 23.232498374581137], [91.41932122381841, 23.231956590928437], [91.4199074779423, 23.23196248716817], [91.41990109881708, 23.232504270974147], [91.41931484232877, 23.232498374581137]]]}}, {"type": "Feature", "properties": {"aoi_name": "Feni", "sensor": "Sentinel-1", "acquisition_date": "2024-08-21", "baseline_date": "2024-08-09", "area_km2": 0.0036, "threshold": 1.25, "detects": "open_water_only"}, "geometry": {"type": "Polygon", "coordinates": [[[91.40769490107004, 22.774509176132362], [91.40770118830129, 22.77396736423347], [91.40828546428013, 22.773973193364355], [91.40827917935354, 22.774515005417157], [91.40769490107004, 22.774509176132362]]]}}, {"type": "Feature", "properties": {"aoi_name": "Feni", "sensor": "Sentinel-1", "acquisition_date": "2024-08-21", "baseline_date": "2024-08-09", "area_km2": 0.0036, "threshold": 1.25, "detects": "open_water_only"}, "geometry": {"type": "Polygon", "coordinates": [[[91.42593155454786, 23.234912808628096], [91.4259379100695, 23.234371023410496], [91.42652417661185, 23.23437689554482], [91.42651782345496, 23.234918680915055], [91.42593155454786, 23.234912808628096]]]}}, {"type": "Feature", "properties": {"aoi_name": "Feni", "sensor": "Sentinel-1", "acquisition_date": "2024-08-21", "baseline_date": "2024-08-09", "area_km2": 0.0036, "threshold": 1.25, "detects": "open_water_only"}, "geometry": {"type": "Polygon", "coordinates": [[[91.45698745372188, 23.236665809727207], [91.45699368440654, 23.23612401660184], [91.4575799672922, 23.236129773295907], [91.45757373897267, 23.236671566570898], [91.45698745372188, 23.236665809727207]]]}}, {"type": "Feature", "properties": {"aoi_name": "Feni", "sensor": "Sentinel-1", "acquisition_date": "2024-08-21", "baseline_date": "2024-08-09", "area_km2": 0.0036, "threshold": 1.25, "detects": "open_water_only"}, "geometry": {"type": "Polygon", "coordinates": [[[91.43510750565896, 23.25252428272294], [91.43511382949416, 23.251982496330044], [91.43570017558594, 23.25198833840138], [91.43569385411786, 23.252530124946038], [91.43510750565896, 23.25252428272294]]]}}, {"type": "Feature", "properties": {"aoi_name": "Feni", "sensor": "Sentinel-1", "acquisition_date": "2024-08-21", "baseline_date": "2024-08-09", "area_km2": 0.0036, "threshold": 1.25, "detects": "open_water_only"}, "geometry": {"type": "Polygon", "coordinates": [[[91.42367354168351, 22.773945319213862], [91.42367976566723, 22.773403503077134], [91.42426404377358, 22.77340927358221], [91.42425782209449, 22.773951089871307], [91.42367354168351, 22.773945319213862]]]}}, {"type": "Feature", "properties": {"aoi_name": "Feni", "sensor": "Sentinel-1", "acquisition_date": "2024-08-21", "baseline_date": "2024-08-09", "area_km2": 0.0036, "threshold": 1.25, "detects": "open_water_only"}, "geometry": {"type": "Polygon", "coordinates": [[[91.4600852904207, 23.239224858758792], [91.46009150936469, 23.238683065017657], [91.46067780428729, 23.238688810750556], [91.46067158770875, 23.239230604641026], [91.4600852904207, 23.239224858758792]]]}}]}