{"type": "FeatureCollection", "features": [{"type": "Feature", "properties": {"adm2_name": "Feni", "area_sqkm": 929.47783669}, "geometry": {"type": "Polygon", "coordinates": [[[91.41038998000005, 23.283662398000047], [91.41011271500014, 23.28378723600008], [91.40976180700005, 23.28394523000003], [91.40959677700005, 23.28399450400019], [91.40947474100011, 23.28419632100008], [91.40947645100005, 23.284358794000127], [91.40948106100006, 23.284550508], [91.4088308050001, 23.284770839000032], [91.40875485500004, 23.284753459], [91.4083585350001, 23.284659933000114], [91.40824277700011, 23.284633877999966], [91.4082385120002, 23.284518768000055], [91.4082181510002, 23.28397707800019], [91.40820551500008, 23.283821401000182], [91.40816701800014, 23.283356640000022], [91.4081522670001, 23.282767482999986], [91.40815515100013, 23.282705636000117], [91.40818766700016, 23.282008543000074], [91.40820062000012, 23.28184586500015], [91.4082297400002, 23.281477578000136], [91.40823673400007, 23.28138720400011], [91.40827341100015, 23.28115657900014], [91.40829804600014, 23.281000567000035], [91.40833242300005, 23.28078351099998], [91.40834848400004, 23.280684021000127], [91.40841766200009, 23.280231836999974], [91.40843480300003, 23.280118796000124], [91.40844468200004, 23.28001258800009], [91.40846714100019, 23.279766286000097], [91.40848411200011, 23.279578736000076], [91.4085069100002, 23.278783783000108], [91.4085291090002, 23.278512645000035], [91.4085691890001, 23.278024600000094], [91.40857595200004, 23.277970350000032], [91.40861172600017, 23.277653937000025], [91.4086313030001, 23.277482169000052], [91.40867967200012, 23.27714306100006], [91.40874170300003, 23.27670900600009], [91.40882842100007, 23.27594960000016], [91.40888847300005, 23.27526946200004], [91.4088869380002, 23.274775015000046], [91.4088864540002, 23.27467115900015], [91.40888141900018, 23.274598956000148], [91.40884825800003, 23.274118341000076], [91.40883658600012, 23.27353141499998], [91.40883170700016, 23.273416310000187], [91.40882845800019, 23.273339574000033], [91.40880977500012, 23.27289946800005], [91.4088318110002, 23.272206121000124], [91.4088331690001, 23.272160954000014], [91.40886744200003, 23.271876163000172], [91.40893087100005, 23.271342748], [91.40904527800018, 23.270951119000017], [91.40910660499998, 23.270740591], [91.40914258500015, 23.27061834700004], [91.40923418400018, 23.270265309000138], [91.40928059300018, 23.270088781000084], [91.40940367300004, 23.269534511000074], [91.4095149200001, 23.268842623000182], [91.40967053600019, 23.26824516300013], [91.40967720400005, 23.268211237000173], [91.40972361700005, 23.267657653000185], [91.40973587900004, 23.267023099000085], [91.40976062000004, 23.266413269999987], [91.40992258000011, 23.265838329000132], [91.40989761500009, 23.2653237720001], [91.40988125100017, 23.26498750500008], [91.40987806900006, 23.264917543000138], [91.40986021900017, 23.264556452000022], [91.40985320000004, 23.26441201500006], [91.40983916400012, 23.264123142000074], [91.40983292400017, 23.26399450400004], [91.40982362000011, 23.26380718700011], [91.40981036200003, 23.263534109999966], [91.40980329700011, 23.263385160000098], [91.40982874200017, 23.263190758000178], [91.40984796700008, 23.263043829000026], [91.40985869700006, 23.262960192000094], [91.40988022300007, 23.262799694000137], [91.40989095000015, 23.262716057999967], [91.40996273700011, 23.26199065500009], [91.41022276500019, 23.261446445], [91.41028731100016, 23.261310397000102], [91.41047305300009, 23.259628916000167], [91.41047792900014, 23.259163763000117], [91.4104795520002, 23.258969575000037], [91.41048204100014, 23.258741515], [91.410446525, 23.25861765200017], [91.41034696500014, 23.258270846000073], [91.41023024600014, 23.257860971000184], [91.41019346300004, 23.257732605], [91.40992958900006, 23.25680701200008], [91.40963866500016, 23.255835377999972], [91.40944455300007, 23.255878892000055], [91.40911787700003, 23.255951814000014], [91.409078879, 23.255961195], [91.40904711100006, 23.255964813000105], [91.40884213500016, 23.255988155000125], [91.40880308900012, 23.255993023000144], [91.40825392700015, 23.25605439400016], [91.40791235700016, 23.25610487000006], [91.40750305000012, 23.25616272800005], [91.40705716600019, 23.256227685000056], [91.40689064400004, 23.256251756000154], [91.40647464099999, 23.25631192900005], [91.40621358000016, 23.256350393000048], [91.40608669300008, 23.25636733200014], [91.40599765200005, 23.256381678000082], [91.40544987500016, 23.256458831000145], [91.40523887799998, 23.256494585999974], [91.40483093799998, 23.25691593300013], [91.4047067100002, 23.257070576000046], [91.40450108600004, 23.257327550000184], [91.4043587720002, 23.25750493200013], [91.40433090900012, 23.257527760000016], [91.40375822200008, 23.257968640000115], [91.40363110200019, 23.258080409], [91.40331086900005, 23.258360984000035], [91.40292999100018, 23.258917553], [91.40245005999998, 23.25958338200013], [91.40243335800005, 23.259621914000093], [91.40239398700004, 23.259712577000073], [91.40211481300008, 23.260356294000132], [91.40188917700004, 23.260920505000172], [91.4016288590002, 23.261439869000185], [91.40158126500012, 23.261562216000073], [91.40144973200017, 23.261895289], [91.40132952599998, 23.262201168], [91.40101970400013, 23.26283612400016], [91.40079627000011, 23.263377736], [91.40050815400008, 23.264102809000065], [91.40012289200018, 23.265002600000173], [91.39967507900019, 23.265821664999976], [91.3995884690001, 23.265777283000034], [91.39953995100018, 23.265752878000058], [91.39912480000004, 23.265546603000132], [91.39847713800009, 23.26536497500001], [91.39833926400001, 23.265325561000168], [91.39769738500013, 23.2651122690001], [91.39756839400019, 23.265104386000075], [91.39709832000005, 23.26507921900003], [91.39703558000019, 23.26474562200002], [91.3970096870001, 23.264605865000135], [91.39697345200017, 23.26441201500006], [91.39699389100019, 23.264262817000144], [91.39704785200013, 23.263871735000123], [91.39704178600016, 23.263641491999977], [91.39703936400014, 23.263526363000153], [91.3970332510001, 23.263291606000166], [91.39703214700017, 23.263244201000077], [91.39702897400014, 23.263115531999972], [91.39701959000007, 23.262743076000106], [91.39700908200012, 23.262320957000043], [91.39697917500001, 23.26115167200004], [91.39695289000008, 23.260095244000013], [91.39696975200008, 23.259602890000167], [91.39701171500008, 23.258353938000027], [91.39702381000006, 23.257990322000126], [91.39703879299998, 23.25755217200009], [91.39707187900007, 23.25656520700005], [91.39708348000005, 23.25621288400015], [91.39720922000015, 23.256202734], [91.39736059100017, 23.256190099000094], [91.39848667900009, 23.256092020000096], [91.39912690900013, 23.256034383000042], [91.40014679900014, 23.255946271000028], [91.40020600200012, 23.25594122600006], [91.40046706100014, 23.25572666200003], [91.4005500360002, 23.255658187000165], [91.400656647, 23.255571441000086], [91.40068690700002, 23.255544076000035], [91.40076377600008, 23.255475656000044], [91.40083641500013, 23.25541178900005], [91.40088121500014, 23.255373007], [91.40119355400014, 23.25509702200003], [91.40144901400015, 23.254873475000068], [91.40169117500017, 23.254663596], [91.4017910680002, 23.254576906000125], [91.40193042400017, 23.25440858400009], [91.40199678800013, 23.25432896900014], [91.40228999300018, 23.253976388000183], [91.40236615400016, 23.253898941000102], [91.40260246400015, 23.253655244000072], [91.40273904600008, 23.253514039000038], [91.40310944100008, 23.253065939000066], [91.40386464600016, 23.252147030000174], [91.40429594300002, 23.251623874000074], [91.40438039500009, 23.251521519], [91.40440452100017, 23.251491953000084], [91.40444133000011, 23.251448725000046], [91.40446846300011, 23.25141461400017], [91.40502040800004, 23.250745878000032], [91.40596948400002, 23.249384950000092], [91.40618098800013, 23.249084299000174], [91.40645220300013, 23.248698768000168], [91.40650084900005, 23.24861930900005], [91.40666839800014, 23.248344612000153], [91.40682412800004, 23.248049701000184], [91.40689962099998, 23.24790903800016], [91.40696553300012, 23.247786527000073], [91.40689463100011, 23.24778264600019], [91.40648203100011, 23.24775698800005], [91.40638545500008, 23.247751082000093], [91.40571615200002, 23.247711916000014], [91.4056275150001, 23.247705936000045], [91.40543496800007, 23.24769411300008], [91.40497624300019, 23.24766773700003], [91.40471678100005, 23.247653124000124], [91.40408229800005, 23.247613638000075], [91.40385921200004, 23.247602085999972], [91.40375222800009, 23.247594011000103], [91.40263795600009, 23.247529459000134], [91.40258357000005, 23.247527685000136], [91.40247111200011, 23.247521918000132], [91.40210690900011, 23.247509364000166], [91.40201707300014, 23.24750565], [91.40195597000013, 23.247503938000023], [91.40157167900009, 23.247439634000045], [91.40108888300006, 23.24736040100015], [91.40090479700012, 23.247339464000106], [91.40077756000017, 23.247322536000127], [91.40072435000019, 23.247316238000167], [91.40061917500014, 23.247305888000028], [91.40037732000008, 23.247251598000105], [91.40021019200015, 23.247216963000028], [91.40006024100006, 23.24718894900019], [91.39976649000016, 23.247137378000104], [91.39967663300013, 23.24713140400013], [91.39949689300016, 23.247117201000094], [91.3993434640002, 23.247107281000183], [91.39909890799998, 23.247086881000087], [91.39876144000016, 23.247060534000127], [91.39854817500003, 23.247053403000166], [91.398228539, 23.24703818500012], [91.39783041400005, 23.247053020000067], [91.39734702300012, 23.24703361400003], [91.39715644100016, 23.247034178999968], [91.3968992950002, 23.247036466999987], [91.39679599900018, 23.24703061100007], [91.39656072200012, 23.247021414000073], [91.39640304100016, 23.247013785000092], [91.396372504, 23.247014056000182], [91.39613781300005, 23.24700259600013], [91.39593124400011, 23.246993143000168], [91.39554730800012, 23.246962686000018], [91.39512793600005, 23.24693141700004], [91.39481622700015, 23.24691499400018], [91.39464210200003, 23.246912024000096], [91.39460543100012, 23.246910091000018], [91.39448139200005, 23.246906677000084], [91.3942554190001, 23.24691094000019], [91.39411982000013, 23.24691214500001], [91.39378500800018, 23.24690608400016], [91.3936133950001, 23.24690986500019], [91.39335021100015, 23.246918974000153], [91.3929542950001, 23.24691119800002], [91.39258710900009, 23.246905420000076], [91.39228222500009, 23.24689909400007], [91.39213485900012, 23.246884594000164], [91.39172451700011, 23.246840816000088], [91.39151882000004, 23.2467974810001], [91.39139699000009, 23.24677146800019], [91.39131800800016, 23.246754104], [91.39105503600007, 23.246018123000113], [91.39101538500006, 23.245905583000024], [91.39110908300017, 23.245575110000175], [91.39127802900015, 23.245196555000177], [91.39129423800011, 23.245169317000034], [91.39144612400008, 23.24491283800006], [91.39157524000012, 23.244699460000163], [91.39162568100011, 23.244615470000156], [91.39180843300011, 23.24433162300005], [91.39201244400004, 23.24403629900013], [91.39226630400009, 23.24377665500009], [91.3925200220001, 23.24356217100012], [91.3928706210001, 23.243206841000017], [91.39314115700012, 23.242965111000103], [91.3931549460001, 23.242940153000177], [91.39320409300012, 23.242849404000026], [91.39333478100014, 23.242611174000047], [91.39338169600018, 23.242482062000192], [91.39344582000018, 23.242304252000054], [91.39355474300004, 23.24202896100013], [91.39357839700006, 23.242012946000102], [91.39384547399999, 23.241967677], [91.39409669200018, 23.2419248060001], [91.39414806700012, 23.241931124000075], [91.39421046100011, 23.241939603000162], [91.39436646800016, 23.241963054000053], [91.39440685000011, 23.241969468000093], [91.39456649900006, 23.241990629000156], [91.39467258500014, 23.241912921999983], [91.39486897500007, 23.241766677999976], [91.39513884700017, 23.241403027], [91.3953922020001, 23.24115467600018], [91.39527801300017, 23.240923131999978], [91.39521498600016, 23.240794995000158], [91.39522818800003, 23.24077230100005], [91.39543524300018, 23.240418239000064], [91.39573748100014, 23.240171709000094], [91.3959668710001, 23.239910022], [91.39617664500008, 23.23946562200001], [91.39630511700005, 23.239191285000175], [91.39645231000003, 23.238779051000165], [91.3966126090001, 23.23827639000001], [91.39670812100019, 23.237887192000187], [91.39673335000003, 23.23778762300003], [91.39681791500004, 23.237461744000143], [91.39676325000005, 23.237139359000025], [91.39675542700019, 23.23709201500003], [91.39671821700011, 23.23686205000007], [91.39676520000017, 23.236798411000052], [91.39689052000006, 23.23663247700017], [91.39694896500004, 23.23655519099998], [91.39732706400014, 23.23626282600003], [91.39771897500015, 23.2359477600001], [91.39796073600019, 23.23576046800008], [91.39811161300014, 23.235643975000073], [91.39837188400008, 23.235445230000096], [91.39842108900012, 23.235155789000032], [91.39841725800011, 23.23496390700012], [91.39841579800014, 23.23488263700017], [91.39841467000008, 23.234832977000167], [91.39849807900015, 23.234455175000164], [91.39858547600016, 23.234230583000056], [91.39863307000019, 23.23410401200016], [91.39867999900008, 23.23385974900009], [91.39870029200006, 23.23375570700017], [91.39875058300004, 23.233540766999965], [91.39881193100018, 23.233273795000116], [91.39883971600005, 23.23312678900004], [91.39889472800019, 23.23283729900004], [91.3988733010001, 23.232715565000092], [91.39882979300006, 23.23246759400007], [91.39860604700016, 23.232185099000105], [91.39836936200004, 23.231891429000143], [91.39826837400005, 23.231519786000035], [91.39827346600009, 23.231305246000034], [91.39830848600013, 23.230973034000044], [91.39835332400014, 23.23076265600008], [91.39837674000012, 23.230489251000108], [91.39839043500012, 23.230396557000063], [91.39842188200015, 23.230190816000174], [91.39842723400005, 23.229942408000056], [91.39843014400009, 23.22981142700013], [91.39844813200017, 23.22948614000012], [91.39845024600015, 23.22945451000004], [91.39830078300014, 23.229354237000166], [91.39820973700006, 23.229291829000147], [91.39804613400014, 23.229182650999974], [91.39761536500009, 23.2291074580001], [91.39751501900014, 23.229090288000066], [91.39721750500001, 23.229025198000045], [91.39716730800006, 23.229014356], [91.39655034300006, 23.22888888700004], [91.39616619999998, 23.228833595000083], [91.39569667500012, 23.22879035000011], [91.3956201490002, 23.228772969000033], [91.395091901, 23.228662508000014], [91.39485092500018, 23.22863078000006], [91.39468335400005, 23.2286096900001], [91.39451827300019, 23.228593092000153], [91.3943605450001, 23.228578685000116], [91.39396444800008, 23.22854833100007], [91.39359343600012, 23.228522270000155], [91.39351702600004, 23.228516174], [91.39323330100007, 23.228484821000166], [91.39314524200017, 23.228474312000117], [91.39308290200017, 23.228470351000055], [91.3926990430001, 23.228442143], [91.39230405100011, 23.228400486], [91.39214629900005, 23.228383820999966], [91.39190783700019, 23.228358838000133], [91.39179222400014, 23.228341800000123], [91.39168457500017, 23.228326947000085], [91.39153532600017, 23.228305693000095], [91.39126196100005, 23.22827198600004], [91.39098737500007, 23.22823829200013], [91.39041546300018, 23.22815755500011], [91.3903096470001, 23.228142686000183], [91.38982570200011, 23.228122130000088], [91.38944205600018, 23.228114232000166], [91.38906829700005, 23.22811753600007], [91.38851115900019, 23.228106655000147], [91.38815170700008, 23.228075963000094], [91.38755743900015, 23.22801799100006], [91.38708559000008, 23.227986032], [91.38661572100017, 23.22790889600003], [91.38630710200016, 23.227832593000187], [91.38599489200004, 23.22776309700015], [91.38580021700005, 23.2277196550001], [91.38550383800009, 23.227645500999984], [91.38570060200004, 23.227122207000036], [91.38591162600011, 23.226560401000086], [91.38612741600019, 23.225987266], [91.38621716000017, 23.225747142000046], [91.3864759220001, 23.225313614000072], [91.38651259200009, 23.225256845000047], [91.38674520400014, 23.22489353900005], [91.3869863330001, 23.224645306000184], [91.387355528, 23.22426047400012], [91.38752395700004, 23.224010624000073], [91.387703268, 23.223690687000158], [91.38790197300006, 23.223415735000117], [91.38797300700003, 23.223315763000016], [91.3882175920001, 23.22292976799997], [91.38856212000019, 23.222522573000163], [91.38889452300009, 23.222124515000075], [91.38912491300016, 23.22178380400004], [91.38938059800006, 23.22146770400019], [91.38959703200004, 23.221194851000064], [91.38990218500015, 23.220819609000102], [91.39004518800016, 23.220651265000015], [91.39005895000008, 23.22062404800016], [91.39009547900014, 23.220553735000124], [91.39013018500003, 23.220484562000024], [91.39017506200008, 23.22039498100014], [91.39023187200019, 23.22010096000008], [91.39015094500013, 23.219835249000027], [91.38993603200004, 23.219428484], [91.38967224200002, 23.219019889000037], [91.3895279030001, 23.218763770000066], [91.38949504600015, 23.218716646000075], [91.38941322300019, 23.21859996], [91.38925392000004, 23.218373327], [91.38923780800013, 23.218350893000093], [91.38911155, 23.218189441000106], [91.38903914500014, 23.218097514000192], [91.38901129200008, 23.218061632000058], [91.3887709980001, 23.217769107000095], [91.3887453170002, 23.21773659400003], [91.38868470100016, 23.21766262200009], [91.38858747400019, 23.21753252500008], [91.38852490900007, 23.217447281000148], [91.3884685450002, 23.217371013000047], [91.38826706200012, 23.217140236000034], [91.38821389200018, 23.217077484000185], [91.38806243400006, 23.216900451000186], [91.38792892100014, 23.2167458400001], [91.38786215300013, 23.216667403000088], [91.3876755170001, 23.216454556000144], [91.38765266500019, 23.216429923000135], [91.38752164099998, 23.216279804000067], [91.38730536900005, 23.21603560800014], [91.38728000300006, 23.216004221000105], [91.38717791700014, 23.2158764240001], [91.38708759400004, 23.215764331000173], [91.38701521200011, 23.21567465400011], [91.38690323700018, 23.215535656000156], [91.38687169900004, 23.215497552000045], [91.38666566600017, 23.21523971800019], [91.38634684400006, 23.214822571000013], [91.3863165260002, 23.214784453000107], [91.38583140600002, 23.214231043000098], [91.38566177900015, 23.214067715000112], [91.38552730200013, 23.213937945000055], [91.38550877300008, 23.213917787000128], [91.38526289400005, 23.213644497000075], [91.38500615600014, 23.21344355499997], [91.38497722300013, 23.213421229000062], [91.38490143900009, 23.21335642100007], [91.3848404490002, 23.213305027000047], [91.38473389900008, 23.21321790900015], [91.38451812200009, 23.21302111900019], [91.38429909299998, 23.2127453330001], [91.38422795900016, 23.212657904000082], [91.38388903900017, 23.212304146000122], [91.38345070300016, 23.211962555000184], [91.38315917000011, 23.211703211000042], [91.3830507670001, 23.211613849000116], [91.38289060500017, 23.21147978700003], [91.38263460100012, 23.21129012100016], [91.38214434300005, 23.21094672099997], [91.38189964200018, 23.210727603000123], [91.38187808600014, 23.210709729000087], [91.38167126200011, 23.210551242], [91.38164604100007, 23.21053339900004], [91.38151603400001, 23.21042165000017], [91.38147538300012, 23.21038813700011], [91.38132811800011, 23.210260735000077], [91.3812936440001, 23.210233944000095], [91.38108308900019, 23.210068712000066], [91.38087685500017, 23.209907958000088], [91.38076913500015, 23.20982536400004], [91.38065432300004, 23.20973605800009], [91.38044405100004, 23.209568564000108], [91.38025747600017, 23.209418929000037], [91.38021868100009, 23.20938765700015], [91.37998699500008, 23.2091864840001], [91.37990210100014, 23.20912626800009], [91.37966956600019, 23.2089612260001], [91.3796092830001, 23.20891885900005], [91.37940075000017, 23.208771669000157], [91.37916751300014, 23.2085976030001], [91.37913242800016, 23.20857081500003], [91.37921359600011, 23.208565587000123], [91.37962402700009, 23.208540538000136], [91.38004849800012, 23.208515365000096], [91.38151838800007, 23.2084234350001], [91.38157111500004, 23.208413940000128], [91.38166494400008, 23.208392795000066], [91.38178066100016, 23.20836242500002], [91.38185346800009, 23.208345983000072], [91.38216531600011, 23.208295828000132], [91.38222689700012, 23.20828625400003], [91.38237446000016, 23.208264638], [91.38257996500005, 23.20823573600012], [91.38295097000008, 23.20820763800009], [91.38316769699998, 23.20820121500003], [91.38334898500005, 23.20819284700002], [91.3835305020001, 23.208207057000152], [91.38365152400013, 23.208217279999985], [91.3837450420001, 23.208225489000085], [91.38412609700009, 23.20822439400007], [91.3842555490001, 23.208223253000085], [91.38446187400007, 23.20821466500007], [91.38465295300017, 23.208208465999974], [91.38499999800018, 23.20822572999998], [91.38518790299997, 23.20826697500013], [91.38529682800004, 23.208288595000113], [91.38559429600014, 23.20829500600007], [91.38566663700016, 23.208262761000128], [91.38589639300017, 23.208158001000186], [91.38594721200019, 23.208052563000138], [91.38599008400018, 23.207946067000023], [91.38601195600006, 23.20787588100012], [91.38599446, 23.207600580000133], [91.38598187200006, 23.20679463900018], [91.38597951500014, 23.206625321], [91.38597496400018, 23.20630249000004], [91.3859446100002, 23.204306825], [91.38593306600012, 23.20419403300008], [91.38591415200011, 23.204018088], [91.38586330800018, 23.20376565700019], [91.38583692200012, 23.203634937], [91.38573419200014, 23.203206850000072], [91.3856624340001, 23.20282139000011], [91.3856456490002, 23.202733481000053], [91.38553380100018, 23.202131623000184], [91.38549311000014, 23.20179781900009], [91.3854487270001, 23.201520497000047], [91.38538114699998, 23.20118467300017], [91.3852892610002, 23.20086035100013], [91.38519011699998, 23.200305793000098], [91.38513596700017, 23.200028555000074], [91.38507864400009, 23.199740056999985], [91.385070079, 23.199679171000128], [91.3850647750001, 23.19963857600004], [91.38503508800005, 23.1994243420001], [91.38499355300007, 23.199126670000112], [91.38496568600016, 23.198792754000067], [91.38492057700006, 23.19850414700005], [91.38485311700003, 23.198179613000036], [91.38480266599998, 23.197787189000053], [91.38475364700014, 23.197415076000084], [91.38474904800017, 23.19738350700004], [91.38467960900005, 23.19710414700006], [91.38464783300009, 23.19692379700001], [91.38462513600007, 23.196795300000133], [91.38460438800013, 23.196678077000115], [91.38456439999999, 23.196412], [91.38455916600009, 23.19637817900019], [91.3845475490001, 23.196317318000013], [91.38446037800009, 23.19585748700007], [91.38441097500004, 23.195566656000096], [91.38440513300009, 23.195532842000148], [91.38431351400004, 23.19517465100006], [91.3843057680001, 23.195134075999988], [91.3842265310002, 23.194732878000025], [91.38420205100016, 23.19460891100016], [91.38381223600015, 23.19262769000011], [91.383766955, 23.19244068600011], [91.38372297, 23.19226044600009], [91.38368771000012, 23.192156895000153], [91.38364806000004, 23.19204209200018], [91.38360714400005, 23.191922787000124], [91.38341958700005, 23.19191314600016], [91.38332549400019, 23.191907201000106], [91.38309209800008, 23.19189344600011], [91.38277681900018, 23.191873640000097], [91.38221838000004, 23.19184016300005], [91.38039213600013, 23.191729755000154], [91.37994854900012, 23.191702035000162], [91.37989465000015, 23.191567037000027], [91.37972280500009, 23.191065043000037], [91.37945530200005, 23.189988134000032], [91.3794443910001, 23.18993630000017], [91.37943223400009, 23.18988221600017], [91.3793717640001, 23.18958245100015], [91.37918927100014, 23.1885183440001], [91.3791582610001, 23.188292832000116], [91.37914639200005, 23.188207137], [91.37913440800014, 23.188110155000174], [91.37912042800008, 23.187997385000074], [91.37910377700018, 23.187862060000157], [91.37908512900009, 23.18771094699997], [91.3790744370001, 23.18764160900014], [91.37906105400015, 23.18755481600016], [91.37901906700012, 23.187282532000154], [91.37897642200005, 23.18699390000006], [91.3788858220002, 23.186554413000067], [91.37878731800004, 23.18605854900005], [91.37877158000015, 23.185952567000186], [91.3787473220001, 23.185790213000075], [91.37872175400014, 23.185618841000064], [91.37870650000008, 23.18556027000011], [91.37867981600004, 23.185458901000175], [91.37864233700003, 23.18531698600009], [91.3786163100001, 23.185220124000068], [91.37856111200017, 23.185017402000142], [91.37846837300003, 23.184785655999974], [91.37844518100007, 23.18472715300004], [91.37849801500016, 23.184728948999975], [91.37887146500015, 23.184736967000106], [91.37891849800008, 23.18473881300008], [91.37919027300006, 23.184745463000127], [91.3792531790001, 23.184747169000104], [91.37962451600004, 23.18475746100006], [91.37982542500004, 23.184760217000075], [91.38053571600011, 23.184778824000148], [91.38065359299998, 23.184782306000045], [91.38093676900013, 23.184709827], [91.381113357, 23.184663121000085], [91.38134942100004, 23.18464072800009], [91.3813945510002, 23.184635817000128], [91.38151106800018, 23.184625762000053], [91.3815114160002, 23.184481256000026], [91.38151255800011, 23.182392733000142], [91.3814237950001, 23.18189452700011], [91.38133735800017, 23.181385009000053], [91.381250691, 23.180852917000095], [91.38120830600013, 23.180530415000078], [91.38118996000003, 23.180230283000128], [91.3811612670001, 23.179873792000024], [91.38112911200017, 23.17959636000012], [91.38111297800009, 23.179273629000022], [91.38108860500012, 23.179099986000097], [91.38107213800009, 23.178982721000068], [91.381059613, 23.178892517000065], [91.38101524800015, 23.178615191000063], [91.38097420800017, 23.17824526400011], [91.380931938, 23.177934051000022], [91.38087845900014, 23.177541652000116], [91.38082127600012, 23.17726443700019], [91.38073163800016, 23.176858809], [91.38068910700008, 23.17658146800011], [91.38062330200006, 23.17617788600012], [91.38059310400007, 23.175853020000034], [91.38056476200018, 23.175530397000102], [91.38066864700016, 23.175479814000084], [91.38086610100015, 23.17538550800009], [91.38132509000002, 23.175372450000054], [91.38165960900011, 23.175367255000083], [91.38210589300007, 23.17536559700011], [91.3821835390001, 23.17537620600001], [91.3824164560001, 23.175405770000168], [91.38278649200015, 23.17547025800019], [91.38322152500018, 23.175502561000087], [91.3836153700002, 23.175566835000097], [91.38361763300009, 23.175490049000132], [91.38362551100005, 23.175187426000036], [91.38368880900015, 23.172852251000165], [91.3836710710001, 23.172552111000016], [91.38361758500008, 23.172159715000078], [91.38357343400008, 23.17184400200017], [91.38356419200005, 23.17177634700016], [91.3835221510002, 23.171487711000054], [91.38350988100007, 23.171422343000188], [91.38346729300008, 23.171199189], [91.38344736900007, 23.170923907000144], [91.38341888200011, 23.17058773400015], [91.38340018800017, 23.170253738000042], [91.3833846600001, 23.169931001000066], [91.38339247800002, 23.169562900000074], [91.38338610700015, 23.169240084000023], [91.38338244200008, 23.168883375000064], [91.383374049, 23.168779587000188], [91.38336214100008, 23.168630672], [91.38335372400019, 23.168524628000114], [91.38329103800015, 23.167949425000074], [91.38326059900004, 23.16766068800007], [91.38322016900008, 23.16729075300009], [91.38320278000015, 23.16702448000018], [91.38319331300016, 23.166875542000128], [91.38316043300011, 23.166586827000117], [91.38312172500008, 23.166146885000103], [91.38312103400011, 23.16566370800001], [91.38311443500004, 23.165318314000046], [91.38313563200012, 23.164974935000146], [91.38317284000016, 23.164466590000075], [91.38317679400012, 23.16437624000008], [91.3831788190002, 23.164335583000025], [91.38319414600016, 23.163985478000086], [91.38320303900008, 23.163662529000078], [91.38319713400006, 23.163384863000033], [91.38319174700001, 23.163098161000107], [91.38316589800013, 23.162542956000095], [91.38315978700007, 23.162244973000043], [91.38311909500004, 23.161908909000147], [91.38312034800009, 23.16185244999997], [91.38312591599998, 23.161622103000013], [91.38312474100019, 23.161091514000077], [91.38314304500011, 23.16079331600008], [91.38321824500008, 23.159675018000144], [91.383221505, 23.15951693700009], [91.38325211000017, 23.15922766400007], [91.3832577500001, 23.159182457000156], [91.38326672900018, 23.159105610999973], [91.38328578800008, 23.158940618000088], [91.38331802300019, 23.158572306], [91.38333632700011, 23.158274107000125], [91.38338209700015, 23.157975668], [91.38336489600005, 23.157549083000163], [91.38338736400016, 23.157180855999968], [91.383408, 23.15681264200009], [91.38345659999999, 23.156432896000126], [91.38350462500017, 23.156294746000015], [91.38354436200018, 23.156181502000095], [91.38362787900007, 23.15611077699998], [91.38367626900015, 23.156067451000126], [91.38425472300008, 23.15556789800013], [91.38501466100007, 23.1549086980001], [91.38532894500014, 23.15466208700002], [91.38555984200013, 23.15438008100017], [91.38592749400016, 23.15404042800003], [91.38622796100009, 23.153875219000156], [91.38654354600015, 23.15369632700009], [91.38683143100008, 23.153495104000058], [91.38717166200007, 23.15333857400003], [91.38737337800006, 23.153246483000146], [91.38748517700003, 23.153195826000115], [91.38767102100013, 23.153103877000092], [91.38782226100017, 23.15303029100005], [91.38793716900011, 23.152629638000178], [91.3883013520001, 23.151362028000108], [91.3883555750001, 23.15117415000003], [91.38847047700017, 23.150773498000092], [91.3885374840001, 23.15046357900013], [91.38856864900015, 23.150289450000173], [91.38859521500018, 23.150142455000037], [91.38860622900006, 23.150085912000065], [91.38866652100006, 23.14977605399997], [91.38876498200011, 23.14920169000004], [91.38882641600003, 23.148943752000037], [91.3888767200001, 23.148731070000053], [91.38889618700006, 23.148665421000032], [91.38901057100009, 23.148273805000144], [91.38908001400006, 23.147963864000133], [91.389123295, 23.147780598000054], [91.3891478590001, 23.147676519000072], [91.38926026300015, 23.147093001000144], [91.38934586900012, 23.146633901000143], [91.38937510600016, 23.146509461000164], [91.38942717000003, 23.146289990000014], [91.3894967280001, 23.145991337999988], [91.3895927050001, 23.145590852999987], [91.3896600540001, 23.145314800000165], [91.38976637100012, 23.14502937200018], [91.38982709500016, 23.14482111300009], [91.38988723000006, 23.144615118], [91.38999444700016, 23.14423936800017], [91.39008795100005, 23.14389534700007], [91.39017072000007, 23.143634966000093], [91.39024818100017, 23.143392689], [91.39034215000004, 23.143093826000097], [91.39050433300008, 23.142543735000118], [91.39057219700015, 23.142258646000073], [91.39066581300011, 23.14192591400007], [91.39074806700017, 23.14161586199998], [91.39082961700012, 23.141296784000076], [91.39089988000018, 23.141068124000128], [91.39094945600004, 23.14090512399997], [91.39103307300013, 23.14054990200009], [91.39115930700007, 23.140065607000054], [91.39118278300003, 23.13997735000015], [91.39133088900007, 23.13948609500011], [91.39147876400011, 23.138969997], [91.39158335900015, 23.138695875000053], [91.39167757900015, 23.138421841000138], [91.39179574400004, 23.13810244000007], [91.39190252200018, 23.13780345900011], [91.39203312600017, 23.13750652500005], [91.39222527600009, 23.137200018000044], [91.39321284900018, 23.13560627700008], [91.3939891010001, 23.134355335000123], [91.39421250999999, 23.13400339200001], [91.39427197300006, 23.133910293000042], [91.39458078300004, 23.13337696600007], [91.39476313500018, 23.133068282000124], [91.39495687100003, 23.13273918200008], [91.39513605200005, 23.132419236000032], [91.395279716, 23.13214702400012], [91.3954225130002, 23.131849980000027], [91.39554139199998, 23.13154186000014], [91.39564768899999, 23.131256429000018], [91.39575360800018, 23.13093487599997], [91.3958581890002, 23.13066074900013], [91.39599110100016, 23.130352502000108], [91.39604360900006, 23.13023236200013], [91.39617416800013, 23.12992864000006], [91.3963444760002, 23.129459755000084], [91.39645103000015, 23.129140455000083], [91.39651046800009, 23.128927690000182], [91.39654694900014, 23.128796411000053], [91.39659160800005, 23.12845282000012], [91.39658626200014, 23.128290301000106], [91.3965763240002, 23.12797880700009], [91.39655171400011, 23.127665182000158], [91.3965277640001, 23.127356067000107], [91.3964269290002, 23.126871520000066], [91.3963251990001, 23.12647729800011], [91.39625523100017, 23.12490644500008], [91.39614405000015, 23.122419271000183], [91.39612557100008, 23.1221078480001], [91.3960964870002, 23.12171523699999], [91.396068737, 23.121392610000044], [91.39606234600012, 23.121069792000185], [91.39604398200004, 23.120769659000132], [91.39603253400014, 23.120194005000087], [91.39604104900002, 23.119837188000133], [91.3960473520001, 23.119561674000067], [91.39608288800002, 23.119044309000174], [91.39609448200014, 23.118572315], [91.39611285100011, 23.118283145000078], [91.396168606, 23.118009450000102], [91.39622593300004, 23.117710904999967], [91.39830167000014, 23.116317482000056], [91.39869378300017, 23.116054350000127], [91.39909537700015, 23.11582274500006], [91.39927128200009, 23.115719581000064], [91.40029771200005, 23.114951834000067], [91.40086994400019, 23.114522277000106], [91.40222273800003, 23.113510026000142], [91.4021741590002, 23.11312210799997], [91.40210035100012, 23.11254024300007], [91.40164690000017, 23.108954284000106], [91.40161297000003, 23.108683639], [91.40157202500006, 23.108325004000108], [91.40153149700012, 23.108124415000134], [91.40151544600013, 23.108047790000057], [91.40144444000009, 23.107614913000077], [91.40121887300018, 23.10625053500013], [91.4011898620002, 23.106075052999984], [91.401014014, 23.10500638700006], [91.40075161200014, 23.1034169240001], [91.40069623599999, 23.10307873700009], [91.4006288000001, 23.102754205000053], [91.40058084600008, 23.10219016399998], [91.40056088199998, 23.101912623000032], [91.400512789, 23.10133503900005], [91.40040830100008, 23.100850525000112], [91.40037817400014, 23.100710804000187], [91.4002635540001, 23.100248958000122], [91.40022296400014, 23.099924188000102], [91.40016566600019, 23.099635689000138], [91.4000770470002, 23.09915103600008], [91.400010457, 23.098849073000054], [91.39995560200003, 23.098560551000162], [91.39989051800012, 23.098168259000033], [91.39988270400005, 23.098120914000106], [91.39981422100016, 23.097694784], [91.399770962, 23.097347457000126], [91.39969109100008, 23.097000455000057], [91.39963945700003, 23.096551596000097], [91.39979421700008, 23.09652990500018], [91.4004882750001, 23.096440206000125], [91.40072166900006, 23.096411043000103], [91.4010826010001, 23.096383003000085], [91.40129649300019, 23.096414973000094], [91.40151529000008, 23.096449155000073], [91.40187633800014, 23.096432402], [91.40240840400008, 23.09649089800007], [91.40292540900015, 23.096626292000053], [91.40346878900016, 23.096774995000033], [91.40397300300015, 23.096912756000165], [91.40431987800014, 23.09694128000001], [91.4046786290001, 23.096938088000115], [91.40505199600017, 23.09693250800018], [91.40537679400006, 23.09686188], [91.40538882900006, 23.096816614000033], [91.40540466300013, 23.096344581000153], [91.40541991500015, 23.095872546000066], [91.40542318200016, 23.095773165000082], [91.40543108800011, 23.095536019], [91.4053615540002, 23.095245371000146], [91.405270341, 23.094923310000013], [91.40516615100012, 23.094585557000073], [91.40503917500007, 23.094168985000067], [91.4049717330002, 23.0938444520001], [91.40486782500011, 23.09347509000014], [91.40481491000008, 23.093139137000094], [91.40475821600018, 23.09285063600015], [91.40470323800008, 23.09255083000005], [91.40462383099998, 23.092248982000115], [91.40455676300013, 23.09190186800015], [91.40451386900014, 23.09159066500007], [91.40447109400009, 23.091290751000145], [91.40444087100013, 23.090965886000163], [91.40439971300009, 23.090586930000086], [91.40439236700001, 23.090526034], [91.404359, 23.090250872000126], [91.40432868500011, 23.089916978000076], [91.40431535800013, 23.089397788999975], [91.40434086500005, 23.08885793100012], [91.4043588610001, 23.08853489800009], [91.40436503300009, 23.088248092000185], [91.40441332600005, 23.087787059000107], [91.40602490800018, 23.08537634900017], [91.40643435400017, 23.084763857000098], [91.40683027600005, 23.084173287000112], [91.40690235500006, 23.08406426500011], [91.40720634400009, 23.08360998300003], [91.40726282100002, 23.08352593899997], [91.40736089900014, 23.08351151900007], [91.40979958800006, 23.083166891000133], [91.41006155900016, 23.08313068600006], [91.41069547300003, 23.08307309200012], [91.41102940500014, 23.083033985000156], [91.41134320500015, 23.082936351000058], [91.41170510200016, 23.082829255000092], [91.41221245300011, 23.082804398000064], [91.412389411, 23.082783144000075], [91.41269992900015, 23.082745847000126], [91.41310767900012, 23.08276477900006], [91.41343, 23.08278221400019], [91.41377634800011, 23.0828220140001], [91.41419569800019, 23.082958246000032], [91.41451446100018, 23.083102153000084], [91.41488217000011, 23.08325916500013], [91.41526369600007, 23.08333703000011], [91.415406916, 23.083322200999987], [91.4156366690001, 23.083297563000087], [91.41609739800015, 23.083248274000027], [91.41623953000015, 23.08312959300008], [91.41637451200012, 23.083085482000058], [91.41635081200013, 23.083036022000044], [91.41630936300015, 23.08263223600005], [91.41625883800015, 23.082472392000113], [91.41619312800003, 23.082260755000107], [91.41608721500006, 23.081993020000084], [91.41596983300013, 23.081736675000116], [91.41584148400011, 23.081423985000185], [91.4158295860002, 23.081394739000075], [91.41571119000014, 23.081100020000065], [91.41559857800007, 23.080658490000133], [91.41555725400019, 23.080265992000022], [91.415554143, 23.079794131000142], [91.41558665900004, 23.079461931000026], [91.41563479500013, 23.078989608000086], [91.41565622600007, 23.0785310710001], [91.41567465400016, 23.078309637000075], [91.41569251300012, 23.078092720000143], [91.41571147200017, 23.077805803000103], [91.41570504200018, 23.07748298600012], [91.41558766200006, 23.07722664300013], [91.41556302300006, 23.07720428500005], [91.41531709400005, 23.076964898000085], [91.41528382200016, 23.076933586000166], [91.41509391100016, 23.076858520000144], [91.41501918100016, 23.076829837], [91.41496465200004, 23.07680774800002], [91.41485254600013, 23.076763594000113], [91.41454647200004, 23.076664732000097], [91.41413948400015, 23.07654193600007], [91.41394178300004, 23.07648048600015], [91.41363559100012, 23.076370332000067], [91.41327381400009, 23.076195199000097], [91.41321799600007, 23.07616634500016], [91.41297935100016, 23.076039782000066], [91.41294807400016, 23.07602425900012], [91.41289767700016, 23.075518941000098], [91.4126768070002, 23.073294656000144], [91.41256365900006, 23.072157705000166], [91.41255837300014, 23.072060666000027], [91.41254564600007, 23.071834995000074], [91.41251653500007, 23.071442386], [91.41250974600013, 23.07125955800018], [91.41250220300009, 23.071063191000178], [91.41249177900016, 23.070941362000156], [91.41248065400003, 23.070810505000054], [91.41247161500007, 23.070704464000073], [91.41245311000006, 23.070393045000174], [91.41242874500006, 23.070104257000082], [91.412423955, 23.07005462800015], [91.41239452100007, 23.069747821000078], [91.41227111100017, 23.06920477800014], [91.41222142300018, 23.069062983000038], [91.41217738900008, 23.068936937000103], [91.41208432899998, 23.068671342000073], [91.41197832, 23.06839231400005], [91.41177580800013, 23.06798545000015], [91.41144989700007, 23.06762033200016], [91.41124132100003, 23.06745059700006], [91.4111342430001, 23.067361238000046], [91.41100313800018, 23.067190811000046], [91.41098457700014, 23.067166142000076], [91.41092890300013, 23.067092128000127], [91.41077374399998, 23.066779668000038], [91.41064369000009, 23.066476018000174], [91.410578456, 23.06612889100012], [91.41237806200007, 23.065778651000073], [91.41255704200012, 23.065743182000062], [91.4128057650002, 23.065610003000188], [91.41284578600005, 23.06558706600015], [91.4132482890002, 23.065400579000084], [91.41342905200014, 23.06536058000006], [91.41373276800005, 23.06529464400012], [91.41383397400006, 23.065289223000093], [91.41424249300002, 23.065269762000185], [91.41428331600014, 23.065264880000143], [91.41454219800005, 23.065228694000155], [91.41468037800013, 23.0652003620001], [91.41485328000005, 23.065167205000137], [91.41519972100019, 23.0651618440001], [91.41555859700003, 23.065178951], [91.4156475600002, 23.06516912300009], [91.41589492300017, 23.065139812999973], [91.41596091400004, 23.065091805000122], [91.4161975940001, 23.06491583000019], [91.4161939350002, 23.06462459800008], [91.41619313100017, 23.064547839000056], [91.4161628330001, 23.064392317000113], [91.41611519100007, 23.064153410000188], [91.41609761600017, 23.064106155000104], [91.4159863910001, 23.063795566000067], [91.41580882100016, 23.06349911900014], [91.41578275400019, 23.06345645300013], [91.41559156, 23.06319851100011], [91.41556160700014, 23.063188985000068], [91.4152342160001, 23.06308880500012], [91.41479992100017, 23.06309269200017], [91.41468543700012, 23.063111779000053], [91.41426468500009, 23.06318554], [91.41392390400006, 23.063206653000066], [91.4138672250001, 23.06321167500016], [91.4134081540002, 23.063179656999978], [91.41278157100015, 23.062995600000136], [91.41251165500017, 23.062851250999984], [91.41218025200004, 23.062718738000115], [91.41175824800013, 23.062614135000103], [91.41171205400019, 23.062600998000164], [91.41140969600002, 23.06247500100011], [91.41134292600003, 23.06244850300004], [91.41123610700015, 23.062325272000066], [91.41110085500014, 23.06216617300015], [91.41102852700004, 23.062074246000122], [91.41099638300005, 23.06203389200016], [91.41090737200005, 23.061921792000078], [91.41068984400016, 23.06165279300012], [91.41064662900004, 23.06160350300013], [91.41043740400005, 23.06137055200014], [91.410118087, 23.06116793600006], [91.40981343300007, 23.060967446000177], [91.40971961500009, 23.060920869000142], [91.40929963100018, 23.060716890000037], [91.40927326500014, 23.060703578000187], [91.40882496700016, 23.06059242400005], [91.40862006900005, 23.060540061999973], [91.40852198400006, 23.060493520000023], [91.40819094199998, 23.06033616200017], [91.40788249300016, 23.06023956399997], [91.40755180200006, 23.06011606800007], [91.40723833400006, 23.060005966], [91.40699773300014, 23.059922309000115], [91.40679201400008, 23.059849632000066], [91.40650550100008, 23.059750576000056], [91.406199, 23.05960654400019], [91.40572070800005, 23.059366948000104], [91.40528961500019, 23.05920821400008], [91.4049301460002, 23.059132383000133], [91.40467302900015, 23.05910306100003], [91.40457346700009, 23.059090398000137], [91.4042248340001, 23.059118333000015], [91.4039378080002, 23.05920442300004], [91.40362673100009, 23.059324594000145], [91.40334310500009, 23.059268409000026], [91.40329369600016, 23.059258479000107], [91.40318172900004, 23.05923597300017], [91.40193627300005, 23.058781905000103], [91.40150889400013, 23.058627644000012], [91.40114921200018, 23.05861954500017], [91.40101143700008, 23.058598186999973], [91.40082995600005, 23.058568185000183], [91.40051954200015, 23.058516746000066], [91.40020994899999, 23.05854432600006], [91.40015873500005, 23.058547038000086], [91.39975084400015, 23.058566456000108], [91.39971244000014, 23.058569055000078], [91.399292424, 23.05853664700004], [91.39897016000003, 23.058519178000097], [91.39886551200004, 23.058486237000125], [91.3986617220001, 23.058422561000043], [91.39868562900017, 23.05796174400018], [91.39868892200019, 23.05780818000011], [91.39869217000012, 23.05765010000016], [91.39862662100012, 23.05726909700013], [91.39847345400011, 23.056909191000045], [91.3982682730001, 23.056651350000095], [91.3979265590001, 23.05640375100012], [91.397619696, 23.05628228100005], [91.39747608300013, 23.05625645500004], [91.39723593400004, 23.056215679000047], [91.39685452000009, 23.05614002500016], [91.39640953100013, 23.056051383000124], [91.39607115800015, 23.056009215000188], [91.39590724900017, 23.056026468000084], [91.39570252100009, 23.056048596000153], [91.39529127300017, 23.056156090000172], [91.39488014400018, 23.05627487100014], [91.39465117400005, 23.056371720000072], [91.39454307000017, 23.05641783400017], [91.39443519900004, 23.056486521000068], [91.39438673, 23.05651855700006], [91.39425223000012, 23.056607802000087], [91.3942189620002, 23.05663519100011], [91.39368444900009, 23.057093738000106], [91.39283855100012, 23.057821457000045], [91.39208574200006, 23.058467071000166], [91.39181243700011, 23.05870203800015], [91.3915732010002, 23.058868970000105], [91.391309073, 23.05904741000012], [91.39099431900007, 23.059226295000087], [91.39060696300004, 23.05934485500012], [91.39026926600008, 23.05948781600017], [91.39008298900018, 23.059575573000018], [91.38994205600017, 23.05964196900004], [91.38954127100016, 23.059819352000034], [91.38918139100019, 23.059881220000022], [91.38864774199999, 23.059951388000115], [91.38832386900015, 23.060015198000087], [91.3880101060002, 23.06011278300008], [91.38752227800012, 23.06030898800003], [91.38740874700005, 23.06036191400017], [91.38737838900005, 23.06037573000009], [91.38718469200012, 23.060463228], [91.3868720210001, 23.060608221000052], [91.38655871700007, 23.060750957000096], [91.38540210700012, 23.061881011000025], [91.38527770300016, 23.062004026000125], [91.3852522460001, 23.062020054000072], [91.3850837390001, 23.062125394000077], [91.38484915900005, 23.06227195600013], [91.38449936700005, 23.06242629899998], [91.38425288800016, 23.062602315], [91.3841220810001, 23.062696033000122], [91.3837185340002, 23.06302244700015], [91.38322721800006, 23.06335639800011], [91.38298737600007, 23.063525578999986], [91.38265853800004, 23.063761020000015], [91.382318956, 23.063960427000097], [91.38199232500011, 23.064173267000115], [91.38165251300006, 23.064350096000112], [91.38139106500006, 23.0644946270001], [91.38102883100015, 23.064626494000038], [91.38072538600017, 23.064780422000183], [91.38033611800012, 23.06507283300016], [91.3801321430002, 23.065230407], [91.37994452200002, 23.065376552000146], [91.37970465000006, 23.06554347300016], [91.37953123000011, 23.06564659100019], [91.37944087200009, 23.065699312], [91.37915219900009, 23.065866658000175], [91.37885193800003, 23.066034103999982], [91.37850003100016, 23.066222321000055], [91.37818440300015, 23.066378612000108], [91.37785937000018, 23.066510143000016], [91.37748711500018, 23.06661725200013], [91.37717542100017, 23.066680933000157], [91.37682760100017, 23.066731380000135], [91.37659915200015, 23.06676272300018], [91.37646452800004, 23.06678195900014], [91.37610435699997, 23.066877669000064], [91.37576605200019, 23.06696415600004], [91.37515468300012, 23.067253971000127], [91.3731966690001, 23.068178671000055], [91.37269611800019, 23.068388491], [91.37241908100009, 23.068501532000028], [91.3723182330001, 23.06854305200011], [91.37227630300015, 23.0685592210001], [91.3721596630001, 23.068607648000125], [91.37185854900008, 23.06875251200006], [91.37179122600008, 23.06879147900014], [91.37168931800016, 23.06884881000019], [91.3715680270002, 23.06891985900012], [91.37150791200008, 23.068947476000176], [91.37133188100017, 23.069034805000058], [91.37108543600016, 23.06915661000005], [91.37100530300017, 23.069195691], [91.370679531, 23.069315926000115], [91.37064067400013, 23.069334326000046], [91.3706012070001, 23.06935273200014], [91.37027643500005, 23.069511343000045], [91.37015319800008, 23.06957111899999], [91.36978918400018, 23.069770710000057], [91.36975776100013, 23.06980033600007], [91.3695747820002, 23.06998481000005], [91.36940819800009, 23.07022220500005], [91.36928428100003, 23.070154414000058], [91.36730359000006, 23.06974934200008], [91.3663202350001, 23.069401090000042], [91.3655354600001, 23.069308537000097], [91.36543116500007, 23.069329135000032], [91.36457896600018, 23.069497434000027], [91.36415900900016, 23.069473965000157], [91.36318046200012, 23.069097665000072], [91.36297028300004, 23.069016840000074], [91.36213743200017, 23.068823069000075], [91.36065506900019, 23.068763866999973], [91.36059014000006, 23.068761274000053], [91.35959753300006, 23.068721623000044], [91.359300755, 23.068709767000144], [91.35734453800006, 23.068550469000115], [91.35704711800014, 23.068526100000156], [91.3554737930001, 23.06839718300006], [91.354946885, 23.06841525100009], [91.35472984000012, 23.068550329000118], [91.35447187500017, 23.068437387000188], [91.35373756700017, 23.06839626500016], [91.35160243200016, 23.068424907], [91.35094632800002, 23.06843370300004], [91.35063330700018, 23.068366383000125], [91.349831956, 23.068416399], [91.34900206800012, 23.068371286000115], [91.34858919200008, 23.06820095200004], [91.34833572800005, 23.06799088000008], [91.34839077500004, 23.06794525600003], [91.34819950000013, 23.06754498300006], [91.34799915600007, 23.06733670500006], [91.34758825300008, 23.067118936000043], [91.34580150300008, 23.067066426000167], [91.34474710600011, 23.067104753000024], [91.34378968600015, 23.067261917000053], [91.34342058100003, 23.06732150700003], [91.342984483, 23.067639067000187], [91.34296321100004, 23.068077282000104], [91.34268911600003, 23.068305398000177], [91.3422134280001, 23.06832073200019], [91.34105530500011, 23.068359923000173], [91.33985246000015, 23.068194012], [91.33927759599999, 23.068113083000128], [91.33842228000015, 23.067794561000085], [91.33837289200011, 23.06777616800008], [91.33834687100017, 23.06776647800018], [91.33819651200008, 23.06761195100006], [91.33811990100008, 23.067021028000113], [91.33791898700014, 23.06681499900003], [91.33718919700016, 23.066674414000033], [91.33619181200015, 23.066617371], [91.33530652600007, 23.066421643000183], [91.33489623200006, 23.066201575000093], [91.33473876300008, 23.0661938720001], [91.3330030680001, 23.065068278000012], [91.33244238500015, 23.06469141800011], [91.33232263700017, 23.064611144000025], [91.33199802500013, 23.064726771000096], [91.33183570100005, 23.06478459300007], [91.33120007100001, 23.065036062000047], [91.3310268800002, 23.065414593000185], [91.33092911200009, 23.066018278000115], [91.33071638600006, 23.066163932999984], [91.33007107400016, 23.066605786000025], [91.32896311100006, 23.066222230000108], [91.32854061900008, 23.065939027000013], [91.32845549500013, 23.06588517600011], [91.3280298860002, 23.06561592100013], [91.32768830600014, 23.06506108700006], [91.32738755000014, 23.064749760000154], [91.32645688600007, 23.06440308200007], [91.3262060720001, 23.06414552800004], [91.3262106140001, 23.064048399000114], [91.32584619300007, 23.063558354000122], [91.32571668200012, 23.06338419600013], [91.32504591500009, 23.063100809000048], [91.32484563600013, 23.062894757000038], [91.32482097900015, 23.06230790700016], [91.32462067900008, 23.06209959800009], [91.3243102690002, 23.061984787000085], [91.32363045600016, 23.06189790600007], [91.32269724700012, 23.06160090200018], [91.32188325300007, 23.06101613600015], [91.3211288660001, 23.06028861800013], [91.31974006100006, 23.059622842000124], [91.31948729300007, 23.05941270900007], [91.31904334900014, 23.058802256000092], [91.318854128, 23.058352252000134], [91.31850348500006, 23.057989394000174], [91.31814318500005, 23.057823053000163], [91.31777574600017, 23.057801277000124], [91.31701172200019, 23.057270260000166], [91.31523220700012, 23.057070573999965], [91.31481744900009, 23.056949837000047], [91.31451417200009, 23.056688181000027], [91.31442085400005, 23.056438329000173], [91.31442233600012, 23.056329583000036], [91.31443950900007, 23.05507051400008], [91.31444152000012, 23.05492308500004], [91.31442526, 23.054814352000164], [91.3142425530001, 23.053592559000094], [91.31422270900003, 23.053019424000183], [91.31419847400008, 23.052319452000177], [91.31410320300012, 23.052119288000142], [91.31399918000011, 23.051456318000135], [91.31390165500017, 23.050836199000116], [91.31384396100015, 23.04985673800013], [91.31312017000005, 23.049819846000105], [91.31204031600004, 23.04988650600012], [91.31117610900003, 23.049939848000065], [91.3105716070001, 23.050064531000032], [91.31000408500006, 23.050509140000145], [91.30962781000011, 23.05080392000019], [91.30959935300012, 23.050826737000023], [91.30910902300008, 23.05126712300006], [91.30897768800014, 23.051385080000102], [91.30891770000017, 23.051429432000077], [91.3083568880001, 23.051844065000182], [91.30787736700012, 23.051963185999966], [91.30784463700007, 23.05195697500011], [91.30751253400007, 23.051893949000032], [91.30605155500007, 23.051318962000153], [91.30437728599998, 23.05063733900016], [91.30314263300005, 23.05037882800019], [91.30216334600016, 23.050161100000082], [91.30073964600012, 23.05028797700004], [91.2990690490002, 23.05087522700012], [91.29842669900012, 23.051253066000015], [91.29753026100002, 23.051596859000142], [91.29738298500013, 23.051695155000118], [91.29617128800015, 23.05249763600017], [91.29560138000005, 23.05337161799997], [91.29546613800005, 23.05358045100013], [91.2941250630002, 23.053930124000033], [91.29318243900019, 23.05378429800004], [91.29221503700006, 23.0533428760001], [91.291175093, 23.05277785600009], [91.28935311900005, 23.052208555000107], [91.2891609940001, 23.05214852200004], [91.2889758300002, 23.052226952000126], [91.28787257500016, 23.052694246999977], [91.287736908, 23.05275170900012], [91.28691615000014, 23.053424486000097], [91.28651783500015, 23.054581542000108], [91.28634187600005, 23.05493747100013], [91.28602033900017, 23.055251684000098], [91.28560064700008, 23.055379287000108], [91.28298216800005, 23.055666997000117], [91.28212677300007, 23.05597198600003], [91.28161240700018, 23.0563260830001], [91.28135343800011, 23.056504359000144], [91.28114600400005, 23.05674179500005], [91.28099980100012, 23.05690914300004], [91.28063243600019, 23.057668534000072], [91.28033387000016, 23.059316999000146], [91.2804490960001, 23.059760881000102], [91.280223933, 23.059947856], [91.280000455, 23.060441898000022], [91.2796138980001, 23.060785982000084], [91.2790977790001, 23.06104079200003], [91.27832455400016, 23.061051674000055], [91.27796570500004, 23.061056723000036], [91.27754600600008, 23.061186563000092], [91.2773995620002, 23.06098904600003], [91.2759088210002, 23.060490790000188], [91.27551951400005, 23.060220719000142], [91.27483672400007, 23.059555614999965], [91.27442887200004, 23.058870230000025], [91.27447635200008, 23.058729853000045], [91.27479939300008, 23.05857145100009], [91.27510496600007, 23.058307063000086], [91.27519971700019, 23.057875027000023], [91.27516658800016, 23.05766079000017], [91.27506848900015, 23.057478688000174], [91.2746946050001, 23.05716107400019], [91.27359214800009, 23.056625792000148], [91.27331469600006, 23.056183210000086], [91.2732990840002, 23.05614495100002], [91.2730853830002, 23.055604761000097], [91.27263004899999, 23.055057488000045], [91.27241865000019, 23.05489209800004], [91.2719000400001, 23.054686283000137], [91.27156073800006, 23.054736430000105], [91.27115790600016, 23.054972239], [91.27104628600017, 23.055298283000184], [91.27129662900018, 23.05675265400015], [91.271103751, 23.057000320000043], [91.27079736200017, 23.057113424000136], [91.27024665600004, 23.05699818000005], [91.26975494200008, 23.056656946000032], [91.26965233200008, 23.05658573700009], [91.26957666000004, 23.05653322300003], [91.26953495000015, 23.0565042770001], [91.26920774300015, 23.05627720300015], [91.2686897430001, 23.056071370999973], [91.2680746800001, 23.05598824800012], [91.26734713900004, 23.056075369000155], [91.26669978900014, 23.055931533000148], [91.26616348099998, 23.055463912999983], [91.26568691400007, 23.05486068400012], [91.26563545200008, 23.054795545000104], [91.26552888000015, 23.05466064600006], [91.26525313200005, 23.054527375000134], [91.26489697400012, 23.05447152000005], [91.26438000300004, 23.054570489000184], [91.2637191870001, 23.054860428000097], [91.26292802700016, 23.055207552000013], [91.26178078700008, 23.055424446000018], [91.26096911800016, 23.05542372700006], [91.26092518200011, 23.055423688000133], [91.26076206100004, 23.05542354400012], [91.25977706600014, 23.0556391290001], [91.259223884, 23.055912232000082], [91.25923000799997, 23.055718000000184], [91.2591542940001, 23.055251204000058], [91.25887025600008, 23.05422609100009], [91.25849100300002, 23.053325926000127], [91.25843745200012, 23.052976131000037], [91.258341604, 23.052347156000167], [91.25803747900017, 23.051916047000077], [91.25801562400005, 23.05179490600011], [91.25792260300011, 23.0512708440001], [91.25792748500015, 23.05112687900015], [91.25793385200006, 23.050939174000177], [91.2577177510002, 23.050593165000066], [91.25727961500019, 23.050115701000152], [91.25698410900009, 23.049429372000134], [91.25692205400014, 23.049372924000068], [91.25641076400012, 23.048907821000057], [91.25632847100019, 23.04865106900013], [91.25621766000017, 23.047884238], [91.2562408660001, 23.047163762000082], [91.25639501000006, 23.046618368000054], [91.25649968100015, 23.04619755400006], [91.25683328000008, 23.045862980000095], [91.25715700500018, 23.04552529800003], [91.25716520300011, 23.045282302000032], [91.25688833800007, 23.04480622600005], [91.25686457100011, 23.044765358000063], [91.25688634200003, 23.0440877960001], [91.25708335900009, 23.043627862000108], [91.25722455100004, 23.043461906], [91.25727193600017, 23.04344120899998], [91.25750097100018, 23.04334229400007], [91.25836305100012, 23.043364789000066], [91.25897066800019, 23.042787593000128], [91.25901932900007, 23.042770236000024], [91.25943095700018, 23.042629224000052], [91.25993394500006, 23.042642985000043], [91.26083726100018, 23.042667694000045], [91.26110694600004, 23.042611352000165], [91.26120314399998, 23.042592520000028], [91.2616113000002, 23.042602813000087], [91.26181873500002, 23.04237987800002], [91.26203463800005, 23.042147841000087], [91.26215302200006, 23.041870593000056], [91.26223102800014, 23.041687906000163], [91.26237281800013, 23.04152194300019], [91.26255831200007, 23.041398532000187], [91.2630122280001, 23.041410714000108], [91.2636087530002, 23.041214021000087], [91.26397520200004, 23.040803707000066], [91.26412667600016, 23.040634099999977], [91.2642376180001, 23.040603151000028], [91.26440165500009, 23.04055739000006], [91.26463578700009, 23.04035230300002], [91.26482928799999, 23.039975930000082], [91.26498336700007, 23.039428271000133], [91.26496425500005, 23.03862233000018], [91.26493575700005, 23.038564883000106], [91.26470876200017, 23.038107299000103], [91.26453271100007, 23.037934843000016], [91.2639922090001, 23.037748787000112], [91.26362560500013, 23.03762392600015], [91.26332056500013, 23.03752003200009], [91.26277923900011, 23.037420489000112], [91.26214415900017, 23.037405235000108], [91.2614499840002, 23.03746270400012], [91.26137015200015, 23.037470116000065], [91.26004005000004, 23.03776825600005], [91.25967806800014, 23.03784939200017], [91.25940595300005, 23.037840270000117], [91.25914391800018, 23.037537530000122], [91.25930746800003, 23.036694005000072], [91.2596856450001, 23.036237141000072], [91.25982457300006, 23.036157005], [91.26000577000008, 23.03616233600019], [91.2602971930001, 23.03641841400008], [91.26040303000008, 23.03651141400013], [91.26076458400013, 23.03656272300003], [91.26125686000017, 23.036387254000147], [91.26131535200005, 23.036366406000013], [91.26148803100006, 23.036177619000114], [91.26154914400001, 23.03611018500004], [91.26169209000011, 23.03595245200006], [91.26179385600005, 23.035615201000155], [91.26178972100013, 23.035354368000128], [91.26177907300013, 23.034682779000093], [91.26215437700012, 23.03431173700011], [91.26236223600017, 23.033513015000096], [91.26293246000012, 23.03272268799998], [91.2630042510001, 23.031918281000117], [91.26293058100003, 23.031408566000152], [91.26303604100002, 23.030944841000064], [91.26305408100012, 23.030393753000112], [91.26325106200017, 23.02993381100009], [91.26353115000006, 23.029687714000033], [91.26366573799999, 23.02973179800017], [91.26403732200004, 23.029487228000164], [91.26472552300004, 23.02925141500009], [91.26471696800013, 23.028997152000102], [91.2647027370001, 23.02857420700002], [91.26517545900015, 23.02799238700004], [91.2651986190001, 23.027271910000024], [91.26516288400006, 23.02698256700012], [91.26498354800015, 23.025530475000096], [91.2645971770001, 23.024842626000122], [91.26393504300017, 23.02427439000013], [91.26394078400006, 23.024104997999984], [91.26389308799997, 23.023947361000182], [91.26383980500009, 23.023771260000103], [91.26369474600011, 23.023291835000123], [91.2635172630001, 23.023160032000135], [91.2631549260002, 23.023151635999966], [91.2628908530001, 23.022889560000124], [91.26269058000014, 23.022078289000092], [91.26266957700011, 23.020182245000058], [91.26266759700013, 23.020003395000174], [91.26266066500006, 23.019961305000095], [91.26247820400016, 23.018853338000156], [91.26225558400006, 23.018719635000025], [91.26180462600001, 23.018623881000053], [91.26140228700007, 23.018444193000107], [91.26123493500006, 23.018406750000167], [91.26032061100005, 23.01820217500017], [91.26009801400005, 23.018070727000122], [91.25973794200007, 23.01797650000009], [91.25938216200012, 23.01775353400012], [91.2592955950002, 23.017625517000056], [91.25924623499998, 23.017232546000173], [91.25915137900017, 23.01647735500012], [91.25917125400008, 23.016057216000092], [91.25926669100011, 23.014061442000127], [91.25929687700011, 23.013430192000158], [91.2593986350002, 23.01309294500004], [91.25954124700007, 23.012886332000107], [91.25936952800015, 23.012585132000027], [91.25933094900006, 23.01237093000009], [91.25934797100007, 23.012237938000055], [91.25942223400011, 23.011657717000105], [91.25950987500016, 23.010972966000054], [91.25975794100009, 23.009034758999974], [91.25985683400017, 23.008783335000146], [91.25987952800011, 23.0086343750001], [91.26003041100006, 23.007643933], [91.26003329700012, 23.00756036600012], [91.25968556300012, 23.007084441000075], [91.25970650000016, 23.006449783000164], [91.25983869700019, 23.006113512000127], [91.25996845900005, 23.00578343300009], [91.26030043000009, 23.004938986000127], [91.26051914500016, 23.00380148100004], [91.2605430930002, 23.00366101600008], [91.26055720000005, 23.003578276000155], [91.26059173200002, 23.00341027200011], [91.26065178700014, 23.00311399900005], [91.26065029600011, 23.003084657999977], [91.26063595900007, 23.002985421000062], [91.2606040330001, 23.002849851], [91.260599023, 23.002750886000115], [91.26060182000015, 23.00265828600004], [91.26067363900017, 23.001856132000114], [91.26056944100009, 23.000879256000133], [91.26009475900003, 22.998746982000114], [91.25979930900013, 22.997797421000143], [91.25967288800007, 22.99739111100007], [91.25932960000006, 22.99628777800018], [91.25922995500008, 22.995967513000096], [91.25858226000003, 22.99455670600014], [91.25808865400006, 22.993481509000105], [91.2579292850001, 22.992798607000054], [91.25795393800013, 22.992037471000174], [91.2581051410001, 22.991575640000065], [91.25850912300012, 22.991141963000132], [91.25852895000008, 22.991120678000073], [91.25903726500013, 22.990836648000027], [91.25927071600017, 22.990631576000112], [91.2592293720001, 22.988541014000134], [91.25921927500008, 22.98804433900017], [91.25913990400016, 22.987704014000144], [91.25912955000001, 22.987266051000063], [91.25912085000004, 22.98689806500016], [91.25897912, 22.98543515500012], [91.25886482100009, 22.98425535299998], [91.2588491460001, 22.98409355000001], [91.25872692000013, 22.98366776100005], [91.25855153900005, 22.983493030999966], [91.25823526100004, 22.983443611000155], [91.25814356100005, 22.983482723], [91.25798030000016, 22.98332169000014], [91.25792328100016, 22.983265449000157], [91.25793848300015, 22.982800181000016], [91.25818914100012, 22.982084668000084], [91.25835267100013, 22.981243399], [91.25836498600017, 22.980861703000073], [91.25833455800017, 22.980607145000135], [91.25811583900008, 22.978777301000093], [91.2582180730002, 22.977044612000157], [91.25790609900014, 22.97686645100009], [91.25690989100013, 22.976797583000064], [91.25683748500018, 22.976725691000127], [91.25673391200007, 22.976622854000084], [91.25643928700009, 22.975828679000188], [91.25640066, 22.97572455900007], [91.25629795300011, 22.974704761999988], [91.2558114740001, 22.974311211000042], [91.25579390700017, 22.97425715700018], [91.25572925100016, 22.97405445000004], [91.25583963000014, 22.973464239000123], [91.25585134600004, 22.973104533000026], [91.25588237200014, 22.972152007999966], [91.25605964000005, 22.970883870000023], [91.25606209400007, 22.97052856400012], [91.25606353300009, 22.970320341000047], [91.25606415300012, 22.97023045700007], [91.25606660200009, 22.96987598400017], [91.25607163500007, 22.969147383000177], [91.25589473500014, 22.967617863999976], [91.25591569600005, 22.966983204000087], [91.2560582480001, 22.966774338], [91.25593088400007, 22.966515679], [91.25600068200015, 22.965756441999986], [91.25610241900011, 22.965419195000095], [91.25606735900004, 22.965121417000148], [91.25588996300013, 22.964989600000138], [91.2555271720002, 22.96498118400018], [91.25492375600004, 22.96538788400005], [91.25469465900017, 22.965466469999967], [91.25459443600016, 22.965463701000033], [91.2543769720001, 22.965457692000143], [91.25416165700011, 22.96511392100001], [91.2541659760002, 22.964987442000165], [91.25449453800002, 22.964655175000075], [91.25471227700001, 22.964561256000025], [91.25486249200009, 22.964496463000103], [91.254891552, 22.964273312000046], [91.25492283500006, 22.964033096000037], [91.25474748599999, 22.963858359000085], [91.25379361200015, 22.96387493600008], [91.25302232600006, 22.963767626000106], [91.25276416300011, 22.963562438], [91.25258362300013, 22.963419354000052], [91.25245772699998, 22.963120033999985], [91.25246430600009, 22.962907731000087], [91.25253241700017, 22.962836436000146], [91.25269915500007, 22.962659753000025], [91.25290699700003, 22.962547920000077], [91.2532996760001, 22.962336632000188], [91.25339772800004, 22.96212812300007], [91.25358455900016, 22.961961810000105], [91.25426586700002, 22.96193836000009], [91.25433382600005, 22.961965916000054], [91.25448981700009, 22.962029167000082], [91.25476175900002, 22.962036047000083], [91.25587419700008, 22.961302425000156], [91.25635078700009, 22.961240916000122], [91.25659231300017, 22.96120974400003], [91.25669433600018, 22.96119657600019], [91.256925487, 22.96107732700017], [91.25710656400014, 22.96108040900009], [91.25756534900017, 22.960923226000148], [91.25788302500018, 22.96093199600017], [91.25847634700006, 22.960821164000038], [91.25884487700017, 22.960660180000048], [91.25908116300019, 22.960371538000118], [91.25905780300002, 22.959692070000074], [91.25910579300012, 22.95960814300014], [91.2597091680002, 22.959201429000018], [91.25998343900005, 22.956367728000146], [91.26021826300013, 22.956119742000055], [91.26054249500015, 22.955916203000186], [91.260599932, 22.9555364040001], [91.26020723300013, 22.955060831000083], [91.26023700200017, 22.954484235], [91.26033178600005, 22.952648307000175], [91.26014624900006, 22.951369420000105], [91.26007264000009, 22.95086203200009], [91.2599889820001, 22.95064819000015], [91.25999385800014, 22.950497029000132], [91.26000129500011, 22.950266491000093], [91.2594193750001, 22.948640841000042], [91.25920490000004, 22.94825416800012], [91.25883279600015, 22.94726140000006], [91.2587880530001, 22.947142025], [91.25876613300005, 22.946419643000127], [91.2592764170002, 22.945970768], [91.25965367800006, 22.945638106000047], [91.26025124700004, 22.945400786000107], [91.26166596900003, 22.94514116400012], [91.26203672400004, 22.944896611000047], [91.26210193700001, 22.94430449800018], [91.26203285900016, 22.943625390000136], [91.2620966450001, 22.94307619200015], [91.26188091900002, 22.942152088000057], [91.26163046400018, 22.94107919400011], [91.26138006000008, 22.940006501000084], [91.26138798300013, 22.939772894000043], [91.26139155000016, 22.93966770800006], [91.26120601800005, 22.938391159], [91.26125732200006, 22.93682370099998], [91.26136191000018, 22.93640288299997], [91.26143657200015, 22.935514897000076], [91.26144463600008, 22.935059896000155], [91.26145666100012, 22.93438143400016], [91.26149060500006, 22.932466171000044], [91.26156669700015, 22.93153527200002], [91.26145026200004, 22.930940087000067], [91.26123006600011, 22.93072280900003], [91.26036499700018, 22.930826774000025], [91.26020987700014, 22.930733541000052], [91.26014252800019, 22.93069306200016], [91.26001604100009, 22.930393751000167], [91.26002753400007, 22.93005496000012], [91.2601000890001, 22.92989940500013], [91.26032035300005, 22.929427171000157], [91.26011020200019, 22.928911756000048], [91.25995668200005, 22.928061709000133], [91.25994299500007, 22.927438610000024], [91.25991937100008, 22.92637407600006], [91.25988342900013, 22.924754322000126], [91.25979020800014, 22.923438645999966], [91.25981688000007, 22.922632329000123], [91.25983828200003, 22.922431710000183], [91.25991714999998, 22.921692402000076], [91.25994754700014, 22.921407454000132], [91.26015610400003, 22.920565824000164], [91.26070316000005, 22.919096039000124], [91.2610849420002, 22.91856040200014], [91.26104538200008, 22.918343666000112], [91.26113280900012, 22.918087016000015], [91.26114564600005, 22.91804932900004], [91.26153583900009, 22.917213028], [91.26178782900013, 22.91645685400016], [91.26182299400011, 22.916267672000117], [91.26189753800008, 22.915866645000108], [91.26214891500018, 22.91511047200015], [91.26242265400003, 22.91367672399997], [91.26257006300006, 22.913341368000147], [91.262628914, 22.912918654000123], [91.26296053200008, 22.911822619000134], [91.26303570300018, 22.911574167000026], [91.26304287700009, 22.911361858000134], [91.26277760000005, 22.911142683000037], [91.26261832000006, 22.911128569000084], [91.2620994310002, 22.911082590000092], [91.26169680599997, 22.91090289000016], [91.26159215500013, 22.910893921000024], [91.26097352800019, 22.910840895000092], [91.26092168600019, 22.910819868000033], [91.26074966100003, 22.910750093000047], [91.2595772210002, 22.91054939900016], [91.25912374299998, 22.910537190000127], [91.25889987900013, 22.910446384000068], [91.25840274300003, 22.91039161600014], [91.25763376900017, 22.910329964000027], [91.25750358000016, 22.910154872000078], [91.25751735500012, 22.909732516000133], [91.25755956700004, 22.909588438000128], [91.25760458900004, 22.909434772], [91.25781077000016, 22.90873103500013], [91.2578747600001, 22.908512622000103], [91.25798077600018, 22.908048888999986], [91.2579988670002, 22.907500051000056], [91.25778158000003, 22.907196941000052], [91.25755915300005, 22.907063220000055], [91.25696894800012, 22.907090471000117], [91.2567893760002, 22.907044474000145], [91.25664500200014, 22.906952972], [91.25630026100015, 22.906734482000047], [91.25607351800011, 22.906727241000056], [91.25570573700014, 22.9068882090001], [91.25542526900006, 22.9071342900001], [91.25514972500014, 22.90725388500016], [91.25424485500008, 22.90718877600017], [91.2541525920002, 22.90722789], [91.25376897700016, 22.907854127000064], [91.25351899700007, 22.908567373000096], [91.25337876000009, 22.90869041300016], [91.2531040570002, 22.908769351000103], [91.25273049000009, 22.90909745000016], [91.25182189300017, 22.909158806000107], [91.25136181599999, 22.90935661900005], [91.25090690700011, 22.90938729900006], [91.25068304800016, 22.909296481000013], [91.25046351600014, 22.909079184000063], [91.25043796700004, 22.909031508000055], [91.25033044600013, 22.90883086300005], [91.25016469200006, 22.908521550000103], [91.25016838800019, 22.908392813000034], [91.25012051500005, 22.90828605600018], [91.24995750600016, 22.907922547000055], [91.24992701900004, 22.907455379000112], [91.25002504200006, 22.907246871999973], [91.25039859000009, 22.906916521000085], [91.25059339, 22.906497255000033], [91.25068684600012, 22.906394493000107], [91.25078160700008, 22.90629029500019], [91.25141898600015, 22.906224309000038], [91.25165517700003, 22.90593342400001], [91.2516304450001, 22.9052968580001], [91.25128734200007, 22.904694415000108], [91.2509761660001, 22.904516225000123], [91.25030516700008, 22.904593051000063], [91.25006555300013, 22.904620486000113], [91.24893250600007, 22.904588751000063], [91.24857274200019, 22.9044944850001], [91.24852619900014, 22.904535494000186], [91.24847884900015, 22.904488448000052], [91.24826480200011, 22.904270202000077], [91.24836330700015, 22.90398130300008], [91.2485966340002, 22.903776248999975], [91.24887421900013, 22.90361374800011], [91.24910178500016, 22.90357808900012], [91.24916433900017, 22.903541469000118], [91.24965695400016, 22.90325308900003], [91.25002329700004, 22.90313504600016], [91.25026009600015, 22.902844157000118], [91.25014889300013, 22.902079568000033], [91.25031711200006, 22.901651685000047], [91.25034657900011, 22.901576731999967], [91.25063135300007, 22.90120191900013], [91.25063506700019, 22.90107544100016], [91.25065030000013, 22.90061017100004], [91.25045896500018, 22.899545895000074], [91.25031790300005, 22.898367059000066], [91.25032598900003, 22.89820385300004], [91.25041010900003, 22.896875050000176], [91.2507370890001, 22.896585709000135], [91.25204962800007, 22.896663437000143], [91.25232719300004, 22.896500929000013], [91.25238524500003, 22.89612112700007], [91.25226539300007, 22.89560950200007], [91.25224785100005, 22.894760629000075], [91.25238951200015, 22.89459467600011], [91.2534882700001, 22.894285700000125], [91.25398823500018, 22.894256916000074], [91.25412270400017, 22.89430327399998], [91.25457396500013, 22.89471239100004], [91.25465109800001, 22.894782320000047], [91.2548068480001, 22.894861285000104], [91.25491860700004, 22.894917945000145], [91.25573114400004, 22.895022170000175], [91.25578844800015, 22.89509035000009], [91.2559498390001, 22.89528237100012], [91.25615559900007, 22.89592427700012], [91.25651102400008, 22.896145012000147], [91.2569638440001, 22.89615723600008], [91.2572842560001, 22.896082447000026], [91.25788387000017, 22.895759323000107], [91.25802838900012, 22.895507539000107], [91.25809100800006, 22.89457988800018], [91.25811684000007, 22.894197192000092], [91.25831878200012, 22.893565610000053], [91.25851211000008, 22.893189249000102], [91.25926485600002, 22.892361372000096], [91.25946824300007, 22.89168913300017], [91.25969925600009, 22.891567626000153], [91.25996819300008, 22.891660331000082], [91.26040066200005, 22.89230721000007], [91.26067103600019, 22.892356999000185], [91.26090288900014, 22.892194843000084], [91.26100086200012, 22.891984069000046], [91.26093757800004, 22.891135560000123], [91.2609855440001, 22.891051632000085], [91.2611257590001, 22.890928588], [91.26121655600002, 22.890930127000047], [91.26175729300013, 22.89102970300013], [91.26194404, 22.890865645000076], [91.26195778099998, 22.890441028], [91.26178622800012, 22.890139818000137], [91.26105770000004, 22.8894975500001], [91.26102227500007, 22.889466823000134], [91.26099321100014, 22.8894416120001], [91.26101272100016, 22.88884985900006], [91.2611580480002, 22.888555165000014], [91.2613913300001, 22.8883500930001], [91.26175813499998, 22.888158709000095], [91.261852751, 22.88810933999997], [91.26242031700008, 22.887957374000052], [91.26272184300018, 22.887876639000183], [91.26295284500009, 22.887755129000084], [91.26314651200005, 22.887522091000164], [91.26333064300007, 22.887300525000114], [91.26339234300002, 22.88679198400007], [91.26321936300013, 22.88653368700011], [91.26286252200015, 22.886355881000156], [91.26200718299998, 22.886163968000176], [91.2617542230002, 22.885802332000083], [91.26170403400005, 22.885730579999972], [91.26171348300005, 22.885434702000055], [91.26181147100016, 22.885226191000072], [91.26218638500006, 22.88485515800005], [91.26267646800005, 22.884678278000138], [91.26273652600003, 22.88465660200012], [91.26305402400004, 22.884665368000128], [91.26332149800015, 22.884798726000156], [91.26367322300018, 22.885148178000122], [91.26452810200016, 22.886737793000123], [91.26479087000018, 22.886806628000045], [91.26488782700017, 22.886832027000082], [91.26498089000012, 22.886749997000038], [91.26526355400006, 22.886418079000123], [91.26531582700005, 22.8862076690001], [91.26574443400006, 22.88558330400008], [91.26612221500011, 22.885128694000116], [91.26644800500009, 22.88490823600017], [91.2668315910002, 22.884648666000032], [91.26729545000012, 22.884334773000035], [91.26732765300005, 22.88431298100005], [91.26755433900013, 22.88431794799999], [91.2680884930001, 22.88462981200007], [91.26852489300018, 22.88474327500012], [91.26862776100012, 22.884770020000076], [91.26866040500016, 22.88480814700017], [91.26884646200006, 22.885030204000145], [91.26877759500013, 22.88574879900017], [91.26885548600006, 22.88613203799997], [91.26919287800007, 22.88690384299997], [91.2694966410001, 22.88733495400004], [91.26957741300004, 22.887634624000157], [91.26979263300007, 22.887978378000184], [91.26978177300003, 22.888317165000046], [91.26976575400005, 22.888340555000013], [91.26963871300012, 22.888526045000106], [91.26962785100011, 22.888864831999967], [91.2697660890002, 22.889294891000134], [91.2699572520001, 22.88988959200003], [91.27017680300008, 22.890109120999966], [91.27058305100007, 22.890160067000124], [91.27080403100007, 22.89033668400009], [91.27110064700014, 22.890980100000036], [91.271262793, 22.891577175000123], [91.27139726400003, 22.89162351800013], [91.27161680000012, 22.891840788000025], [91.27183491000005, 22.892100969000126], [91.27200363200012, 22.892487996000114], [91.27208069700004, 22.89291188400017], [91.2722094400001, 22.893127622000065], [91.27238675200005, 22.89325942400012], [91.27253083900013, 22.89325827100015], [91.27260804500014, 22.89325765300009], [91.27265446900009, 22.893257281000047], [91.27353318000002, 22.893250243000182], [91.27361131600009, 22.89324961700015], [91.27461776600006, 22.892979618000084], [91.2747223140002, 22.892924618000166], [91.27476381800005, 22.89290278300001], [91.2748487680002, 22.892858093000086], [91.27501258100011, 22.892924529000084], [91.27507261300013, 22.892948876000048], [91.27539524700018, 22.892788229000132], [91.27548096600009, 22.89276679200009], [91.27585235600009, 22.89267391700008], [91.27701350800004, 22.89247156500005], [91.27712915100011, 22.89245141200007], [91.2777309700001, 22.892467994000015], [91.27776357300019, 22.892468892000124], [91.27802965000012, 22.892645136000112], [91.27806534100012, 22.892942903000176], [91.27786993300015, 22.893440265000095], [91.27786061900008, 22.89365807700017], [91.2779866300001, 22.893783242000154], [91.27821619700018, 22.894015158000173], [91.27828356900005, 22.894151158000057], [91.27850987600004, 22.894607990000168], [91.278728612, 22.894868158], [91.27895101700005, 22.89499958900018], [91.27910357300004, 22.895004058999973], [91.27925330800008, 22.89500844700018], [91.2794038310002, 22.895011749000105], [91.27976358500013, 22.895105949000083], [91.279980292, 22.8954090310001], [91.27998115200012, 22.895847172], [91.27998138800012, 22.895967125000084], [91.27998172000014, 22.896136260000162], [91.27998179100007, 22.896172185000182], [91.27998287200006, 22.896723166000015], [91.27992121100004, 22.897229451999976], [91.2801270830002, 22.897871324000164], [91.28011991500011, 22.898081373000082], [91.28006684700017, 22.898334697000053], [91.27987868700006, 22.898541691000105], [91.27959542700006, 22.898873640000147], [91.27958459100006, 22.89921242500003], [91.27966681900011, 22.899469176000025], [91.27978283900012, 22.899612402000173], [91.2798395710002, 22.899682437000024], [91.27995957100018, 22.899744036000072], [91.28028756800006, 22.899909], [91.28037409500018, 22.900039266000135], [91.28035896400007, 22.900504536000085], [91.28026017899998, 22.900755968000112], [91.27983813500009, 22.901168064000103], [91.27987525800006, 22.901422920000073], [91.28009626900013, 22.90159952099998], [91.28065727500018, 22.901578258000086], [91.28071712400009, 22.901575989000037], [91.28077724500014, 22.901573709], [91.28109817300009, 22.901402866000183], [91.28128321700012, 22.901304359000108], [91.28156722200004, 22.9011531700001], [91.28160846100019, 22.901131216000067], [91.28223988900004, 22.901147105000064], [91.28228801000017, 22.90114831500017], [91.28314364400012, 22.900972159000162], [91.2833838750002, 22.900922699000148], [91.28375737099998, 22.900735038000164], [91.28450737800017, 22.900358199000152], [91.28490483500008, 22.90015849500014], [91.28555161700012, 22.899987759000055], [91.2856372330001, 22.899965158000043], [91.28717591000014, 22.900047539000013], [91.2872991430001, 22.90003217499998], [91.28778345900002, 22.899971793000134], [91.28794811900019, 22.899951263000048], [91.28839394900012, 22.899895678000178], [91.28886110300004, 22.899837433000073], [91.28889635500013, 22.899854959000095], [91.28895048300018, 22.899881869000183], [91.28980313200009, 22.899460645000147], [91.29000999600015, 22.899358450000136], [91.29025331500014, 22.899120829000083], [91.29043200100017, 22.898946327000033], [91.29067463899997, 22.898445341000127], [91.2907297430001, 22.89836932700007], [91.29100724000006, 22.897986527], [91.29142720800019, 22.89761732100004], [91.29181547800016, 22.897426333000055], [91.29210119600015, 22.897285789000136], [91.29216467900017, 22.897254562000114], [91.29248035500018, 22.897299358999987], [91.29252586900003, 22.897305817000188], [91.29300931900008, 22.89778509400014], [91.29336624800004, 22.897965087000046], [91.2939277230002, 22.897943760000146], [91.29404719900015, 22.897939221], [91.29469709000017, 22.89759876500011], [91.29473897100019, 22.897576825000044], [91.29501078200019, 22.897583641000097], [91.29523322600016, 22.897717309000143], [91.2956650750001, 22.898143940000182], [91.2957631920001, 22.898153295000157], [91.29599704200012, 22.897948169000074], [91.29595989100011, 22.897693316000186], [91.29592274000015, 22.897438471000157], [91.29587659300017, 22.897394949000102], [91.29578324700009, 22.89683900600005], [91.29557959600004, 22.89643874500001], [91.29557871000014, 22.896028758000114], [91.29558245400005, 22.89596877300005], [91.29824108300005, 22.896078724000176], [91.29874105800013, 22.89657648200017], [91.30059387400013, 22.896487020000052], [91.30079251300015, 22.896610671000076], [91.30150977400007, 22.89716024000012], [91.30164426000016, 22.897206557000175], [91.30225936900018, 22.897815689000083], [91.30228800200013, 22.898325757], [91.30241171300014, 22.898710857000083], [91.30267130800007, 22.899097102000155], [91.30297886700004, 22.899401667000063], [91.30315047800008, 22.899433220000105], [91.30324926600008, 22.899451382000166], [91.30359273700003, 22.899187962000042], [91.30362126200015, 22.899166085000104], [91.30384796900017, 22.899170996000066], [91.305124756, 22.90034821300003], [91.30598848700015, 22.900985788000128], [91.30604840600006, 22.901030017000153], [91.30629649300005, 22.90121314400011], [91.30685217900003, 22.901623321000045], [91.30711072500014, 22.90175181700016], [91.30782570600002, 22.902369475000114], [91.30807882900012, 22.902968011000098], [91.3081482880001, 22.903067231000136], [91.30817433200008, 22.903104434000113], [91.30838216000006, 22.90340130600015], [91.30840796700016, 22.903994942000054], [91.3084922770002, 22.90420875200016], [91.3086801300002, 22.904432705000147], [91.30877297800009, 22.904543394000143], [91.30892867400019, 22.90472901000004], [91.30899252000012, 22.905627452000147], [91.30915540400008, 22.90613160400011], [91.3093242490001, 22.906518581000057], [91.30935877500013, 22.906556223000166], [91.30972761900011, 22.90695835800011], [91.30976207200018, 22.90699592100009], [91.310214944, 22.907045668000023], [91.31025920700006, 22.907050530000106], [91.31049122000013, 22.906996294000066], [91.31057960900006, 22.906975631000023], [91.31094163500018, 22.906983934000095], [91.31143369700004, 22.907207929000037], [91.31168128900009, 22.90742730700009], [91.311795206, 22.907528242000183], [91.31182081500009, 22.90755093300004], [91.31209053300006, 22.907688574000133], [91.31241144800003, 22.907733342000085], [91.31250460400008, 22.907745514000055], [91.31253844800005, 22.90772596000005], [91.3126433720002, 22.907665338000186], [91.31267139500011, 22.907692444000077], [91.31273735100007, 22.907745107000096], [91.31308287900009, 22.907440669000152], [91.31389805500004, 22.90672242300002], [91.31413552500015, 22.906388538000044], [91.31418572400008, 22.905979570000113], [91.3141976710001, 22.90588224000004], [91.31407899100009, 22.905327758], [91.31401206300006, 22.90509106800016], [91.31375348600005, 22.904176628000187], [91.31369332200006, 22.904041993000135], [91.31359420900009, 22.90382019599997], [91.31354237400018, 22.903704198000128], [91.31355597600003, 22.903281845000095], [91.31374396800015, 22.90311464800004], [91.31378917700005, 22.90307444100017], [91.31416101500008, 22.902933272000155], [91.31420261000011, 22.9029174800001], [91.31474585600012, 22.902899470000023], [91.31492868600014, 22.902893409000114], [91.31632135300015, 22.903310893000025], [91.31647721600018, 22.90339805500014], [91.316567738, 22.903448677000085], [91.3173457260001, 22.903883741000186], [91.31737077600019, 22.90389775000017], [91.31756704500003, 22.904007506000028], [91.3181476060002, 22.90433216000008], [91.31891010200019, 22.904608077999967], [91.3193272970002, 22.904585603000157], [91.31945516400003, 22.904578714000024], [91.32010319600016, 22.904171412999972], [91.32053298900013, 22.903986390000057], [91.32056314700009, 22.903973407000137], [91.32110820700007, 22.903944036000098], [91.32145794700006, 22.903986612000097], [91.32155963700012, 22.903998990000048], [91.32245235800019, 22.90444541200003], [91.32355623200004, 22.905364244], [91.3238173690001, 22.90547507800011], [91.32440670400007, 22.905725206000056], [91.32476225700009, 22.905945779000092], [91.32569807600015, 22.90662631800018], [91.32609146800019, 22.906912391000105], [91.32628402000017, 22.907147587000054], [91.32665879900014, 22.907605363000073], [91.3270831440002, 22.908507264000036], [91.32730279400005, 22.908724451000126], [91.32740685700008, 22.908726690000037], [91.3275295160002, 22.908729330000085], [91.32765779800013, 22.90861654600019], [91.32818580500003, 22.90815232700004], [91.32827626800014, 22.908072792000098], [91.32869249400011, 22.90782771099998], [91.32926335600013, 22.90765400700019], [91.32933344600002, 22.907632679000017], [91.3300587400002, 22.90765144500017], [91.33028870800001, 22.907789550000132], [91.33050372600007, 22.907918677000055], [91.33059917400016, 22.90804498200015], [91.33076484800017, 22.908264215000088], [91.33089085700004, 22.908563468000068], [91.33092382799998, 22.908944786000177], [91.3306499680001, 22.909267258], [91.33215561900005, 22.90921697500005], [91.33224887200004, 22.909213860000023], [91.33303187400014, 22.909103233000053], [91.33377863000015, 22.90883566399998], [91.3353078450001, 22.90828772100008], [91.33536781600014, 22.90826623200013], [91.33539415500013, 22.90826688200019], [91.33550434200009, 22.90826960000004], [91.33567257200014, 22.908170563000112], [91.33578060700012, 22.908106961000044], [91.33646743100013, 22.90786861700019], [91.33673665600008, 22.907811459000072], [91.33683288100013, 22.907791030000055], [91.33728693200015, 22.907800755999972], [91.337650178, 22.90780898500003], [91.33791959299998, 22.907942194000157], [91.33823170300008, 22.908203747000016], [91.33845157900015, 22.90850446200011], [91.33874779900015, 22.909443531000136], [91.33877155800008, 22.91037361000008], [91.33866706300006, 22.910963815000116], [91.33865117000005, 22.911641333999967], [91.33868781900014, 22.91202262200011], [91.33881771600016, 22.91228119100009], [91.338813894, 22.912450572000125], [91.33921157700013, 22.912923646000024], [91.33961530900018, 22.913143779000052], [91.34015315000016, 22.913156434000086], [91.34025101700018, 22.913158737], [91.34052648800014, 22.913039], [91.34068058000008, 22.91291523800004], [91.34098959900018, 22.912667043], [91.34117805600005, 22.912374177000117], [91.34123141100014, 22.91203729100016], [91.34146720100006, 22.911662737000086], [91.3414621660001, 22.91161697600012], [91.34144979100006, 22.911504481000122], [91.34142972600011, 22.911322102000042], [91.3415319840002, 22.910815456000023], [91.34179354600019, 22.910013082999967], [91.34187445700019, 22.909764876000168], [91.34183700300014, 22.909426498000016], [91.34185447700014, 22.909203750000074], [91.34186832400013, 22.90902725600006], [91.3419021260001, 22.90859638300003], [91.34191292200012, 22.90845877600009], [91.34191667300013, 22.908410950000018], [91.34196639900017, 22.907777099999976], [91.34226323300004, 22.90685472200005], [91.34227865600019, 22.906806798], [91.34235839700011, 22.906559009000034], [91.34248394000008, 22.906415598000137], [91.3425956160001, 22.906288029000166], [91.34268498000006, 22.90618594500006], [91.34287562700007, 22.905807255000184], [91.34320000200017, 22.905520012000125], [91.34324871900003, 22.90539315400008], [91.34341639200017, 22.90524388199998], [91.34347059200019, 22.905195630000094], [91.34408347900018, 22.904650001000164], [91.34452679700013, 22.904397827000082], [91.34472818100005, 22.904283273000033], [91.34491060500005, 22.904245602000174], [91.34507155300008, 22.90410116400011], [91.34509602500015, 22.904079202000105], [91.34520346900013, 22.904081493000035], [91.34532334800019, 22.904084050000165], [91.34549982000004, 22.90394481700008], [91.34573992600019, 22.90375537700004], [91.3465610080001, 22.903603913000097], [91.34685310000009, 22.903445583000178], [91.34709710100014, 22.903313320000166], [91.34791711200006, 22.90286882200013], [91.34798708600016, 22.90283089100012], [91.3488645060001, 22.9022160560001], [91.3491951260001, 22.901944938999975], [91.34941388300018, 22.90176554900006], [91.35002193900004, 22.90126691800009], [91.35027466400004, 22.900973618000023], [91.350325666, 22.90091442800008], [91.35082927300004, 22.900329964000036], [91.35109597900009, 22.900020433000066], [91.35125212300005, 22.89976164700016], [91.35145133700019, 22.899431479000043], [91.3518518890001, 22.898767615000168], [91.35186968600004, 22.89872002500016], [91.35213094000017, 22.89802141100006], [91.35243297900001, 22.897213719000035], [91.35243847400005, 22.897161888000085], [91.35244354600013, 22.89711405100013], [91.35254942900008, 22.896115366], [91.35278594800019, 22.895697890000122], [91.3527002990001, 22.895546249000063], [91.35268035900009, 22.895510945000183], [91.35256764400009, 22.895311382000102], [91.35252555000017, 22.89518303800014], [91.35257287500008, 22.895101349000072], [91.35248506500005, 22.894971136000038], [91.3523944740001, 22.89456668800011], [91.35236139200003, 22.894418989000087], [91.35192064800003, 22.89391631700005], [91.35183081100013, 22.89381385700011], [91.35111282600013, 22.89341804700001], [91.35025051100013, 22.893398280999975], [91.35017323500011, 22.893419233000145], [91.34938219600014, 22.893633707000106], [91.34837054000008, 22.894161623000116], [91.34735064400007, 22.895028293000053], [91.34693629800006, 22.895271149000052], [91.34615655700014, 22.89559386800005], [91.34588255400013, 22.895672962], [91.34528440400015, 22.89599865300005], [91.34400331700016, 22.896393344000103], [91.34393467100011, 22.89638834700014], [91.34314178199998, 22.89633063300016], [91.34302520800014, 22.896262379000177], [91.3429174900001, 22.89619930900011], [91.34286015800012, 22.89612433000002], [91.34265331600005, 22.89585381700016], [91.34263287300007, 22.895734766000146], [91.34257317200019, 22.89538709600015], [91.34259487100013, 22.89513717699998], [91.34263555800004, 22.894668540000055], [91.342878154, 22.893998136000164], [91.3430162780001, 22.89380182600007], [91.343113093, 22.89366423000007], [91.34314176300006, 22.893605493999985], [91.34354249600011, 22.892784513000038], [91.34369124800014, 22.892236831], [91.34369819400018, 22.89193210100018], [91.3436995020001, 22.89187473700008], [91.34370571300019, 22.891602222000188], [91.3436456020001, 22.891327677000106], [91.34350092800003, 22.890666901000145], [91.34332615400012, 22.890365811000095], [91.34320724200006, 22.889957581999965], [91.34319019900016, 22.889899071], [91.34311554600015, 22.889642787000128], [91.3429399760002, 22.889384606000192], [91.34236661900007, 22.888043366000034], [91.34233695000017, 22.88797396000018], [91.34216600100018, 22.887503490000142], [91.34212855599998, 22.887165112000048], [91.34200252000005, 22.886739422000176], [91.34200975800013, 22.88642211700011], [91.3420152270001, 22.886182369000153], [91.34201676600014, 22.886114908000025], [91.34210518900011, 22.88583152199999], [91.34226176100009, 22.885346330000175], [91.34283146300015, 22.884300600000188], [91.34291501300015, 22.884196101000157], [91.34297618300008, 22.884119595000186], [91.34339969000018, 22.883589902000153], [91.34409468100006, 22.882720644000187], [91.34441230100003, 22.882262131000175], [91.34447070800019, 22.882177814000045], [91.34461483500013, 22.881842417000087], [91.34471407100017, 22.88146449700008], [91.34472914300017, 22.88082988500014], [91.34455599100005, 22.880445236000014], [91.34444912600014, 22.88034050200008], [91.34424534200019, 22.880140780000033], [91.3438860060001, 22.879965442000127], [91.34320917300016, 22.879779231999976], [91.34311051800006, 22.879760362000013], [91.3427117290002, 22.879684082000097], [91.34229344100004, 22.87972133900007], [91.34175046800016, 22.880001538999977], [91.34077774500008, 22.88082712500011], [91.34031614700007, 22.88115616400006], [91.34022533700016, 22.881152413], [91.33782304300018, 22.882877405999977], [91.33644440900014, 22.883566387000087], [91.33530072900004, 22.883923724000056], [91.33425083500003, 22.884153820999984], [91.33420342800008, 22.88415118500012], [91.33386834700019, 22.884132554000132], [91.33320036000009, 22.88409541200008], [91.333159072, 22.884093117000134], [91.3329805100002, 22.884083187000044], [91.33251344600006, 22.88391248500011], [91.33248526400007, 22.883902186000057], [91.33221672400003, 22.883728317000134], [91.332035125, 22.88372306400015], [91.33185657400008, 22.883593597000186], [91.33158498500006, 22.883543937000184], [91.3312516430002, 22.883413499000028], [91.33121021900018, 22.88339728900013], [91.3303251660002, 22.88305095700008], [91.32973773000009, 22.882911363000062], [91.32968906100007, 22.882863385000178], [91.32964915100013, 22.88282404200004], [91.32942266100002, 22.882776262000164], [91.32930274300008, 22.882710848999977], [91.32926125600011, 22.882688220000148], [91.32901903800013, 22.882556096000087], [91.32869732400019, 22.88250431300014], [91.32789430700007, 22.88210712600005], [91.32753880000007, 22.881760108000094], [91.32750698500018, 22.881664556000032], [91.32749429000012, 22.881626426000082], [91.32745408100004, 22.881505665000077], [91.32746396300018, 22.88108108500012], [91.32765464600004, 22.88070467000017], [91.32786465900011, 22.88051788399997], [91.32806377500003, 22.880340787000023], [91.32811851200006, 22.880292104000148], [91.32815956300016, 22.880262584000036], [91.32923014300013, 22.87949273600009], [91.32927112100015, 22.87946326900004], [91.32931939300005, 22.879428555], [91.32945671300018, 22.879391281000153], [91.32987811900006, 22.879044740000154], [91.33000386200007, 22.878941335000036], [91.33005866500008, 22.87889626800012], [91.33071015200011, 22.878233749000117], [91.33075162700004, 22.878172352000092], [91.33079331700014, 22.87811063700002], [91.33103410900014, 22.877754185000015], [91.33113353200014, 22.87760700500013], [91.3316720590002, 22.877091285000063], [91.33173770000019, 22.877028423000013], [91.3322724470001, 22.876462932000038], [91.33248237800018, 22.876240929000062], [91.33253109100019, 22.876114074000157], [91.33268245300013, 22.87597320200001], [91.333117099, 22.875568677000047], [91.33354796200007, 22.875167670000167], [91.33429037400003, 22.874672291000138], [91.33492350000017, 22.874539708999976], [91.3350205120002, 22.874519394000174], [91.33574680400011, 22.874533617], [91.33660357800011, 22.87480866600015], [91.3376374680002, 22.875253822], [91.33817536900006, 22.875563155000123], [91.33920987900018, 22.87600829700017], [91.3395708130002, 22.876100091000126], [91.33997445400013, 22.87632248700004], [91.34114788100015, 22.87664451600017], [91.34167957600016, 22.876655144000154], [91.34178339800002, 22.876657219000037], [91.34219688200017, 22.876455030000102], [91.34226612200018, 22.876345014000037], [91.3424326130002, 22.876080476000027], [91.3424059190001, 22.875886147000188], [91.34231581900013, 22.875230211000087], [91.3420555290001, 22.874717592000025], [91.341931262, 22.874534826], [91.34170443699998, 22.874201223000057], [91.34153122800012, 22.87400765400008], [91.34134928399999, 22.87380432100008], [91.34108479400015, 22.873508738000055], [91.34028441700008, 22.872772615000144], [91.34001968900003, 22.87242711900018], [91.33991934700009, 22.872294795000073], [91.33987846700006, 22.8722408860001], [91.3397725100001, 22.87210115700003], [91.33954759400012, 22.871804555000153], [91.33913838800004, 22.87126491600003], [91.33892159900012, 22.870837728000026], [91.33867527600012, 22.870516908000127], [91.33842518600017, 22.870191176000162], [91.33839279000017, 22.87014898300015], [91.33808841800004, 22.869548667], [91.338000378, 22.869421411000133], [91.33721076100016, 22.868280067000057], [91.3371658800001, 22.868215193000026], [91.33687189699998, 22.867794401000026], [91.33659502000012, 22.867398091000098], [91.33651189300008, 22.867057837000175], [91.3361637060001, 22.866370938999978], [91.3360853370001, 22.86610097700003], [91.33595414000018, 22.86564903200002], [91.3359133100002, 22.865332051], [91.33587762900015, 22.865053578000186], [91.33589178199998, 22.864448497000126], [91.335910275, 22.863657879000073], [91.33594523200014, 22.863573823000024], [91.33610250900011, 22.863195639000025], [91.33633661800002, 22.8629046530001], [91.3367516880001, 22.862618919000056], [91.3370100630001, 22.86251777900003], [91.33716431900007, 22.862457395000035], [91.33784926600015, 22.86232394600006], [91.33793948700003, 22.862306368000077], [91.33875791700007, 22.8622814200001], [91.34143342800002, 22.86242597400019], [91.34229393100009, 22.86252935900012], [91.34288049200006, 22.86271181900014], [91.34374261000016, 22.862731636000092], [91.34377896600012, 22.862742245000163], [91.34405844000014, 22.862823802000037], [91.34428508600007, 22.862828661000037], [91.34482594400009, 22.863009244000125], [91.34536460800007, 22.863275645000044], [91.34590165900016, 22.86362560300006], [91.3464342900001, 22.864144943000042], [91.34683980700015, 22.864378136000028], [91.3469315590001, 22.864430897999966], [91.34697216400019, 22.86445424800013], [91.34773126500005, 22.865021341000045], [91.34885128500014, 22.865680205000046], [91.35002323200007, 22.866045085000053], [91.35090387300016, 22.866027665000047], [91.35102261100002, 22.866025315000172], [91.35129879500016, 22.865862654000125], [91.35176394000018, 22.865407111000025], [91.3518295880001, 22.865209109000148], [91.35185501299998, 22.8651324220001], [91.3519591340002, 22.864818381000134], [91.35196814600005, 22.864436711], [91.35192846700005, 22.864181900000176], [91.35180042200017, 22.86390326300011], [91.35171244700012, 22.863711821000095], [91.35098117500019, 22.862868513000137], [91.35094671400009, 22.86282877100001], [91.35073117800016, 22.86258021100008], [91.3502527650001, 22.862028489000068], [91.3500721850001, 22.86188586600008], [91.34931654100012, 22.86128904600008], [91.34877063100004, 22.860781521000092], [91.34838271000018, 22.860420873000123], [91.34812853700004, 22.86011699500017], [91.34806502400005, 22.860041063000097], [91.34798513900006, 22.85994555400009], [91.34774799200011, 22.85957349800009], [91.34765016300008, 22.859420013999966], [91.34763159700015, 22.85939088700013], [91.34754710400017, 22.85925832700019], [91.34716401300017, 22.858150656000134], [91.34715155200013, 22.857563508], [91.34714992900007, 22.857487052000067], [91.34714240400007, 22.85713249400004], [91.34723921100016, 22.856881041000122], [91.3478943240001, 22.856049080000105], [91.34830995700014, 22.855763314000114], [91.34922533100018, 22.855443955000055], [91.34965087500007, 22.855206789000135], [91.35009132400018, 22.854961313000103], [91.3502023710002, 22.85489942300012], [91.35027785900007, 22.85485735000009], [91.35046775700016, 22.854751513000167], [91.35051929800005, 22.854705563000095], [91.35098056300012, 22.854294328000094], [91.35115363300002, 22.854140027000028], [91.35124082100015, 22.854062296000052], [91.35126462500017, 22.85404107300019], [91.35153402300006, 22.853800892000095], [91.35166974700013, 22.853607919000012], [91.35174949700013, 22.85349452800017], [91.35176887400007, 22.85346697800003], [91.35190594300013, 22.853036596000095], [91.35191597200014, 22.853005103000044], [91.35190825800004, 22.85286229900015], [91.35188391100007, 22.852411530999973], [91.351831753, 22.85232383200008], [91.35177179500005, 22.85222301700003], [91.35157793500014, 22.851897058000134], [91.35126355300008, 22.851764248000165], [91.35121804000016, 22.85175752000015], [91.35058465200012, 22.851663887000143], [91.35045594600012, 22.851580554000066], [91.3502243590001, 22.851529162000077], [91.35006265400011, 22.851494964999972], [91.34999873800012, 22.851481448000015], [91.34925343700002, 22.851516560000107], [91.348822826, 22.851536845999988], [91.34877139800005, 22.851539269000114], [91.34870957700014, 22.85155456500013], [91.34767528600008, 22.85181047800006], [91.34761137300006, 22.851809115000037], [91.34744805000014, 22.851805629000125], [91.34741247200003, 22.85182735400008], [91.34597439800007, 22.85270547600004], [91.34513854400018, 22.85349154300019], [91.34485717600018, 22.853866484000037], [91.34303832800015, 22.856614979000142], [91.34278654200011, 22.8569954460001], [91.34221694100012, 22.85804117700019], [91.34137559500016, 22.85908015900003], [91.34127957400011, 22.85928870300006], [91.34038479000014, 22.860086666000086], [91.34025969300018, 22.860198224000044], [91.33961740600006, 22.860481363000133], [91.33948745100008, 22.860492921], [91.3392528600001, 22.860513785000137], [91.33917937200005, 22.860498607000125], [91.33913803100012, 22.860490067000114], [91.33880119300011, 22.860420494000152], [91.33876980899998, 22.860404963], [91.33835253, 22.86019847100016], [91.3381653510001, 22.860015616000055], [91.33777504000005, 22.859634321000044], [91.33751866200015, 22.859085337000067], [91.33750891600005, 22.859053766000045], [91.3372652160001, 22.85814157200008], [91.33720893800012, 22.857813638000096], [91.33720238600006, 22.857775458000162], [91.33718511900014, 22.857674845000076], [91.33716360900019, 22.856658938000123], [91.3371777970001, 22.856494780000048], [91.33725132600006, 22.85564400700008], [91.33728885400012, 22.855217390000064], [91.33729943700001, 22.85517221400005], [91.3375815930001, 22.853967853000142], [91.33759056800005, 22.85392954200006], [91.33774152500018, 22.853285190000065], [91.3378275890002, 22.852684901000032], [91.33783307700014, 22.852646619999973], [91.33785042900013, 22.852525596000078], [91.33781856899998, 22.851832286000104], [91.33779714400009, 22.85136603600006], [91.33779482300014, 22.851315525000075], [91.33779006400005, 22.851211965], [91.33767916300019, 22.85085172000015], [91.33745583299998, 22.850126255000077], [91.3374440930001, 22.85008811800003], [91.337199366, 22.849293137000075], [91.3370210490001, 22.848849021000092], [91.33700574800014, 22.848810915000115], [91.33685601600018, 22.848437991000026], [91.33667990700013, 22.848179805000143], [91.33655216200009, 22.847541114000137], [91.33632892900005, 22.846424995000064], [91.33631426200014, 22.846351658000117], [91.33631566200006, 22.846293172000117], [91.33631657700005, 22.846254929000054], [91.33632031600013, 22.846098712000185], [91.33623255600014, 22.845968487000164], [91.33615470100017, 22.845418195000093], [91.33606633300013, 22.845287973000154], [91.33607156900007, 22.84507568099997], [91.33604133600011, 22.844976353000106], [91.33600885300018, 22.844869636000112], [91.33590292800005, 22.84452163300017], [91.33578116100017, 22.84373588400007], [91.3357752440001, 22.843697698000085], [91.3357449720001, 22.8435023560001], [91.33535658000011, 22.842647584000076], [91.33512462200014, 22.842422269], [91.33504545200014, 22.84234536500003], [91.33468682000012, 22.842167732000178], [91.33456174200006, 22.842138003000116], [91.33409955900015, 22.842028147000065], [91.33405891800004, 22.84202724300019], [91.33350332600008, 22.84201637400008], [91.33341096200007, 22.842035426000052], [91.33296223000008, 22.842127990999984], [91.33250235700012, 22.842373442000167], [91.33171598900009, 22.842989676000172], [91.33087023000019, 22.844200251000018], [91.33058418500008, 22.844785201000093], [91.33030279400015, 22.845160117000034], [91.32963086900003, 22.84671244600014], [91.328883293, 22.847626396000123], [91.32786279900012, 22.848535844000025], [91.32754317300015, 22.848613022], [91.32717483900007, 22.84881705600003], [91.32653700000014, 22.848928499000124], [91.32650945800015, 22.84892684300013], [91.32544855700002, 22.848863052000127], [91.32477352200004, 22.84859319700007], [91.32432574400013, 22.848330482000108], [91.32388016100009, 22.847979685000098], [91.32371303800005, 22.847878353000056], [91.32365079000004, 22.84784061000005], [91.32293972000019, 22.847409460000108], [91.32289787200011, 22.847384375000047], [91.32213351200011, 22.846926176000068], [91.32137522300013, 22.84635894400003], [91.321231915, 22.846276586000158], [91.32112926400015, 22.846218179], [91.32072054100018, 22.845985621000125], [91.32052395100004, 22.845873764000032], [91.32041445200014, 22.845835879], [91.31973257100015, 22.845599953000033], [91.31963519600015, 22.8455662610001], [91.319330906, 22.845460978000176], [91.31921741400004, 22.845421710000096], [91.31903120499999, 22.845373866000045], [91.31895735800003, 22.845354892000103], [91.31831498600019, 22.845189840000103], [91.3181274870002, 22.84519208300003], [91.31806901100015, 22.845192782000026], [91.3178006340001, 22.845195992000072], [91.31709847000008, 22.845204360000082], [91.316727641, 22.845112657000016], [91.3161159660001, 22.845066944000052], [91.31591152200008, 22.845051665000142], [91.31538936600003, 22.845103295000172], [91.31515609000013, 22.845126361000098], [91.3148649370001, 22.84515514800006], [91.31417514300006, 22.845139606000032], [91.31391154800014, 22.845133665000162], [91.31378887600016, 22.845153529000015], [91.31344806100009, 22.845206422000047], [91.31320473200014, 22.845176057000117], [91.31304872900012, 22.845156590000045], [91.31224468400006, 22.845217837], [91.3121844960001, 22.84522242200012], [91.31147542600002, 22.845205994000025], [91.31132187300005, 22.84520243600008], [91.31126333100013, 22.845188937000103], [91.31091534000007, 22.845108689000085], [91.31081354700007, 22.84506945300018], [91.31033030700007, 22.844883191000065], [91.31028933200014, 22.844851132000144], [91.31010754800019, 22.844708900000114], [91.30959255700014, 22.844167931000015], [91.30953167800016, 22.84410398000017], [91.30918161900007, 22.843546877000165], [91.30910239000013, 22.843307763000098], [91.3089472100001, 22.842839418000153], [91.30891920200008, 22.842754851000166], [91.30879967000016, 22.84239392700016], [91.30879191200006, 22.841946089000032], [91.30878640900005, 22.84162849000012], [91.30878062300008, 22.841294441000116], [91.30889434900007, 22.840322569000023], [91.30896129100012, 22.8401927110001], [91.30922812400007, 22.83967509100006], [91.30925789100013, 22.839617347000114], [91.30931206200012, 22.839512982000088], [91.30936970900018, 22.839401921000047], [91.3095998340001, 22.839162743000145], [91.309700899, 22.839057701000172], [91.30992812000011, 22.83882153900015], [91.30997525200007, 22.838790208000148], [91.3101696390001, 22.83866099100004], [91.31019293400016, 22.83864550500016], [91.31040679000006, 22.83850334600004], [91.31048185900016, 22.83845344400015], [91.31074774600006, 22.83836447200008], [91.31095571200018, 22.83829488100008], [91.31107680200012, 22.83825436100011], [91.3115226970001, 22.838195421000023], [91.3118526670001, 22.838151804000063], [91.31192091900004, 22.838142782000034], [91.31202328400008, 22.838129251000055], [91.31216984600013, 22.83810987700008], [91.312706467, 22.83809360400005], [91.31380582900005, 22.838060260000134], [91.31485236400005, 22.83795678600012], [91.31612745799998, 22.837946254000144], [91.3162146520001, 22.837945533000152], [91.316855278, 22.837748308000073], [91.31712406400004, 22.837590043000034], [91.31725998200011, 22.837471121000135], [91.31750218800005, 22.837255232000132], [91.31768099200013, 22.836996416000034], [91.31771242500014, 22.83695091700008], [91.31774812700007, 22.83689956900014], [91.31787822299998, 22.836712455999987], [91.31833468600018, 22.83642903400016], [91.3190215890001, 22.83635751700001], [91.31979035600006, 22.83650243400001], [91.32024417200012, 22.836512220000145], [91.32046914300014, 22.83660067400018], [91.32250697500018, 22.83672179300015], [91.3225352030002, 22.836723470000038], [91.32273600500014, 22.836735404000137], [91.3236105110002, 22.836878754000054], [91.32364061900017, 22.836883689000047], [91.32382296200007, 22.836846044000026], [91.32400671600004, 22.83676548800014], [91.32437745500005, 22.836434997000026], [91.32444066400006, 22.836343748000047], [91.3244739640001, 22.836295677000066], [91.32475344700009, 22.83589221300008], [91.32500654700004, 22.834797244000185], [91.32500882700009, 22.834699181000133], [91.32501342500007, 22.834501388000035], [91.32517131500003, 22.833574300000066], [91.32519503100019, 22.83313524200014], [91.32519761400016, 22.83308742700018], [91.32525136200013, 22.832092400000192], [91.32508624200017, 22.83148723700009], [91.3250423630002, 22.83132642300012], [91.32503176400007, 22.83119965800006], [91.32497142300019, 22.830478010000036], [91.32485036800017, 22.83011321900011], [91.32477602900019, 22.82988870200012], [91.32475940800015, 22.829838503000133], [91.32451990000004, 22.828436027000066], [91.32452679300013, 22.828337452000028], [91.32453013800017, 22.828289630000143], [91.32454423500019, 22.82808804700005], [91.32454917500007, 22.82801740200017], [91.32455188000017, 22.82797871600019], [91.32458783700002, 22.82746452700019], [91.32468688200015, 22.827127265000172], [91.32487481400005, 22.826675359000035], [91.32511594500005, 22.826270954999984], [91.3253046260001, 22.825957005000134], [91.32594540600019, 22.82507742600012], [91.32712024300014, 22.823464723000143], [91.327171394, 22.823394509000025], [91.32736836900006, 22.823124116000145], [91.32755739800018, 22.822804799000096], [91.32811948700004, 22.821855281000012], [91.32834736800015, 22.821470325000178], [91.32848941100008, 22.82123037300005], [91.32865402700003, 22.820952287000125], [91.32871856200012, 22.820843267000157], [91.32892792200005, 22.820489594000094], [91.32898264300007, 22.820428835000143], [91.32907394700015, 22.82032745600003], [91.32909129500018, 22.820308194], [91.32914767700004, 22.82024559100006], [91.32923045600006, 22.82015367700012], [91.3293008390001, 22.82007552800013], [91.32986845900018, 22.81986295100006], [91.32993569700005, 22.819837770000163], [91.33026091700015, 22.819801073000065], [91.33107244500013, 22.820031388000018], [91.33158515700012, 22.820078216000184], [91.33288445300013, 22.820196878000047], [91.33351669600012, 22.820338355000104], [91.33401614700017, 22.820349980000117], [91.33473691200004, 22.820576516000187], [91.33632016900003, 22.82082517000015], [91.33697274000008, 22.820802532000073], [91.33709265100015, 22.82079837200007], [91.33746032100004, 22.820596579000153], [91.33774082500014, 22.82026230300005], [91.33766075500006, 22.819795573000135], [91.33735329300004, 22.81936462200008], [91.33729339100006, 22.819306427000186], [91.33704221700009, 22.819062405000068], [91.3364168280001, 22.8186250870001], [91.33631297600004, 22.818586222000192], [91.33570136900016, 22.818357334000098], [91.33461994800012, 22.81782276000007], [91.3342537440002, 22.81772319800018], [91.33422091900002, 22.817714273999968], [91.33418688200015, 22.81770502000012], [91.33382546100017, 22.817606758000125], [91.3337291810002, 22.817580583], [91.33353061600002, 22.817526596999983], [91.33326635500009, 22.817454749000092], [91.33323739600013, 22.817441970000175], [91.33301333100013, 22.817343094000023], [91.33275295900006, 22.817228196000087], [91.33245787100003, 22.81709797700006], [91.33226324800017, 22.81707318700012], [91.33213934100013, 22.81705740500007], [91.3317825310001, 22.817011958000137], [91.33164271900006, 22.816994148000106], [91.33139219100013, 22.816900390000114], [91.33129145400005, 22.81686269000005], [91.33088825900018, 22.816883471000097], [91.33080561800017, 22.816888508000034], [91.33077019400008, 22.81689066700011], [91.33054454900014, 22.816904422000107], [91.3303206270001, 22.816918072000192], [91.33019048200009, 22.816926005000028], [91.32983563600004, 22.816947634000144], [91.32973757100018, 22.81695361100003], [91.32959275900009, 22.81697276200009], [91.328644112, 22.81709821200019], [91.32772974000005, 22.817374534000123], [91.32762186600019, 22.817381863000094], [91.32726457000012, 22.817410783000184], [91.32695339900005, 22.817568414000164], [91.32684058800004, 22.81758615600006], [91.32672600500001, 22.81760417700019], [91.32594523199998, 22.817969696000148], [91.32484690300015, 22.818367206000175], [91.32401880700002, 22.818814397000153], [91.32343261800014, 22.819072287000154], [91.32282608600019, 22.819339124000123], [91.32261408700015, 22.81948381], [91.32222657400018, 22.819748280000056], [91.32108033399999, 22.820231965], [91.31949767000015, 22.82067409900003], [91.3193572880001, 22.82071272700017], [91.3192522820001, 22.82074161999998], [91.31915929100012, 22.820823676000032], [91.31829277900005, 22.821016005000047], [91.31824657000004, 22.821012819000146], [91.31790168500015, 22.820989049000104], [91.31738605400005, 22.820953507000013], [91.31679422100018, 22.821023880000098], [91.31674681499999, 22.821026765000056], [91.31524838600012, 22.82111793500013], [91.314990899, 22.82109119100005], [91.31492896700007, 22.821084758000154], [91.31470465800004, 22.821061459000077], [91.31459651300008, 22.82104253800003], [91.3144701490001, 22.821020429000043], [91.31416238900005, 22.820966580000118], [91.3134867080002, 22.820739577000097], [91.31272331200006, 22.820382332000122], [91.31206643400009, 22.81976658500008], [91.31200400300014, 22.819708063000178], [91.31161296600004, 22.819341507000047], [91.31146244100012, 22.81915232900002], [91.31130416700017, 22.818953415000124], [91.31117517200005, 22.818754945000023], [91.31069106400014, 22.818010103], [91.3104134530002, 22.817296963], [91.31039133000002, 22.817240062000167], [91.31018110300016, 22.81651724200003], [91.31018151000006, 22.81557864800004], [91.31018159700017, 22.81537751899998], [91.31018162300018, 22.81532016500006], [91.31018195000013, 22.814568582000106], [91.31032830800018, 22.813713167000117], [91.31037254700016, 22.813454598000135], [91.3103823740002, 22.813397163000104], [91.31054986700008, 22.812418202000174], [91.31074050900008, 22.812041805000035], [91.31086891500001, 22.811471811000104], [91.31089237600008, 22.811367671000028], [91.31103347100014, 22.81115877600007], [91.31103794000006, 22.81098939000009], [91.3112293860001, 22.81057008300013], [91.31132784300019, 22.81023283100012], [91.31169275600007, 22.80953372900018], [91.31184850000017, 22.809235354000066], [91.31190300500015, 22.80916408400003], [91.31217827600011, 22.8088123280001], [91.3131539530001, 22.807692597000084], [91.31322618000013, 22.807609705000118], [91.31332941100004, 22.807491231000085], [91.3136249320001, 22.807152072], [91.31469194200008, 22.806161046000113], [91.31484647000008, 22.806046485000138], [91.31527829200007, 22.805726349999986], [91.31535319600005, 22.80567081800001], [91.31548246100004, 22.80557498500019], [91.31553322800005, 22.80553734800003], [91.31611162200011, 22.805108542000028], [91.31635514200019, 22.804928002000054], [91.31644588200004, 22.80492950900009], [91.31695297900018, 22.804602429], [91.31759425800004, 22.804362298000115], [91.31767941100009, 22.804315589000055], [91.31774094900004, 22.80428183400005], [91.31776333000016, 22.8042695580001], [91.3185597120002, 22.803832720000173], [91.318742622, 22.803795079000167], [91.31952355200013, 22.803388952000034], [91.3199352260001, 22.803270386], [91.32053245900005, 22.802947061000168], [91.32063869400008, 22.80286380900003], [91.32090229600004, 22.802657235000027], [91.321268305, 22.802539042999967], [91.32168302800011, 22.802293990000067], [91.32223707800017, 22.801828531000183], [91.32230602800018, 22.801770605000172], [91.32311295700003, 22.801092691000065], [91.32352958700005, 22.800742669000044], [91.32413694400014, 22.800232407000124], [91.32443843400006, 22.799888913000075], [91.32449690400006, 22.79982229799998], [91.32530285100006, 22.79890405300017], [91.32567383000008, 22.798533487000043], [91.32626089000019, 22.79794707299999], [91.32631339300019, 22.79789462800005], [91.32634401600012, 22.797864039000046], [91.32641239900005, 22.79779573000019], [91.32679495200017, 22.79741358800004], [91.32683691000005, 22.797371672999986], [91.32697252800011, 22.79716240500011], [91.32775089100011, 22.795961320000117], [91.32810804900015, 22.795410185000094], [91.32854738000003, 22.794896651000045], [91.32885515100014, 22.794536894000032], [91.32917099000008, 22.79402814500014], [91.3293736930001, 22.79370163100009], [91.32962164300017, 22.79342724600008], [91.33077511300002, 22.792150776000142], [91.33082733300012, 22.792092987000046], [91.33091151400004, 22.791999827000154], [91.33193241100003, 22.791049721000093], [91.33302353900007, 22.790210656], [91.33309894200005, 22.7901526710001], [91.33396586400016, 22.789486005000185], [91.33484890700015, 22.789009956000143], [91.33490159400014, 22.788981551000177], [91.33505952700017, 22.788896409000074], [91.33585058300008, 22.78846994100013], [91.33588741400018, 22.78845234500011], [91.33596441900005, 22.788415558000167], [91.33669083500013, 22.788068523000163], [91.33684300800019, 22.787995825000166], [91.33695225800017, 22.787943631000132], [91.33766854600009, 22.78766785700003], [91.33780962900016, 22.787613541000155], [91.33795752500015, 22.78755659800015], [91.33809119600011, 22.787505134000128], [91.33828571300012, 22.787482456000077], [91.33841544000006, 22.787468475000026], [91.33859863000015, 22.787413430000015], [91.33878777600017, 22.78735659600011], [91.3390103710002, 22.787289711000028], [91.33946041700011, 22.787154480000083], [91.34069579600009, 22.787011274000122], [91.34196601800005, 22.787038980000148], [91.34300529200004, 22.787231192000036], [91.34390495100018, 22.78758940800003], [91.34444028500008, 22.787982304000025], [91.34484446300007, 22.78816179300003], [91.34609277900017, 22.789119937000066], [91.34649711600014, 22.78928092199999], [91.34654261999998, 22.789299039000184], [91.34659920600006, 22.789355001], [91.34672033300006, 22.789473645000044], [91.34784132400017, 22.79004899400013], [91.3497773040001, 22.79072582100008], [91.35013944300016, 22.79077694700004], [91.35099047000011, 22.79126197900007], [91.3517095140001, 22.791574263000143], [91.35301501200013, 22.79202608000014], [91.35418011700017, 22.792686808999974], [91.3544501070001, 22.792777092999984], [91.35616123300014, 22.793365430999984], [91.35882399200011, 22.794017900000085], [91.35968027000007, 22.79429059000006], [91.3600866770002, 22.794384216000026], [91.3609926200001, 22.794446484], [91.36134794500009, 22.794791179000185], [91.36138020200019, 22.79485581200015], [91.36143902700019, 22.79497368200009], [91.36155248700015, 22.795769393000114], [91.36185326499998, 22.79619089400012], [91.36233468500006, 22.79606524000019], [91.36240822000019, 22.796044320000078], [91.36253647700005, 22.796047051000187], [91.36263536200016, 22.796049156000095], [91.36327730100004, 22.795765940000138], [91.36363999900004, 22.795673174000058], [91.3637339820001, 22.795649135000133], [91.36436771700005, 22.795704679000096], [91.36485727700006, 22.796138537000104], [91.36507622700003, 22.796482130000015], [91.3652465130001, 22.79695258600009], [91.36537012900004, 22.797504732999982], [91.36539102600005, 22.798563540000146], [91.36533317600009, 22.799112720000096], [91.36540813300013, 22.799791728000116], [91.36575910300007, 22.800308052000048], [91.36598406300004, 22.800398704000088], [91.36626501100017, 22.800374603000137], [91.36639347200003, 22.80036358300009], [91.36685176600014, 22.800163212000143], [91.36806790600002, 22.79941731499997], [91.36852291400004, 22.799138240000048], [91.3687858080001, 22.79897699600008], [91.36944115600016, 22.798483350000083], [91.3697955450001, 22.798216401000104], [91.36984689000013, 22.798177725000073], [91.36999088500005, 22.798068487000137], [91.37020716100005, 22.797867110000084], [91.37064694600008, 22.797457623000184], [91.37085080000008, 22.79726781000005], [91.37100719700015, 22.79712218600008], [91.37123141200016, 22.79688215200008], [91.37191687199999, 22.796148320000157], [91.37193848000004, 22.796125187000086], [91.372312088, 22.79559476700007], [91.37240731499998, 22.795459570000162], [91.37251078900005, 22.795267382000077], [91.3726304280001, 22.795045168000172], [91.37292210000004, 22.794503424000084], [91.37300677900004, 22.79434614200005], [91.37302746000006, 22.794307728999968], [91.37330865700017, 22.79378543400003], [91.37350878700016, 22.793065566000166], [91.37352842400014, 22.793022535000034], [91.3737932160002, 22.792442289000178], [91.373952192, 22.791776239000114], [91.37396133700014, 22.791737925000177], [91.37424668400001, 22.790542411], [91.37425854400016, 22.790492719000156], [91.37426768900008, 22.790454405], [91.37456489300018, 22.789209198000094], [91.37457403700006, 22.789170885000033], [91.37484899200012, 22.788018873000112], [91.37487468500007, 22.787925647000066], [91.374885247, 22.787887321000085], [91.37522852500018, 22.786641717], [91.37523908700018, 22.786603391000085], [91.37539353100016, 22.786042976000147], [91.37563696500007, 22.785319079000033], [91.37583216500002, 22.78473860600002], [91.3761026430002, 22.784034182000028], [91.3762183880001, 22.783732737000037], [91.37650110700014, 22.783271932], [91.37666999900006, 22.78284895900009], [91.3766949690002, 22.782786425000097], [91.37671028800014, 22.78274805800004], [91.37688651400015, 22.78230671400007], [91.3772186830002, 22.781678392000174], [91.377283133, 22.78150046800016], [91.37729702600018, 22.78146211300009], [91.37746154400014, 22.781007937000027], [91.37788682600012, 22.780214373999968], [91.37790741200007, 22.780175961999987], [91.37813880300013, 22.779744191000077], [91.37857645200017, 22.778927537000186], [91.37859703800012, 22.778889124000102], [91.37912095400009, 22.777911482000036], [91.37931264700006, 22.777640293000104], [91.379339841, 22.777601823999987], [91.37988728900018, 22.77682734500013], [91.3802236160002, 22.776351536000107], [91.38025080900007, 22.776313066000114], [91.38038799000014, 22.776118991000146], [91.38140845300012, 22.77520845400005], [91.3816191000002, 22.775093598000126], [91.381684361, 22.775058015000127], [91.3817478380002, 22.775023404000024], [91.38224036800011, 22.774754373000064], [91.38297014100016, 22.774355749999984], [91.38333910000006, 22.774086673000056], [91.38415966100018, 22.773488241999985], [91.384270276, 22.773407570000074], [91.38443650900018, 22.773286336000183], [91.38500054200006, 22.772874982000076], [91.3852234540002, 22.772739172], [91.38526571400013, 22.77271342500012], [91.38573743700016, 22.772426024000026], [91.38619708300018, 22.77205538400011], [91.38624140000002, 22.77201964900007], [91.38627883200013, 22.771989465000047], [91.38630279900008, 22.771970139000075], [91.38670835500005, 22.771643112000106], [91.38682955100012, 22.77156841900006], [91.38716032400004, 22.771364563000077], [91.38719850100011, 22.77134103400016], [91.38730665400004, 22.771274379000033], [91.38811590900013, 22.770936832000075], [91.38826863100019, 22.770873130000155], [91.38909202200017, 22.770677129000035], [91.38913973200005, 22.770638135000183], [91.38965980500018, 22.770213056999978], [91.38989900700005, 22.770017545000144], [91.38997186600017, 22.769957993000048], [91.39005603400017, 22.7698891980001], [91.39010685300019, 22.769847661000142], [91.39066735400013, 22.76938953100006], [91.39069099500006, 22.769370207000065], [91.39099782500006, 22.769119413999988], [91.39101827000002, 22.769102702000055], [91.39131011300009, 22.76886415900009], [91.39154072200012, 22.768722362], [91.391804971, 22.768559880000055], [91.39198186400017, 22.76845111200015], [91.39258925500008, 22.76807763400012], [91.39280604800018, 22.767944330000148], [91.39294604300011, 22.767858247], [91.39306650500015, 22.76778417400004], [91.3931055540001, 22.76776016400015], [91.39327373800012, 22.76767967500018], [91.39333843500009, 22.767648711999982], [91.39361015200006, 22.76751867500019], [91.39377619100003, 22.767431897000108], [91.3939922240001, 22.767318990000092], [91.39411753000013, 22.76725350000015], [91.3942535970001, 22.767182386000115], [91.39454879400012, 22.767028103000087], [91.39462070800005, 22.76699051700018], [91.39468101800003, 22.76696542700006], [91.39473625300008, 22.766942449000112], [91.39522443400006, 22.766739357000176], [91.39529273700015, 22.7667109410001], [91.39549111900004, 22.766628410000123], [91.395702706, 22.7665754570001], [91.39618656400012, 22.766454361000058], [91.39626706100012, 22.766434215000118], [91.39667500600018, 22.76627721600005], [91.39697013500017, 22.766163634000065], [91.39699949300012, 22.766152336000175], [91.39735591600004, 22.766127961000052], [91.39745387200014, 22.766121261000023], [91.39799884500019, 22.7659817280001], [91.39810120800007, 22.76595551900016], [91.39832201200005, 22.76589898399999], [91.39836696900011, 22.765887472000088], [91.39911220100015, 22.765830284000174], [91.39923063700019, 22.765821195000058], [91.39940519300006, 22.765759334000165], [91.39945928600014, 22.76574016300009], [91.40118367500008, 22.765736325000148], [91.40236484400003, 22.765644244000043], [91.40245665100008, 22.765637086000027], [91.40332040300018, 22.765447395000024], [91.40368831100005, 22.76536659599998], [91.40454807900011, 22.76509130900007], [91.40459839100004, 22.76507520000007], [91.40568691500005, 22.764726659000075], [91.40573828200013, 22.764710211000136], [91.40579113800004, 22.76469328700017], [91.40734372200006, 22.764065808], [91.40816326100008, 22.763734583000087], [91.40833908800016, 22.763640255999974], [91.4088286180002, 22.76337392100004], [91.40894889100008, 22.763308486000085], [91.40899963500004, 22.76328087700017], [91.40940974100005, 22.763207262000037], [91.40952949100017, 22.763162982000097], [91.41001092900007, 22.762984957000015], [91.41010938000011, 22.762948552000125], [91.41027928300002, 22.76288572500016], [91.4105691110002, 22.762763948000156], [91.4106952140001, 22.762710963000075], [91.41098139300004, 22.76259071700008], [91.4112686430002, 22.76247002100007], [91.4113332190002, 22.762442887000134], [91.4118550660001, 22.762290223000093], [91.41208016600012, 22.76222437000007], [91.41220246699999, 22.762188592000143], [91.41243540800019, 22.762120444000175], [91.41273200600006, 22.762033674000122], [91.41300958200009, 22.76195246700007], [91.41358992100004, 22.761782685000014], [91.413617397, 22.761774646000163], [91.41417689400004, 22.761656883000114], [91.4142560950001, 22.761640213000135], [91.41446235300009, 22.7615968], [91.4145031750001, 22.761588208000035], [91.41463649200006, 22.76156014700007], [91.41475772000013, 22.76153463100013], [91.41480021000007, 22.761525687000074], [91.41489405400006, 22.761505934000127], [91.415983385, 22.76148724300009], [91.4160928570002, 22.76154143700012], [91.416162622, 22.761575974000095], [91.41618677600007, 22.76155920900004], [91.41644568800018, 22.76137949300005], [91.416507089, 22.76133687300012], [91.41657779400009, 22.7612877950001], [91.41790679500019, 22.760725060000027], [91.41816565800019, 22.760575174000053], [91.41940222900013, 22.75985917200012], [91.41956291100007, 22.759766132000095], [91.42077000200004, 22.759067181000034], [91.4210790260002, 22.75888824300017], [91.42228335600004, 22.75781356000016], [91.42256140300003, 22.757565439000132], [91.42292875200013, 22.75736120500011], [91.42297738600007, 22.757236581000143], [91.42320895600005, 22.75702904400009], [91.42367134700004, 22.756659138000032], [91.42395189400003, 22.756455762000087], [91.42466969600008, 22.7559354], [91.42474979500008, 22.755877333000115], [91.42511706400018, 22.755611083000076], [91.42514717300008, 22.755589256000178], [91.4251784000001, 22.755562608000105], [91.42621138900006, 22.754681094000148], [91.42691439200019, 22.753936707000094], [91.42695547700015, 22.753893202000143], [91.42708648500013, 22.753776287000164], [91.42769661800008, 22.753231777000053], [91.42806011200014, 22.752814359000126], [91.428348588, 22.752483085999984], [91.42885839200011, 22.75205537900007], [91.42892748900005, 22.751997408000136], [91.42913476800004, 22.75182350700004], [91.42959938100006, 22.751508660000013], [91.43088581799998, 22.7506368870001], [91.430947221, 22.750595275000023], [91.43318997200004, 22.74907538900004], [91.43383568900009, 22.748706933000108], [91.43448065700017, 22.74824908900007], [91.43460435800017, 22.748161277000065], [91.43468618500009, 22.748103190000165], [91.4363239180002, 22.746940584000072], [91.43672703200014, 22.74671905400004], [91.43765249300003, 22.74621046500016], [91.43773714500014, 22.746154463000153], [91.43844470400012, 22.745682524000074], [91.43949914000018, 22.744979211000043], [91.43961821500017, 22.74491471500005], [91.43971920899997, 22.744860013000164], [91.44032216300013, 22.744533426000032], [91.44037569900013, 22.744498953000118], [91.44106238900008, 22.74405169400012], [91.44111743900004, 22.744015838], [91.4411438480002, 22.743998637000118], [91.44169116300009, 22.743642150000028], [91.44191613900006, 22.74349561300005], [91.44198998600001, 22.74344751400008], [91.44221351000004, 22.743301923], [91.44244502800018, 22.74309436100009], [91.44250885900004, 22.743066303000035], [91.44268786300012, 22.742987617000097], [91.44271611000005, 22.74297520100015], [91.44281213500011, 22.742932990000156], [91.44318156800006, 22.742645156000094], [91.443458544, 22.742481089000137], [91.44402862600015, 22.742143396000188], [91.44422154800009, 22.742029117000016], [91.44428475300009, 22.741991676000055], [91.44437155900016, 22.741921777000016], [91.44474701000007, 22.74161945400016], [91.44487940400018, 22.74154394800013], [91.44499996400003, 22.74147519200011], [91.4451272500001, 22.741402599000082], [91.4453906780002, 22.741252363000058], [91.44546225699997, 22.7412030590001], [91.44554285700008, 22.74114754100009], [91.44577085700013, 22.740990495000062], [91.44590438800009, 22.740898518], [91.44592688600017, 22.74088302100006], [91.44624516900012, 22.74066378300006], [91.44653307700014, 22.740465469000185], [91.44681899200009, 22.740268525000033], [91.44689908800012, 22.740196873000116], [91.44709692700008, 22.74001989400017], [91.44731119700003, 22.739885299000093], [91.44737500200006, 22.739845220000063], [91.4474936360001, 22.739770699000076], [91.44808207700004, 22.739401066000084], [91.44831308500017, 22.739255956000022], [91.44866154400012, 22.739037066000037], [91.44871319000015, 22.73899812500008], [91.44885270100002, 22.73889293200017], [91.44894733900003, 22.73882157500003], [91.44926168600006, 22.738584553000123], [91.44931280999998, 22.73855508700018], [91.44962322800012, 22.738376174000052], [91.44975204100018, 22.738301931000024], [91.44995210800016, 22.738186620000192], [91.45018111100018, 22.738054628999976], [91.45039380000009, 22.737864354000124], [91.45045903500005, 22.737805994000098], [91.45100981700017, 22.73752100900009], [91.45106047400003, 22.737510503000067], [91.45119198300017, 22.73748322800003], [91.45128191100014, 22.7375275710001], [91.45150020200015, 22.737913949000074], [91.45149358900005, 22.738209798000128], [91.45142276300004, 22.73863574100011], [91.45141462600003, 22.738684677000094], [91.45138831300005, 22.738842969000018], [91.45131174400018, 22.740236805000052], [91.45129224200019, 22.74311583200017], [91.45121722300013, 22.74442611100011], [91.45096158000018, 22.745690612000033], [91.45092662500002, 22.748026095000114], [91.45087201300015, 22.75167491900004], [91.44905200400012, 22.75447997700013], [91.44908139700016, 22.757265986000164], [91.44621651000017, 22.770672403000162], [91.44526130200018, 22.783103670000116], [91.4446302840002, 22.79131510600007], [91.44467749200015, 22.792015691000074], [91.44489441100006, 22.795234710000045], [91.44428639500006, 22.796177254000042], [91.44426717700009, 22.796202264000158], [91.44406670600006, 22.798613273000058], [91.44373076900007, 22.80284538900014], [91.44385179200009, 22.803618606000043], [91.44443907400017, 22.80737060100006], [91.44474984400011, 22.809357003000116], [91.44593294100002, 22.81339922300009], [91.44632922600005, 22.813908171000094], [91.44824593300012, 22.816374460000134], [91.45008852800004, 22.81871733400004], [91.45113578100012, 22.820048876000044], [91.45261833000012, 22.821753628000067], [91.45402265400014, 22.82337102000014], [91.45538174700005, 22.826000351000175], [91.4588369110001, 22.829141091000167], [91.46055920600008, 22.83018200100014], [91.46171852500015, 22.831934782000133], [91.46250164600002, 22.83404098000011], [91.4628866290002, 22.837866824000116], [91.46292685500015, 22.83826835900004], [91.46314141300013, 22.84055615400007], [91.46395282400005, 22.84316321700004], [91.46412586200012, 22.843719171000032], [91.46420099500006, 22.843862484000056], [91.46587295100016, 22.84705153800013], [91.46590429600019, 22.847475732000078], [91.4660950780002, 22.850045705000184], [91.46612568800003, 22.85051904400018], [91.46632288400019, 22.853568165000127], [91.46624282100004, 22.85382630099997], [91.46581118300003, 22.85520758600012], [91.46591068800018, 22.855342142000097], [91.46567881600004, 22.856552245000103], [91.46550632800012, 22.859267810000176], [91.46583810500016, 22.861976468000137], [91.46615785700016, 22.86356307000011], [91.46631265600007, 22.86396806300013], [91.46730031500016, 22.866546487000164], [91.46800552400015, 22.867426088000173], [91.46884569100013, 22.868474001000095], [91.46881806100015, 22.86851038200018], [91.46963005800012, 22.869247981], [91.47088107500014, 22.870591145000105], [91.47258050800014, 22.871826280000107], [91.47408043899998, 22.875456593000024], [91.47405936600012, 22.87643896200018], [91.47400548200011, 22.87889602600012], [91.4738306810001, 22.879420130000142], [91.47313450800016, 22.881507423000073], [91.47260556700019, 22.882286900000167], [91.47213846800014, 22.882975234000128], [91.47045572400003, 22.883302391000086], [91.46832679900018, 22.88394750000009], [91.46776567400019, 22.884056542000053], [91.4657337540001, 22.88324213400017], [91.46471974000008, 22.88304375299998], [91.46168780900013, 22.882371726000088], [91.46177175500014, 22.88384310300006], [91.46178024000005, 22.8846355390001], [91.46172241400006, 22.885891449999974], [91.46187487200007, 22.886815779000187], [91.462025907, 22.887606905000098], [91.4620775210002, 22.888193687000125], [91.46210707000006, 22.888529630000107], [91.46211273300008, 22.88905792200012], [91.46220597500019, 22.889546322000058], [91.46221767800017, 22.889607623000074], [91.46226376900017, 22.889849047000155], [91.46199282700013, 22.89117239800015], [91.46187430300012, 22.891474319000167], [91.46157650200007, 22.892232913000043], [91.46152318100019, 22.892439657000068], [91.46130274400014, 22.893294374], [91.46123570000009, 22.893690119000155], [91.4609201090002, 22.895492076000153], [91.460899826, 22.895607886000107], [91.46092042400011, 22.895857027000034], [91.46098171600005, 22.896598340000025], [91.46120333500016, 22.897323340000128], [91.46147010900006, 22.897656443000074], [91.46235935800019, 22.898766775000126], [91.46293098600006, 22.898892470000135], [91.46386256600005, 22.899346755000124], [91.46465230100006, 22.8998678210001], [91.46511821700011, 22.900078024000152], [91.4651830090001, 22.90010729300019], [91.46522597500012, 22.90012670200008], [91.46537350400018, 22.90058820500019], [91.46474060100013, 22.901452033000055], [91.46425582600006, 22.901859315000024], [91.46410476000017, 22.901986234000105], [91.46282952400014, 22.902725016000147], [91.461763857, 22.903064473000086], [91.46112586900017, 22.903399992], [91.4605570510002, 22.90353843500003], [91.45991905500011, 22.90387395000016], [91.4598534320001, 22.904402894000043], [91.46042863600013, 22.90486047400009], [91.4602952620001, 22.905719692000105], [91.45975515300006, 22.905744964000064], [91.45912450700013, 22.90642585300003], [91.46013869300003, 22.90662426000017], [91.4602742240001, 22.906595928000115], [91.46027549900015, 22.9067110580001], [91.46150065600017, 22.90669980200005], [91.46181994500006, 22.906696860000125], [91.46485244500013, 22.906338365000067], [91.46489663000011, 22.906333141000175], [91.46619039700016, 22.906180174000042], [91.4669670510001, 22.90617300100007], [91.46774762400014, 22.90616579200008], [91.46916474600016, 22.90615269600005], [91.47030832300015, 22.906142108000097], [91.47430030600015, 22.906672629000184], [91.47701056800003, 22.907032753000124], [91.47835992400013, 22.90717825900009], [91.48113426700007, 22.907473026000048], [91.4901503640001, 22.90810219000008], [91.49252805900011, 22.90778634800006], [91.49268993900017, 22.907877395000014], [91.49448675800011, 22.908598808000136], [91.49457625500014, 22.907968035000067], [91.4967745030001, 22.90791120900019], [91.49755039500019, 22.907822617000136], [91.49855399900008, 22.907607689000088], [91.49901095500007, 22.907605633000117], [91.4997863980002, 22.90747639300008], [91.50005977400008, 22.90734737100007], [91.50066461900008, 22.90688783200011], [91.50078849100004, 22.90679409200004], [91.50137834900016, 22.90585828900015], [91.50192399800011, 22.9053902710001], [91.50256228400019, 22.905090717], [91.50292625499998, 22.904834395000137], [91.50456714100005, 22.904067002000147], [91.50506851700015, 22.90389517300008], [91.5055711500001, 22.90389266800014], [91.50598226800014, 22.903933930000164], [91.50785636200015, 22.904478356000084], [91.50857615200005, 22.90452628000014], [91.50904352300006, 22.904557397000133], [91.50981927900011, 22.904513901000087], [91.51009329500005, 22.904554196000163], [91.51086915700012, 22.90446553600009], [91.51118889200018, 22.90450765300011], [91.51132630800004, 22.904592144000105], [91.51160048500003, 22.904591793000122], [91.51333719000013, 22.905051661000186], [91.51411437700006, 22.90530165100006], [91.51452615800008, 22.90551222], [91.51489243700013, 22.905849662000037], [91.51512211800019, 22.906231301000105], [91.51512325800013, 22.906443526000146], [91.51526120900007, 22.906740247000073], [91.515126254, 22.907206647000123], [91.51512655100015, 22.907282415], [91.5151282430001, 22.90771464100004], [91.51499249200015, 22.908054611000125], [91.51494992900007, 22.90877526800017], [91.51499829800008, 22.909454413000105], [91.51518213600019, 22.90987713000004], [91.51559494300017, 22.91034282200019], [91.51628191700013, 22.910805897000046], [91.51728830100012, 22.911225274], [91.51792764700008, 22.91135011800003], [91.518113611, 22.911407124000164], [91.51929903700005, 22.91177050800019], [91.51948261100011, 22.9118951910001], [91.51971097699999, 22.91193816400005], [91.51989381500005, 22.912105751000126], [91.52016835000012, 22.91219117999998], [91.52048923199999, 22.912443241000176], [91.52131286100001, 22.91286434400007], [91.52220200400018, 22.91340295400005], [91.52234513600007, 22.913489658000117], [91.52305206900007, 22.913917884000057], [91.52355467100006, 22.914127557000086], [91.52570554400012, 22.915265174000126], [91.52584282800012, 22.915390293000087], [91.52598096600019, 22.91545713000005], [91.526712185, 22.915810925000073], [91.52707880600008, 22.916064790000064], [91.52724869899998, 22.91612293100013], [91.52744459200017, 22.916189968000083], [91.52757784700009, 22.916172882000126], [91.52778657300013, 22.916310856000166], [91.52945817700004, 22.91741238400016], [91.53037257100004, 22.917663226000116], [91.53103349100019, 22.917948533000015], [91.53115020800016, 22.917998918000023], [91.53206620900016, 22.918717100000094], [91.53266071900015, 22.918968757000073], [91.5330280180001, 22.919389678000186], [91.53309565000018, 22.919575944000144], [91.5334895900001, 22.920660891000125], [91.53363164300004, 22.921804230000134], [91.53363615000012, 22.922908259000053], [91.53341038600013, 22.923585526000068], [91.53330001900014, 22.923766654000133], [91.53304780200011, 22.92418057499998], [91.53256041100019, 22.924879644000043], [91.5322759930001, 22.92528758200001], [91.53109881500006, 22.927793829000166], [91.53090862900012, 22.928127111000038], [91.53073606100008, 22.928429516000108], [91.53051065500006, 22.92919483300011], [91.53055853400002, 22.92965948000011], [91.53051319100013, 22.929745715000024], [91.53072701400015, 22.929914908000057], [91.53099524700019, 22.93012715300017], [91.53115448600016, 22.930252054999983], [91.53170382600013, 22.930547045000083], [91.53330415300013, 22.931091532000096], [91.53577224000014, 22.931632124000032], [91.53737376900006, 22.93238879100005], [91.53769345000012, 22.932473748000064], [91.53833539200008, 22.932980050000026], [91.53857125200005, 22.933305147], [91.53879413600004, 22.93361456300005], [91.53893311600018, 22.933994784000163], [91.53903046600004, 22.93543658200008], [91.53899961600018, 22.935828171000026], [91.53895408700004, 22.936406059999968], [91.53894359500009, 22.93653923500011], [91.53886505900016, 22.936760617000118], [91.53852648500003, 22.93771500800011], [91.53844688900017, 22.937939377000134], [91.53781331500016, 22.93925504599997], [91.53764098600004, 22.939510227000085], [91.53695075300004, 22.940532293000047], [91.53626876300007, 22.94134041800004], [91.535177395, 22.94248891900014], [91.53344568300008, 22.943386212000064], [91.53329827500016, 22.943432608000137], [91.53312745600016, 22.943486372000166], [91.53276184700019, 22.943600537000123], [91.53184877000001, 22.94364548100009], [91.53121017700005, 22.943818724000096], [91.53079881100012, 22.943820436000067], [91.52823030600013, 22.94411678900019], [91.52815108200014, 22.94412592900005], [91.526462961, 22.944514718000164], [91.52509615000014, 22.945241335000162], [91.52477770000013, 22.945540167], [91.52455050300006, 22.94587876600002], [91.5245083430001, 22.94668521300008], [91.52496937100005, 22.947741954000037], [91.525750271, 22.948843035000095], [91.52615193800011, 22.949313661000133], [91.52675943800011, 22.950025450000112], [91.52776978800006, 22.951420082000027], [91.52873232500019, 22.952137823000044], [91.5290523770002, 22.95230633300008], [91.52946351600019, 22.952390425000146], [91.53037759200015, 22.952429021000114], [91.5307417520001, 22.952129735000085], [91.53160696300017, 22.951617887000168], [91.53301840400019, 22.950468577000095], [91.53343450200015, 22.949965577000057], [91.53410913500011, 22.949148502000014], [91.53465510600006, 22.948596831000145], [91.53510830700014, 22.947872205000067], [91.53574499000018, 22.947150317000023], [91.53588108200006, 22.94689612500008], [91.5362904340002, 22.946553490999975], [91.53656400000011, 22.946383764000075], [91.53702026000019, 22.946255165000025], [91.53797890499999, 22.94625038900017], [91.53807797700006, 22.946273261999977], [91.53834493300008, 22.94633489400013], [91.53857369600013, 22.946461371], [91.53868275800005, 22.946512244000075], [91.53903134700005, 22.94667142300017], [91.539765225, 22.947431956000116], [91.53999538600016, 22.94789708700017], [91.5404122270001, 22.949292880000087], [91.54100937100009, 22.95014053100016], [91.54142273000014, 22.950689675000092], [91.54213661500012, 22.95193417300004], [91.54275707500011, 22.953015785], [91.54491460500009, 22.95563641000001], [91.54532821600014, 22.956311981000056], [91.54536639200012, 22.956433981000032], [91.54542119000018, 22.956609102000073], [91.54542894900004, 22.956699676000085], [91.54585902500008, 22.95704283700013], [91.54620960500012, 22.957375865000188], [91.54657757000012, 22.957785188], [91.54706821800005, 22.958145308000155], [91.54816575100017, 22.958677682000143], [91.54853328200011, 22.95820661600004], [91.54893135300011, 22.95783436500011], [91.54944335400012, 22.95735556900007], [91.55017200400016, 22.956844960000012], [91.55080318800015, 22.95651057700013], [91.5509014540001, 22.9564585170001], [91.55108299300014, 22.956289664999986], [91.5517670970001, 22.955989462000105], [91.55226908200012, 22.955860368000117], [91.55277128800009, 22.955857712000068], [91.55395964800005, 22.956107975000066], [91.55432642600016, 22.95636176700009], [91.55460021200008, 22.956318444000146], [91.55551562800014, 22.956738448000067], [91.55580747200014, 22.95692572300004], [91.55597307400018, 22.957031989000143], [91.5567061540001, 22.95749667400014], [91.55748396700005, 22.957875119000107], [91.55830726000005, 22.958126676], [91.5590837530001, 22.958123561000036], [91.55949478500014, 22.958035980000147], [91.5604977640001, 22.957691961000023], [91.56152274800019, 22.9574166700001], [91.56176149100014, 22.957352546000095], [91.56209465200004, 22.95726306400013], [91.56245898200018, 22.95709014100015], [91.56305129600014, 22.95670725399998], [91.56306999600014, 22.95668969800016], [91.56336968400007, 22.95640834600016], [91.56382364600012, 22.955814587000134], [91.56413958400015, 22.95487900700016], [91.56418348400007, 22.954456369000184], [91.56463484800008, 22.95326657900017], [91.56496412600018, 22.952802742000074], [91.56527063200014, 22.95237299700011], [91.56577051800008, 22.951905216000057], [91.56609025400007, 22.95177788300009], [91.56673169800001, 22.951690934000055], [91.56704892400018, 22.951772930000118], [91.56739450900005, 22.95193207500006], [91.56750663300011, 22.951982895000185], [91.56771667100008, 22.952175858000032], [91.56778540800019, 22.95223900700006], [91.56787377800003, 22.952320192000116], [91.56810442100004, 22.952871070000015], [91.56810650400013, 22.95342194800014], [91.56797242800019, 22.95405770900004], [91.56793014800007, 22.95477836200007], [91.56793310600017, 22.95545792400003], [91.56784304000013, 22.95584038000004], [91.56789094800001, 22.95634790800011], [91.56780407000014, 22.95732412600006], [91.56785148500006, 22.957788761000018], [91.56808190000004, 22.958213203000184], [91.56832889700013, 22.958423211000138], [91.56867775600011, 22.95871982600005], [91.56973109000006, 22.959307715000136], [91.57102309000004, 22.959892395], [91.57279718900014, 22.96069521800007], [91.57320958600008, 22.960989153000185], [91.57343766200012, 22.960946249000187], [91.5737123020001, 22.961029320000023], [91.57421564700013, 22.961281711000026], [91.57549674300009, 22.961743119], [91.57581632800014, 22.961916072], [91.57627512300019, 22.962164360000145], [91.5770085440002, 22.962755378], [91.57776899500016, 22.963498696000045], [91.57788687100009, 22.963613915999986], [91.57847651000014, 22.96419025900019], [91.57875168300006, 22.964528443000063], [91.57880792000003, 22.9646994740001], [91.57889069700002, 22.96495152], [91.57866336300003, 22.965163756000152], [91.57825517600014, 22.96575935800007], [91.57751832200006, 22.967290687], [91.57743445800008, 22.96725991200003], [91.57716133600002, 22.967203927000128], [91.57712651500009, 22.9671975010001], [91.57708167600003, 22.96722052399997], [91.57676055700017, 22.967388536000044], [91.57664384400005, 22.96746871900018], [91.5764346360001, 22.967615296000133], [91.57613437200013, 22.96779439000005], [91.57576996500012, 22.96806668500011], [91.57548925700013, 22.968408144000023], [91.57530001300012, 22.96864708900017], [91.57507157300006, 22.968922550000116], [91.5748800180001, 22.96917280700012], [91.57462804000005, 22.96946882000003], [91.5744487030002, 22.96972121700003], [91.57436685800008, 22.969812340000033], [91.57418031900005, 22.970021907000046], [91.57397991800008, 22.970245159000058], [91.57366630400003, 22.9704830820001], [91.57330098900013, 22.970730548000176], [91.57300108600009, 22.970889310000132], [91.57256247000004, 22.971123954], [91.57212204700011, 22.971360875000187], [91.57146007800009, 22.971627083000158], [91.57109924700018, 22.97178870200014], [91.57103253900016, 22.971818716000143], [91.57088333200016, 22.97188341400016], [91.57033153800018, 22.972189165000145], [91.57028057400004, 22.972209989000078], [91.56990996200011, 22.972376744000087], [91.56975722500016, 22.972445466000124], [91.5691412450002, 22.972736046000023], [91.56857885700003, 22.97296964700007], [91.56854975900012, 22.97298348300012], [91.5680773150001, 22.97319361300009], [91.56789672100007, 22.97328571300011], [91.56748891100005, 22.973497462000125], [91.56695128899997, 22.973764680000045], [91.56668919100014, 22.97392531600019], [91.56647249000008, 22.97405840800019], [91.56600946900005, 22.97429327700013], [91.5655569650001, 22.97454158700009], [91.56513317300005, 22.97474219900016], [91.56477285500006, 22.97489703000008], [91.56455568700005, 22.974989484000105], [91.56424795800007, 22.975105410000083], [91.56400521300014, 22.975200375000043], [91.56340581800004, 22.97539820200018], [91.56283875100007, 22.975597963000098], [91.5628059660001, 22.975609575000192], [91.56230655799999, 22.975808667000138], [91.5619043330002, 22.975977449000027], [91.561658394, 22.976113081999983], [91.56157964800008, 22.976156757000126], [91.56123315400004, 22.97636630900007], [91.56081463300012, 22.976584241000182], [91.56040070800003, 22.97679603200004], [91.5600146230002, 22.977043672000093], [91.55983488800013, 22.97715833200016], [91.55935821300005, 22.97742718400019], [91.55897025900009, 22.977618395000093], [91.55855430400004, 22.97786632800012], [91.55829022600005, 22.978015682000034], [91.55825446900019, 22.978034095000055], [91.55771452700009, 22.978314851], [91.55731245700008, 22.97855135600014], [91.55696347000003, 22.978685735000113], [91.55686524300017, 22.978731858000117], [91.55663851400016, 22.97884245800003], [91.55642414500011, 22.97891455400014], [91.55633063800008, 22.978947083000094], [91.55632321600018, 22.979044242000043], [91.55630140600016, 22.97932216200013], [91.55628868399998, 22.979701595000165], [91.55628629400013, 22.97981225000018], [91.55627727600012, 22.980302277000135], [91.55627667800007, 22.98035647000006], [91.55626933500008, 22.98083293600007], [91.55626845400008, 22.98088532200012], [91.55626543700009, 22.981064731000174], [91.55625809300005, 22.98150134900004], [91.55625269600006, 22.981562363000137], [91.55621200900015, 22.98205495900004], [91.55620477200017, 22.982434337000143], [91.5562212390002, 22.982967013000177], [91.55622931100015, 22.983192711000186], [91.55623674800012, 22.983416159], [91.55627962300002, 22.983912451000037], [91.5563007660001, 22.98421478400013], [91.55630952900003, 22.984341135000022], [91.55632408300016, 22.98448994400013], [91.55636269899998, 22.98488473900005], [91.55637834000015, 22.985345175000134], [91.55637126200008, 22.985738096000034], [91.55639074200008, 22.98610818100019], [91.556424172, 22.986365242000034], [91.55644017100019, 22.986484747000077], [91.55644488000013, 22.986523083000066], [91.55651406000015, 22.986973958000135], [91.55653518100007, 22.987167921000093], [91.55655561700013, 22.987355115000128], [91.55658309900014, 22.98759868700006], [91.55661058200019, 22.987842258000057], [91.5566880130001, 22.988374334000184], [91.55669514200008, 22.988425307000057], [91.55674446000006, 22.988777922], [91.55679833900018, 22.989170245000082], [91.55683027500015, 22.989562786000135], [91.55688457000008, 22.98999122900011], [91.55693281400016, 22.99074259700012], [91.55695419300008, 22.991065250000077], [91.55700490700019, 22.991314236000107], [91.55705562100013, 22.99156322200008], [91.55704908900015, 22.99200355300019], [91.5570478210002, 22.992085125000187], [91.5570426330001, 22.992450658000166], [91.55704315100019, 22.992495809000047], [91.55705491100008, 22.993202380000184], [91.55702285600017, 22.993437503000166], [91.55701273800003, 22.99351211000004], [91.55700374100007, 22.993950207000125], [91.55703554700005, 22.99433145900008], [91.55705285400018, 22.99472414200011], [91.55704732200007, 22.995092215000113], [91.55706462900014, 22.995484897000097], [91.55705960200004, 22.995843935000153], [91.5570232390001, 22.99612877200019], [91.55669866400018, 22.99658803500006], [91.55647093500005, 22.996667038000112], [91.55634886500007, 22.996708877000117], [91.5560602770002, 22.996797508999975], [91.55571914400014, 22.996929553000086], [91.55568637900018, 22.99694342099997], [91.55561513000004, 22.99695089400018], [91.55529907, 22.996983351000097], [91.55514905100011, 22.996980307], [91.55499783700003, 22.996979534000047], [91.5549258760002, 22.996977983000022], [91.55473899200001, 22.996950465000054], [91.55448126300013, 22.996912357999975], [91.55402166300007, 22.996815266000112], [91.553838155, 22.996762881000166], [91.55358860100017, 22.996693079000067], [91.55310853600014, 22.996512651000046], [91.5529341720001, 22.996460173000173], [91.55258971400019, 22.99635517700017], [91.5520315930001, 22.99617325200012], [91.55157572100006, 22.996028705000185], [91.55146130800006, 22.99599370200019], [91.551154725, 22.99589510200002], [91.55072128300003, 22.99573904400006], [91.55027795600006, 22.99557179300018], [91.55012554100011, 22.99551909799999], [91.54992051900007, 22.995451113000172], [91.54962729100015, 22.995293678], [91.54947578600013, 22.99521388100004], [91.54906904100011, 22.995046268000124], [91.54867256400007, 22.994923709000034], [91.54833979900019, 22.994827622000173], [91.54795415900008, 22.994799781000097], [91.54755655900004, 22.99479237700018], [91.54714473900009, 22.994821236000178], [91.54669698600003, 22.994906890000152], [91.54637027800004, 22.995074899000087], [91.54632981800006, 22.99510916100013], [91.54588034600016, 22.99547253600008], [91.54559716000017, 22.995714626], [91.54510015400007, 22.996026534000066], [91.54505110800011, 22.996056364000026], [91.54469813800006, 22.996274298000117], [91.54443053200009, 22.996439467000016], [91.54428222400009, 22.99653348400011], [91.54404284000003, 22.99671418300005], [91.54385571100005, 22.99693275499999], [91.54377868000017, 22.997021560000178], [91.54332071300001, 22.997604019000107], [91.54295915400007, 22.99808619000015], [91.54290089300014, 22.99816352400012], [91.5426837240002, 22.99852914400003], [91.5425163110001, 22.99881977100017], [91.54246907400017, 22.99890151000011], [91.54244037600012, 22.99895146400013], [91.54233463500015, 22.99925052100008], [91.54233332700005, 22.999349876000053], [91.54232954500009, 22.999607302000072], [91.54237135000011, 23.000013296000077], [91.54242828399998, 23.00030174000011], [91.54252404300018, 23.000465625000118], [91.54263945800005, 23.000588680000078], [91.54285323000016, 23.00072883600012], [91.5431220850001, 23.00148373600007], [91.54318577900005, 23.001662579000026], [91.5435812990001, 23.00277181500013], [91.54365673200004, 23.003078135000067], [91.5436663380001, 23.00311868200015], [91.54375740900008, 23.003458409000075], [91.54413116900014, 23.004852646000074], [91.54415282200006, 23.004933718000018], [91.5441859120001, 23.00505531300007], [91.5442716980001, 23.00525316400018], [91.54431982500012, 23.005356552000023], [91.54435671900012, 23.005437473000086], [91.54436564200006, 23.005471251000188], [91.54437771300007, 23.00551403100019], [91.54442864300006, 23.00570318700005], [91.54452626700015, 23.006083801999978], [91.54462274100013, 23.006417014000192], [91.54473364700004, 23.00686636000006], [91.54540715400009, 23.00911870200008], [91.5455897380001, 23.009731035000073], [91.54580797900013, 23.010422046000087], [91.54591602500017, 23.01080707000017], [91.5459281000002, 23.01084985200015], [91.54626799200008, 23.012156047000133], [91.54630306700005, 23.01229116900015], [91.54634963500018, 23.012471337000136], [91.54696887000017, 23.014851764000184], [91.54711043200018, 23.015394505000017], [91.547134658, 23.015486837000026], [91.54719523200009, 23.015718796000158], [91.54728150500017, 23.016122882], [91.5479264270001, 23.019143473999975], [91.5478239250001, 23.019512496000175], [91.5475241420001, 23.01953349000013], [91.54713897500011, 23.01955305900003], [91.54694236600011, 23.019584333000125], [91.54686384000019, 23.019596390000174], [91.54657943000012, 23.019628519000094], [91.54625500200007, 23.019627175000153], [91.54585789600009, 23.019669436000186], [91.54555772700019, 23.019656564000172], [91.54334512500009, 23.019581072000165], [91.543315248, 23.0195813630001], [91.54299132600005, 23.019570976000182], [91.54270398900019, 23.019560232], [91.54244960300008, 23.01955142300011], [91.54202859200012, 23.019422314000167], [91.54150112800005, 23.01947712500015], [91.54144081700008, 23.01948222800013], [91.54116252000006, 23.01951134600006], [91.53960871700019, 23.019673913000076], [91.53913422100004, 23.019721426000046], [91.53845084300013, 23.01979354600013], [91.53841690299998, 23.019811939000135], [91.53856521000012, 23.019984347000047], [91.53873491600012, 23.020164689000012], [91.53883680000018, 23.020272959000124], [91.53900644900011, 23.020445159000133], [91.5390835550001, 23.020530609000105], [91.53915590200012, 23.020610784000098], [91.53930421300004, 23.020783189000042], [91.53945290500013, 23.02093527300019], [91.53947566900001, 23.020953113000076], [91.53967453600006, 23.021120513000085], [91.53976392300007, 23.021205441000177], [91.53982124700019, 23.021259068000063], [91.53992170900017, 23.021352917000115], [91.53997417800014, 23.021408852000036], [91.5400399470002, 23.02147868900005], [91.54019330400018, 23.021641529000192], [91.54039157100016, 23.021863119000045], [91.54057523700004, 23.02214129600003], [91.54061304600009, 23.02219511600009], [91.54074690600015, 23.022383466], [91.5408140670001, 23.022497958000088], [91.5409309580001, 23.02269550699998], [91.54097260500009, 23.022765091000053], [91.54102042700015, 23.02284139200009], [91.5411154900001, 23.02299625300003], [91.54116636300012, 23.023072521000074], [91.54120666400019, 23.023130830000014], [91.54136699200012, 23.02336746600008], [91.54159465600014, 23.02368020800003], [91.54179097600019, 23.023944713000162], [91.54193092400004, 23.024239121000164], [91.541950923, 23.024281822000034], [91.54211027700006, 23.024512821000087], [91.54216437700012, 23.02460486400014], [91.5422471600001, 23.02474489399998], [91.54234221000019, 23.02490567300009], [91.54236838500009, 23.024955090000162], [91.54251420200018, 23.025229117000038], [91.54264942200018, 23.025482928000145], [91.54367564199998, 23.027346878000174], [91.54396271100006, 23.02786788100002], [91.54458420100013, 23.028997479000054], [91.54477411900001, 23.029341067000075], [91.544941649, 23.029646488000026], [91.5452239550001, 23.030016265000143], [91.54536072300004, 23.030191036000133], [91.54555634800016, 23.030606814000066], [91.54566606200018, 23.030815715000017], [91.54585074900012, 23.03112774100009], [91.54609416200009, 23.03150918400013], [91.54628064400009, 23.031764749000047], [91.54646507400003, 23.032054199000186], [91.54669793500005, 23.032365752000146], [91.547118581, 23.033099933000017], [91.54813789900015, 23.034882635000088], [91.54819140100017, 23.034974679000072], [91.54820758900007, 23.035003871000185], [91.54825956800005, 23.035115777000044], [91.54843830900018, 23.035500583000044], [91.54919844200009, 23.03685457900019], [91.5494561930002, 23.03731489600017], [91.55009307400019, 23.03844883000005], [91.55011211900012, 23.038514120000116], [91.55014448500009, 23.038624434000155], [91.5501539920001, 23.03865594900003], [91.54978160400003, 23.038677661000065], [91.54963027900004, 23.038686833999975], [91.54933730600004, 23.038704592000045], [91.54920505400008, 23.038712659999987], [91.54916544100013, 23.03871530600003], [91.54846273600015, 23.03875831300013], [91.54817171800005, 23.038855988000137], [91.54806236300016, 23.038893182000038], [91.54795986200008, 23.038889672000096], [91.54772370800009, 23.03887843500013], [91.54569172800018, 23.038785419000078], [91.54524810800007, 23.03876491900013], [91.54491189100008, 23.038750143000186], [91.54475506600016, 23.03874264199999], [91.54450620700004, 23.038740557000096], [91.54406439100012, 23.03871777800009], [91.54365672500012, 23.038694664000104], [91.5413042080001, 23.03857085200019], [91.54117118900018, 23.038565376000065], [91.54093805900004, 23.03855184400004], [91.54081005000006, 23.038557606000154], [91.5405948610001, 23.038566475000096], [91.54048941300005, 23.038572019000185], [91.53510283000014, 23.038565692000077], [91.53483821800012, 23.03857277500009], [91.53459842100006, 23.038579507000065], [91.53422364500017, 23.03859002900009], [91.53280795200016, 23.03863085100005], [91.53229946500011, 23.03864480699997], [91.53092093900011, 23.03868299200002], [91.53070206500013, 23.038689628000043], [91.53063409500015, 23.038692543000025], [91.53059720100015, 23.038692898000136], [91.53061872600006, 23.03876268300013], [91.53067130400012, 23.038936025000112], [91.53068054500011, 23.038973414999987], [91.53068856100003, 23.03900585000008], [91.53071730300013, 23.039120717000117], [91.53074103900013, 23.039170159000093], [91.53077041600017, 23.039233094000053], [91.53082725900015, 23.039352205000057], [91.53091856700007, 23.039552264], [91.53093795600017, 23.039594973000078], [91.53097474700013, 23.039703098000075], [91.5310597080001, 23.039952784000093], [91.53107518700006, 23.040027142000042], [91.53110621900015, 23.040182629000014], [91.53115400400009, 23.040471161000085], [91.53120257800003, 23.040829681000105], [91.53121236400011, 23.040886031000127], [91.5312600210001, 23.04116327700018], [91.53132012900011, 23.04146297900013], [91.5314054230002, 23.041832431000103], [91.5314405310001, 23.042132377000087], [91.53146948800008, 23.042427867000185], [91.53147431800016, 23.042477490000124], [91.53180962000016, 23.043481460000066], [91.53191292500009, 23.04379077400006], [91.53197113900012, 23.043965075000187], [91.532077195, 23.04428239400005], [91.53245785800016, 23.045421145000034], [91.53311180499998, 23.04672432200016], [91.53344940900007, 23.04739838300003], [91.53359266700016, 23.047661152000046], [91.53370667500019, 23.04787227900016], [91.5337042770002, 23.04809130600006], [91.53371455700011, 23.048332064000135], [91.53369867300006, 23.048619682000094], [91.53368535100003, 23.048897519000093], [91.53371966000009, 23.049287782000135], [91.5337925020001, 23.049472214000104], [91.53395240999998, 23.04975062700015], [91.53402890700005, 23.049880837000103], [91.53406184400018, 23.049934705000112], [91.53434685800016, 23.05027286500001], [91.53487709400014, 23.05125888300006], [91.53540233400008, 23.052233657999977], [91.53564362600014, 23.052683020000018], [91.53601984000017, 23.05338364300019], [91.53628963400013, 23.053884507000078], [91.53641051500011, 23.054109109000024], [91.53667284000005, 23.05459649800008], [91.53649847200018, 23.054711082000154], [91.53643359900002, 23.054745578000166], [91.53633660500003, 23.054798450000078], [91.53624871000011, 23.054846718000192], [91.53622500700004, 23.054859906000047], [91.53601534800015, 23.05497655099998], [91.53597904700007, 23.055002870000123], [91.53578653700015, 23.055131174999985], [91.53561454300012, 23.055255756000122], [91.53544532400008, 23.055378329], [91.5353976770001, 23.055405313000108], [91.53518553700019, 23.05543729700014], [91.53496145399998, 23.055471082000167], [91.53456372600016, 23.05546817100003], [91.53422673100005, 23.055442091000145], [91.53393069700007, 23.055370458000027], [91.53349378000007, 23.055354377000185], [91.53319622900005, 23.055364036000185], [91.53297160700015, 23.055350409000027], [91.53266185700005, 23.055360189000112], [91.53233615100015, 23.055415274000154], [91.53205079700012, 23.055424813000172], [91.53197100300014, 23.055434619000096], [91.52991307000008, 23.055711938], [91.52944713500017, 23.055772891000174], [91.52914907200011, 23.055737394000175], [91.52892650900009, 23.055689874000166], [91.52883064200006, 23.055662343999984], [91.52871354900009, 23.055628718000037], [91.52863260900011, 23.055591117000063], [91.52846582400008, 23.05551370800015], [91.5281448610001, 23.055394891000162], [91.52773417100019, 23.055324354000106], [91.52749732400008, 23.05530858000003], [91.52528853500019, 23.05546086200019], [91.5252330850002, 23.055465912999978], [91.52526205600003, 23.05560110099998], [91.52528886400012, 23.05572478800019], [91.52538924100014, 23.056197059000112], [91.52547840600016, 23.056612759000018], [91.52557953000019, 23.057088175000104], [91.52564181200017, 23.057379454000113], [91.52584547100008, 23.05833190500016], [91.52622606700015, 23.06011414000011], [91.52642157500014, 23.060195791000183], [91.52677273900008, 23.06034141400005], [91.52695904600012, 23.060418634000087], [91.5275738320002, 23.060675409000112], [91.52829878000011, 23.060976904000086], [91.52833372600014, 23.06099236900019], [91.53027959900015, 23.06180214600016], [91.5307010140001, 23.061956109], [91.53084368900011, 23.062004399000102], [91.53104456100004, 23.06207470100003], [91.53199685700014, 23.062406398000064], [91.53278564200008, 23.06268097000003], [91.53296875100006, 23.062744670000143], [91.53310776600011, 23.062792994000063], [91.5351685280001, 23.06350902300005], [91.53533660700003, 23.06374075400015], [91.53539781600006, 23.06382514100011], [91.53530217900004, 23.064051848000133], [91.53525148600005, 23.06415394000004], [91.5351996010001, 23.064258303000088], [91.53513818600004, 23.06438307700006], [91.53509763400007, 23.06446474900008], [91.53502214700012, 23.064693520000105], [91.53493265900005, 23.06492468400006], [91.53480680500007, 23.065176519000033], [91.53462974500019, 23.065485296000077], [91.5344957050001, 23.06571463300014], [91.53441492500019, 23.06585314200015], [91.53431501000017, 23.066025703000093], [91.53352752300009, 23.067374468000082], [91.5329770150002, 23.06831904700016], [91.53266107200011, 23.06886172200018], [91.53258687000016, 23.06898887700015], [91.53255310600002, 23.06904690400006], [91.53242172000017, 23.069272700000113], [91.5322158570001, 23.069624653000176], [91.53215603700016, 23.069729091000113], [91.53214678900008, 23.069774337000126], [91.53210336900003, 23.069980216000033], [91.53205217400017, 23.070199716000047], [91.53201404100014, 23.07044166700007], [91.53197384700019, 23.070609135000097], [91.53189810400005, 23.070923700000094], [91.53165956100008, 23.071352732000037], [91.53128406700012, 23.07202467600007], [91.53089182100018, 23.072726129000102], [91.52954229800014, 23.075145185000054], [91.52942153400011, 23.07536165400012], [91.5290143250001, 23.076521579000087], [91.52878692100012, 23.0769663050001], [91.52853206800006, 23.077465483000026], [91.52840730800006, 23.07770827300004], [91.52578343900012, 23.082845255000166], [91.52560913600013, 23.083185605000097], [91.52571553400008, 23.08326134400005], [91.52590739100003, 23.083394957000166], [91.52611666100012, 23.083557752000047], [91.52631540500005, 23.08365291600012], [91.52656359000008, 23.083804046000182], [91.52684695400006, 23.083990958000186], [91.52686970399998, 23.084006544000033], [91.52705866500008, 23.08415372999997], [91.52726727100014, 23.08425783000007], [91.52742761400015, 23.084409806000053], [91.52957102300013, 23.08571663200013], [91.53023880800004, 23.08612333600007], [91.53052465100018, 23.086366663000035], [91.53052727800014, 23.086419711000133], [91.53053493300013, 23.086574277000125], [91.53054486200017, 23.08680447600011], [91.53056852200018, 23.087115818000086], [91.53060080400019, 23.08754222400006], [91.53060878300005, 23.087869526000134], [91.530609852, 23.08791015500003], [91.53058265300018, 23.088255858000082], [91.53056765300016, 23.088601442000083], [91.53056665500009, 23.08889044800003], [91.53056296700015, 23.089211089000173], [91.53054644800011, 23.089637968999966], [91.53053245500013, 23.089857106000068], [91.53051798100017, 23.090087538000148], [91.53051632000012, 23.090317847999984], [91.5304958970001, 23.09050769900017], [91.53048758900013, 23.090582288000064], [91.53047806400014, 23.090711072000033], [91.53046051600012, 23.090939278000064], [91.53043445200007, 23.091169823000087], [91.53042886300005, 23.09121503199998], [91.53040775199997, 23.091398117000153], [91.53024323200009, 23.09168645000011], [91.52999399600003, 23.09165951199998], [91.52977086700014, 23.091675223000152], [91.52966964900014, 23.091680718000134], [91.52934555600007, 23.091724500000055], [91.52900964600013, 23.09180225900019], [91.52874683800007, 23.091870280000023], [91.52849941200003, 23.09194944100011], [91.52822476300014, 23.092049182999972], [91.52796233800018, 23.092151065000053], [91.5278152910002, 23.09220441700006], [91.52767612300005, 23.092253178000078], [91.52745030000005, 23.092354705000048], [91.52715114400019, 23.09244565300014], [91.52698762400018, 23.092499163000127], [91.52684965100019, 23.092545652000126], [91.52662575900018, 23.09260200500006], [91.52640273100019, 23.092680926000128], [91.5259617280002, 23.092767267000056], [91.52590535300004, 23.092778303000102], [91.52437000000015, 23.09307987200009], [91.52421117900002, 23.09311753000003], [91.52390754500016, 23.093190454000023], [91.52336003500011, 23.09327927600009], [91.52297691200016, 23.093391347000022], [91.51977929500015, 23.094323017000193], [91.51943566800009, 23.094421153000155], [91.51947931100005, 23.094612643000175], [91.51968357600015, 23.09536026000012], [91.51970838700015, 23.095450332000098], [91.51997312800012, 23.096420887000022], [91.51998526500017, 23.096469314000046], [91.52003258300016, 23.096661899000082], [91.52011941700005, 23.09695005500015], [91.5201422180001, 23.09702434500008], [91.520372243, 23.097783], [91.52052118000017, 23.09827601800015], [91.52055791100008, 23.098395327000162], [91.52074612400014, 23.099016661000064], [91.52113458000014, 23.10029759200006], [91.52270648600017, 23.1042041930001], [91.52179230200016, 23.104301067000108], [91.52108837700013, 23.104375587000106], [91.52087666500017, 23.104431814], [91.5199030620002, 23.104400553], [91.51785765900013, 23.104341219000105], [91.51760433500016, 23.104332366000165], [91.51746029600002, 23.104329234999966], [91.51728081800013, 23.104321933000108], [91.51721739100009, 23.10432479800005], [91.5171527170001, 23.104325421], [91.51639510000018, 23.104346249000116], [91.51490119100015, 23.104385432000072], [91.51437292400004, 23.104399534000038], [91.51408072900011, 23.104406854000104], [91.5139251700001, 23.104410603000133], [91.51383365400017, 23.104411480000124], [91.51358477400004, 23.104418386000134], [91.51278444700012, 23.104439606000142], [91.51148083800018, 23.104472418], [91.51145218900007, 23.104474948000018], [91.51149244200008, 23.10469130900009], [91.51190721100005, 23.10691125400018], [91.51196495100004, 23.10721776000014], [91.51201425800008, 23.10742500200007], [91.5120741880001, 23.10809047600003], [91.51211389700006, 23.108530363000114], [91.51212576100016, 23.108663458000024], [91.51213127400018, 23.10871984900018], [91.5121633620002, 23.109078528999987], [91.51220162300007, 23.109498110000175], [91.51220863500009, 23.109579323000048], [91.51221277600018, 23.109622182000123], [91.51222179500013, 23.109719180000184], [91.51223853599998, 23.109906417000104], [91.51226429800016, 23.11019064800007], [91.51227337000006, 23.110292160000142], [91.51231026000005, 23.110698209000077], [91.51232509600004, 23.110861929000123], [91.51233254000016, 23.11094409300017], [91.51234097600013, 23.111043357000028], [91.51234786100008, 23.11111328000004], [91.51237019400008, 23.111363681000057], [91.51239039200016, 23.11158700599998], [91.51239809100014, 23.111674985000093], [91.51245030300004, 23.112250220000135], [91.51247324600007, 23.112500614000112], [91.51248998900013, 23.112687849000054], [91.5125004320002, 23.112802897000165], [91.51252134200013, 23.113035246000095], [91.51252690800004, 23.11309615500005], [91.5126753020001, 23.11310602000009], [91.51273697900012, 23.11310994400003], [91.51293510200009, 23.113146427000117], [91.5133336360002, 23.113205821000065], [91.51351459800009, 23.113235693999968], [91.51355860700005, 23.11324204500005], [91.51383010100017, 23.11329136900008], [91.51398856300011, 23.113328231000082], [91.51403079100004, 23.11333911600019], [91.51411395100018, 23.113354122000032], [91.51426565100013, 23.113386531000117], [91.51447597700013, 23.1134228950001], [91.51471340500007, 23.113481576000083], [91.51502504400014, 23.113519223000083], [91.51518777800015, 23.11355604300013], [91.51528565800004, 23.113577679000116], [91.51555727900006, 23.113638289000164], [91.51561112600018, 23.113651320000088], [91.5158060220001, 23.113699118000113], [91.51587298400017, 23.113712019000047], [91.51605397500015, 23.113744148000137], [91.51648942600019, 23.113830275000055], [91.51676432800019, 23.113911170999984], [91.51704840800005, 23.11399423300014], [91.51724678800014, 23.114053284000136], [91.51747750500016, 23.11411202700009], [91.51753673700006, 23.114126235000015], [91.52035726800011, 23.11456534700011], [91.5202518710002, 23.11486716800016], [91.51928230600015, 23.117643609000083], [91.51920603800005, 23.117862005000063], [91.5164780120001, 23.11778735600018], [91.51532973100007, 23.11775592100014], [91.5153033580001, 23.117973028000108], [91.51511000099998, 23.119564739000054], [91.51511005100019, 23.119623440000055], [91.51506943800013, 23.11986541300007], [91.5150303800001, 23.120082534000176], [91.51502277600014, 23.12011195800011], [91.5149654870001, 23.120336031000136], [91.51492947800006, 23.120553122000047], [91.51488880400007, 23.120799245000057], [91.51482633200004, 23.121177259999968], [91.5147712000001, 23.121511940000175], [91.51470319900011, 23.121923508000123], [91.51464948900008, 23.122249144000023], [91.51456091500006, 23.122785087000068], [91.51454547700018, 23.122877803000108], [91.51552641100017, 23.123658606000106], [91.5165412230001, 23.124466162000147], [91.51678446500017, 23.124660250000034], [91.51721244800012, 23.12500157200003], [91.5174963460002, 23.12522913300012], [91.51769893600004, 23.125389744000188], [91.51778484800008, 23.125540188], [91.5178109840001, 23.125585092], [91.51770429700008, 23.12559515000015], [91.5171457720001, 23.12563890800004], [91.51644460400018, 23.125697580000065], [91.51519528200004, 23.1257999], [91.51411364100016, 23.125889311000037], [91.51382462400016, 23.12591240600011], [91.51319914300018, 23.126080968], [91.51160848600011, 23.12633103400009], [91.51141354500004, 23.126362254000185], [91.51118326000011, 23.12639832600013], [91.51100843000017, 23.126427097000146], [91.51084089600016, 23.126453538000078], [91.510535071, 23.126501621999978], [91.5102706620001, 23.12654253700009], [91.5098729710001, 23.126606537000043], [91.50968888500017, 23.126636161000192], [91.50931115100019, 23.126693963000037], [91.50888714200016, 23.126761241000054], [91.50578522900014, 23.127161166], [91.505590821, 23.12718560100018], [91.50400145800006, 23.127390421000086], [91.50399255400004, 23.12754968100012], [91.50398253000009, 23.12771798099999], [91.50395236500015, 23.128242074000127], [91.50387150600011, 23.1296381570001], [91.50383828400004, 23.13021646500016], [91.50382648700003, 23.130417519000105], [91.50407217200006, 23.130557418000024], [91.50410776800015, 23.13057514100018], [91.50430845100016, 23.13067482600013], [91.50460579900005, 23.130850354000074], [91.50490327400007, 23.13103716800009], [91.50509009800004, 23.13115278900017], [91.50532459100003, 23.131328914000107], [91.5054439110001, 23.131411315000037], [91.50549435500005, 23.13144695699998], [91.50552143300013, 23.13146701900007], [91.50570647299998, 23.131641358000024], [91.50573853500015, 23.13167040200011], [91.50583962500019, 23.13175974900014], [91.50594134800014, 23.13185134500003], [91.50616544600007, 23.132025312000167], [91.50621591600014, 23.132063214000084], [91.50633777899998, 23.132154617000083], [91.50650812700007, 23.13227039399999], [91.50657456500005, 23.132317172000114], [91.50679609700006, 23.132479874000126], [91.50703189700005, 23.132608572000095], [91.50725305100008, 23.132737410000118], [91.50730459000016, 23.132761750000157], [91.50744023800019, 23.13283044500008], [91.50763914600014, 23.132934658000067], [91.50767481800005, 23.13295915300006], [91.50783589100013, 23.133063729000185], [91.5080593620001, 23.13318125400002], [91.50816024900018, 23.133252536999976], [91.50837003900011, 23.133401801000105], [91.50860428600004, 23.13360953400013], [91.50880156400018, 23.133786010000165], [91.50904875100014, 23.134004905999973], [91.50928302500017, 23.134214895000014], [91.50950700500005, 23.134377568000104], [91.50977888300014, 23.13462106200018], [91.51006238300016, 23.13486670300017], [91.51030998200014, 23.135121719000097], [91.51055618300018, 23.135306756000034], [91.51077846400017, 23.13548072800006], [91.51105220300019, 23.13572646200015], [91.51129853400005, 23.135922785000105], [91.51144885800005, 23.13604778000007], [91.51149628000007, 23.136085708], [91.5116533900001, 23.136217408999983], [91.511693412, 23.136248634000026], [91.51186817000007, 23.136375652000027], [91.51210281000016, 23.136563054000078], [91.51239875100003, 23.13682889000006], [91.512670388, 23.137049804000014], [91.5128679300002, 23.13724884900006], [91.51299272400007, 23.137383119000162], [91.51304090900004, 23.137434586000097], [91.51320188800014, 23.137584310000022], [91.51327636300016, 23.137640042000044], [91.51342343500005, 23.13774700199997], [91.51352974700018, 23.13781145600018], [91.51373314200004, 23.137933682000153], [91.5138195720001, 23.13796671800003], [91.51400776100013, 23.138039416000026], [91.51414786800007, 23.138123865000182], [91.51427877000003, 23.138203888000135], [91.5144523130001, 23.138330915000097], [91.5145027580001, 23.138366555000175], [91.51466399700007, 23.138484665000192], [91.51472431000013, 23.13852924400004], [91.51485724600013, 23.138627307000093], [91.5148997120001, 23.138658507000173], [91.5149027110001, 23.13870814800009], [91.51491734900003, 23.138978942000108], [91.51496478800016, 23.139837619000048], [91.51501530900015, 23.14067080500007], [91.51524438100012, 23.14444839400005], [91.5152732900001, 23.144925109000155], [91.51479330000018, 23.144750511000098], [91.51329978700016, 23.144059956000092], [91.51213031500004, 23.143461858000137], [91.51179350500001, 23.143381456000043], [91.51149705700004, 23.143444037], [91.51117557700007, 23.143578542000057], [91.51100911500015, 23.143711562000192], [91.51089285100011, 23.14371267600012], [91.51084077600018, 23.14367733300014], [91.51083943700013, 23.14355787000011], [91.51091547400011, 23.143425719000106], [91.51100389200019, 23.143245658000012], [91.51096326200019, 23.143078783000135], [91.51076908900018, 23.143044802000077], [91.51047438200004, 23.143262681000124], [91.51025477399997, 23.14326478600003], [91.51009908700019, 23.143206540000165], [91.50990357600006, 23.143053096000074], [91.509785975, 23.14293474700014], [91.50978383400013, 23.142743608000046], [91.50993697700011, 23.142574875000037], [91.50998583900002, 23.142323509], [91.50996997700014, 23.142060816000026], [91.50970345500014, 23.14133456999997], [91.50966108800009, 23.141012393000096], [91.50982821900016, 23.140939107000065], [91.50998914400003, 23.14068244900011], [91.50987762600005, 23.14044066600013], [91.50986572700003, 23.14041368700009], [91.5096408620002, 23.14039100499997], [91.50937973700019, 23.140400279000062], [91.50915741500006, 23.140386602999968], [91.50901784100006, 23.140349557000093], [91.50896274000002, 23.140334281000094], [91.50885959000004, 23.140307047000135], [91.50862128900013, 23.140256268000144], [91.50841092200005, 23.140219900000147], [91.50816233300014, 23.140204216000086], [91.50800045600016, 23.140192218000152], [91.50759026800017, 23.140189368999984], [91.50736550600004, 23.140175717000147], [91.50717560600015, 23.14016850000013], [91.50707971500009, 23.140162642], [91.506792114, 23.140206032000037], [91.50644348400016, 23.14025000500004], [91.5062990240001, 23.140267190000145], [91.50615575600011, 23.140282106000143], [91.50583252700011, 23.14035970100008], [91.50563323400007, 23.14044062800008], [91.50541019300016, 23.140526296000075], [91.50519566800011, 23.14060962500014], [91.5049582790001, 23.140722522000146], [91.50473248900005, 23.14083530900018], [91.50448240900016, 23.140959618000068], [91.50426909900006, 23.14109711800006], [91.50415407300017, 23.14118175600015], [91.50406873000009, 23.141245788000106], [91.50380516200016, 23.14147407900009], [91.50358075800006, 23.14165684200003], [91.5033922340001, 23.141827977000048], [91.503216527, 23.141998985000157], [91.50304601000005, 23.142142850000084], [91.50300788600009, 23.142172565000124], [91.502910536, 23.14225477600013], [91.50288393600016, 23.14227760800003], [91.50268307900012, 23.142437565000023], [91.50258203900012, 23.142517552000186], [91.50237553199997, 23.142718205000165], [91.50221177700001, 23.14286652100003], [91.50201320800005, 23.14301291400011], [91.5018779520002, 23.142980335000175], [91.50146545500007, 23.142880406000188], [91.50099909900007, 23.14276744400007], [91.5005841360001, 23.14266528000013], [91.50042503000009, 23.142628414000114], [91.50011289800017, 23.142552363000107], [91.50000213300018, 23.14252632], [91.4997628280002, 23.142467639000017], [91.4997243950001, 23.1425244510001], [91.49967395800013, 23.142599436000012], [91.49964392200013, 23.142642621000107], [91.49962411000007, 23.14267216000019], [91.4995202610001, 23.142828935000068], [91.49943442000017, 23.142958444000044], [91.49937443400017, 23.1430564530001], [91.49930793200019, 23.143165107000186], [91.49921084500005, 23.14332633300006], [91.49918327300009, 23.143371751000075], [91.49905703600007, 23.143600988000117], [91.49891773000007, 23.143807773000105], [91.49880475000015, 23.143966889000126], [91.49865384800006, 23.14417378500019], [91.49847610600011, 23.14443737600004], [91.498301046, 23.144667078000055], [91.49817341500005, 23.14482633600005], [91.49802213200002, 23.14499936400017], [91.4978727840001, 23.145181407000052], [91.4977204920001, 23.145318322000094], [91.4975594190002, 23.145489187000123], [91.49740727800014, 23.145639646000063], [91.49709365800015, 23.145924848], [91.49689291600004, 23.146096089000082], [91.4967767870001, 23.146192020000115], [91.49674293600009, 23.146221691000164], [91.49662146600014, 23.14633121900016], [91.49657917000019, 23.146370003000186], [91.49640256100008, 23.146516179000173], [91.49621907600005, 23.146647741000038], [91.49601520000004, 23.146756923], [91.49587328800004, 23.146839552000188], [91.49584053100011, 23.146857925], [91.49565355400017, 23.146950011], [91.49541739200015, 23.1470651410001], [91.49534262300011, 23.147092944], [91.49521617800002, 23.14713929900006], [91.49517785300014, 23.147150952], [91.4952564250001, 23.147190847000047], [91.49583875200005, 23.14746754200013], [91.49617870000009, 23.147629132000134], [91.49622164800007, 23.147649045000094], [91.4964419590001, 23.14775532800013], [91.49660734300011, 23.14783503700005], [91.4979060940002, 23.14845261800008], [91.49804282400015, 23.148507764000044], [91.49842606000004, 23.148664421000092], [91.50040453800017, 23.149614182000107], [91.50053524300006, 23.149676156000055], [91.502134495, 23.150444367000148], [91.50242767200007, 23.15057026600016], [91.50256934000004, 23.150629875], [91.50280143000003, 23.150751840000055], [91.50286835900016, 23.15078732600017], [91.5032870510002, 23.1510023350001], [91.50369654000002, 23.151212918000056], [91.50400410800012, 23.15137028400011], [91.50480160100011, 23.15178035800011], [91.50644875800003, 23.152624831000082], [91.5073805520002, 23.15310349000015], [91.50732725700016, 23.15354856300013], [91.50720422300009, 23.154266832000133], [91.5071817160001, 23.15439822800016], [91.50119033100009, 23.153444048000097], [91.50052871900004, 23.15333866500015], [91.4944323380002, 23.152342185000123], [91.49426571900017, 23.152338442000087], [91.49381377300011, 23.153082595000114], [91.49096174400012, 23.15777840500016], [91.4921427760001, 23.159415987000102], [91.49371673500008, 23.161527734000117], [91.49483395200019, 23.162066723000066], [91.49633091100014, 23.16654478400011], [91.49822411300016, 23.171783695000045], [91.49634677800015, 23.171877897], [91.49403719500009, 23.171993757], [91.49241233300012, 23.172077839000053], [91.49229645300011, 23.172921331000055], [91.49163986700017, 23.17770050300004], [91.49681715400015, 23.179748167000184], [91.49722913200014, 23.17991747300016], [91.50102573400005, 23.180173233000176], [91.50250347899998, 23.180239224000047], [91.50435108000005, 23.18026773500003], [91.50669072700009, 23.18008765200011], [91.50675632900015, 23.180404388000056], [91.50735703400005, 23.183304626], [91.50746127300005, 23.183807886000068], [91.50607260100008, 23.184188116000087], [91.50458557100018, 23.184595262000016], [91.50095828500008, 23.185372153000117], [91.5031667240001, 23.188078367], [91.50420557500013, 23.18944479000004], [91.50324212400011, 23.192072453000094], [91.50318217800015, 23.192235942000025], [91.49624764800012, 23.190145776000122], [91.49217110200016, 23.189011212000025], [91.49140243300008, 23.189822221000043], [91.48944242400017, 23.191890131000093], [91.48901234100003, 23.192266964000112], [91.48844366100019, 23.192266132000043], [91.48822677200013, 23.192042790000016], [91.48491133900018, 23.188364821000107], [91.4833843190001, 23.189227348000145], [91.48192175100007, 23.190099113000088], [91.47956332000007, 23.191411641000116], [91.47689705000005, 23.192942083000105], [91.47276704500001, 23.195360753000045], [91.47077905600014, 23.19652631800011], [91.47461774700002, 23.197235914000032], [91.47811434500017, 23.197862607000104], [91.48241851000006, 23.198581972], [91.48316178300018, 23.202689698000086], [91.48377201100004, 23.205981462000125], [91.4843484050001, 23.209015474000125], [91.48441424400016, 23.20935894000013], [91.48312853300007, 23.210919470000135], [91.4799609710002, 23.214848987000096], [91.47833850400013, 23.216828425000074], [91.4753694750001, 23.22049792500013], [91.47444094100018, 23.220106542000167], [91.4721427670001, 23.21913781300003], [91.46651211400007, 23.21674815400013], [91.46432014700014, 23.215825785000106], [91.458740116, 23.213501908000126], [91.45837275800017, 23.213342196000042], [91.45824616400017, 23.21358829500008], [91.45811343200006, 23.213864322000063], [91.45808657500004, 23.213950708000084], [91.45804766800012, 23.214236049000192], [91.45805483599997, 23.214420428999972], [91.45810124100018, 23.214527527000143], [91.45814795800004, 23.214614216000143], [91.45817811900014, 23.215000536000105], [91.45821108500002, 23.215179445000103], [91.4582601850002, 23.215415551999968], [91.45828492900011, 23.21555152600007], [91.45824942200011, 23.215852935000044], [91.45808733900009, 23.215926124000134], [91.45781715100014, 23.216043326000033], [91.45743094300013, 23.216190277000067], [91.45673685600019, 23.216555138000103], [91.4559111580001, 23.216942721000123], [91.4557260410001, 23.217037626000092], [91.45550175800014, 23.21709705100011], [91.45507661300002, 23.21723002100009], [91.45485372700006, 23.21741846600014], [91.45462921000006, 23.217456387000027], [91.45434311600019, 23.217537887000162], [91.4541433390001, 23.217711781000162], [91.45391401500012, 23.21802215100007], [91.45379047100005, 23.21807347300006], [91.45357464, 23.218197334000138], [91.45299523400007, 23.21841057900008], [91.45262436899998, 23.218543041000032], [91.45233904700018, 23.218696216000183], [91.4519694990002, 23.218950530000086], [91.45159886500005, 23.219104493000145], [91.45110249600009, 23.219071153000016], [91.45049107300008, 23.218990063999968], [91.45042064100011, 23.219650223000144], [91.45045886300005, 23.22031654800014], [91.45061590900008, 23.220494313000188], [91.45109209600014, 23.220776662], [91.45137292200013, 23.220924610000168], [91.45149794100007, 23.2210094780001], [91.45155370200013, 23.22114516700003], [91.45161745100017, 23.22130228599997], [91.45175798200017, 23.22138701100016], [91.4519590070002, 23.221327806000147], [91.45210496800013, 23.221197424000025], [91.452236115, 23.221131695000167], [91.4523754830002, 23.221108901000036], [91.45245311600013, 23.221115353000073], [91.45251601300009, 23.22119362700016], [91.45251740900005, 23.22132264800007], [91.45240301300015, 23.22150291900016], [91.45235772000007, 23.221618034000187], [91.45240510700017, 23.221696451000184], [91.4525139180002, 23.221716951000076], [91.45264576300019, 23.221715733000167], [91.45274369000003, 23.22168615400011], [91.45279549800006, 23.22169523400015], [91.45285340600003, 23.221790279000118], [91.45290324900014, 23.22209567699997], [91.45295045600005, 23.222157368000012], [91.45303850700014, 23.222170892000065], [91.45319403300005, 23.222207687000036], [91.45327226300014, 23.2222690910001], [91.45337815300019, 23.22249750600008], [91.4534103650002, 23.222607127], [91.45336445200002, 23.222664900000098], [91.45320411699998, 23.22266160300012], [91.4530541740001, 23.222662989000014], [91.45296705300012, 23.222735480000097], [91.45296291600005, 23.222831099000075], [91.45312247800007, 23.223240622000105], [91.45321125400017, 23.223321046000024], [91.45339294500019, 23.223386272000084], [91.4536313550002, 23.223436637000077], [91.45393538000019, 23.223577197000168], [91.45647647700002, 23.224251413], [91.46194198400008, 23.22565350100001], [91.46665039400011, 23.226852183000062], [91.47025978100004, 23.227793380000037], [91.4687951200001, 23.23004365700018], [91.46711814899999, 23.232745130000126], [91.46440273000013, 23.236966441999982], [91.46249157500017, 23.24002370200003], [91.46151573300011, 23.24064449800005], [91.45934557700014, 23.243912021000142], [91.45786513100018, 23.246169521000013], [91.45679741700013, 23.24584460400007], [91.45532771600011, 23.245397343000093], [91.45473144000016, 23.245496058000185], [91.454176685, 23.24531529000012], [91.45348582000014, 23.245091813000045], [91.45224082700008, 23.2447449], [91.45073229900015, 23.244309394000027], [91.45042780200009, 23.244238347000135], [91.44895872500013, 23.243972331000123], [91.447840262, 23.243846441000017], [91.44770363000009, 23.24440723300006], [91.44731017300012, 23.245765332000076], [91.44697878700009, 23.245969106000075], [91.44654891200014, 23.247622589000173], [91.44633919500006, 23.248429237000153], [91.44599674800008, 23.24986351100017], [91.44670389500004, 23.249971696000102], [91.44712309700009, 23.249996508000038], [91.44754299400012, 23.25008583000016], [91.44768929200012, 23.250172745000157], [91.44781627800018, 23.25024818700018], [91.44801137100006, 23.25035391700004], [91.44825347200009, 23.250502225000048], [91.44916145100018, 23.251246547], [91.4503692830001, 23.25249598900018], [91.45150246200018, 23.253934639000192], [91.45243428900011, 23.255291423000187], [91.45255105800004, 23.255480517000024], [91.453040106, 23.256221521000043], [91.45343264900009, 23.256648000999974], [91.45385451500016, 23.25691649900017], [91.45448658800018, 23.257252221000044], [91.45449011500017, 23.257577287000117], [91.45414830900017, 23.260397688000182], [91.45378461100006, 23.260370068000043], [91.45192980500008, 23.26022919899998], [91.44863520200005, 23.259978924000166], [91.44653358300019, 23.26079061700011], [91.44554227500004, 23.260957456000142], [91.44421015700016, 23.261177604000068], [91.44263784700007, 23.261428623000143], [91.4413283740002, 23.261591189000058], [91.44040625700018, 23.261700013], [91.43944542500009, 23.261816354000132], [91.43736844200009, 23.262036104], [91.43629100400011, 23.262131988000135], [91.43514397200005, 23.262250007000034], [91.43415140700012, 23.262302088000183], [91.43281825500009, 23.26242895900009], [91.43135871700014, 23.262588034000032], [91.43075261700005, 23.262201691000143], [91.43011770100014, 23.261796974000163], [91.42887413300008, 23.26096667100012], [91.42770802700005, 23.260265199000116], [91.42672025600012, 23.259521573000086], [91.4248724410001, 23.25821684400006], [91.42485261900003, 23.258442055000103], [91.4247029780002, 23.259852824000063], [91.42238215000003, 23.261221564000152], [91.42112527400013, 23.26195697600008], [91.42093148800006, 23.261530232000098], [91.42024347100005, 23.260015094000153], [91.41928237100012, 23.257909045000076], [91.41888302400002, 23.256830193000155], [91.41843675800004, 23.255715920000057], [91.41831286300004, 23.255738546000146], [91.4183135450001, 23.25580305600016], [91.41833065300006, 23.255953443000067], [91.41833985200003, 23.256089564000035], [91.41831802000019, 23.256225965000056], [91.41824179600007, 23.256368277000092], [91.41836134800002, 23.256668278000177], [91.41828109300008, 23.257149301000084], [91.41797781600013, 23.257407364000017], [91.41770881800005, 23.25744592], [91.4174032030001, 23.257488190000117], [91.41759738800005, 23.25789364400009], [91.41791898700012, 23.25792614100004], [91.41819831800007, 23.25792839800016], [91.41835871100011, 23.257987964000108], [91.41848245400013, 23.25838462200005], [91.41850607500004, 23.25866159500015], [91.41844512400007, 23.25876728600008], [91.41816705500003, 23.25888449500013], [91.41800246400004, 23.258972006000192], [91.41773463600003, 23.259079564], [91.4175387090001, 23.259138682000128], [91.41744713100019, 23.259282881000047], [91.41734601700017, 23.25950363100003], [91.41724338699998, 23.25958102300001], [91.41706814700007, 23.259639954000022], [91.41688407900011, 23.259842337000123], [91.41677443800017, 23.260235210000076], [91.41676641700013, 23.26045512000013], [91.41669623300004, 23.260666033000064], [91.41638742800012, 23.260812191000127], [91.41626390700014, 23.26087065400003], [91.41617212400007, 23.26099573900018], [91.41615396000003, 23.26123485700009], [91.41603366900011, 23.26159915100004], [91.41591307400017, 23.2619347750001], [91.41578995499998, 23.262031466000167], [91.41566582700005, 23.26203258600009], [91.41552090900012, 23.262024335000035], [91.41530172800003, 23.262217212999985], [91.4152878640001, 23.262425909000058], [91.4152670540002, 23.26257528000008], [91.41529816200006, 23.262787950000074], [91.415343699, 23.262876609000045], [91.4154177220002, 23.263028871000188], [91.415575509, 23.2632759600001], [91.41559751000017, 23.263400018000084], [91.41569252600004, 23.263580767], [91.41583896100013, 23.263732376000064], [91.41616286300012, 23.264035316000047], [91.4163097030002, 23.264225154000144], [91.41649781900014, 23.264405062000094], [91.41671717000008, 23.264603803000114], [91.41680224800018, 23.264822873000128], [91.41684534300009, 23.26498497200015], [91.41689888400003, 23.26515653600012], [91.41689076300014, 23.26536688800013], [91.41685171000017, 23.265587079000113], [91.4168126570001, 23.26580726900005], [91.41670099100008, 23.26600899700003], [91.41657817200013, 23.266134362], [91.41653810700006, 23.2662589790001], [91.41644662500016, 23.266412735000017], [91.41637653800012, 23.266633205000176], [91.41637785100016, 23.266757450000057], [91.41640898500009, 23.266766726000128], [91.41649143800004, 23.266737308000188], [91.41668687000004, 23.266630405000114], [91.41681060000019, 23.266591056000152], [91.416893657, 23.266618980000146], [91.4170199140001, 23.266818561000036], [91.41706321200013, 23.2669997750001], [91.41709808600012, 23.26736267000001], [91.41710071400018, 23.26761115900007], [91.41699919000013, 23.26779367900008], [91.41678417800011, 23.268005900000162], [91.41638397500014, 23.268315373000064], [91.4161375700001, 23.26844294400007], [91.41595182600014, 23.26853910900013], [91.41590091200004, 23.268616034], [91.41579989000019, 23.26884634000004], [91.415812658, 23.269075621000127], [91.41591782200004, 23.26923716100015], [91.41610564100017, 23.269388396000124], [91.41632308100009, 23.269405551000034], [91.41658169700014, 23.269403217000047], [91.41681740900009, 23.269252291000157], [91.41705502300005, 23.26915999000005], [91.41715796500006, 23.26911127000011], [91.41730289000003, 23.269119520000118], [91.41740734700005, 23.269214158000125], [91.41744020100015, 23.269385908000118], [91.41743492700004, 23.269583931000057], [91.41756737000009, 23.269671504000087], [91.41778501300007, 23.269707771000185], [91.41803409400012, 23.269781986], [91.41827272900008, 23.269846736000034], [91.418512277, 23.26999750200008], [91.41868975600005, 23.27014882700007], [91.41881551100005, 23.270300621000047], [91.41890231800005, 23.27068216200007], [91.41889440200009, 23.270911629000125], [91.41884369100006, 23.27100766799998], [91.41865839600013, 23.271095367000044], [91.41842178200005, 23.27122176100005], [91.41828342800017, 23.271333014000106], [91.41836906300006, 23.271606105000046], [91.41853110000005, 23.271775146000095], [91.41866649300016, 23.271859945000074], [91.4187912380001, 23.27191616600004], [91.4189055380001, 23.27196292399998], [91.41897916700009, 23.272076955000102], [91.41913585800017, 23.27221891000005], [91.41928230600001, 23.272370516000137], [91.41937814400018, 23.272627720000116], [91.41943260300013, 23.272885296000084], [91.41946687900014, 23.273190846000148], [91.41940612600018, 23.27331565200018], [91.41926261300011, 23.273441206000086], [91.41883938200016, 23.27353105600008], [91.41853577800009, 23.27364272600005], [91.41853267700009, 23.273877922000167], [91.41846319700005, 23.274155735000136], [91.41841531900013, 23.274519377000047], [91.41838671300007, 23.274749031000056], [91.41826297600005, 23.274788382000168], [91.41816977000019, 23.274779665999972], [91.41798264900007, 23.274695334000114], [91.41779583000016, 23.274639673000024], [91.4175501740001, 23.27467216100007], [91.41761235100017, 23.27489940000015], [91.41765524900018, 23.27504238500012], [91.41769855100017, 23.27522359800014], [91.41768952100017, 23.275347936000117], [91.41758667700014, 23.275406213000053], [91.41747379200012, 23.27549325600006], [91.41747500500014, 23.275607943000068], [91.41756881900011, 23.275674003000177], [91.41771446000018, 23.275749152000117], [91.41779884000005, 23.275901319000184], [91.41779072200006, 23.27611167200007], [91.41767803800019, 23.27621783000012], [91.41754456200016, 23.276314617000082], [91.41744131300004, 23.27633466500015], [91.41730672400018, 23.27632632300015], [91.4172132130002, 23.276288936000185], [91.41707700600017, 23.276127678000137], [91.41688988400017, 23.276043343000026], [91.41677608700007, 23.27604437100007], [91.41672496799998, 23.27610218200016], [91.41668510400007, 23.276245914000185], [91.41672840500019, 23.27642712800008], [91.4168030460001, 23.276636732000156], [91.41691876500016, 23.276817292000032], [91.41699310200016, 23.27699822500017], [91.41705830800004, 23.277293939000117], [91.41703121700004, 23.27766695100007], [91.41696122700012, 23.27789697800017], [91.41682886100017, 23.27809889399998], [91.41672672200013, 23.278224072000057], [91.416624382, 23.278330136000136], [91.41650165300007, 23.278465057000176], [91.41641066700004, 23.278666600000065], [91.41641228500015, 23.278819515], [91.41640335500011, 23.278953409999986], [91.41630081200009, 23.27904035800009], [91.41601164600013, 23.2790907590001], [91.41576416400011, 23.279169458000126], [91.41560969099999, 23.27923775800008], [91.41550866100016, 23.27946806500006], [91.4155214320001, 23.279697344999988], [91.41555549900016, 23.27998378200016], [91.41566147900005, 23.280221779000044], [91.41569453700009, 23.280412644000137], [91.41564473000017, 23.280594698000073], [91.41551296600011, 23.280853956000044], [91.41540098300015, 23.281027013000084], [91.4153305860001, 23.281218811000144], [91.4153432540001, 23.281438534000074], [91.41544994300011, 23.281743431], [91.41555531900013, 23.281924085000014], [91.41558928600017, 23.28220096400014], [91.41558116400006, 23.282411317000026], [91.41549007400016, 23.28260330100011], [91.41528366500006, 23.282652954000014], [91.41492126400016, 23.282627549000154], [91.41464102200007, 23.28254405299998], [91.41445237699998, 23.28231635800006], [91.41435724700011, 23.28212605300007], [91.41429264900012, 23.28188768200016], [91.41435078500012, 23.281514390000154], [91.41432706500012, 23.28122786100016], [91.41425313300005, 23.28108515399998], [91.41411803400013, 23.28102902300003], [91.4138291660002, 23.281108092000125], [91.41364415700008, 23.281224456000132], [91.41354221500018, 23.281368748000034], [91.41345213100004, 23.28165630300009], [91.41345485600016, 23.281914349000147], [91.41339459800014, 23.282086938000077], [91.41320035100017, 23.282308526000122], [91.41276285000009, 23.283010209], [91.41263981100013, 23.28311645700012], [91.41253645400019, 23.28312694599998], [91.41251455200018, 23.283012445000054], [91.41256486900016, 23.282878178000033], [91.41256345800014, 23.28274437700003], [91.41242916600004, 23.282764702000065], [91.41230552100018, 23.282813607000094], [91.41203844800003, 23.282997615000056], [91.4117712740001, 23.28317206600019], [91.41175279900011, 23.283382512000173], [91.41175693200017, 23.283774358000073], [91.41164574800001, 23.284023871000045], [91.41149177100016, 23.284139954000125], [91.41127450900012, 23.284141909000027], [91.41108747800001, 23.284067125999968], [91.41078483200005, 23.283821336000074], [91.41052427400012, 23.28364207400017], [91.41038998000005, 23.283662398000047]]]}}]}