{
"type": "FeatureCollection",
"name": "region",
"crs": { "type": "name", "properties": { "name": "urn:ogc:def:crs:OGC:1.3:CRS84" } },
"features": [
{ "type": "Feature", "properties": { "adm3_name": "Banshkhali", "area_sqkm": 362.63457372 }, "geometry": { "type": "Polygon", "coordinates": [ [ [ 91.927021261000164, 22.17560795300011 ], [ 91.92547894400019, 22.176405086999978 ], [ 91.923815736000051, 22.177093007000053 ], [ 91.922866265000096, 22.177548979000164 ], [ 91.920966414000191, 22.178350292000118 ], [ 91.920016922000173, 22.178806248000171 ], [ 91.91930615900003, 22.179259387000059 ], [ 91.918831091000186, 22.179486236000116 ], [ 91.917878587000075, 22.179720965000058 ], [ 91.916729796000141, 22.179628205000029 ], [ 91.916785260000097, 22.17929833200003 ], [ 91.916659862000188, 22.178855046000137 ], [ 91.916638736000039, 22.177297492000037 ], [ 91.916270082000096, 22.17652293000009 ], [ 91.916112993000183, 22.176033954000104 ], [ 91.916020794000076, 22.175746959000094 ], [ 91.915524621000145, 22.174416245000089 ], [ 91.915472388000182, 22.173945970000034 ], [ 91.915439725000056, 22.173651887000119 ], [ 91.91540056600013, 22.173300755000184 ], [ 91.915388681000081, 22.173194178000131 ], [ 91.915737739, 22.172524057000032 ], [ 91.915862315000197, 22.172161055 ], [ 91.915968009000096, 22.171853074000012 ], [ 91.915709074000063, 22.170408941000176 ], [ 91.915331137000123, 22.169330480000042 ], [ 91.915088181000101, 22.168637184000033 ], [ 91.914688624000178, 22.167852282000126 ], [ 91.914568366000196, 22.16761604300001 ], [ 91.9145297620002, 22.167539735000105 ], [ 91.914091380000116, 22.166677486000083 ], [ 91.913737889000117, 22.16598220100019 ], [ 91.913361726000176, 22.165358388000186 ], [ 91.913005202000136, 22.164767135000034 ], [ 91.912036239000031, 22.163778347000118 ], [ 91.9109767650001, 22.162623201000088 ], [ 91.910823430000107, 22.162456018000057 ], [ 91.909850591000179, 22.161133121000091 ], [ 91.909124615000167, 22.160145068000134 ], [ 91.909078630000181, 22.160101369000188 ], [ 91.908714254000017, 22.159771497000065 ], [ 91.908152933000054, 22.159261055000115 ], [ 91.907673435000163, 22.159156040000028 ], [ 91.906713524000054, 22.158833131000051 ], [ 91.905988421000188, 22.158173332000047 ], [ 91.905019549000144, 22.157184495000024 ], [ 91.903817951000178, 22.156640880999987 ], [ 91.902618792000169, 22.156322999000167 ], [ 91.901305356000023, 22.156338321000192 ], [ 91.900351448000151, 22.156460070000037 ], [ 91.899953492000122, 22.156588759000158 ], [ 91.898924628000032, 22.156921462000071 ], [ 91.89725401200019, 22.157051540000168 ], [ 91.896422441000084, 22.157395356000166 ], [ 91.895707224000148, 22.157514304000074 ], [ 91.894763883000167, 22.157856745000061 ], [ 91.894047656000112, 22.158425388000126 ], [ 91.89375262700014, 22.158405604999984 ], [ 91.892612730000053, 22.15832916700009 ], [ 91.891294796000068, 22.158010321000177 ], [ 91.890315335000139, 22.157686964000163 ], [ 91.889015526000151, 22.157257835000053 ], [ 91.888816483000085, 22.156226424000067 ], [ 91.888761647000194, 22.155942273000107 ], [ 91.887680709000108, 22.155717729 ], [ 91.884816598000157, 22.155861495000181 ], [ 91.882791762000124, 22.156329662000132 ], [ 91.881498229000158, 22.156748728000139 ], [ 91.881364876000021, 22.15679090499998 ], [ 91.880052889000126, 22.156916669000111 ], [ 91.878379303000031, 22.156825331000164 ], [ 91.877303076000032, 22.156727098000147 ], [ 91.87646258500007, 22.156402631 ], [ 91.875377508000042, 22.155636201 ], [ 91.87501060000011, 22.154972134000047 ], [ 91.874875038000084, 22.153750003000084 ], [ 91.875145885000165, 22.152685093000116 ], [ 91.875814804000186, 22.151616697000179 ], [ 91.876755415000105, 22.150492815000064 ], [ 91.878418011000178, 22.149807642000155 ], [ 91.880203398000049, 22.148856110999986 ], [ 91.88055263200016, 22.148669981000069 ], [ 91.882808638000142, 22.147641522000129 ], [ 91.883125244000041, 22.147533537000186 ], [ 91.884829797000123, 22.146952148000139 ], [ 91.88682179000017, 22.146600508000176 ], [ 91.886855360000084, 22.146594582000034 ], [ 91.88768542400004, 22.146140206000098 ], [ 91.888013339000111, 22.145741310000119 ], [ 91.888977989000125, 22.144567414000164 ], [ 91.88990507, 22.142441196000107 ], [ 91.889964077, 22.142283990000067 ], [ 91.890827693000062, 22.139983137 ], [ 91.890869443000156, 22.139818901000126 ], [ 91.890930183000194, 22.139657071000045 ], [ 91.891135478000024, 22.138849466000124 ], [ 91.891270368, 22.138318819000176 ], [ 91.891512594000176, 22.137531664000107 ], [ 91.89155257200008, 22.137401751000141 ], [ 91.891604390000111, 22.137233356000138 ], [ 91.891614108000056, 22.13720177800019 ], [ 91.891842648000136, 22.136144387 ], [ 91.891810033000183, 22.136147177000055 ], [ 91.891848811000159, 22.13596610899998 ], [ 91.891829510000093, 22.134521395000036 ], [ 91.891717165000102, 22.134029152000039 ], [ 91.891449210000076, 22.13285509300016 ], [ 91.89133511600005, 22.132524850000095 ], [ 91.890951999000038, 22.131415916000037 ], [ 91.890799927000103, 22.131073762000142 ], [ 91.890724750000174, 22.13090461600018 ], [ 91.890459835000172, 22.130308562000039 ], [ 91.889843289000169, 22.128868505000185 ], [ 91.88923566700015, 22.128096626000172 ], [ 91.88823243100012, 22.127367706000086 ], [ 91.888029952000124, 22.127221039000119 ], [ 91.887773371000151, 22.127055018000135 ], [ 91.887186677000102, 22.126675391000106 ], [ 91.885985405000156, 22.126131619000034 ], [ 91.885326939000038, 22.125533525000094 ], [ 91.885018374000197, 22.125253247000046 ], [ 91.884597107000047, 22.125258112000154 ], [ 91.88442176000018, 22.125260136000122 ], [ 91.883579978000171, 22.124825080000051 ], [ 91.882502495000097, 22.124613998000143 ], [ 91.881188731000123, 22.124629144000153 ], [ 91.879757746000109, 22.124758516000043 ], [ 91.879179024, 22.124996182000132 ], [ 91.878926279000154, 22.125099977000104 ], [ 91.877616074000173, 22.125338571000157 ], [ 91.876357523000081, 22.125624710000125 ], [ 91.876068076000195, 22.125690515000144 ], [ 91.875533652, 22.12591114300011 ], [ 91.875236622000159, 22.12603421600005 ], [ 91.874765211000124, 22.126484407000078 ], [ 91.87405746200011, 22.127158566 ], [ 91.873115503000065, 22.128171815000087 ], [ 91.873059039000168, 22.128237748000117 ], [ 91.872062632000052, 22.129401221000023 ], [ 91.871694516000161, 22.130648615000041 ], [ 91.871600393999984, 22.130970730000115 ], [ 91.871375834000105, 22.132086368000046 ], [ 91.87121844, 22.132705202000125 ], [ 91.871148925000057, 22.132978520000165 ], [ 91.87093370000008, 22.133322294000038 ], [ 91.870620277000171, 22.133822913000131 ], [ 91.870447031000083, 22.134099630000037 ], [ 91.869894757, 22.134733826000115 ], [ 91.869859197000096, 22.134774660000119 ], [ 91.869037921000199, 22.135894878000045 ], [ 91.868205676000173, 22.136835061000113 ], [ 91.867743732000122, 22.137356909000175 ], [ 91.866535108000107, 22.138665370000126 ], [ 91.865977430000157, 22.139269105000096 ], [ 91.865143928000123, 22.140175818000046 ], [ 91.864208137000048, 22.140957805000028 ], [ 91.863080288999981, 22.141498559000183 ], [ 91.863021457000116, 22.141526766000084 ], [ 91.862312155000041, 22.142092529000138 ], [ 91.861361231000046, 22.142437529000063 ], [ 91.860049346000153, 22.142563123000173 ], [ 91.859254036000038, 22.142572191 ], [ 91.859165504000032, 22.142573200000186 ], [ 91.858974683000099, 22.142575375000092 ], [ 91.857181923000098, 22.142485168000178 ], [ 91.855508477, 22.142391325000119 ], [ 91.854426541, 22.141848221000146 ], [ 91.85358325600015, 22.141300141000102 ], [ 91.853098634000048, 22.140750239000056 ], [ 91.852846871000054, 22.139752915000145 ], [ 91.852590707, 22.138419236 ], [ 91.852447495000092, 22.136641754000038 ], [ 91.852435681000145, 22.135738785 ], [ 91.852431411000168, 22.135412343000041 ], [ 91.852421303000199, 22.134639424000113 ], [ 91.852283042000067, 22.133193772000027 ], [ 91.852267297000083, 22.131989562000058 ], [ 91.852264123000168, 22.131746766000049 ], [ 91.851890133000154, 22.130527308000012 ], [ 91.851757727000177, 22.129528623999988 ], [ 91.851625300000137, 22.12852768200014 ], [ 91.851607863000027, 22.127193547000161 ], [ 91.851715567000099, 22.126302769000176 ], [ 91.851684779000038, 22.126002291000191 ], [ 91.851665442000126, 22.125813576000098 ], [ 91.851578775000121, 22.124967729000048 ], [ 91.851320641000086, 22.123525691000054 ], [ 91.851306099000112, 22.122412781000037 ], [ 91.850932151999984, 22.12119331800011 ], [ 91.85092716000014, 22.121167320999973 ], [ 91.850676056000111, 22.119859630000064 ], [ 91.850543677000132, 22.118860941000094 ], [ 91.8507376660001, 22.117792633000192 ], [ 91.850766341000053, 22.117634711999983 ], [ 91.85132404400008, 22.114861379000104 ], [ 91.851532955000096, 22.113822487000164 ], [ 91.851551316999974, 22.113731178000137 ], [ 91.852779027000167, 22.109362034000128 ], [ 91.852811431000134, 22.109267079000176 ], [ 91.855195755000068, 22.109350403000121 ], [ 91.856148803000053, 22.109228943000062 ], [ 91.856978771000172, 22.108774728000014 ], [ 91.857105256000068, 22.108673948000046 ], [ 91.857687935000058, 22.108208999 ], [ 91.857910528000104, 22.10698276300019 ], [ 91.858132276000163, 22.105645908000156 ], [ 91.85847706800007, 22.104639541000097 ], [ 91.858575963000192, 22.103080564000152 ], [ 91.858825265000178, 22.101891535999982 ], [ 91.859577361000049, 22.098304371000097 ], [ 91.859782563000181, 22.097325626000043 ], [ 91.859881075000146, 22.096855751000192 ], [ 91.860212022999974, 22.095277200000055 ], [ 91.860260684000195, 22.094877023000038 ], [ 91.860256216000039, 22.094536151000113 ], [ 91.860218969000016, 22.094051159000117 ], [ 91.860119818000101, 22.093510426000023 ], [ 91.860049690000153, 22.092827123000063 ], [ 91.860043716000177, 22.092371126000103 ], [ 91.859977313000115, 22.091972258000112 ], [ 91.859820986000045, 22.091689560000191 ], [ 91.859725181000044, 22.091403914000182 ], [ 91.859630014000061, 22.091120520000175 ], [ 91.859595759000172, 22.090863524000042 ], [ 91.85995714000012, 22.090432696000107 ], [ 91.860567113000059, 22.090254163000168 ], [ 91.861267045000091, 22.089961716000062 ], [ 91.861569122000105, 22.089673797000103 ], [ 91.861673671000119, 22.089471665000076 ], [ 91.861748105000061, 22.08932857800005 ], [ 91.861853966000069, 22.088072061000105 ], [ 91.862027736000016, 22.087329538000063 ], [ 91.862142950000134, 22.086786363000158 ], [ 91.862257421000152, 22.086186752000174 ], [ 91.862282507000089, 22.085906888000125 ], [ 91.862311310000052, 22.085585575999971 ], [ 91.862451202999978, 22.084615404000033 ], [ 91.862501877999989, 22.083815580000078 ], [ 91.862645365000049, 22.08307340000016 ], [ 91.862681307, 22.08286607500014 ], [ 91.862759095000058, 22.082417355000132 ], [ 91.862812022000071, 22.081789094000101 ], [ 91.86298500800018, 22.080987879000133 ], [ 91.863099529000181, 22.080436505000023 ], [ 91.863186660000167, 22.080017003000137 ], [ 91.863302988000044, 22.079559610000047 ], [ 91.863390307000088, 22.079244785000185 ], [ 91.863597544000072, 22.078700561000062 ], [ 91.863774646000138, 22.07821312599998 ], [ 91.863950622000175, 22.077639907999981 ], [ 91.864126238000097, 22.077039600000035 ], [ 91.864301469000168, 22.076409946000183 ], [ 91.864446420000149, 22.075780636000161 ], [ 91.864592885000093, 22.07526645500019 ], [ 91.864889681000136, 22.074578968000026 ], [ 91.865214361000199, 22.073663131000046 ], [ 91.865541426000163, 22.072975300000053 ], [ 91.865900105000094, 22.072343551000074 ], [ 91.866378699000052, 22.071482399000047 ], [ 91.866886824000119, 22.070564467000167 ], [ 91.867575759000147, 22.069443527000146 ], [ 91.868296080000164, 22.068408020000163 ], [ 91.869255636000162, 22.066915969999968 ], [ 91.869705930000123, 22.066253817000188 ], [ 91.869946794000157, 22.065966586000116 ], [ 91.870035958000074, 22.065793978000045 ], [ 91.870034086000089, 22.065651761000083 ], [ 91.869846891000122, 22.065369422000117 ], [ 91.869661183000062, 22.065199957 ], [ 91.869293539000182, 22.065147714000034 ], [ 91.868894984000178, 22.06509356600003 ], [ 91.868434182000044, 22.064956593000147 ], [ 91.868187711000189, 22.064817170000026 ], [ 91.867910363000135, 22.064678098000115 ], [ 91.86775591900016, 22.064537621999989 ], [ 91.867731832, 22.064321938000091 ], [ 91.867720917000099, 22.06422419400019 ], [ 91.867839480000043, 22.063938363000091 ], [ 91.867988534000119, 22.063622833000068 ], [ 91.868429449000075, 22.062247339000123 ], [ 91.868794319000074, 22.061306201999969 ], [ 91.868873382000174, 22.061102102000177 ], [ 91.869588048000139, 22.059639940000125 ], [ 91.870094982000126, 22.058636216000025 ], [ 91.870423342000151, 22.058004808000021 ], [ 91.871080576000168, 22.056827775000102 ], [ 91.871154151000098, 22.056686460000037 ], [ 91.871587878000014, 22.055853396000032 ], [ 91.872456402000125, 22.054445910000084 ], [ 91.872758113000145, 22.053990246000069 ], [ 91.87289740600005, 22.053779875000146 ], [ 91.873426430000109, 22.052980898000044 ], [ 91.873446070000114, 22.052951236000069 ], [ 91.874165394000158, 22.051802834000057 ], [ 91.874301770000045, 22.051602691000141 ], [ 91.874615047000134, 22.051142933999984 ], [ 91.874882582000168, 22.050539308000168 ], [ 91.875180416000092, 22.049937589000024 ], [ 91.875193226000079, 22.049910134000129 ], [ 91.875448333000179, 22.049363308000181 ], [ 91.875496616000135, 22.049261921000038 ], [ 91.875775905000069, 22.048675456000126 ], [ 91.876648489000161, 22.047581732000026 ], [ 91.876979833000064, 22.047180567000169 ], [ 91.877464444000054, 22.046831829999974 ], [ 91.877828693000083, 22.046697974000097 ], [ 91.878986452000049, 22.046272505000161 ], [ 91.87959560600018, 22.046093922000068 ], [ 91.879899079000154, 22.045921105000048 ], [ 91.880101207, 22.045776544999967 ], [ 91.880145340000013, 22.045771522 ], [ 91.880350787000054, 22.045374056000185 ], [ 91.880523258000039, 22.044543481000119 ], [ 91.880608111000015, 22.044000646000029 ], [ 91.880663970000114, 22.043600381000033 ], [ 91.880658718000063, 22.043203077000044 ], [ 91.880683563000048, 22.042746728000054 ], [ 91.880738646999987, 22.042287772000066 ], [ 91.880639502000065, 22.041749308000078 ], [ 91.88051194000019, 22.041351153000107 ], [ 91.880447788000197, 22.04112385600007 ], [ 91.880323240000166, 22.040953697000077 ], [ 91.880168589999982, 22.040567140000178 ], [ 91.880117382000037, 22.040082311000106 ], [ 91.880056449000051, 22.03977130200002 ], [ 91.879927164000094, 22.039111406000131 ], [ 91.879817523000156, 22.038419535 ], [ 91.879753905000086, 22.037636824000174 ], [ 91.879263591000154, 22.036588082000094 ], [ 91.878660274000083, 22.035371304000137 ], [ 91.878622552000138, 22.035127898999974 ], [ 91.878547777999984, 22.034645598000111 ], [ 91.878382098000145, 22.033651828000131 ], [ 91.878375277000032, 22.03313488100008 ], [ 91.878265660000125, 22.0326733 ], [ 91.878230761000168, 22.032276333000141 ], [ 91.878182770000194, 22.032080458000166 ], [ 91.878095077000125, 22.031720224000026 ], [ 91.878088228000195, 22.03120101900015 ], [ 91.878082986000095, 22.030803714000058 ], [ 91.878202912000063, 22.030165651000118 ], [ 91.87840334800012, 22.029206063000117 ], [ 91.878537791000156, 22.028377637000119 ], [ 91.878759421000041, 22.027011957000127 ], [ 91.879319070000065, 22.024097546000121 ], [ 91.87963729500018, 22.022339620000139 ], [ 91.880044647000148, 22.020822249000105 ], [ 91.880167687000039, 22.020421214000066 ], [ 91.880334704000063, 22.020141594000165 ], [ 91.880926377000094, 22.019656158000146 ], [ 91.881254626000157, 22.019453259000159 ], [ 91.882240142000171, 22.018844082000101 ], [ 91.88338216600016, 22.017954952000082 ], [ 91.883846045000098, 22.017511612000192 ], [ 91.883916188000114, 22.0173766690001 ], [ 91.884096340000099, 22.017030091000038 ], [ 91.884300427000198, 22.016350417000126 ], [ 91.884547580000117, 22.015631868000071 ], [ 91.884663229000182, 22.014673250000158 ], [ 91.884906073000195, 22.01367478700007 ], [ 91.885057313000118, 22.012858044999973 ], [ 91.885105502000101, 22.012597804000052 ], [ 91.885132644, 22.01140088000011 ], [ 91.885249802000146, 22.010602546000143 ], [ 91.885273809000068, 22.009168596000166 ], [ 91.88525891400019, 22.008042492000072 ], [ 91.885154227000157, 22.006580328000041 ], [ 91.885099674000173, 22.005704946000094 ], [ 91.884925439000199, 22.004704505 ], [ 91.884822605000068, 22.004114156000128 ], [ 91.88454180399998, 22.002286344000026 ], [ 91.88408665500009, 22.000180574000069 ], [ 91.883991842000171, 21.999463694000099 ], [ 91.883808568000063, 21.998510768000131 ], [ 91.8835404780001, 21.997597199000097 ], [ 91.883356070000104, 21.99660364600004 ], [ 91.883353688999989, 21.996423378000088 ], [ 91.883343965999984, 21.995687134999969 ], [ 91.883115623000037, 21.994574423000131 ], [ 91.882927599000084, 21.993260309999982 ], [ 91.882698756000082, 21.992109221000078 ], [ 91.882639057000063, 21.990795890000015 ], [ 91.882581882000181, 21.989719594000121 ], [ 91.882390208000118, 21.988127813000176 ], [ 91.882378948999985, 21.987274519000096 ], [ 91.882361853000191, 21.985978750000072 ], [ 91.88234976200016, 21.98506223600009 ], [ 91.882294173000105, 21.984105582000154 ], [ 91.882282622000105, 21.983229704000166 ], [ 91.882268955000143, 21.982193545000143 ], [ 91.882215483000152, 21.981397170000037 ], [ 91.882205510000119, 21.980640932000028 ], [ 91.882192915000076, 21.979686043000129 ], [ 91.882222269000181, 21.979165148000106 ], [ 91.882262554000079, 21.978450246000136 ], [ 91.882331584999974, 21.977214457000116 ], [ 91.881949385000155, 21.975168792000034 ], [ 91.881754239000031, 21.973861524000085 ], [ 91.881578257, 21.973003410000103 ], [ 91.881427653000173, 21.972269028000085 ], [ 91.880863158000068, 21.970209641000167 ], [ 91.880431802000089, 21.968609309000101 ], [ 91.880349711000179, 21.968303194000043 ], [ 91.880237211000065, 21.967704044000072 ], [ 91.879942345000188, 21.966133628000136 ], [ 91.879706181000188, 21.964833599000144 ], [ 91.879502592000165, 21.963709302000098 ], [ 91.879269929000145, 21.962490512000159 ], [ 91.879081110000072, 21.960878367000078 ], [ 91.878871454000148, 21.959751879000123 ], [ 91.878745908000042, 21.958579275000091 ], [ 91.878574929000195, 21.957172381000021 ], [ 91.878499437000187, 21.955111897000108 ], [ 91.878257840000174, 21.952981064000085 ], [ 91.878220190000093, 21.952832483000122 ], [ 91.877845644000161, 21.951357921000181 ], [ 91.877648313000122, 21.949831664000101 ], [ 91.877621981000061, 21.948748231000081 ], [ 91.877676096000187, 21.947709035000059 ], [ 91.877681916000142, 21.946862304000092 ], [ 91.877639731000102, 21.946368332000077 ], [ 91.877631519000147, 21.945743023000091 ], [ 91.877805803000172, 21.945054664999986 ], [ 91.877982232000136, 21.944483688000105 ], [ 91.878095446000088, 21.943798288000039 ], [ 91.878392691000045, 21.943167229000153 ], [ 91.878747298000178, 21.942251032000115 ], [ 91.879046794000089, 21.941791537000029 ], [ 91.879409471000145, 21.941444205000039 ], [ 91.879712703000052, 21.941269146000025 ], [ 91.879951099000039, 21.940810346000092 ], [ 91.880317678000097, 21.940806152000107 ], [ 91.881111800000042, 21.94074061900011 ], [ 91.882025993000127, 21.940558557000145 ], [ 91.882757500000139, 21.940378587000168 ], [ 91.883734302000164, 21.940310945000078 ], [ 91.88465061100004, 21.940243993000024 ], [ 91.885322673000019, 21.940236283000104 ], [ 91.886239722000141, 21.940225759000157 ], [ 91.887522609000143, 21.940154582 ], [ 91.889052110000137, 21.940249892999987 ], [ 91.890824507000161, 21.940229505000104 ], [ 91.892108132000033, 21.940214727000125 ], [ 91.893332933000067, 21.940372208000099 ], [ 91.894129455000041, 21.940534617000083 ], [ 91.894866985000135, 21.940810591 ], [ 91.895605437000143, 21.941201698000157 ], [ 91.896282623000047, 21.94153480500006 ], [ 91.896712574000162, 21.941701431000183 ], [ 91.897464396000032, 21.941685978000066 ], [ 91.897993184000086, 21.941458609000165 ], [ 91.898417082000151, 21.941169233000039 ], [ 91.898656913000195, 21.940823282999986 ], [ 91.898896772000057, 21.940479590000109 ], [ 91.898889187000066, 21.939908464999974 ], [ 91.898757916000136, 21.939225881000027 ], [ 91.89862589400019, 21.938486860000069 ], [ 91.898615287000155, 21.93768773700009 ], [ 91.898729895000031, 21.937115200000051 ], [ 91.898844532000169, 21.936544921000063 ], [ 91.899143776000074, 21.936026694000077 ], [ 91.899933472000043, 21.935676643000136 ], [ 91.901391989, 21.935032117000105 ], [ 91.903029990999983, 21.93410102200005 ], [ 91.904424349000067, 21.933229182000048 ], [ 91.905029808000165, 21.932766099000048 ], [ 91.905513227000142, 21.932360872000174 ], [ 91.905875992, 21.932072190000099 ], [ 91.906296780000048, 21.931552541000144 ], [ 91.906596016000094, 21.93103656 ], [ 91.906706798000187, 21.930179588000158 ], [ 91.90674966, 21.928810891000126 ], [ 91.906735975000061, 21.927783771000065 ], [ 91.906603177000079, 21.926988324999968 ], [ 91.906347565000033, 21.926192043000185 ], [ 91.905711600000132, 21.924316450000163 ], [ 91.905323585000076, 21.923155466000026 ], [ 91.90462922800009, 21.921077823000132 ], [ 91.904372745000103, 21.920168659000069 ], [ 91.904244506000055, 21.91971408 ], [ 91.904236939000043, 21.919145210000011 ], [ 91.904473687000063, 21.918571256000178 ], [ 91.904588263000164, 21.917998716000056 ], [ 91.904820328000085, 21.917027449000045 ], [ 91.904755704000081, 21.914443064000181 ], [ 91.90446125700015, 21.913498214000185 ], [ 91.904369014000054, 21.913020638999967 ], [ 91.904404540000144, 21.912462560000108 ], [ 91.904655146000096, 21.912021655000103 ], [ 91.904818281000189, 21.911462098000072 ], [ 91.904897220000066, 21.910984798000015 ], [ 91.904932745000053, 21.910426717000121 ], [ 91.904980173000069, 21.909778734999975 ], [ 91.905040747000101, 21.908951149000075 ], [ 91.905346955000027, 21.906278931000145 ], [ 91.905574154000078, 21.904124653000054 ], [ 91.905824849000169, 21.902873209000063 ], [ 91.905974626000045, 21.902128669000092 ], [ 91.90629087300016, 21.900212682000131 ], [ 91.906363929000179, 21.899828474000117 ], [ 91.906560456000193, 21.898794903000123 ], [ 91.906609687000071, 21.898535987000059 ], [ 91.90667570300019, 21.898136017000184 ], [ 91.906925921000152, 21.896620001000144 ], [ 91.907109730000172, 21.895570269000132 ], [ 91.907282886000075, 21.894583878000162 ], [ 91.908020710000187, 21.892263376000187 ], [ 91.908306422000067, 21.891266526000095 ], [ 91.908673215000078, 21.889986763000024 ], [ 91.909740918000068, 21.886827061000076 ], [ 91.910393409000164, 21.885454580000101 ], [ 91.911359870000069, 21.883421631000033 ], [ 91.911513227000057, 21.883062974000097 ], [ 91.91185661500009, 21.882259891 ], [ 91.912267585000166, 21.881060763999983 ], [ 91.9123704120002, 21.880760019000093 ], [ 91.912555116000021, 21.88021979500013 ], [ 91.912715546000186, 21.879461582000033 ], [ 91.912747851000063, 21.87866421700005 ], [ 91.912776965000035, 21.877627567000047 ], [ 91.91277239700014, 21.877284906000057 ], [ 91.912753611000198, 21.875875817000065 ], [ 91.912774689000173, 21.874281593000148 ], [ 91.912756634000175, 21.872927145000176 ], [ 91.912828105000131, 21.871892260999971 ], [ 91.912862517000178, 21.871252914000081 ], [ 91.913185556000144, 21.869856123000091 ], [ 91.913342241000066, 21.868817990000082 ], [ 91.913365996000152, 21.867424676999974 ], [ 91.913394569000104, 21.866347393000012 ], [ 91.913292322000132, 21.865072943000087 ], [ 91.913275895000083, 21.863840395000068 ], [ 91.913224998000032, 21.863242680000099 ], [ 91.913302271000134, 21.862643474000095 ], [ 91.913466477000043, 21.862124540000138 ], [ 91.913598642000068, 21.86173810300005 ], [ 91.913671919000137, 21.861523846000182 ], [ 91.913916520000043, 21.860685634000106 ], [ 91.914034579000145, 21.859925654000108 ], [ 91.914151070000116, 21.859048288000167 ], [ 91.914307233000159, 21.857971778000092 ], [ 91.914321603000076, 21.857779702000187 ], [ 91.915838349000182, 21.856858859999988 ], [ 91.917412841000043, 21.855902934000142 ], [ 91.917701310000041, 21.855833331000156 ], [ 91.917973835000112, 21.85576757400014 ], [ 91.918739703000085, 21.855615290000117 ], [ 91.91981507800017, 21.855638610000142 ], [ 91.920886138000128, 21.855339392000076 ], [ 91.921539709000115, 21.855403459000115 ], [ 91.922117941000181, 21.855575927000189 ], [ 91.922506149000128, 21.855893980000133 ], [ 91.922900211000069, 21.85582990600011 ], [ 91.922940782000126, 21.855875407000099 ], [ 91.923395976000108, 21.856454853000059 ], [ 91.923974656000041, 21.857048487000156 ], [ 91.924484345000053, 21.857644685000082 ], [ 91.924596824, 21.857839444000149 ], [ 91.924994934000097, 21.858307776000174 ], [ 91.925270584000145, 21.859011842000143 ], [ 91.925544955000021, 21.859620344000064 ], [ 91.925533046000055, 21.860050492000141 ], [ 91.925620465000065, 21.860440277000123 ], [ 91.925693419000083, 21.860765559000015 ], [ 91.925803228000177, 21.861318635000146 ], [ 91.92585109900017, 21.861834203000171 ], [ 91.925854999000137, 21.862406726000017 ], [ 91.925892022000085, 21.862611999000023 ], [ 91.92590332900005, 21.862674689000073 ], [ 91.925907688000109, 21.86299960700012 ], [ 91.92577102700011, 21.863498217000028 ], [ 91.925778206000075, 21.864033375000076 ], [ 91.925685827000166, 21.864779973 ], [ 91.925463520000164, 21.865370575000043 ], [ 91.925391257000115, 21.865720091000185 ], [ 91.925191114000143, 21.866066515000057 ], [ 91.925030899000149, 21.866336008000076 ], [ 91.924670025000125, 21.866913700000055 ], [ 91.924138062000054, 21.867405869000038 ], [ 91.924099633000196, 21.867441423000116 ], [ 91.924063182000111, 21.867475147000107 ], [ 91.923491508000041, 21.868037977000085 ], [ 91.923336296000173, 21.868248269000105 ], [ 91.923114645000055, 21.868518479000102 ], [ 91.922692588000189, 21.869115996000062 ], [ 91.922319925000181, 21.870343759000093 ], [ 91.922409255000105, 21.870897077000052 ], [ 91.922439716000042, 21.871642238000163 ], [ 91.922555925000154, 21.872673137000106 ], [ 91.922606353000106, 21.873379835000151 ], [ 91.922926565000125, 21.874351004000118 ], [ 91.923246783000138, 21.875322171999983 ], [ 91.923578304000102, 21.875882946000047 ], [ 91.923805412000092, 21.876086079000061 ], [ 91.92424607200013, 21.876480221000179 ], [ 91.924414000000183, 21.876596537000182 ], [ 91.925342353000133, 21.877239559000088 ], [ 91.926976807000187, 21.878130313000099 ], [ 91.92772573600007, 21.878493045000084 ], [ 91.928091938000193, 21.878670407000186 ], [ 91.92923184000017, 21.879088227000125 ], [ 91.929363312000021, 21.879136416000108 ], [ 91.929613215000188, 21.879187006000052 ], [ 91.930238329000076, 21.879313553000088 ], [ 91.931157727000084, 21.879417919000048 ], [ 91.931560418000117, 21.879413196000087 ], [ 91.932078476000186, 21.879311825000173 ], [ 91.932296862000101, 21.879269090999969 ], [ 91.932830859000148, 21.879000926000117 ], [ 91.933407048000163, 21.878587770000024 ], [ 91.934059430000104, 21.877995354 ], [ 91.934723937000115, 21.877495360000069 ], [ 91.934998157000052, 21.877388861000043 ], [ 91.93558118500016, 21.877162430000055 ], [ 91.936508893, 21.87707701800008 ], [ 91.936971423000102, 21.877136746000019 ], [ 91.937181915999986, 21.877163927000083 ], [ 91.937831966000147, 21.877251104000095 ], [ 91.93844931100017, 21.877379304000044 ], [ 91.938668576999987, 21.877449685000101 ], [ 91.939202441000134, 21.877621044000136 ], [ 91.939911684000094, 21.877926515000127 ], [ 91.940757695, 21.878417764000176 ], [ 91.940930495000089, 21.878535898000166 ], [ 91.941582316000108, 21.878981507000162 ], [ 91.942374673000074, 21.879663027000049 ], [ 91.9430429800002, 21.880248926000149 ], [ 91.943599465000148, 21.880838400000073 ], [ 91.943976551000048, 21.88139838100011 ], [ 91.944080822000103, 21.881627830000184 ], [ 91.944201521000195, 21.881893428000126 ], [ 91.944311285000083, 21.882134963000169 ], [ 91.944673052000041, 21.883259555000109 ], [ 91.944878395000103, 21.884354385000108 ], [ 91.945026070000154, 21.885343785000089 ], [ 91.945123474000184, 21.886193795000054 ], [ 91.946166939000136, 21.885632836000127 ], [ 91.947257135000086, 21.884906503000138 ], [ 91.948747622000042, 21.88393547700008 ], [ 91.948771346000058, 21.883920021000051 ], [ 91.949802379000175, 21.883336609000082 ], [ 91.950438112000086, 21.882902371000057 ], [ 91.950832030000186, 21.882696767000084 ], [ 91.951136047000034, 21.882550928 ], [ 91.951379558000042, 21.882491597000183 ], [ 91.95162266900013, 21.882402924000189 ], [ 91.951899716000071, 21.882541875000072 ], [ 91.952209734000121, 21.882881374000192 ], [ 91.952246146000164, 21.88293512700011 ], [ 91.952396815999975, 21.883163628000091 ], [ 91.952615903000094, 21.883531296000115 ], [ 91.95274231500008, 21.883843619000118 ], [ 91.952803124000013, 21.884046721000061 ], [ 91.952870295000196, 21.884271069000135 ], [ 91.953028878000055, 21.884725249000041 ], [ 91.953189604000045, 21.885292285999981 ], [ 91.953284814000085, 21.885577886000192 ], [ 91.953411833000018, 21.885890202000098 ], [ 91.953569617000142, 21.886285690000136 ], [ 91.95375827600003, 21.886683067000035 ], [ 91.95388432600015, 21.886968300000092 ], [ 91.954072582000094, 21.887336331000085 ], [ 91.954262216000132, 21.887760787000047 ], [ 91.954482282000072, 21.888243586000101 ], [ 91.954702782000197, 21.888566363999985 ], [ 91.954887708000058, 21.888837066000178 ], [ 91.955261127000085, 21.889345134000109 ], [ 91.955633810000108, 21.889799023000137 ], [ 91.955741230000115, 21.889903377000053 ], [ 91.956067743000062, 21.890220573000022 ], [ 91.956322945000011, 21.890420180000092 ], [ 91.956407725000133, 21.890486490000058 ], [ 91.956499932000042, 21.890558609999971 ], [ 91.956930924000176, 21.890808607000167 ], [ 91.957697379000081, 21.891000431000066 ], [ 91.958309482000175, 21.891049590000137 ], [ 91.958858367, 21.890986616000077 ], [ 91.959193396000103, 21.890896836000081 ], [ 91.959493074000079, 21.89065624400007 ], [ 91.959555916000113, 21.890605791999974 ], [ 91.959757891000038, 21.890391559000136 ], [ 91.959827156000188, 21.890318090000164 ], [ 91.95994464100005, 21.889975776000085 ], [ 91.960060523000038, 21.889516082000057 ], [ 91.960133599000187, 21.889326906000065 ], [ 91.960237505000123, 21.889057916000183 ], [ 91.960416428000087, 21.888741964000133 ], [ 91.960503276000168, 21.888370664000149 ], [ 91.960497445000101, 21.887944026000184 ], [ 91.960359405000077, 21.887618542000098 ], [ 91.960244980000084, 21.887348739000061 ], [ 91.959960479000074, 21.886665782000136 ], [ 91.95958628000011, 21.886101293000024 ], [ 91.959304528000075, 21.885619239000107 ], [ 91.959146490000137, 21.885250856000141 ], [ 91.959071180000137, 21.88481769100008 ], [ 91.959047386000123, 21.884680831000139 ], [ 91.959010320000061, 21.884225216000175 ], [ 91.959003319000146, 21.883712798000033 ], [ 91.95908939800006, 21.883285065000109 ], [ 91.959205680000082, 21.882854716000111 ], [ 91.959385001999976, 21.88256810900009 ], [ 91.9597180680002, 21.882336117000079 ], [ 91.960050130000127, 21.882074784000054 ], [ 91.960443092000162, 21.881756284000176 ], [ 91.961022005000189, 21.881636504000028 ], [ 91.961835585000188, 21.88151711800009 ], [ 91.961875997000107, 21.881511188000161 ], [ 91.962790852000069, 21.881414490000111 ], [ 91.963536509000051, 21.881431169000166 ], [ 91.963646817000097, 21.881433636000111 ], [ 91.964349005000088, 21.881395909000105 ], [ 91.964626640000063, 21.881452381000145 ], [ 91.964747428000123, 21.881476949000046 ], [ 91.96505512300007, 21.881644863000076 ], [ 91.965273232000129, 21.881983174000084 ], [ 91.96549689800014, 21.882196112000145 ], [ 91.965985230000058, 21.882661016000043 ], [ 91.966427028000169, 21.88311443200007 ], [ 91.966946388000167, 21.883647443000029 ], [ 91.967997858000103, 21.884603433000109 ], [ 91.968497998000146, 21.885118359000103 ], [ 91.968617224000013, 21.885241110000038 ], [ 91.968927805000078, 21.885560868000027 ], [ 91.969425383000043, 21.886211910000043 ], [ 91.96966243300011, 21.88657470000004 ], [ 91.969924525000124, 21.886975811000127 ], [ 91.970177627999988, 21.887571076000086 ], [ 91.970304489000114, 21.887912727000185 ], [ 91.97033903300013, 21.888226135000025 ], [ 91.970352365000167, 21.888316283000165 ], [ 91.97037300400018, 21.888453755000171 ], [ 91.970376136000084, 21.888681746000145 ], [ 91.970318196999983, 21.88891046700013 ], [ 91.970228645000077, 21.889083123000034 ], [ 91.970018098000139, 21.889340765000043 ], [ 91.969775766000168, 21.889485900000068 ], [ 91.969442530000094, 21.889661474000036 ], [ 91.968985365000037, 21.889752735 ], [ 91.96849618300007, 21.889758586000028 ], [ 91.968128980000131, 21.889706534000027 ], [ 91.967853682000111, 21.889653384000042 ], [ 91.967517084000121, 21.889628056000106 ], [ 91.967211725000197, 21.889631707000149 ], [ 91.966999622000117, 21.889776476000122 ], [ 91.966848590000097, 21.889920517000064 ], [ 91.966699742000174, 21.89017967400008 ], [ 91.966610554999988, 21.890379419000169 ], [ 91.966614858000071, 21.890693188000114 ], [ 91.966618792000077, 21.890979868000045 ], [ 91.966631127000085, 21.891006394999977 ], [ 91.966776451000044, 21.891318897000076 ], [ 91.967178806000049, 21.891684354000063 ], [ 91.967796196000165, 21.892162380000173 ], [ 91.968292991000112, 21.892754730000149 ], [ 91.968572061000145, 21.893038122000178 ], [ 91.968851099000119, 21.893319253000072 ], [ 91.969039002000102, 21.893657919000191 ], [ 91.969267574000185, 21.894239472999971 ], [ 91.969418780000126, 21.894624186000101 ], [ 91.969867054000076, 21.896129223 ], [ 91.970148460000075, 21.896581908000087 ], [ 91.97026403600006, 21.896705909000161 ], [ 91.970341257000143, 21.896788758000127 ], [ 91.970489762000057, 21.89694808600018 ], [ 91.97085934800009, 21.897171685000103 ], [ 91.971167082000136, 21.897339584000065 ], [ 91.971291185000041, 21.897480336000172 ], [ 91.971415696000122, 21.89765042800002 ], [ 91.971479537000164, 21.897850598000105 ], [ 91.971483854000098, 21.898164368000096 ], [ 91.97130453800014, 21.898450985000125 ], [ 91.971003074000066, 21.898739067000122 ], [ 91.970792145000132, 21.898969621000049 ], [ 91.970584172000088, 21.899371723000058 ], [ 91.970406037000146, 21.899744120000094 ], [ 91.970349678000048, 21.900087965000182 ], [ 91.970506752000063, 21.900426996000078 ], [ 91.970844156000112, 21.900508747 ], [ 91.971485761000167, 21.900501063000092 ], [ 91.971670171000142, 21.900584643000059 ], [ 91.971887376000097, 21.900810069000102 ], [ 91.972044861000029, 21.901178444000095 ], [ 91.972050360000082, 21.901577991000011 ], [ 91.972085924000169, 21.901920733000111 ], [ 91.972089433000178, 21.90217581100012 ], [ 91.972062134000168, 21.902433517000134 ], [ 91.971943115000158, 21.902662970000165 ], [ 91.971699986000033, 21.90275167700014 ], [ 91.97155012900015, 21.902981500000067 ], [ 91.971615119000035, 21.903265189000024 ], [ 91.971717449000153, 21.903449096000031 ], [ 91.971741019000149, 21.903491709000093 ], [ 91.97210906700019, 21.9036024400001 ], [ 91.972599246000186, 21.903709451000168 ], [ 91.973058811000101, 21.903789730000142 ], [ 91.973610097000062, 21.903898261000165 ], [ 91.973949842000195, 21.904149305000146 ], [ 91.974227358000064, 21.904317557000013 ], [ 91.974653722000141, 21.904226647000144 ], [ 91.974757000000182, 21.904164794999986 ], [ 91.974896072000149, 21.904081505000022 ], [ 91.975090042000033, 21.903974958 ], [ 91.975320472000078, 21.903848383000138 ], [ 91.975864627000078, 21.903693913000097 ], [ 91.976051270000141, 21.903640929000176 ], [ 91.976178656000059, 21.903595961000178 ], [ 91.976719976000084, 21.903404868000109 ], [ 91.97732899, 21.903225967000139 ], [ 91.977939354000057, 21.903189280000049 ], [ 91.978731222000192, 21.902981081000121 ], [ 91.979070987000171, 21.902791404000141 ], [ 91.979094943000177, 21.902778030000093 ], [ 91.979427208000061, 21.902487304000033 ], [ 91.979635560000077, 21.902114536999989 ], [ 91.979754158000105, 21.901855733000104 ], [ 91.979902817000095, 21.901540128000022 ], [ 91.980113734000042, 21.901309562000108 ], [ 91.980385530000149, 21.901107610999986 ], [ 91.980592323999986, 21.900963549000153 ], [ 91.980718602000138, 21.900875576000089 ], [ 91.980961315000059, 21.900757512999974 ], [ 91.981205243000034, 21.900727484000072 ], [ 91.98145073600017, 21.900810321000108 ], [ 91.981724692000114, 21.900721228000123 ], [ 91.982031635000169, 21.900830414999973 ], [ 91.98230759400019, 21.900885792000054 ], [ 91.982583112000043, 21.900909562000038 ], [ 91.982981396000127, 21.901019904000123 ], [ 91.983165765000024, 21.901029339000104 ], [ 91.98340991200007, 21.901041835000058 ], [ 91.983470432000104, 21.901088512000115 ], [ 91.983595110000124, 21.901181835000102 ], [ 91.983749496000087, 21.901324465000187 ], [ 91.983934518000126, 21.901408027000173 ], [ 91.984147575000122, 21.9013761060001 ], [ 91.984301349000191, 21.901430694000169 ], [ 91.98454844000014, 21.901628647000109 ], [ 91.984945332000109, 21.901594510000052 ], [ 91.985372864000112, 21.901589351000098 ], [ 91.98555847300014, 21.901758695000069 ], [ 91.985957336000183, 21.901866768000048 ], [ 91.986293963000037, 21.901892052000164 ], [ 91.986631556000191, 21.902030210000021 ], [ 91.98697213000014, 21.902339915000027 ], [ 91.987434859000132, 21.902648144000182 ], [ 91.988081603000182, 21.903010589000075 ], [ 91.988636430000156, 21.903374144000054 ], [ 91.989068733000124, 21.903712084000119 ], [ 91.989256521000016, 21.903994283000088 ], [ 91.989567044000069, 21.904360786000154 ], [ 91.989997376000133, 21.904556513999978 ], [ 91.990426895000041, 21.904693554000119 ], [ 91.991009820000045, 21.904858081000157 ], [ 91.991287730000124, 21.905053394000049 ], [ 91.991412646000185, 21.905250559000137 ], [ 91.991476927000065, 21.905480062000038 ], [ 91.991480095000156, 21.905708050000044 ], [ 91.991606581000156, 21.906018077000056 ], [ 91.991884120000122, 21.9061863 ], [ 91.992312859000151, 21.906266900000105 ], [ 91.992831132000106, 21.906174831000044 ], [ 91.993439145000082, 21.905968789000042 ], [ 91.994108811000046, 21.905759738000086 ], [ 91.994839767000144, 21.905608643000107 ], [ 91.995418326000163, 21.90545939499998 ], [ 91.995875513000044, 21.90536805500011 ], [ 91.996119447000183, 21.905338003000111 ], [ 91.996428390000062, 21.905589369000097 ], [ 91.996708702000149, 21.905956229000083 ], [ 91.996896307000156, 21.906267765999985 ], [ 91.996962578000193, 21.906639478000045 ], [ 91.996970917000112, 21.907237660000135 ], [ 91.996977274000187, 21.907693633000122 ], [ 91.997012869000173, 21.908034108000152 ], [ 91.997108267000101, 21.908223916000054 ], [ 91.997169636000081, 21.908346021000114 ], [ 91.997539515000085, 21.908542460000092 ], [ 91.998274854000044, 21.908705113000167 ], [ 91.999039435000157, 21.908752265000146 ], [ 91.999650598000187, 21.908771928000078 ], [ 92.000197730000195, 21.908537251000098 ], [ 92.00037740200014, 21.908279949000132 ], [ 92.000711242000193, 21.908104306999974 ], [ 92.001228120000178, 21.907955786000059 ], [ 92.002144114000089, 21.907888197000034 ], [ 92.00309071900017, 21.907847323000055 ], [ 92.004128867000077, 21.907778236000127 ], [ 92.004983960000061, 21.907767815000057 ], [ 92.006024099000058, 21.907840925000073 ], [ 92.007124901, 21.907883938000168 ], [ 92.007490167000014, 21.907793689000073 ], [ 92.007793943000138, 21.907674842000063 ], [ 92.007942545000162, 21.907359212000074 ], [ 92.00796319300008, 21.906674890000147 ], [ 92.007986061000054, 21.906105679000177 ], [ 92.008102204000124, 21.905675307000081 ], [ 92.008281036000199, 21.905359307000083 ], [ 92.008614887000192, 21.905185907000089 ], [ 92.00916496200017, 21.905206283000041 ], [ 92.00974711300006, 21.905314313000076 ], [ 92.010266155000068, 21.905278623000129 ], [ 92.010752775000185, 21.905130443000132 ], [ 92.011116640000182, 21.904897969999979 ], [ 92.011538979000193, 21.904522552 ], [ 92.011961700000086, 21.904174218000151 ], [ 92.012325747000091, 21.903998184000159 ], [ 92.012813789000177, 21.903908679000153 ], [ 92.013273559000197, 21.904045286000155 ], [ 92.013734311000121, 21.904208969000081 ], [ 92.014285807000078, 21.904288012000166 ], [ 92.015019140000106, 21.904308380000089 ], [ 92.015722234000179, 21.904329117000088 ], [ 92.017314827000064, 21.9045940580001 ], [ 92.018262226000047, 21.904611786000146 ], [ 92.019271465000145, 21.904682935000039 ], [ 92.02009833700015, 21.904817273000162 ], [ 92.020955604000108, 21.904919626000037 ], [ 92.021597622000115, 21.904941087000111 ], [ 92.022302725000145, 21.905104001999973 ], [ 92.022792930000094, 21.905210857000043 ], [ 92.023405097000193, 21.905259771000033 ], [ 92.023955199000056, 21.905282351000096 ], [ 92.024505684000076, 21.90533202000006 ], [ 92.024996111000064, 21.905411772000036 ], [ 92.025302295000131, 21.905464445000064 ], [ 92.025854824000135, 21.90565857200005 ], [ 92.026132779000136, 21.905853821000107 ], [ 92.026256561000082, 21.905967437000129 ], [ 92.026321662000043, 21.906251097000165 ], [ 92.026446624000073, 21.906448232 ], [ 92.026785691000157, 21.906644984000138 ], [ 92.027275903000032, 21.906751822999979 ], [ 92.027735117000191, 21.906804862000058 ], [ 92.028039284000045, 21.906715323000185 ], [ 92.028189850000047, 21.906541884000148 ], [ 92.028463594000129, 21.906482070000152 ], [ 92.029137644000173, 21.906586638000078 ], [ 92.029627056000152, 21.906637041000124 ], [ 92.03011912400018, 21.906831899000053 ], [ 92.030803899000091, 21.907735532000117 ], [ 92.031080680000173, 21.907847251000021 ], [ 92.031478180000192, 21.907898786000146 ], [ 92.031902261000198, 21.907606827000052 ], [ 92.032142533000183, 21.90731939799997 ], [ 92.032320096000035, 21.906917603000068 ], [ 92.032438214000194, 21.906631681000192 ], [ 92.032772420000128, 21.906485319000183 ], [ 92.033134844000131, 21.906196380000154 ], [ 92.033313203000034, 21.905851014000177 ], [ 92.033523621000029, 21.905591044000175 ], [ 92.033825381000156, 21.905332198000053 ], [ 92.034006972000157, 21.905214817 ], [ 92.034433287000184, 21.905123753000112 ], [ 92.034710869000037, 21.905291900000066 ], [ 92.034746967, 21.905661707000036 ], [ 92.034874796, 21.906059725000091 ], [ 92.035156229000108, 21.9065416360001 ], [ 92.035498131000168, 21.906937005000032 ], [ 92.035932151, 21.90738767400012 ], [ 92.03630245700009, 21.907611112000154 ], [ 92.036581042000137, 21.907892126000093 ], [ 92.036769957000047, 21.908289387000025 ], [ 92.03686755800004, 21.908687778000058 ], [ 92.036780100000101, 21.909002672000156 ], [ 92.036693248, 21.90931756000009 ], [ 92.036453783000184, 21.909661425000024 ], [ 92.036152665000145, 21.910008312000059 ], [ 92.03588296200013, 21.910352553000052 ], [ 92.035765266000169, 21.910667824000086 ], [ 92.035740523000129, 21.911097079000172 ], [ 92.035747003000154, 21.911553039000069 ], [ 92.035724051000045, 21.912065805000054 ], [ 92.035698885999977, 21.912465718000192 ], [ 92.035736210000039, 21.912921297000139 ], [ 92.035954951000122, 21.913288840000064 ], [ 92.036355927000102, 21.91354124500009 ], [ 92.036815931000149, 21.91364843100007 ], [ 92.037242684000034, 21.913586703000135 ], [ 92.037453939000159, 21.91338541600004 ], [ 92.037573655000131, 21.913212353000063 ], [ 92.038122569000052, 21.91314910900013 ], [ 92.038613832000124, 21.913285254000129 ], [ 92.038951490000159, 21.913423297000065 ], [ 92.03941435500019, 21.913731369000175 ], [ 92.039663947000065, 21.914098521000028 ], [ 92.039973011000029, 21.914352059 ], [ 92.040279015000124, 21.914348263000079 ], [ 92.040766431000179, 21.914256423000097 ], [ 92.040950472000191, 21.914310581000166 ], [ 92.041014382000128, 21.914508458000057 ], [ 92.040986592000138, 21.914680384000121 ], [ 92.040715514000112, 21.91497046500001 ], [ 92.04044643300017, 21.915400498000167 ], [ 92.040266022000026, 21.915601405000189 ], [ 92.040087251999978, 21.915917434000107 ], [ 92.040032285000166, 21.916347064000149 ], [ 92.039882913000042, 21.916604028999984 ], [ 92.039672294000127, 21.916807572000039 ], [ 92.039432441000088, 21.917124356000159 ], [ 92.039345791000187, 21.917495679000069 ], [ 92.039385572000015, 21.918122804000177 ], [ 92.039667854000129, 21.918661134000104 ], [ 92.039984231000119, 21.919427058999986 ], [ 92.040145346000031, 21.919993982000108 ], [ 92.040180273000146, 21.920280265000088 ], [ 92.040000893000069, 21.920596302000035 ], [ 92.039700338000159, 21.9209409340001 ], [ 92.039337509000063, 21.921202802000096 ], [ 92.039066805000061, 21.921519971000123 ], [ 92.038917228000173, 21.921720497000024 ], [ 92.038749100000132, 21.921934798000109 ], [ 92.038244805000033, 21.921947826000121 ], [ 92.038249820000033, 21.922299953000049 ], [ 92.038254063000124, 21.922597904999975 ], [ 92.038259754000137, 21.922997435000184 ], [ 92.038006177000057, 21.923158613 ], [ 92.037622714000179, 21.923204003000023 ], [ 92.037367991000167, 21.923326814000177 ], [ 92.037284965000026, 21.923485877000076 ], [ 92.037337542000046, 21.924162513000113 ], [ 92.037527377, 21.924835188000088 ], [ 92.037742028000139, 21.925593350000099 ], [ 92.037763077000193, 21.925669849000144 ], [ 92.038057226000092, 21.926743088000023 ], [ 92.038024505000124, 21.927461419000053 ], [ 92.037899722000191, 21.927661637000085 ], [ 92.037603229000069, 21.927825602999974 ], [ 92.037350197000137, 21.928068048000057 ], [ 92.037140072000057, 21.92830770400019 ], [ 92.036761707000096, 21.92871199300015 ], [ 92.03642281700013, 21.928914863000045 ], [ 92.036085104000165, 21.929158356000016 ], [ 92.036018267000031, 21.929222399000082 ], [ 92.035916827000165, 21.929320731000075 ], [ 92.03557905700012, 21.929602602000045 ], [ 92.035368963000167, 21.929844514000138 ], [ 92.03524584600018, 21.930205001000047 ], [ 92.03499793800006, 21.93076570400018 ], [ 92.034664688000021, 21.931365844000084 ], [ 92.034459115000175, 21.931926022000084 ], [ 92.034295358000065, 21.932406665000144 ], [ 92.034045196000136, 21.932809363000047 ], [ 92.033752635000155, 21.933250964000081 ], [ 92.033544230000075, 21.933612506000145 ], [ 92.033462292000195, 21.933891207000045 ], [ 92.03380912700004, 21.934245879000059 ], [ 92.034113020000063, 21.934601079000174 ], [ 92.034204529000078, 21.935037927000053 ], [ 92.03463379100009, 21.935190645999967 ], [ 92.034808337000129, 21.935468430000071 ], [ 92.034772807000195, 21.935947486000089 ], [ 92.034564947000035, 21.93634740300007 ], [ 92.034441248, 21.936667260000149 ], [ 92.034231141000134, 21.93690916900016 ], [ 92.033976991000088, 21.937031970000135 ], [ 92.03312012300006, 21.936843905000103 ], [ 92.032607818000031, 21.936850241000059 ], [ 92.032095511000193, 21.936856577000071 ], [ 92.031582050000054, 21.936781651000103 ], [ 92.031239794000157, 21.936706867000112 ], [ 92.030939301000103, 21.936590925000132 ], [ 92.030725790000076, 21.93659356500018 ], [ 92.030515677000039, 21.936835471000109 ], [ 92.030435654000087, 21.937239470000065 ], [ 92.030397637000021, 21.93755485600002 ], [ 92.030188644000077, 21.937875764000125 ], [ 92.029850902000192, 21.938119244000177 ], [ 92.029554347000101, 21.938280942000063 ], [ 92.0291307130002, 21.938525482000045 ], [ 92.028621218000069, 21.938730445000033 ], [ 92.028368758000113, 21.938972871000033 ], [ 92.028329781000195, 21.939253299000143 ], [ 92.028639888000157, 21.940046416000143 ], [ 92.028644944000064, 21.940403060000165 ], [ 92.028350689000149, 21.940727275000086 ], [ 92.028398150000044, 21.941045016000146 ], [ 92.028400397000155, 21.941203478000091 ], [ 92.028403783999977, 21.941442290000168 ], [ 92.028280641000038, 21.941802772000131 ], [ 92.028029267000193, 21.942164840000089 ], [ 92.027819142000112, 21.942406741000127 ], [ 92.027437288000158, 21.942569488000174 ], [ 92.026926112000126, 21.942657071000042 ], [ 92.026671913000143, 21.942777604000128 ], [ 92.026546529000086, 21.942980078 ], [ 92.026551037000104, 21.943298352000056 ], [ 92.026730637000014, 21.943932787000051 ], [ 92.027213621000044, 21.94484342700008 ], [ 92.02739152900017, 21.945358228000146 ], [ 92.02744068800007, 21.945795601000043 ], [ 92.027365578000058, 21.946514456000102 ], [ 92.027159379000182, 21.947033997000176 ], [ 92.026845723000122, 21.947399091000023 ], [ 92.026571346000082, 21.947718543000121 ], [ 92.026364027000056, 21.948159082000075 ], [ 92.026326742000094, 21.948559142000136 ], [ 92.026333525000041, 21.949037678000138 ], [ 92.026339733000043, 21.949475582000105 ], [ 92.02628536800006, 21.949652347000097 ], [ 92.026217125000187, 21.949874437000176 ], [ 92.026095699000052, 21.950313915000095 ], [ 92.026055021000104, 21.950474709000105 ], [ 92.025886676000084, 21.950634820000118 ], [ 92.025287332000062, 21.95052255700017 ], [ 92.024773856000024, 21.950449870999989 ], [ 92.024047421000091, 21.950420446000123 ], [ 92.023662731000059, 21.950384549000091 ], [ 92.023191023000095, 21.950270707000072 ], [ 92.0227199200001, 21.950156852000191 ], [ 92.022247701000197, 21.949963996 ], [ 92.021948306000183, 21.949927047000074 ], [ 92.021479407000015, 21.95001183300019 ], [ 92.021354040000062, 21.95017367000014 ], [ 92.021487869000055, 21.950610004 ], [ 92.021879875000138, 21.951162813 ], [ 92.02210017800013, 21.951638720000062 ], [ 92.022150440000075, 21.952155100000141 ], [ 92.022114263000162, 21.952634164000187 ], [ 92.021866844000044, 21.953235484000174 ], [ 92.021471283000096, 21.953843141000107 ], [ 92.0210307010002, 21.954519083000093 ], [ 92.020699096000044, 21.955200454000021 ], [ 92.020321702999979, 21.955724356000076 ], [ 92.019900266000036, 21.956086246000154 ], [ 92.01904724700006, 21.956178011000191 ], [ 92.018706606000194, 21.956220580000092 ], [ 92.01849421300011, 21.956304464000084 ], [ 92.018329744000141, 21.956782849000149 ], [ 92.018209437, 21.957303585000091 ], [ 92.018133099000124, 21.957981815000039 ], [ 92.018184469000062, 21.958577199000104 ], [ 92.018192916000146, 21.959175368000103 ], [ 92.01836912300007, 21.959570546000123 ], [ 92.018544281000175, 21.959848341000111 ], [ 92.018636880000145, 21.960364201000175 ], [ 92.018641953000099, 21.960723102000088 ], [ 92.018349293000028, 21.961164683000163 ], [ 92.018232303000161, 21.961963067000113 ], [ 92.018069577000176, 21.962522702000172 ], [ 92.017610204000107, 21.963284657000031 ], [ 92.017318686000124, 21.963807496000072 ], [ 92.017197221000117, 21.96424697100008 ], [ 92.01699153800007, 21.964807134000182 ], [ 92.016702819000045, 21.965528611000082 ], [ 92.016538908000086, 21.966047624000112 ], [ 92.016629279000199, 21.966405476999967 ], [ 92.016634890000034, 21.966802752000092 ], [ 92.016384050000056, 21.967164798 ], [ 92.016095593999978, 21.96784365600007 ], [ 92.015887945000145, 21.968326802000036 ], [ 92.015678877000084, 21.968647697000051 ], [ 92.015511647000096, 21.968889060000038 ], [ 92.015473186000179, 21.969207859000051 ], [ 92.015651151999975, 21.969684293 ], [ 92.01587312900017, 21.970277583000097 ], [ 92.015967449000129, 21.970915335000086 ], [ 92.015975321999974, 21.971472873000039 ], [ 92.01572721500014, 21.972071938000113 ], [ 92.015434527000082, 21.972513515000173 ], [ 92.015140147000068, 21.972835456999974 ], [ 92.014846339000087, 21.97319802800007 ], [ 92.01484914200006, 21.973396666000156 ], [ 92.014938398000197, 21.973675518000107 ], [ 92.014858156000116, 21.974035466000089 ], [ 92.014813101000186, 21.974144387000081 ], [ 92.014775653000129, 21.974235152000062 ], [ 92.014907295000171, 21.974472845000093 ], [ 92.014739450000036, 21.974714214000073 ], [ 92.014485761000117, 21.974875365 ], [ 92.014230378000036, 21.974959774000183 ], [ 92.013890839999988, 21.975083597000037 ], [ 92.013935993000132, 21.975281714000175 ], [ 92.014539929000136, 21.975712283000178 ], [ 92.014672110000163, 21.975988347999987 ], [ 92.014593557000182, 21.976467933000151 ], [ 92.014598051000178, 21.976786205 ], [ 92.014816689000156, 21.977142484000126 ], [ 92.015375991000042, 21.977453942000125 ], [ 92.015933667000184, 21.977607382000031 ], [ 92.016577194000035, 21.977798147000101 ], [ 92.017008238000187, 21.978111175000038 ], [ 92.017098650000037, 21.978428388000111 ], [ 92.017017809000038, 21.978788347000147 ], [ 92.016852261000167, 21.979149346000042 ], [ 92.016430178000178, 21.979513498000188 ], [ 92.015964051000026, 21.97975853600019 ], [ 92.015669084000081, 21.980039848000047 ], [ 92.01563400100008, 21.980597915000089 ], [ 92.015726071000074, 21.981075402000101 ], [ 92.015900677000104, 21.981312566000156 ], [ 92.016332335000129, 21.981625589000032 ], [ 92.016728803000092, 21.981803582000111 ], [ 92.016897965000055, 21.981997918000047 ], [ 92.016899081000133, 21.982076920000168 ], [ 92.017074200000138, 21.982393093000155 ], [ 92.017080392000139, 21.982830998000054 ], [ 92.017046493000066, 21.983429688 ], [ 92.01692160500005, 21.983670533000122 ], [ 92.016540778000092, 21.983914523000067 ], [ 92.01594633600007, 21.984158881000042 ], [ 92.0158209, 21.984361352000178 ], [ 92.01573727900012, 21.984482034000052 ], [ 92.015612930000032, 21.984761250000076 ], [ 92.015404413000113, 21.985122778000118 ], [ 92.015024696000012, 21.985445768000034 ], [ 92.014344962000109, 21.985693426000068 ], [ 92.013878749000185, 21.985976841000024 ], [ 92.013712072000146, 21.986258833000079 ], [ 92.013761208000119, 21.986696211000037 ], [ 92.01393633400005, 21.98701238700005 ], [ 92.013986622000118, 21.987531026000056 ], [ 92.013733417000026, 21.987771188000067 ], [ 92.013608520000105, 21.988012030000107 ], [ 92.013611897000089, 21.98825129700009 ], [ 92.013401717000136, 21.988452549000044 ], [ 92.013187581000182, 21.988416798000173 ], [ 92.012842882000143, 21.988220099000159 ], [ 92.012414584000055, 21.988146337000103 ], [ 92.012303476000113, 21.98816350400017 ], [ 92.011860848000083, 21.988232148000179 ], [ 92.011564775000181, 21.988436709000155 ], [ 92.01136099100006, 21.988662715000032 ], [ 92.011312139000097, 21.988717497000096 ], [ 92.011190640000052, 21.989156968000145 ], [ 92.01123917200016, 21.989594355000179 ], [ 92.011161017000177, 21.989803018000146 ], [ 92.011074713000141, 21.990034353000169 ], [ 92.010822675000099, 21.990358030000039 ], [ 92.010699490000093, 21.990677865000123 ], [ 92.010831651000103, 21.990994574000126 ], [ 92.010834058000057, 21.99116612600011 ], [ 92.010838923000165, 21.991511486000093 ], [ 92.011057580000056, 21.991867768000077 ], [ 92.01131750900015, 21.992103890000067 ], [ 92.011492633000103, 21.992420070000094 ], [ 92.011715208000112, 21.993053992000171 ], [ 92.011633837000034, 21.993334939000079 ], [ 92.011337183000194, 21.993498868000017 ], [ 92.010655078000184, 21.993624629000067 ], [ 92.010598590000086, 21.99362169900013 ], [ 92.01005670100011, 21.993593587000134 ], [ 92.010005024000179, 21.99360899800007 ], [ 92.009923632000039, 21.993604775000165 ], [ 92.009370986000135, 21.993769582000027 ], [ 92.009039217000122, 21.994491576000087 ], [ 92.008453171000156, 21.99533634 ], [ 92.008249074000048, 21.996013873000038 ], [ 92.00791847500011, 21.996776488000137 ], [ 92.007418847000167, 21.997699207000039 ], [ 92.006576402000178, 21.998691600000143 ], [ 92.006326347000197, 21.998985899000104 ], [ 92.006162400000051, 21.999507160000121 ], [ 92.00621038200012, 21.999863280000113 ], [ 92.006560125000192, 22.000416636000068 ], [ 92.006951116000096, 22.000890469000126 ], [ 92.007171465000113, 22.001366393000069 ], [ 92.007177055000056, 22.001763667000034 ], [ 92.007182110000031, 22.002122571000086 ], [ 92.007146997000063, 22.00268063600015 ], [ 92.007071206000091, 22.003358856000148 ], [ 92.006868237999981, 22.004117649000136 ], [ 92.006534754000143, 22.004720006000127 ], [ 92.00637306200008, 22.005358639000121 ], [ 92.00620689100009, 22.005678999000168 ], [ 92.005953675000114, 22.005921408000063 ], [ 92.00591409000009, 22.005946726000047 ], [ 92.005699981000078, 22.006084797000028 ], [ 92.005532694000181, 22.006326154000192 ], [ 92.005152867999982, 22.006689767000125 ], [ 92.004857110000046, 22.006810172000087 ], [ 92.004389555000159, 22.006847951999987 ], [ 92.003625040000088, 22.007017219000033 ], [ 92.003284810000139, 22.007141032999982 ], [ 92.002852738000115, 22.007534627000041 ], [ 92.002828646000069, 22.007758429000091 ], [ 92.002838036000128, 22.008426576000033 ], [ 92.002546092000159, 22.009531871000092 ], [ 92.002191922000179, 22.009870328000147 ], [ 92.001733539000156, 22.010115240000175 ], [ 92.001331285000106, 22.010693594000031 ], [ 92.00113611900008, 22.011364237 ], [ 92.000937022000073, 22.011797880000131 ], [ 92.000426526000126, 22.011996011000065 ], [ 92.000375691000045, 22.011996634000013 ], [ 91.999814356000059, 22.012195382000129 ], [ 91.999384763000137, 22.012421871000129 ], [ 91.999355930000149, 22.012438031000045 ], [ 91.999204907000035, 22.012631773000066 ], [ 91.999209961000076, 22.013069694000023 ], [ 91.999203493000095, 22.01310876500014 ], [ 91.999163538000062, 22.01335020700003 ], [ 91.999075955000194, 22.013665088000039 ], [ 91.999017201000129, 22.013878024000064 ], [ 91.99898657000017, 22.015361667000036 ], [ 91.999043363000169, 22.015742515000056 ], [ 91.999200441000198, 22.01597990900018 ], [ 91.999408294000034, 22.016169274000106 ], [ 91.999870723000015, 22.01621104000003 ], [ 92.000078577000181, 22.016400402000045 ], [ 92.000081239000053, 22.016590012000108 ], [ 92.00008526400012, 22.016876684000067 ], [ 92.000035187000151, 22.016974372000107 ], [ 91.999782607000043, 22.017264177000015 ], [ 91.999683021000124, 22.017457291000028 ], [ 91.999636934000137, 22.017839397000046 ], [ 91.999643650000166, 22.018317935000027 ], [ 91.999650369000108, 22.018796472000076 ], [ 91.999448560000189, 22.019038243000125 ], [ 91.999092338000196, 22.019232234000071 ], [ 91.998959974000059, 22.019243017000178 ], [ 91.998363892000157, 22.019291748 ], [ 91.997802102000037, 22.019345051000073 ], [ 91.99719636400016, 22.01935243700018 ], [ 91.997141354000064, 22.019362665000131 ], [ 91.996377692000124, 22.019504645000154 ], [ 91.995865743000138, 22.019558294000035 ], [ 91.995713379000108, 22.019657231000167 ], [ 91.995615171000168, 22.019992558000126 ], [ 91.995621214000039, 22.020423695000147 ], [ 91.995727456000168, 22.020661711000116 ], [ 91.995730110000181, 22.02085131900003 ], [ 91.995870741000033, 22.021167935000108 ], [ 91.995888056000126, 22.021206686000028 ], [ 91.995941984000126, 22.021327359000168 ], [ 91.996151172000054, 22.021611530000143 ], [ 91.996257470000103, 22.021896958000127 ], [ 91.996365075000028, 22.022232033000023 ], [ 91.99632517900011, 22.022711140000126 ], [ 91.996321002000059, 22.022758602000181 ], [ 91.996269145000099, 22.022815676000107 ], [ 91.996018231000107, 22.023096422000037 ], [ 91.995609880000188, 22.023243629999968 ], [ 91.995522428000072, 22.024346426000079 ], [ 91.995544539000036, 22.025924251000163 ], [ 91.995597802000077, 22.026614437000092 ], [ 91.995607392000181, 22.026736231000029 ], [ 91.99554769700012, 22.027012389000163 ], [ 91.995463022000138, 22.027406252000162 ], [ 91.995008590000168, 22.027937820000091 ], [ 91.994703808000168, 22.028133430000082 ], [ 91.994297467000024, 22.028425100000049 ], [ 91.993735396000147, 22.028576434000172 ], [ 91.993175980000046, 22.028917375000049 ], [ 91.992720871000131, 22.029401534000044 ], [ 91.992420764000087, 22.029931215999966 ], [ 91.992276377000167, 22.030601236000166 ], [ 91.992283740000119, 22.031127177000087 ], [ 91.992398761000175, 22.032035610000037 ], [ 91.992356881000035, 22.03220092600003 ], [ 91.992301808000036, 22.032418330000041 ], [ 91.99199635400015, 22.032566536000047 ], [ 91.991688938000152, 22.032617686000037 ], [ 91.991177602999983, 22.032718725000109 ], [ 91.990714451000031, 22.032629537000048 ], [ 91.990304025, 22.032587115000069 ], [ 91.989736626000081, 22.032402111000067 ], [ 91.988708620000068, 22.032222697000122 ], [ 91.988594155000101, 22.032251044000077 ], [ 91.988095079000061, 22.032374637000089 ], [ 91.987947332000147, 22.032805382000106 ], [ 91.987900580000201, 22.03314234100003 ], [ 91.987492192000161, 22.033289530000047 ], [ 91.987031634000061, 22.033342529000038 ], [ 91.986826447000055, 22.033345021000059 ], [ 91.986264345000109, 22.033496329000172 ], [ 91.986216601000024, 22.033734416000073 ], [ 91.986169397000026, 22.034023515000115 ], [ 91.986175411000033, 22.034454652000136 ], [ 91.98617941200007, 22.034741326000074 ], [ 91.986182751000115, 22.034980596000139 ], [ 91.986495558000115, 22.035358343000041 ], [ 91.986601190000158, 22.0355963720001 ], [ 91.986709448000056, 22.035978859000068 ], [ 91.986919301000114, 22.036310443000104 ], [ 91.986927970000181, 22.036931193000157 ], [ 91.986828411000033, 22.037171711000155 ], [ 91.986626557000022, 22.037413475000108 ], [ 91.986476813000081, 22.037702012000068 ], [ 91.986327072000051, 22.037990551000064 ], [ 91.986281636000172, 22.038422311999966 ], [ 91.986234136000178, 22.038662198000111 ], [ 91.986133882000047, 22.038853059000189 ], [ 91.9860884470001, 22.039284821000024 ], [ 91.985839086000169, 22.039766467999982 ], [ 91.985637229000076, 22.04000822800009 ], [ 91.985384577000104, 22.040298011 ], [ 91.985235492000129, 22.040633953000111 ], [ 91.985200944000098, 22.040717905000122 ], [ 91.985162286000104, 22.040810936000071 ], [ 91.985135929000137, 22.04087447 ], [ 91.984985520000066, 22.041115607000165 ], [ 91.984962855000049, 22.041183611000122 ], [ 91.984936690000097, 22.041260685999987 ], [ 91.984938485000157, 22.041389351000078 ], [ 91.984939993000125, 22.041497700000093 ], [ 91.984945350000089, 22.04188143600004 ], [ 91.984946669000124, 22.041976243000136 ], [ 91.985052966000126, 22.042261674000031 ], [ 91.985261508000178, 22.042498457000022 ], [ 91.985519516000181, 22.04259240600004 ], [ 91.985778903000096, 22.042828571000143 ], [ 91.98598741100011, 22.043063094000104 ], [ 91.986184316000106, 22.043376775000013 ], [ 91.986362272000122, 22.043850980000116 ], [ 91.986302619000071, 22.044565121000119 ], [ 91.986168846999988, 22.044957318000172 ], [ 91.986245707000137, 22.045475644000021 ], [ 91.986462679000169, 22.046055483000146 ], [ 91.986744754000142, 22.046311688000117 ], [ 91.986819820000107, 22.046701351000138 ], [ 91.986689643000091, 22.04735087600011 ], [ 91.98599625300011, 22.047555706000026 ], [ 91.985231111000019, 22.047564990000069 ], [ 91.984810689000085, 22.047373673000152 ], [ 91.984459913000194, 22.047183770000174 ], [ 91.983970822000117, 22.047061013000018 ], [ 91.983554024999989, 22.047129280000092 ], [ 91.983139965000021, 22.047393925000051 ], [ 91.983215021000035, 22.047783590000051 ], [ 91.98350071800013, 22.048299386999986 ], [ 91.983712265000122, 22.048490981000043 ], [ 91.983648067000161, 22.048880075000113 ], [ 91.983441053000092, 22.049013528000046 ], [ 91.983024281000041, 22.049084049999976 ], [ 91.982678605000046, 22.049216924000177 ], [ 91.983105633000037, 22.049925169000062 ], [ 91.983528771000067, 22.050310613000136 ], [ 91.983879548000061, 22.050500520000128 ], [ 91.984229453000125, 22.050627220000138 ], [ 91.984371392000071, 22.05081965800008 ], [ 91.983818972000165, 22.051149198000189 ], [ 91.983409436000045, 22.051738894000096 ], [ 91.983276533000151, 22.052194294000117 ], [ 91.983072218000189, 22.052521870000078 ], [ 91.982592748000172, 22.053046940000172 ], [ 91.982185905000165, 22.053830758000174 ], [ 91.981705827000042, 22.054355832999988 ], [ 91.981508741000084, 22.055202580000184 ], [ 91.981519561000084, 22.055979081000032 ], [ 91.981598239, 22.056628332000173 ], [ 91.98167509600006, 22.057146660000058 ], [ 91.981614507000131, 22.057795338000119 ], [ 91.98149156900007, 22.058966291000104 ], [ 91.981153412000083, 22.059683804000031 ], [ 91.98081255000011, 22.060207191000075 ], [ 91.980469860000198, 22.060599656000136 ], [ 91.979923442000086, 22.061319688000026 ], [ 91.979530326000088, 22.061613424000029 ], [ 91.979236320000098, 22.061806625000088 ], [ 91.978942293000159, 22.061954672000184 ], [ 91.978477134000173, 22.062075440000058 ], [ 91.97819824700008, 22.062180407000085 ], [ 91.97790322100019, 22.062213324000084 ], [ 91.977592640000125, 22.062259972000049 ], [ 91.977343844000188, 22.062308135000023 ], [ 91.977094807000071, 22.062295341000038 ], [ 91.976845392000143, 22.06225546100012 ], [ 91.976642370000036, 22.062199214000145 ], [ 91.976360877000104, 22.0621168240001 ], [ 91.976141520000169, 22.062017880999974 ], [ 91.976015584000038, 22.061931352000045 ], [ 91.975890065000044, 22.061831276000078 ], [ 91.97570139700008, 22.061718414000154 ], [ 91.97534159900016, 22.061578268000119 ], [ 91.975154506000194, 22.061535375 ], [ 91.97487380300015, 22.061509413000181 ], [ 91.974562628000115, 22.061513172000048 ], [ 91.974470024000084, 22.061559441000043 ], [ 91.974346317000027, 22.061633180000058 ], [ 91.974269819000085, 22.061749244000055 ], [ 91.974224833000108, 22.061867185000153 ], [ 91.974211701000115, 22.062011833000042 ], [ 91.974198972000181, 22.0622287220001 ], [ 91.974201199000106, 22.062388988000066 ], [ 91.974187465000057, 22.062533644000098 ], [ 91.974190099000111, 22.06272325599997 ], [ 91.974175769000169, 22.06282502300013 ], [ 91.974162046000174, 22.062926783000023 ], [ 91.974132165000071, 22.063042284000119 ], [ 91.974026012000081, 22.06324675500008 ], [ 91.97402823800013, 22.06340702100016 ], [ 91.974062542000127, 22.063609796000151 ], [ 91.974157781000088, 22.063753137000049 ], [ 91.974268573000188, 22.063882743000079 ], [ 91.974363407000055, 22.06399674000005 ], [ 91.974443539000106, 22.064142519000086 ], [ 91.974569846000179, 22.064299031000076 ], [ 91.974759144000188, 22.064457038000114 ], [ 91.974900999000113, 22.064599817000101 ], [ 91.975058630000092, 22.064744660000088 ], [ 91.975184726000066, 22.064842473000112 ], [ 91.975326805000179, 22.065001052000184 ], [ 91.975549992000083, 22.065375383000116 ], [ 91.975691662000088, 22.065504616000112 ], [ 91.975927363000096, 22.065646256999969 ], [ 91.976161682000054, 22.065688582 ], [ 91.976410694000037, 22.065699119000101 ], [ 91.976611708000178, 22.065610899000092 ], [ 91.976859310000066, 22.065519859 ], [ 91.977013895000141, 22.06544574500009 ], [ 91.977215706000038, 22.065371060000075 ], [ 91.977463306000118, 22.06528001800018 ], [ 91.977696179000077, 22.065218504000029 ], [ 91.9780378600002, 22.065187280000146 ], [ 91.978380303000051, 22.065167335000183 ], [ 91.978753655000048, 22.065149271999985 ], [ 91.97904909600004, 22.065145699000141 ], [ 91.97934472500009, 22.065155668000159 ], [ 91.979626853000127, 22.065283196000053 ], [ 91.979831294000121, 22.06544101500009 ], [ 91.979973762000157, 22.065583780000054 ], [ 91.980069420000063, 22.065756461000035 ], [ 91.980118049000112, 22.06590036200015 ], [ 91.980136022000067, 22.066060437000147 ], [ 91.980157228000053, 22.066495907000103 ], [ 91.98015945800006, 22.066656171000091 ], [ 91.980161063000139, 22.066771294000091 ], [ 91.980163896000079, 22.066974448 ], [ 91.980309797000189, 22.067363254000043 ], [ 91.980389524000088, 22.067522582000095 ], [ 91.980516064000085, 22.067651992000151 ], [ 91.98064260600006, 22.06778140199998 ], [ 91.980784881000034, 22.067953521000106 ], [ 91.980911613000046, 22.068096474000129 ], [ 91.981052883000189, 22.068196358000023 ], [ 91.981256732000077, 22.068311286000153 ], [ 91.981412923000164, 22.068352287999971 ], [ 91.981475880000119, 22.068394421 ], [ 91.981523913000103, 22.06849543300018 ], [ 91.981541261000075, 22.068610363000118 ], [ 91.981589706000136, 22.068740720000164 ], [ 91.981654297000034, 22.068900228000189 ], [ 91.981702332, 22.069001243000116 ], [ 91.981734816000198, 22.069115987000032 ], [ 91.981736233000049, 22.069217565000088 ], [ 91.981722735000176, 22.069335127000045 ], [ 91.981708408000145, 22.069436894000034 ], [ 91.981663996000066, 22.069595467000056 ], [ 91.981619012000067, 22.069713410000134 ], [ 91.981558072000155, 22.069815743 ], [ 91.981528004000154, 22.069917701000122 ], [ 91.981468075000066, 22.070049371000152 ], [ 91.981454761000066, 22.070223370000065 ], [ 91.981471919000057, 22.070324759000016 ], [ 91.98142954399998, 22.070672948000151 ], [ 91.9814491260002, 22.070948145000102 ], [ 91.981469116000085, 22.071252684000171 ], [ 91.981517150000172, 22.071353697000063 ], [ 91.981627957000171, 22.071483298000032 ], [ 91.981645934000142, 22.071643372000153 ], [ 91.98163280700004, 22.071830915000135 ], [ 91.981603150000183, 22.07196221900017 ], [ 91.981651979000048, 22.07207676500002 ], [ 91.981793474000085, 22.072192449 ], [ 91.9819192, 22.072263171000031 ], [ 91.982029600000089, 22.072363425000106 ], [ 91.982234241000072, 22.072534784000027 ], [ 91.982345459000044, 22.072693730000026 ], [ 91.982457869000086, 22.072938450000038 ], [ 91.982521232000067, 22.073052821000147 ], [ 91.982725476000098, 22.073151939000184 ], [ 91.982896616000062, 22.073179213000117 ], [ 91.983053448000078, 22.073265359000175 ], [ 91.983243966000032, 22.073509131000094 ], [ 91.983355373000109, 22.073681619000126 ], [ 91.983450848000075, 22.073840754000059 ], [ 91.98359332400014, 22.074026409000055 ], [ 91.983736025000155, 22.074184971000022 ], [ 91.983846833000086, 22.074314570000183 ], [ 91.984039808000148, 22.074777303000189 ], [ 91.984229098000185, 22.074933041000122 ], [ 91.984463431000108, 22.075018246000127 ], [ 91.984697732000029, 22.075058297000169 ], [ 91.984854972000107, 22.075173785000118 ], [ 91.985169393000092, 22.075400245000026 ], [ 91.985436027000105, 22.075543757 ], [ 91.985672575000137, 22.075744072000134 ], [ 91.985673212000108, 22.075789730000054 ], [ 91.985673710000185, 22.075825333000068 ], [ 91.985596080000107, 22.075860139000099 ], [ 91.985486687000048, 22.075832119000097 ], [ 91.985314744000107, 22.075791312000149 ], [ 91.98500373000013, 22.075808634000168 ], [ 91.984724830000175, 22.075870719000079 ], [ 91.984548627000038, 22.075853341000027 ], [ 91.984459836000099, 22.075844584000151 ], [ 91.984132070000157, 22.075789864000058 ], [ 91.983788593000043, 22.075737592000166 ], [ 91.983228137000026, 22.075715040000091 ], [ 91.982697742000141, 22.075633425000149 ], [ 91.982291900000121, 22.075581906000082 ], [ 91.981917928000087, 22.075557090000132 ], [ 91.981495904000155, 22.075517013000137 ], [ 91.981076739000059, 22.075508587000115 ], [ 91.980469662000189, 22.075486592000175 ], [ 91.98000144100007, 22.075390669000114 ], [ 91.979718504000175, 22.075206711000192 ], [ 91.979436762000148, 22.075108527000054 ], [ 91.978938856000184, 22.075098752000031 ], [ 91.97833240600005, 22.075164788 ], [ 91.977913227000101, 22.075242105000086 ], [ 91.977508373000035, 22.075217652000106 ], [ 91.97716527700004, 22.075192451000078 ], [ 91.976744087000043, 22.075125300000138 ], [ 91.976352957000188, 22.074999084000183 ], [ 91.97602401000006, 22.074815674999968 ], [ 91.975818767000192, 22.074644316000104 ], [ 91.975661532000061, 22.074528819000079 ], [ 91.975162247000071, 22.074419709000097 ], [ 91.974477073, 22.074398635000136 ], [ 91.974009264000131, 22.074332041000105 ], [ 91.97358747800007, 22.074221991000059 ], [ 91.973243165000099, 22.07410875000005 ], [ 91.972851256000069, 22.073926092000022 ], [ 91.972599374000197, 22.073710140000117 ], [ 91.972382743000139, 22.073458905000166 ], [ 91.972187693000137, 22.073193586000173 ], [ 91.971934019000116, 22.07289186100013 ], [ 91.971775192000052, 22.072661240000173 ], [ 91.971601447000126, 22.072446599999978 ], [ 91.971549787000129, 22.072083739999982 ], [ 91.971531414000083, 22.071894319000023 ], [ 91.971497331000023, 22.071707343000014 ], [ 91.971448079000027, 22.0715182940001 ], [ 91.971368577000021, 22.071374763000051 ], [ 91.97130544900017, 22.070185739000067 ], [ 91.971087901000089, 22.070217711000055 ], [ 91.970995479000067, 22.070277523000016 ], [ 91.970856428000047, 22.07038079400013 ], [ 91.970670736000102, 22.070439474000182 ], [ 91.970421701000021, 22.070471826000016 ], [ 91.970204350000074, 22.070474442999966 ], [ 91.969939993000139, 22.070493432000035 ], [ 91.969782383000052, 22.070393736000142 ], [ 91.969563809000135, 22.070308319000105 ], [ 91.969409025000118, 22.070368880000046 ], [ 91.969316995000099, 22.070500935000041 ], [ 91.969240908000131, 22.070603445000188 ], [ 91.969101853000097, 22.070706713 ], [ 91.968995474000053, 22.070895383000163 ], [ 91.968904458000168, 22.071056770000098 ], [ 91.968751078000082, 22.071218912 ], [ 91.968565197000089, 22.07126404600001 ], [ 91.968502430000115, 22.071235451000064 ], [ 91.968452403000185, 22.070989968000106 ], [ 91.968293362000054, 22.070743538000102 ], [ 91.967903285000034, 22.070691791 ], [ 91.967684104999989, 22.070606382000165 ], [ 91.96752669600005, 22.070477330000131 ], [ 91.9674009740001, 22.070406601000059 ], [ 91.967134804000125, 22.070294659000012 ], [ 91.966824798000061, 22.070384182000055 ], [ 91.966532374, 22.070606689999977 ], [ 91.966364035000197, 22.07082544900004 ], [ 91.966243135000184, 22.071059442000148 ], [ 91.966137374000198, 22.071293253000022 ], [ 91.966032017000089, 22.071556407000173 ], [ 91.965909704000183, 22.071731718000024 ], [ 91.965662458000168, 22.071849831000065 ], [ 91.965428568000164, 22.071839098000169 ], [ 91.965162959000111, 22.071767789000035 ], [ 91.964834832000065, 22.071685940000123 ], [ 91.964506892000145, 22.071617634000177 ], [ 91.964256244000183, 22.071489701000132 ], [ 91.964021148000086, 22.071348033000163 ], [ 91.963898667000137, 22.071275631 ], [ 91.96370672400019, 22.071162165000032 ], [ 91.963392317000171, 22.07093340300014 ], [ 91.963203843000031, 22.070791174000135 ], [ 91.962829879000196, 22.070766314000082 ], [ 91.962299727000186, 22.070700429 ], [ 91.961988529000052, 22.070704165000166 ], [ 91.961881138000138, 22.070820595000043 ], [ 91.961881951000066, 22.070879285000103 ], [ 91.961821397000051, 22.071010955000133 ], [ 91.961682133000068, 22.071055522 ], [ 91.961463580000043, 22.071015248000037 ], [ 91.96119840900019, 22.070975532000148 ], [ 91.960854110000071, 22.070862263000095 ], [ 91.960618832000137, 22.070707046000109 ], [ 91.960398257000065, 22.070520046000127 ], [ 91.960115945000155, 22.070378940000182 ], [ 91.95991232700004, 22.070279786000128 ], [ 91.959693777000041, 22.070239509000089 ], [ 91.95950689700004, 22.070212398000081 ], [ 91.959194284000034, 22.070157444000131 ], [ 91.958851214000049, 22.070089309000082 ], [ 91.958382801000141, 22.069977523000091 ], [ 91.9580078460001, 22.069880415000057 ], [ 91.957856871000104, 22.069866419000107 ], [ 91.957617959000061, 22.06984218600013 ], [ 91.95724440000015, 22.069846657000085 ], [ 91.956995379000091, 22.06983609100007 ], [ 91.956575388000033, 22.069854665000037 ], [ 91.956374168000082, 22.069929316000071 ], [ 91.956297463000055, 22.070031830000062 ], [ 91.956298675000141, 22.070119863000116 ], [ 91.956300480000039, 22.07025078800001 ], [ 91.956302469000093, 22.070395256000097 ], [ 91.956293570000184, 22.070455057000174 ], [ 91.956274201000099, 22.070585237000103 ], [ 91.956260045000136, 22.070700548000104 ], [ 91.956230382000115, 22.070788951000054 ], [ 91.956169014000182, 22.070861932000128 ], [ 91.956154671000149, 22.070963699000117 ], [ 91.956234358000074, 22.071077886000069 ], [ 91.956297931000108, 22.071165176000022 ], [ 91.956345329000101, 22.071221051000123 ], [ 91.956412192000073, 22.0712834630001 ], [ 91.956464949000065, 22.071596651000107 ], [ 91.956684555000095, 22.072372919000031 ], [ 91.956688161000045, 22.072634765000032 ], [ 91.956693478000034, 22.073020764000091 ], [ 91.956911314000138, 22.073668366 ], [ 91.956917566000129, 22.074122082000088 ], [ 91.956646204000037, 22.074644594000119 ], [ 91.956442669000182, 22.075035350000121 ], [ 91.956310564000148, 22.075556194000058 ], [ 91.95631594200006, 22.075946706000025 ], [ 91.956325767000067, 22.076660009000022 ], [ 91.956402549000074, 22.077178357000093 ], [ 91.956338268000138, 22.077567445000113 ], [ 91.956203219000088, 22.077916672000129 ], [ 91.95613653200013, 22.078089122000051 ], [ 91.955934792000164, 22.078610801000139 ], [ 91.955804191000084, 22.079197103000126 ], [ 91.95574348100007, 22.079845779000152 ], [ 91.955685477000031, 22.080690839000113 ], [ 91.955695301000162, 22.081404148000047 ], [ 91.955566766000061, 22.082184579000057 ], [ 91.955438226000126, 22.082965014000081 ], [ 91.955393780000179, 22.08321163200003 ], [ 91.955308783000135, 22.083679985000174 ], [ 91.954969541000139, 22.08433199500007 ], [ 91.954774070000042, 22.085309646000098 ], [ 91.954789240000082, 22.086411205 ], [ 91.954876749000107, 22.087708320000104 ], [ 91.954891950000047, 22.088812139000083 ], [ 91.954701787000033, 22.090175785999975 ], [ 91.954708938000181, 22.090694963000033 ], [ 91.954785724000146, 22.091213309000125 ], [ 91.954931245000182, 22.091665358000171 ], [ 91.955081249000159, 22.092442460000143 ], [ 91.955021439000177, 22.093156599000167 ], [ 91.95474469100003, 22.093290853999974 ], [ 91.954471491000163, 22.093682441000169 ], [ 91.954199220000078, 22.094141746000048 ], [ 91.954067967000128, 22.094725796000034 ], [ 91.95406271600018, 22.094809502000032 ], [ 91.95401085400016, 22.095636317000185 ], [ 91.954226019000089, 22.096087535000038 ], [ 91.954372448000015, 22.096605046000093 ], [ 91.954241221000075, 22.097191353000028 ], [ 91.953760866000039, 22.097714105000136 ], [ 91.95342473900007, 22.098296984000115 ], [ 91.953567752000083, 22.098820414000102 ], [ 91.953710905000094, 22.099143805000097 ], [ 91.953654661000087, 22.100117533000059 ], [ 91.954222513000161, 22.100889635000158 ], [ 91.954992141000048, 22.101140055000087 ], [ 91.95541176200004, 22.101263721 ], [ 91.9556966130001, 22.101716358999965 ], [ 91.955702438000117, 22.102138935000141 ], [ 91.955702868000174, 22.10217007500006 ], [ 91.955707318000179, 22.102492867000137 ], [ 91.955988593000086, 22.102685918000191 ], [ 91.95647635, 22.102743290000149 ], [ 91.957242408000184, 22.102734111000188 ], [ 91.957939731000067, 22.102791227000125 ], [ 91.958288843000162, 22.102852513000016 ], [ 91.958430808000116, 22.103044971000145 ], [ 91.958434390000036, 22.103304560000026 ], [ 91.958513008000125, 22.103953824000087 ], [ 91.958447825000178, 22.104277450000041 ], [ 91.958101418000183, 22.104412547000152 ], [ 91.957404090000068, 22.104355434000126 ], [ 91.956919273000153, 22.104555404000166 ], [ 91.956994304000091, 22.104945078000071 ], [ 91.957483576000072, 22.10506790300019 ], [ 91.957696994000116, 22.105390448000151 ], [ 91.957911282000111, 22.105776196000079 ], [ 91.958190758000114, 22.105838317000178 ], [ 91.958608617000152, 22.105833307000125 ], [ 91.959023190000096, 22.105634176000081 ], [ 91.95915798700014, 22.105307457000094 ], [ 91.959362424000062, 22.104979902000082 ], [ 91.959986524000044, 22.104778256000088 ], [ 91.96061152700014, 22.104642065000121 ], [ 91.960832098000196, 22.105481526000062 ], [ 91.960910731000183, 22.106130786000108 ], [ 91.961124154000174, 22.106453327000054 ], [ 91.961680695000155, 22.10644664400013 ], [ 91.962032472000033, 22.106699790000107 ], [ 91.9623128570002, 22.10682736800004 ], [ 91.962940551000088, 22.106885294 ], [ 91.963497702000097, 22.106878595000069 ], [ 91.963703307000173, 22.106679709000161 ], [ 91.963697932000173, 22.106291457000168 ], [ 91.963901484000132, 22.105900692000091 ], [ 91.964384484000107, 22.105569782000032 ], [ 91.964800524000054, 22.105433834000166 ], [ 91.96535766900007, 22.105427129000077 ], [ 91.965776431999984, 22.105487562000178 ], [ 91.965847889000145, 22.105617645 ], [ 91.965991648000056, 22.105938759000139 ], [ 91.966344672000105, 22.106325083000115 ], [ 91.966622335000068, 22.106256269000085 ], [ 91.9670348100002, 22.105862986000147 ], [ 91.967452667000032, 22.105857953 ], [ 91.96750967100013, 22.105909716000099 ], [ 91.967734840000048, 22.106114182000169 ], [ 91.967889410000055, 22.107214054000053 ], [ 91.968516201000114, 22.107206500000132 ], [ 91.969075438000118, 22.107393918000184 ], [ 91.969424565000111, 22.107455179000169 ], [ 91.96984424600015, 22.107581061000133 ], [ 91.970126425000103, 22.107837286000063 ], [ 91.970410397000194, 22.108222175000037 ], [ 91.970555110000134, 22.108611004000181 ], [ 91.970702491000168, 22.109191698000075 ], [ 91.97070700800009, 22.109516748000146 ], [ 91.970714224000176, 22.110035917 ], [ 91.970372307000048, 22.110493830000166 ], [ 91.969958951000137, 22.11082391900004 ], [ 91.969475044000149, 22.111089384000024 ], [ 91.968850929000098, 22.111291068000014 ], [ 91.968366710999987, 22.111491065000166 ], [ 91.967743505000158, 22.111758206000161 ], [ 91.967331927000032, 22.112216951000164 ], [ 91.967197144000124, 22.112543678000122 ], [ 91.967132008000078, 22.112869563000174 ], [ 91.967486536000081, 22.113319080000167 ], [ 91.967766031000053, 22.113381184000161 ], [ 91.968041925000136, 22.113183703000061 ], [ 91.968040105000171, 22.113052781000079 ], [ 91.968174005000037, 22.112662849000117 ], [ 91.968308788000115, 22.112336124000024 ], [ 91.968585552000093, 22.11220184299998 ], [ 91.969139417000179, 22.11200100700006 ], [ 91.969487646000118, 22.111996808000185 ], [ 91.969836784000051, 22.11205806900017 ], [ 91.970187711000051, 22.112247992000164 ], [ 91.970332431000088, 22.112636819000102 ], [ 91.97040568400007, 22.112895565000031 ], [ 91.970549464000044, 22.113216674 ], [ 91.970829866000145, 22.113344233000191 ], [ 91.971246228000155, 22.113273733000028 ], [ 91.971449769000174, 22.112882963000061 ], [ 91.971521425000105, 22.112753799000188 ], [ 91.971798881000097, 22.112941960000057 ], [ 91.972217667000109, 22.113002375000121 ], [ 91.9722158780001, 22.112873708000052 ], [ 91.972347944000148, 22.112352858000122 ], [ 91.972342514000047, 22.111962348000134 ], [ 91.972337113000094, 22.111574099000109 ], [ 91.972191479000116, 22.111119815000166 ], [ 91.97218155700017, 22.110406517000115 ], [ 91.972247589000119, 22.11014609200015 ], [ 91.972733311000184, 22.110011538000037 ], [ 91.973151183000084, 22.110006488000181 ], [ 91.973224437000113, 22.110265233000177 ], [ 91.973302220000051, 22.110849022000082 ], [ 91.973515648000159, 22.111169287000166 ], [ 91.974001648000012, 22.111097941000139 ], [ 91.973995329000161, 22.110644229000059 ], [ 91.973989013000164, 22.110190520000117 ], [ 91.973841586000106, 22.109607571000083 ], [ 91.97376653800012, 22.109220163000032 ], [ 91.973554596000156, 22.108963097000071 ], [ 91.973132205000127, 22.108643099000062 ], [ 91.972714346000089, 22.10864814700011 ], [ 91.972295600999985, 22.108589993000123 ], [ 91.972290170000178, 22.108199486000046 ], [ 91.972702631000118, 22.107806186000175 ], [ 91.973188316000062, 22.107669376000047 ], [ 91.97360887800005, 22.107858454000052 ], [ 91.973821729000178, 22.108180981000032 ], [ 91.974103917000036, 22.108437199999969 ], [ 91.974523603000137, 22.108563069000184 ], [ 91.975082544000145, 22.108684995000147 ], [ 91.975289684000188, 22.108553805000156 ], [ 91.976054854000097, 22.108479076000094 ], [ 91.976328292000176, 22.108150668000064 ], [ 91.976392524000175, 22.107761574000051 ], [ 91.976386170000183, 22.107305607000058 ], [ 91.976728972000103, 22.106913144000032 ], [ 91.977496840000015, 22.107032534000098 ], [ 91.978264736000142, 22.107154177000155 ], [ 91.978338001999987, 22.107412918000136 ], [ 91.978343418000122, 22.107801168000094 ], [ 91.978139024000086, 22.108128744000055 ], [ 91.977864072000045, 22.108391701000016 ], [ 91.977659673000119, 22.108719278000081 ], [ 91.978148974000192, 22.108842038000091 ], [ 91.978843894000136, 22.108768147000092 ], [ 91.979612714000154, 22.108955244000015 ], [ 91.979825273000074, 22.10921229600018 ], [ 91.980385134000073, 22.109399663000147 ], [ 91.980727897000122, 22.109004935000144 ], [ 91.980651034000061, 22.108488867000062 ], [ 91.980298279000124, 22.108168046000117 ], [ 91.979877709000107, 22.10797898800007 ], [ 91.979873170000189, 22.107653942000184 ], [ 91.980360670000039, 22.107648031000167 ], [ 91.980707057000188, 22.107512889000134 ], [ 91.980976580000174, 22.106861679000076 ], [ 91.980899686000043, 22.106343352000124 ], [ 91.980618403000108, 22.10615260700007 ], [ 91.980401313000129, 22.105570509000017 ], [ 91.980394064000109, 22.105051345000049 ], [ 91.98073864600002, 22.104787536000174 ], [ 91.981015418000197, 22.104655492000063 ], [ 91.981220994000182, 22.104456584000161 ], [ 91.981287924000185, 22.10426161800018 ], [ 91.981282500000077, 22.103873366000016 ], [ 91.981975286000022, 22.103605334000065 ], [ 91.982250223000165, 22.103342371000053 ], [ 91.982522445000086, 22.10288528000018 ], [ 91.982517901000108, 22.102560236000102 ], [ 91.982791005000138, 22.102166350000175 ], [ 91.982997211000111, 22.101969689000157 ], [ 91.983180652000101, 22.101864371000147 ], [ 91.983342698, 22.101771338 ], [ 91.983617022000146, 22.101508380000098 ], [ 91.983890151000139, 22.101116750000017 ], [ 91.984163251000155, 22.100722860000133 ], [ 91.98429798300009, 22.100396126000078 ], [ 91.984500555000182, 22.099939881000068 ], [ 91.984636197000043, 22.09967860200004 ], [ 91.984770929000149, 22.099351867000109 ], [ 91.984832422000181, 22.098768650000068 ], [ 91.984966763000045, 22.098442858000112 ], [ 91.985448272000156, 22.0979822810001 ], [ 91.985652636, 22.09765469600012 ], [ 91.986202781000145, 22.097194226 ], [ 91.986769142000185, 22.097059855000168 ], [ 91.987177708000104, 22.097182369 ], [ 91.987390262000076, 22.097439412000028 ], [ 91.987739366000199, 22.097500637000053 ], [ 91.987736615000074, 22.097304256000086 ], [ 91.98787045, 22.096914313000013 ], [ 91.988495667000166, 22.096841235000056 ], [ 91.988909853000109, 22.096576565000134 ], [ 91.989046405000067, 22.096380745000147 ], [ 91.989251679000176, 22.096118619000094 ], [ 91.989737333000051, 22.095984019000184 ], [ 91.989766351000128, 22.095983665000119 ], [ 91.990224794000142, 22.095978080000123 ], [ 91.990642613000148, 22.095972992000043 ], [ 91.990852412000038, 22.096033650000095 ], [ 91.991063475000146, 22.096227492000139 ], [ 91.991207278000047, 22.096548578000068 ], [ 91.991210923000096, 22.096808163000162 ], [ 91.991769854000097, 22.09693229200019 ], [ 91.991905486000121, 22.096671011000183 ], [ 91.991902763000155, 22.096476887999984 ], [ 91.991965111000127, 22.095956874000137 ], [ 91.992171266000071, 22.095757945000116 ], [ 91.992520367000111, 22.09581915900003 ], [ 91.992731119000098, 22.095947533000185 ], [ 91.993081110000048, 22.096071946000052 ], [ 91.993217655000024, 22.095876124000029 ], [ 91.993284564000191, 22.095681152000054 ], [ 91.993349636000062, 22.09535525900003 ], [ 91.993482816000039, 22.094963066000162 ], [ 91.993826463000175, 22.094636031 ], [ 91.993825543000071, 22.094570571000077 ], [ 91.994243361000031, 22.094565473000046 ], [ 91.994662984000172, 22.094689034000055 ], [ 91.994752366000114, 22.094929510000043 ], [ 91.994807748000085, 22.095077837000133 ], [ 91.994812318000072, 22.095402878000129 ], [ 91.994613433000097, 22.096118719000117 ], [ 91.994480539000108, 22.096574124000028 ], [ 91.994278922000035, 22.097095839000133 ], [ 91.994003103000182, 22.097293362000073 ], [ 91.993867475000172, 22.097554645000059 ], [ 91.993803326000091, 22.097945996000021 ], [ 91.993739144000131, 22.09833509200007 ], [ 91.993331942000168, 22.09905347 ], [ 91.99319815400014, 22.099445674000151 ], [ 91.993209983000099, 22.100287625000078 ], [ 91.993217275000177, 22.100806789000046 ], [ 91.993640916000174, 22.101257661000034 ], [ 91.993924931000151, 22.101642507000122 ], [ 91.994418788000019, 22.102090260000125 ], [ 91.994635928000093, 22.102672333000044 ], [ 91.994777939000187, 22.102864756000088 ], [ 91.99561361700006, 22.102854547 ], [ 91.995756552000046, 22.103112427000042 ], [ 91.996104149000132, 22.103108181000039 ], [ 91.996040002000086, 22.103499533000104 ], [ 91.995346936000089, 22.103702157000157 ], [ 91.995351477000042, 22.104024942000137 ], [ 91.995073831000127, 22.104093804000172 ], [ 91.994308704000161, 22.104168621000042 ], [ 91.993820300000095, 22.104109112000174 ], [ 91.993406709000055, 22.104373785000121 ], [ 91.99354811500001, 22.104566215999967 ], [ 91.993968721000044, 22.104757494000182 ], [ 91.994109809000122, 22.104884458000186 ], [ 91.99390545600005, 22.105212051000024 ], [ 91.993559061000042, 22.105344965000029 ], [ 91.993146386000092, 22.105675099000166 ], [ 91.993008939, 22.105807719000097 ], [ 91.992875110000057, 22.106197664000149 ], [ 91.99294840400006, 22.106456396000056 ], [ 91.993297534000192, 22.106517607000058 ], [ 91.99371842700009, 22.106772095000167 ], [ 91.993652438000026, 22.107032529000037 ], [ 91.993305720000137, 22.107099974 ], [ 91.992539653000108, 22.107109322999975 ], [ 91.992467282000064, 22.106916050000052 ], [ 91.99197978900014, 22.10692199600004 ], [ 91.991985274000115, 22.107312498 ], [ 91.991637947000072, 22.107379949000176 ], [ 91.991364924000152, 22.10736263300015 ], [ 91.990801957000031, 22.107326928000134 ], [ 91.990799200000026, 22.107130547000168 ], [ 91.990657190000036, 22.10693812300002 ], [ 91.990378620000058, 22.106941519000145 ], [ 91.98975275500004, 22.107014615000139 ], [ 91.989687675000198, 22.107340508 ], [ 91.989620756000079, 22.107535479000092 ], [ 91.989484196000149, 22.107731300000012 ], [ 91.989137818000074, 22.107866461000128 ], [ 91.988790490000099, 22.107933906000085 ], [ 91.988653957999986, 22.108131981000042 ], [ 91.988726323000037, 22.108325255000068 ], [ 91.98893616700019, 22.108388171000115 ], [ 91.98935402900014, 22.108383085000014 ], [ 91.989771889000053, 22.108377990000065 ], [ 91.990468319000115, 22.108369505000155 ], [ 91.99102635100013, 22.108425915000055 ], [ 91.991305235000084, 22.108487986000114 ], [ 91.99144816800009, 22.108745871000053 ], [ 91.991521454000122, 22.109004604000063 ], [ 91.991599310000197, 22.109588381000094 ], [ 91.991470043000049, 22.110303367000142 ], [ 91.991466074000186, 22.110345883000093 ], [ 91.991409497000177, 22.110952043000168 ], [ 91.991280227000175, 22.111667031000138 ], [ 91.991144583000107, 22.111928311000099 ], [ 91.990799722000077, 22.112128930000097 ], [ 91.990522950000127, 22.112260989999982 ], [ 91.989966708999987, 22.112333241000044 ], [ 91.989132774000041, 22.112472086000082 ], [ 91.988438762000158, 22.112611481000158 ], [ 91.987886159000141, 22.112943310000162 ], [ 91.987679348000199, 22.11323984600017 ], [ 91.987613021000129, 22.113334948000045 ], [ 91.987203342000043, 22.113924659000077 ], [ 91.986932921000175, 22.114510421000034 ], [ 91.986529592000124, 22.11555383700005 ], [ 91.986260117000086, 22.116207313000132 ], [ 91.985844641000199, 22.116341053000156 ], [ 91.9852883800001, 22.116413291000129 ], [ 91.985027864000187, 22.116440981000096 ], [ 91.984592825000163, 22.116487219000192 ], [ 91.984247306999976, 22.116685573999973 ], [ 91.984394784000017, 22.117268508000052 ], [ 91.98481719200015, 22.117586214000085 ], [ 91.985237829000084, 22.117777514000068 ], [ 91.985727166000117, 22.117900249000058 ], [ 91.986009397000146, 22.118156441999986 ], [ 91.985875540000166, 22.118546383000023 ], [ 91.985810445000197, 22.118872274000069 ], [ 91.985606054000073, 22.119199856000023 ], [ 91.985332901000106, 22.119591494000076 ], [ 91.985198154000045, 22.119918233000192 ], [ 91.985138496000104, 22.120632367000155 ], [ 91.985151240999983, 22.121542037999973 ], [ 91.985089749000053, 22.122125253000036 ], [ 91.984956803999978, 22.122580656000139 ], [ 91.984616742000128, 22.123169517000122 ], [ 91.984138061000181, 22.123497727000085 ], [ 91.983646788000158, 22.12350640600016 ], [ 91.98316015, 22.123577792000049 ], [ 91.982602024000187, 22.123519101000056 ], [ 91.981823144000089, 22.122618734000071 ], [ 91.981482152000069, 22.123142129000144 ], [ 91.980929181000079, 22.123408468000036 ], [ 91.980303237000157, 22.123481537000146 ], [ 91.979746944000055, 22.123553755999978 ], [ 91.979188820000047, 22.123495052000123 ], [ 91.978700075, 22.123372292999989 ], [ 91.978068678999989, 22.123054847000049 ], [ 91.977647147000141, 22.122800326 ], [ 91.977363130000185, 22.122415456000169 ], [ 91.976867421000122, 22.121836730000041 ], [ 91.976228489000164, 22.120934639000097 ], [ 91.975872118000098, 22.120356480000112 ], [ 91.975235331000079, 22.119650773000103 ], [ 91.974811994000106, 22.119265322000103 ], [ 91.97425209700009, 22.119077937000156 ], [ 91.973627652000175, 22.119214175000025 ], [ 91.973592736000114, 22.119273295000141 ], [ 91.973355404000017, 22.119673510000098 ], [ 91.973292985000114, 22.120193521999965 ], [ 91.97329656900007, 22.120450851000044 ], [ 91.973302917000069, 22.120906818000037 ], [ 91.973313759000064, 22.12168557200016 ], [ 91.973393344000158, 22.122398025000052 ], [ 91.973819362000029, 22.122975347000192 ], [ 91.974105503000033, 22.123556613000176 ], [ 91.974391342000104, 22.124072413000192 ], [ 91.974677185000075, 22.124588214000141 ], [ 91.975031767000075, 22.125037709000139 ], [ 91.975385470000163, 22.125423999000134 ], [ 91.975392649000128, 22.125938820000158 ], [ 91.975121338000122, 22.126465711000151 ], [ 91.974781193000126, 22.127052298000081 ], [ 91.974509818000172, 22.127574837000111 ], [ 91.974101838000138, 22.1282931880001 ], [ 91.973551569, 22.128755887000125 ], [ 91.9732060030002, 22.128954222000061 ], [ 91.973000655000078, 22.129216332999988 ], [ 91.972940025000014, 22.129865011000049 ], [ 91.972878514000172, 22.13045048400005 ], [ 91.972817881000083, 22.13109915900003 ], [ 91.972698472000047, 22.132529690000183 ], [ 91.972500352000168, 22.133310971000071 ], [ 91.97227512600017, 22.133799085000135 ], [ 91.972229839000079, 22.133896712000137 ], [ 91.971706724000057, 22.134397457000091 ], [ 91.971679816000119, 22.134422616000109 ], [ 91.970780319000028, 22.134824055000024 ], [ 91.969876568000132, 22.134963654000103 ], [ 91.96806700000019, 22.135050967000154 ], [ 91.967789281000194, 22.135119787000122 ], [ 91.967443690000096, 22.135318113000039 ], [ 91.967240115000038, 22.135708882000131 ], [ 91.967037475000154, 22.136167372000045 ], [ 91.967044656000155, 22.136684285000115 ], [ 91.96698221000014, 22.137204295000117 ], [ 91.966716212000108, 22.138117334000071 ], [ 91.966510538000193, 22.138313971000116 ], [ 91.966237326000112, 22.138707837000027 ], [ 91.966104308000126, 22.13916322700004 ], [ 91.965971290000141, 22.139618615000074 ], [ 91.965843694000057, 22.140464514000143 ], [ 91.96578663300005, 22.141372773000057 ], [ 91.965446717000191, 22.141762925000023 ], [ 91.965416975000039, 22.141758771000013 ], [ 91.965094542000088, 22.141706213000134 ], [ 91.964881048000166, 22.141383684000175 ], [ 91.964739032000125, 22.141191237000157 ], [ 91.964389821000111, 22.141129972000158 ], [ 91.963763488000097, 22.141137512000057 ], [ 91.9630651, 22.14101723400006 ], [ 91.962781044000167, 22.140630080000165 ], [ 91.962431836, 22.140568810000048 ], [ 91.961735235000049, 22.140577188000066 ], [ 91.961051643000133, 22.14046654800012 ], [ 91.960618592000117, 22.14039645600019 ], [ 91.960129190000089, 22.140273652000189 ], [ 91.95977817, 22.140081454000097 ], [ 91.959012518000065, 22.140090650000104 ], [ 91.958728503000145, 22.139705744000082 ], [ 91.958582909000143, 22.139253703000065 ], [ 91.958434598000053, 22.138605281000082 ], [ 91.958154181000054, 22.138479960000097 ], [ 91.958014862000141, 22.13848163300014 ], [ 91.956624063000106, 22.138627005999979 ], [ 91.956481157000155, 22.138369089000037 ], [ 91.956268592000072, 22.13811200900011 ], [ 91.95578097900011, 22.138117854000143 ], [ 91.954741482000031, 22.138520889000176 ], [ 91.954190470000071, 22.138981278000188 ], [ 91.953849037000168, 22.139439158000016 ], [ 91.953159600000049, 22.139966675999972 ], [ 91.952813105000075, 22.140101769000069 ], [ 91.95261486600009, 22.140883033000023 ], [ 91.952555044000121, 22.141597170000068 ], [ 91.952595612000096, 22.142122718000053 ], [ 91.9526398980002, 22.142697890000022 ], [ 91.952306812000188, 22.143805871000097 ], [ 91.952174650000075, 22.144326714000158 ], [ 91.952106761000039, 22.144456215000105 ], [ 91.951413452000168, 22.144660927000189 ], [ 91.951000826000154, 22.145054181000035 ], [ 91.951010659000133, 22.145767483000043 ], [ 91.951292890000161, 22.146023738000054 ], [ 91.951509942000143, 22.146605873000169 ], [ 91.952141662000031, 22.146986629000025 ], [ 91.952561450000132, 22.147112549000155 ], [ 91.953052678000063, 22.147366296000087 ], [ 91.953683235000142, 22.147618375000093 ], [ 91.95406116800001, 22.147874669000146 ], [ 91.954245909000122, 22.147999950000155 ], [ 91.954876769000123, 22.148317489000192 ], [ 91.955089346000193, 22.148574572000086 ], [ 91.954955383000197, 22.148964495000087 ], [ 91.954540980000104, 22.149229092000041 ], [ 91.954405235000195, 22.149490351000054 ], [ 91.953916412000126, 22.149367520000112 ], [ 91.953494838000097, 22.149112942000045 ], [ 91.952310539000052, 22.149127124000131 ], [ 91.952106902000139, 22.14951787900003 ], [ 91.951974734000089, 22.15003872200009 ], [ 91.95210586900015, 22.150664321000022 ], [ 91.952123904000132, 22.150750355000071 ], [ 91.952409728000191, 22.151266193000083 ], [ 91.952561614000103, 22.152174211000101 ], [ 91.952499112000112, 22.152694219000125 ], [ 91.952360255000087, 22.152993892000154 ], [ 91.952228482000123, 22.153279935000114 ], [ 91.951956105000193, 22.153739241000096 ], [ 91.951478478000013, 22.154059168000174 ], [ 91.951266300000043, 22.15420129000006 ], [ 91.950849198000185, 22.154271752 ], [ 91.950365977999979, 22.154600379000101 ], [ 91.950234568000155, 22.154951819000075 ], [ 91.950097170000163, 22.155319270000177 ], [ 91.949753279000049, 22.155646227000148 ], [ 91.949477283000078, 22.155843686000026 ], [ 91.949059878000128, 22.155848677 ], [ 91.948641871000063, 22.15585367500006 ], [ 91.948506111000199, 22.156114927000033 ], [ 91.948299808000115, 22.156313810000029 ], [ 91.94811272600009, 22.156354551000106 ], [ 91.94767456500017, 22.156449967000015 ], [ 91.947256555000195, 22.156454961000065 ], [ 91.946980552000184, 22.156652415000053 ], [ 91.946915963000095, 22.156978290000154 ], [ 91.946853441000087, 22.157498298000178 ], [ 91.946792397000195, 22.158078260000025 ], [ 91.947079707000171, 22.158793749000154 ], [ 91.947035664000168, 22.158900923000147 ], [ 91.946945448000122, 22.159120456000096 ], [ 91.946530100000075, 22.159319575000154 ], [ 91.946324662000109, 22.159581660000072 ], [ 91.946329134000109, 22.15990670900004 ], [ 91.946610485000065, 22.160097507000046 ], [ 91.946957037000118, 22.15996242500006 ], [ 91.947230670000124, 22.159636312000146 ], [ 91.947713884000109, 22.159305436000125 ], [ 91.947995236000111, 22.159496231 ], [ 91.948139052000158, 22.159819615000117 ], [ 91.94814149400014, 22.159996921000072 ], [ 91.948146203000078, 22.160338793000108 ], [ 91.948156029000188, 22.161052095000116 ], [ 91.947950591000108, 22.161314179000158 ], [ 91.947673681000083, 22.161446174000162 ], [ 91.947538815000144, 22.161772890000179 ], [ 91.94768083200006, 22.161965351000049 ], [ 91.948030088000166, 22.16202665000003 ], [ 91.948447215000158, 22.161956192000048 ], [ 91.949074254000038, 22.161948694000159 ], [ 91.949421738000012, 22.161881324000092 ], [ 91.949698011000066, 22.161747075999983 ], [ 91.950393820000158, 22.161673280000116 ], [ 91.95150768200017, 22.161596735000103 ], [ 91.952203784000176, 22.161588397000116 ], [ 91.952899590000186, 22.161514592000117 ], [ 91.953874521000159, 22.161631300000181 ], [ 91.954159028000163, 22.161887810999986 ], [ 91.95423496900014, 22.162340691000168 ], [ 91.954168011000093, 22.162537908000047 ], [ 91.953823242000055, 22.162801673000104 ], [ 91.953474886000038, 22.162805848 ], [ 91.952779947000181, 22.16294286100009 ], [ 91.952222574000132, 22.162949539000124 ], [ 91.95145501900015, 22.162830042000053 ], [ 91.951015785000038, 22.162835300000154 ], [ 91.950409946000093, 22.162842553000132 ], [ 91.949294906000034, 22.162790420000192 ], [ 91.947691558000031, 22.16274411500018 ], [ 91.946438975000092, 22.162824550000153 ], [ 91.945255455, 22.162904149999974 ], [ 91.945234493000044, 22.162888936000172 ], [ 91.944903526000132, 22.16264871900006 ], [ 91.944760613000085, 22.162390795000078 ], [ 91.944273517000113, 22.162396605000026 ], [ 91.943578570999989, 22.162533581000162 ], [ 91.943162340000129, 22.162669486000084 ], [ 91.942887220000102, 22.16293239800018 ], [ 91.942755007000073, 22.16345323500002 ], [ 91.942758574000095, 22.163712823000026 ], [ 91.942134190000161, 22.163914424999973 ], [ 91.941663665000192, 22.163954100000183 ], [ 91.941229952000128, 22.1639906690001 ], [ 91.93994651200012, 22.163729951 ], [ 91.939449459000116, 22.163628976000098 ], [ 91.939413717000036, 22.16362171500009 ], [ 91.938858130000142, 22.163759270000014 ], [ 91.93844542100004, 22.164152498000078 ], [ 91.937958609000077, 22.164223758000105 ], [ 91.937467343000094, 22.16396996800006 ], [ 91.937115424000183, 22.163714518000063 ], [ 91.936279960000149, 22.163724445000071 ], [ 91.936175819000141, 22.163725683 ], [ 91.935956436000026, 22.163728291000041 ], [ 91.935626341000159, 22.163738984000133 ], [ 91.935486451000145, 22.163745160000133 ], [ 91.935456325000132, 22.16380196 ], [ 91.935456944000123, 22.163847106000048 ], [ 91.935434397000108, 22.163926391000075 ], [ 91.93537258200007, 22.163970022000058 ], [ 91.935302520000107, 22.163986656000191 ], [ 91.935201250000091, 22.163981087000025 ], [ 91.935108319000108, 22.16400928000013 ], [ 91.935092969000095, 22.164038814000094 ], [ 91.935093774000052, 22.16409750300005 ], [ 91.935116183000048, 22.164133873000026 ], [ 91.93514210800015, 22.164175948000036 ], [ 91.935189254000136, 22.164211511000076 ], [ 91.935212677000038, 22.164240581000172 ], [ 91.935299110000187, 22.164268907 ], [ 91.935384627000076, 22.164274663000128 ], [ 91.935470269000064, 22.164289451000116 ], [ 91.935540455000194, 22.164281843000026 ], [ 91.9356105170001, 22.164265207000085 ], [ 91.935673323000174, 22.164293810000061 ], [ 91.935697147000155, 22.164352227000165 ], [ 91.935690259000125, 22.164424555000096 ], [ 91.935691341000052, 22.16450356100006 ], [ 91.935692423000148, 22.164582565000046 ], [ 91.935724948000086, 22.16465668100011 ], [ 91.935779659000048, 22.164669580000066 ], [ 91.935865178000142, 22.164675336000187 ], [ 91.935974230000113, 22.164674042000058 ], [ 91.936044511000148, 22.164673205999975 ], [ 91.936169020000023, 22.164694304000136 ], [ 91.93628613400017, 22.164706459000172 ], [ 91.936356814000135, 22.164734968000118 ], [ 91.93645889000004, 22.164799229000039 ], [ 91.936545117000151, 22.164856904000089 ], [ 91.936631644000158, 22.164891998000144 ], [ 91.936678880000159, 22.164934330999984 ], [ 91.936702397000033, 22.164970175000121 ], [ 91.936805184000093, 22.165086351000127 ], [ 91.936829801000101, 22.165158305000091 ], [ 91.936814821000098, 22.165214925000157 ], [ 91.936784727000088, 22.165273982000144 ], [ 91.936746756000048, 22.165333133000161 ], [ 91.936762583000018, 22.165382614000066 ], [ 91.936825697000131, 22.16543379 ], [ 91.936872936000043, 22.165476121999973 ], [ 91.936897276000082, 22.165527759999975 ], [ 91.936866265000106, 22.165564251000092 ], [ 91.936820295000189, 22.165614467000125 ], [ 91.936781923000069, 22.165644272000065 ], [ 91.936798756000087, 22.165723089999972 ], [ 91.936830272000066, 22.165767870000138 ], [ 91.936908614000117, 22.165780485000028 ], [ 91.937010195000084, 22.165808626000114 ], [ 91.937120052000068, 22.165866022000102 ], [ 91.9371753530001, 22.165921804999982 ], [ 91.937191306000102, 22.165980313000034 ], [ 91.937208046000023, 22.166052360000037 ], [ 91.937239841000121, 22.16611745400013 ], [ 91.937287407000099, 22.166139466000175 ], [ 91.937388370000065, 22.166122461999976 ], [ 91.937442310000051, 22.166078928000104 ], [ 91.93748815500004, 22.166019682000183 ], [ 91.937596623000104, 22.165975496999977 ], [ 91.937712950000048, 22.165974113000061 ], [ 91.937783629000137, 22.166002622 ], [ 91.937870063, 22.166030945000159 ], [ 91.937939519000054, 22.166014314000108 ], [ 91.938001428000121, 22.165977456000064 ], [ 91.938055459000054, 22.16594069000007 ], [ 91.938156051000078, 22.165896599000064 ], [ 91.938234299000158, 22.165902442000061 ], [ 91.938289322000173, 22.165937910000025 ], [ 91.938344560000132, 22.165989179000064 ], [ 91.938376139000127, 22.166038473000071 ], [ 91.938423594000085, 22.1660966070001 ], [ 91.938525670000161, 22.166160864000176 ], [ 91.938642508000044, 22.166152702000034 ], [ 91.938680664, 22.166107095000029 ], [ 91.938679891000049, 22.166050662000089 ], [ 91.938663352, 22.165949264000062 ], [ 91.938662144000091, 22.165861230000075 ], [ 91.938684579000096, 22.165818067000146 ], [ 91.938762518000033, 22.165801338000051 ], [ 91.938902595000172, 22.16580870100006 ], [ 91.938995773000102, 22.165798562000191 ], [ 91.939088888000072, 22.16578390900014 ], [ 91.939213787000199, 22.165789194000126 ], [ 91.939292345000126, 22.165817609000101 ], [ 91.93938614200016, 22.165852616000052 ], [ 91.939471785000194, 22.165867401000128 ], [ 91.939541662000011, 22.165837220000185 ], [ 91.939572065000164, 22.165800734000186 ], [ 91.939657199000067, 22.165734250000014 ], [ 91.93978927500018, 22.165732676000061 ], [ 91.939983631000075, 22.165721332000032 ], [ 91.940170965000164, 22.165728135000165 ], [ 91.940342607000161, 22.165739636000126 ], [ 91.940452653000193, 22.165810573000044 ], [ 91.940523317000157, 22.165881977000083 ], [ 91.940602371000125, 22.165946507000115 ], [ 91.940695982000136, 22.165967968000189 ], [ 91.940774232000081, 22.165973811000015 ], [ 91.940844400000174, 22.166009097000142 ], [ 91.940868525000155, 22.166044932000148 ], [ 91.940908506000142, 22.16613250600011 ], [ 91.940932942000018, 22.166190913000037 ], [ 91.940934119000076, 22.166276690000132 ], [ 91.940919668, 22.166371683000079 ], [ 91.940890350000075, 22.166487174000167 ], [ 91.940860457000156, 22.166604929000016 ], [ 91.940816375000054, 22.166792840000028 ], [ 91.940771524000183, 22.166924318000099 ], [ 91.940718575000176, 22.167040088000078 ], [ 91.940658186000064, 22.167187557000091 ], [ 91.940605333, 22.167310099000133 ], [ 91.940545035000184, 22.167464339000105 ], [ 91.940439046000051, 22.16768911000014 ], [ 91.940403369000194, 22.167915299000072 ], [ 91.94037404900007, 22.168030789000056 ], [ 91.940375352999979, 22.168125598000188 ], [ 91.940376343000082, 22.168197831000043 ], [ 91.940377018000049, 22.16824709600013 ], [ 91.940377643000033, 22.16829263600016 ], [ 91.940378758000179, 22.168373898000141 ], [ 91.940395175000049, 22.168466267000042 ], [ 91.940412044000084, 22.168547343000171 ], [ 91.940421004000143, 22.168626255000106 ], [ 91.940425742000173, 22.16866232000018 ], [ 91.94201800400009, 22.171646042000134 ], [ 91.942623979000075, 22.172307085000057 ], [ 91.943591686000104, 22.17318506200013 ], [ 91.944078920000095, 22.173847517000127 ], [ 91.944063259000131, 22.173942524000097 ], [ 91.943968749000135, 22.174517098000024 ], [ 91.943619218000094, 22.175187277000134 ], [ 91.943033120000109, 22.175973161000115 ], [ 91.9425642490001, 22.176647020000019 ], [ 91.942544278000128, 22.176695080000115 ], [ 91.941721994000147, 22.176212301000021 ], [ 91.940999713000167, 22.175776147000192 ], [ 91.939327706000086, 22.175683301000163 ], [ 91.937289371000134, 22.175612606000072 ], [ 91.936938628000121, 22.175601095000104 ], [ 91.935176558000194, 22.175513372000012 ], [ 91.93514275800004, 22.175511688000086 ], [ 91.933589836000181, 22.175530126000183 ], [ 91.931559464000031, 22.175554211000133 ], [ 91.929886273000079, 22.175463413000045 ], [ 91.928331809000042, 22.175368937000087 ], [ 91.927021261000164, 22.17560795300011 ] ] ] } },
{ "type": "Feature", "properties": { "adm3_name": "Chandanaish", "area_sqkm": 199.86473405000001 }, "geometry": { "type": "Polygon", "coordinates": [ [ [ 92.141424501000188, 22.313881053000102 ], [ 92.140657107000095, 22.314071781000052 ], [ 92.140102943000102, 22.314085870000042 ], [ 92.140082453000161, 22.314372835000086 ], [ 92.139856271000099, 22.314416452000046 ], [ 92.139455637000196, 22.314236632000132 ], [ 92.139118610000082, 22.313931813000011 ], [ 92.138715156000103, 22.313566919000039 ], [ 92.138510934000067, 22.31326034500006 ], [ 92.138176409000039, 22.31307965100001 ], [ 92.137778958000069, 22.313148098999989 ], [ 92.137255872000139, 22.313649371999986 ], [ 92.13699493200005, 22.313959823 ], [ 92.136797313000159, 22.31408658700002 ], [ 92.136399499000106, 22.314091830000052 ], [ 92.135932165000156, 22.313912878000167 ], [ 92.135396238000112, 22.313610671000106 ], [ 92.134991267000089, 22.313184837000051 ], [ 92.134520161000182, 22.312757611000052 ], [ 92.133787223000127, 22.312582151000072 ], [ 92.133322712000165, 22.312588265000045 ], [ 92.132590700000151, 22.312473737000175 ], [ 92.132062292000114, 22.312665795999976 ], [ 92.131532637000078, 22.312735969000187 ], [ 92.1311323380001, 22.312617075000105 ], [ 92.13059830900005, 22.312438984000039 ], [ 92.129861610000148, 22.31201523600015 ], [ 92.129257756000072, 22.31159199700005 ], [ 92.128501544000017, 22.310680891000175 ], [ 92.128446547000181, 22.310613891000116 ], [ 92.12827006200007, 22.310534940000082 ], [ 92.127777842, 22.310313398000062 ], [ 92.126911200000109, 22.310078708000162 ], [ 92.126248715000088, 22.310148349000144 ], [ 92.126122877000114, 22.310183771000084 ], [ 92.125786085000186, 22.310278575999973 ], [ 92.125253916000077, 22.310222345000057 ], [ 92.125051292000194, 22.309978937000153 ], [ 92.124845222000033, 22.30954820900007 ], [ 92.124441823000154, 22.309183275000066 ], [ 92.123975471000108, 22.309067483999968 ], [ 92.123502883000072, 22.308579292000104 ], [ 92.122962011000084, 22.307906884000033 ], [ 92.122288657000126, 22.307297160000076 ], [ 92.122018380999975, 22.306991425000092 ], [ 92.121352190000039, 22.306815032000145 ], [ 92.120753969000191, 22.30676190600019 ], [ 92.119957167000166, 22.306772327000033 ], [ 92.119424700000081, 22.306655128000045 ], [ 92.118693680000149, 22.306603728000027 ], [ 92.118426205000162, 22.306483063000087 ], [ 92.118285950000143, 22.305990515000019 ], [ 92.118411293000122, 22.305494495 ], [ 92.118795723000176, 22.30456391700011 ], [ 92.118977833000145, 22.304091987000163 ], [ 92.119175424000048, 22.303360248999979 ], [ 92.11916742000011, 22.302829852000059 ], [ 92.119026819000112, 22.302274101000023 ], [ 92.118755640000131, 22.301907420000134 ], [ 92.117954204000057, 22.301608617 ], [ 92.116891527000178, 22.301561541000012 ], [ 92.115698838000185, 22.301701264000144 ], [ 92.11483780400016, 22.301834398000153 ], [ 92.114247966, 22.302336472000093 ], [ 92.113520675000132, 22.302531062000071 ], [ 92.11299508899998, 22.302910392000172 ], [ 92.112402425000198, 22.303225127000189 ], [ 92.111731011000018, 22.303233871000032 ], [ 92.111672337000186, 22.303234635000081 ], [ 92.111623456000132, 22.303210439000054 ], [ 92.11107044, 22.302935455000011 ], [ 92.110469422, 22.30269496000011 ], [ 92.109604677000164, 22.302582051000115 ], [ 92.109139272000107, 22.302527152000096 ], [ 92.10854198800007, 22.302534918 ], [ 92.108268890000033, 22.302487837000115 ], [ 92.107543533000126, 22.302362786000174 ], [ 92.107012953000094, 22.302369679000094 ], [ 92.106281953, 22.302318224000032 ], [ 92.105554650000158, 22.302512780000143 ], [ 92.104965684000092, 22.303075762 ], [ 92.104706551000049, 22.303510301000188 ], [ 92.104313734000129, 22.303887881000151 ], [ 92.103786225000135, 22.304140789000087 ], [ 92.102530173000105, 22.304466353000066 ], [ 92.102077015000077, 22.304946294000047 ], [ 92.101682074, 22.305466117000151 ], [ 92.101288301000011, 22.305780494000146 ], [ 92.100598199000103, 22.306234155000141 ], [ 92.099396056000046, 22.306516104000082 ], [ 92.09933929500005, 22.305478404000041 ], [ 92.099166592000074, 22.304798883000046 ], [ 92.098872641000185, 22.304123190000155 ], [ 92.098618784000053, 22.303410857000131 ], [ 92.098731595000061, 22.302842770000098 ], [ 92.098643052000114, 22.302315669000109 ], [ 92.098349049000035, 22.301676092000037 ], [ 92.098299991000033, 22.301112360000104 ], [ 92.098536975000115, 22.300655542000129 ], [ 92.099100597000188, 22.300384123000129 ], [ 92.099502311000037, 22.300114797000049 ], [ 92.099336467000171, 22.299852823000037 ], [ 92.099087035000139, 22.2994767940001 ], [ 92.09859677999998, 22.29921901400013 ], [ 92.097984612000175, 22.299001187000101 ], [ 92.097286138000072, 22.298405218000084 ], [ 92.09650871000008, 22.29796377100007 ], [ 92.09577076100004, 22.297445058000051 ], [ 92.095319967000194, 22.297148379000134 ], [ 92.094826294000143, 22.296701005000045 ], [ 92.094372712000109, 22.296216988000026 ], [ 92.09400091700013, 22.295768034000048 ], [ 92.093669755000121, 22.295318556000154 ], [ 92.093499955000084, 22.294830874000127 ], [ 92.093412551000142, 22.294378249000033 ], [ 92.093446985000128, 22.293962429000089 ], [ 92.093518651000011, 22.293358755999975 ], [ 92.093469011000195, 22.292754393000166 ], [ 92.093458888000157, 22.292075021000073 ], [ 92.093532269000093, 22.291545825000185 ], [ 92.093644021000102, 22.290864882000051 ], [ 92.093836982000141, 22.290221267 ], [ 92.094114595000121, 22.289763930999982 ], [ 92.09475323700002, 22.289076185000113 ], [ 92.095313491000013, 22.288540701000045 ], [ 92.095793573000151, 22.288119124000048 ], [ 92.095914571000037, 22.28785569300004 ], [ 92.095950984000126, 22.287776213000029 ], [ 92.096143360000042, 22.287094227000068 ], [ 92.096173852000049, 22.286414328000035 ], [ 92.096165404000089, 22.2858478120001 ], [ 92.096198717000107, 22.285357509000107 ], [ 92.096189696000124, 22.284752620000063 ], [ 92.096059382000192, 22.284187677000148 ], [ 92.096054331000062, 22.283849121000173 ], [ 92.096131068000091, 22.283545625000102 ], [ 92.09641205700018, 22.283316248000062 ], [ 92.096815383000148, 22.283198164000055 ], [ 92.097339466000051, 22.282963387000052 ], [ 92.097661042000198, 22.282771860000139 ], [ 92.097820122000201, 22.282541798000125 ], [ 92.098181109000166, 22.282227858000056 ], [ 92.098298966000073, 22.282038963000161 ], [ 92.098443970000119, 22.281759418000036 ], [ 92.098568055000044, 22.281500462999986 ], [ 92.098670013000117, 22.28122147400012 ], [ 92.098814139000126, 22.28088324600003 ], [ 92.098938529000122, 22.280644603000042 ], [ 92.098977095000123, 22.280384493000042 ], [ 92.09903664300009, 22.280108312000038 ], [ 92.099096458000133, 22.279809552000188 ], [ 92.09905166100009, 22.279652107 ], [ 92.099005649000162, 22.279454043000158 ], [ 92.098961121000059, 22.279314656000054 ], [ 92.09902184900011, 22.279117470000074 ], [ 92.099165939000102, 22.27877698400016 ], [ 92.099333339000111, 22.27857616100016 ], [ 92.099523169000179, 22.27845631800011 ], [ 92.099798152000119, 22.278312796000137 ], [ 92.100114728000165, 22.278112301000135 ], [ 92.100407350000069, 22.277769893000084 ], [ 92.100596572000086, 22.277568788000053 ], [ 92.100827661000096, 22.277369395000164 ], [ 92.100910754000154, 22.277248675000124 ], [ 92.101015973000074, 22.277147983000134 ], [ 92.101056623000034, 22.27702781000005 ], [ 92.100926642000047, 22.276891787000068 ], [ 92.101010038000197, 22.276750745000129 ], [ 92.101179219000073, 22.276669542000036 ], [ 92.101432708000175, 22.276548872000035 ], [ 92.101601583, 22.276447357000052 ], [ 92.101809931000048, 22.276106037000091 ], [ 92.101912483000149, 22.275867675000086 ], [ 92.10195168600012, 22.275650451000047 ], [ 92.101991456, 22.275430960000051 ], [ 92.102181250000115, 22.275308855 ], [ 92.102393473000177, 22.275267729000177 ], [ 92.102626580000162, 22.275203759000192 ], [ 92.102732105000143, 22.275123382 ], [ 92.102836747000083, 22.274984320000044 ], [ 92.10289713200018, 22.274764564000179 ], [ 92.102872065000156, 22.274507535000168 ], [ 92.102847872000041, 22.2743091910001 ], [ 92.10275736300008, 22.273973999000077 ], [ 92.102668333000167, 22.273697483000092 ], [ 92.102619960000141, 22.273341430000016 ], [ 92.102614325000161, 22.272964503000026 ], [ 92.102675617000045, 22.272765052000125 ], [ 92.102779654000074, 22.272625997000091 ], [ 92.102927305000094, 22.272524757000042 ], [ 92.103032217000077, 22.272403751000184 ], [ 92.103136555, 22.272285012 ], [ 92.103155984000125, 22.272124480000059 ], [ 92.103152138000155, 22.271867175000182 ], [ 92.103277694000042, 22.271748161000119 ], [ 92.103382913000132, 22.27164747 ], [ 92.103530867000131, 22.27156654099997 ], [ 92.103590067000027, 22.271267787000113 ], [ 92.103587399, 22.271089481000104 ], [ 92.103541993000135, 22.270891411999969 ], [ 92.103413195000144, 22.270834386000047 ], [ 92.103264632000048, 22.270874687000116 ], [ 92.10307484600014, 22.270996791000073 ], [ 92.102906281000116, 22.271118623000064 ], [ 92.102757719000124, 22.271158924000076 ], [ 92.102756538999984, 22.271079926000141 ], [ 92.102819011, 22.270959474000108 ], [ 92.102901828000199, 22.270820693000076 ], [ 92.102963995000096, 22.270679924000092 ], [ 92.103003769000054, 22.270501067000112 ], [ 92.103151148000052, 22.270381772000121 ], [ 92.103341541000077, 22.270300292000115 ], [ 92.103490372000067, 22.270278047000147 ], [ 92.103830472000141, 22.270233005000136 ], [ 92.103978124000093, 22.270172399000103 ], [ 92.103999071000146, 22.270113433 ], [ 92.104060633000074, 22.269972671000119 ], [ 92.104058846000044, 22.269853049000119 ], [ 92.103971607000176, 22.269736790000024 ], [ 92.103842812000096, 22.269639131000019 ], [ 92.103713409000136, 22.269541477000132 ], [ 92.103647091000141, 22.269363995 ], [ 92.10364620900009, 22.269305312000029 ], [ 92.103772341000195, 22.269224667 ], [ 92.103899650000187, 22.269182383999976 ], [ 92.104111831000068, 22.269139000000109 ], [ 92.104281609000054, 22.269098422000127 ], [ 92.104366178000078, 22.269036375000098 ], [ 92.104386517000023, 22.268977418000077 ], [ 92.104320466000161, 22.2688586270001 ], [ 92.104255362000117, 22.268762399000138 ], [ 92.104189306000137, 22.268602975000078 ], [ 92.10422968600011, 22.268464745000017 ], [ 92.104313679000086, 22.268404962000147 ], [ 92.104568294000103, 22.268320392000078 ], [ 92.104653170000176, 22.268319292000172 ], [ 92.104760171000066, 22.268338223000057 ], [ 92.104825313000106, 22.268436706000102 ], [ 92.104912581000065, 22.268555221000042 ], [ 92.104999818000067, 22.268712116000131 ], [ 92.105086175000054, 22.268769688000134 ], [ 92.105214091000107, 22.268768031999969 ], [ 92.105298692000133, 22.268748875000085 ], [ 92.105446339000139, 22.268647631000078 ], [ 92.105700077, 22.268545012000175 ], [ 92.105868945000111, 22.26844349400011 ], [ 92.105994493000026, 22.268283840000095 ], [ 92.106034533000184, 22.26812304200007 ], [ 92.106075207000174, 22.267964490000111 ], [ 92.106113794000066, 22.267706638999982 ], [ 92.106259951000141, 22.267506084000047 ], [ 92.106534028000169, 22.267344507000075 ], [ 92.106789245000073, 22.267300561000184 ], [ 92.107088395000119, 22.267396007000059 ], [ 92.107324186000199, 22.267471961000126 ], [ 92.107474508, 22.267589655000108 ], [ 92.107733614000153, 22.267805266999972 ], [ 92.108098479000034, 22.267996930000152 ], [ 92.108311873000105, 22.26803479299997 ], [ 92.108504052000114, 22.268072933000099 ], [ 92.108759883000062, 22.268069609 ], [ 92.109016595000185, 22.268165604000046 ], [ 92.109209043000078, 22.268221799000173 ], [ 92.1094215560002, 22.268160345000069 ], [ 92.109547377000183, 22.268059381000057 ], [ 92.109757187000127, 22.267857997000078 ], [ 92.110031864000064, 22.267696406000141 ], [ 92.110328027000151, 22.267552594000165 ], [ 92.110582065000187, 22.26747028200009 ], [ 92.110773328000107, 22.267447477000076 ], [ 92.110838506000164, 22.267507580000142 ], [ 92.11094605, 22.267603254000051 ], [ 92.111096095000107, 22.267662255000062 ], [ 92.111352231000126, 22.267679243000032 ], [ 92.111586503000183, 22.267694256000141 ], [ 92.111819020000155, 22.267591903000095 ], [ 92.112113726000189, 22.267351037000083 ], [ 92.11238569000011, 22.267049514000064 ], [ 92.112551599000085, 22.26675162500004 ], [ 92.112675651000018, 22.266492661000086 ], [ 92.112734828000043, 22.266193907000059 ], [ 92.112773090000189, 22.265875106000067 ], [ 92.112808100000052, 22.265380264000157 ], [ 92.112803627000176, 22.265082337000138 ], [ 92.11288195700007, 22.26464562700005 ], [ 92.112941165000166, 22.264308495000023 ], [ 92.113042472000132, 22.263988874000177 ], [ 92.113045600000191, 22.263954969999986 ], [ 92.11316502800014, 22.263630598000191 ], [ 92.113267856000107, 22.26337190900017 ], [ 92.113454941000043, 22.263071489000026 ], [ 92.113579598000115, 22.262853151000058 ], [ 92.113682701000073, 22.262653149000016 ], [ 92.113807051000038, 22.262414500000091 ], [ 92.113868600000046, 22.262273733000086 ], [ 92.113877322000064, 22.262248790000058 ], [ 92.113930178000032, 22.262094594000075 ], [ 92.11394990500014, 22.26199500700011 ], [ 92.113926923000179, 22.261877920000131 ], [ 92.113861444000179, 22.261797503000139 ], [ 92.113754172000199, 22.261719888000187 ], [ 92.113562308000155, 22.261702068000147 ], [ 92.113178583000092, 22.261707062000028 ], [ 92.112986445000161, 22.261671183000146 ], [ 92.112879753000072, 22.261631937000118 ], [ 92.112686429000064, 22.261517062999985 ], [ 92.112555842000177, 22.261340422000046 ], [ 92.112512752000157, 22.26117618800015 ], [ 92.112521125000058, 22.261006769000062 ], [ 92.11251926000017, 22.260882632000175 ], [ 92.112570572000152, 22.26074651700003 ], [ 92.1125936910002, 22.260549815000104 ], [ 92.112591659000032, 22.260414396000158 ], [ 92.112640734000081, 22.260129316000189 ], [ 92.112728671000184, 22.259807611000156 ], [ 92.112803643000177, 22.259510906 ], [ 92.112878616000046, 22.259214204000159 ], [ 92.112993965999976, 22.258941807000099 ], [ 92.113199597000062, 22.258544075000032 ], [ 92.113408071000094, 22.258295301000089 ], [ 92.113577445000033, 22.258107983 ], [ 92.113799967000148, 22.257906429000059 ], [ 92.113983256000154, 22.257757308000066 ], [ 92.114165969000055, 22.257569820000185 ], [ 92.114374167000051, 22.257343620000086 ], [ 92.11450472100006, 22.257195186000104 ], [ 92.114607583000179, 22.257020021000073 ], [ 92.114658349000138, 22.25684779300019 ], [ 92.114874527000097, 22.256264808000026 ], [ 92.115041119000182, 22.25589241400013 ], [ 92.115104848000044, 22.255695186000139 ], [ 92.115141094000194, 22.25548476900002 ], [ 92.115137738000101, 22.255261323000013 ], [ 92.115160916000036, 22.255028502000016 ], [ 92.115211247000047, 22.254867567000133 ], [ 92.11532676000013, 22.254606455000044 ], [ 92.11542988900004, 22.254408711 ], [ 92.115542430000176, 22.254240196000183 ], [ 92.115370235000057, 22.254271783000036 ], [ 92.115235867000138, 22.254287078000175 ], [ 92.115108572000167, 22.254288737000024 ], [ 92.114895432000139, 22.254266680000057 ], [ 92.114739346000192, 22.254248394000172 ], [ 92.114547687000197, 22.254203483000083 ], [ 92.114397792000148, 22.254153511000027 ], [ 92.114263521000169, 22.254134941000075 ], [ 92.114106857000138, 22.254078285000048 ], [ 92.113970893000101, 22.253987500000051 ], [ 92.11384898100016, 22.253903301000094 ], [ 92.113734439000098, 22.253825781000103 ], [ 92.113591918999987, 22.253782485000045 ], [ 92.113407945000063, 22.253764562000072 ], [ 92.11326589700019, 22.253752866000184 ], [ 92.11300295, 22.253684045999989 ], [ 92.112860394000165, 22.253638493000039 ], [ 92.112760908999974, 22.253594637000162 ], [ 92.112689787000136, 22.253582016999985 ], [ 92.112619069000175, 22.253596483000138 ], [ 92.112556299000119, 22.253655992000176 ], [ 92.112522230000025, 22.253728675000048 ], [ 92.112480403000063, 22.253769853000108 ], [ 92.112388573000089, 22.253791365000097 ], [ 92.112281886000062, 22.253792752000095 ], [ 92.112190252000119, 22.25378717000018 ], [ 92.112097708000078, 22.25376128500011 ], [ 92.112033079000184, 22.253696660000173 ], [ 92.112003811000079, 22.253645116000143 ], [ 92.11194513900017, 22.253533005 ], [ 92.111859192000054, 22.253461884000103 ], [ 92.111745025000118, 22.253409190000184 ], [ 92.111617257000034, 22.253379246000179 ], [ 92.111432979000085, 22.25338164100009 ], [ 92.111256456000149, 22.253415540000162 ], [ 92.111109059000114, 22.253491951000171 ], [ 92.110983119000139, 22.253583886000058 ], [ 92.110885096000118, 22.253677717000073 ], [ 92.110822529000188, 22.253750767000099 ], [ 92.110654087000114, 22.25383874 ], [ 92.110484467000106, 22.253888352000047 ], [ 92.110209133000069, 22.253923533000034 ], [ 92.109904835000123, 22.253927485000133 ], [ 92.109636203000093, 22.253964837000069 ], [ 92.109409492000054, 22.253967779000106 ], [ 92.109161569000094, 22.25397099700001 ], [ 92.108942239000044, 22.253980619000117 ], [ 92.108815144000118, 22.253995812000028 ], [ 92.108687548000034, 22.254017789000159 ], [ 92.108525092000093, 22.254019896000102 ], [ 92.108404260000043, 22.25400791900006 ], [ 92.108311855000125, 22.253991058000167 ], [ 92.108240696000166, 22.253976181000098 ], [ 92.10808470700016, 22.253964658000143 ], [ 92.107915080000055, 22.253973632000168 ], [ 92.107518342000105, 22.25395846300006 ], [ 92.107355211000197, 22.253956064000135 ], [ 92.107214141000043, 22.253969180000126 ], [ 92.107072599000048, 22.253991335000137 ], [ 92.10686074500012, 22.254014399000084 ], [ 92.10666940100009, 22.254030426000043 ], [ 92.106507247000195, 22.25405284600015 ], [ 92.106352037000136, 22.254093235000028 ], [ 92.10611845699998, 22.254123354000114 ], [ 92.105949303000045, 22.254163923000192 ], [ 92.105730679000089, 22.254220937000127 ], [ 92.105483430000106, 22.254269290000082 ], [ 92.105300234000083, 22.254343904000052 ], [ 92.105187488000126, 22.25438600200016 ], [ 92.105096899000046, 22.254491019000056 ], [ 92.105028073000199, 22.254631874000097 ], [ 92.104939882999986, 22.25485650600001 ], [ 92.104855486000019, 22.254929839000113 ], [ 92.104785981000077, 22.25498491999997 ], [ 92.104687144000138, 22.255024576999972 ], [ 92.104532032000122, 22.255071736000048 ], [ 92.104383348000056, 22.255062376000183 ], [ 92.104198971000187, 22.255057990000182 ], [ 92.104021965000072, 22.255060283000091 ], [ 92.10381647100013, 22.255062945000134 ], [ 92.103667756000164, 22.255051326000171 ], [ 92.103405787999975, 22.255047947000151 ], [ 92.103207261000193, 22.255030199000089 ], [ 92.103064741000082, 22.254986895000059 ], [ 92.102900602000091, 22.25491678000003 ], [ 92.102723495000134, 22.254912299000125 ], [ 92.102546593000056, 22.254921362000061 ], [ 92.102405622, 22.254941247000033 ], [ 92.102199962000043, 22.254932621000023 ], [ 92.101965776000043, 22.254922105000048 ], [ 92.101739567000038, 22.254918261000057 ], [ 92.1015690320001, 22.254906921000043 ], [ 92.101441934000036, 22.254922110000109 ], [ 92.101299989000097, 22.25491717400007 ], [ 92.101179462000175, 22.254884872000048 ], [ 92.101051489000156, 22.254841376 ], [ 92.100951569000074, 22.254808807000074 ], [ 92.100752475000093, 22.25475268800011 ], [ 92.100604164000174, 22.254768150000189 ], [ 92.100448377000191, 22.254770163000046 ], [ 92.10031986600012, 22.254731190000143 ], [ 92.100191995000102, 22.254694466000103 ], [ 92.10007844, 22.254682389000095 ], [ 92.099936693000132, 22.254650360000028 ], [ 92.099822465000045, 22.254593141000157 ], [ 92.099680215000035, 22.254567891000022 ], [ 92.099587301000156, 22.254517171000089 ], [ 92.099522677000152, 22.25445253800018 ], [ 92.099351868000099, 22.254382505000137 ], [ 92.099153245000139, 22.254357982000158 ], [ 92.098982706000129, 22.254346640000108 ], [ 92.098812877, 22.254342063000024 ], [ 92.098671134000085, 22.254350666999983 ], [ 92.098487563000106, 22.254359811000029 ], [ 92.098359253000126, 22.254334379000056 ], [ 92.09821007100004, 22.254291156000136 ], [ 92.098060783000165, 22.254241162000085 ], [ 92.097903988000041, 22.254175462000148 ], [ 92.097796729000152, 22.254138469000054 ], [ 92.09766367300017, 22.254119870000181 ], [ 92.097626596, 22.254113577000112 ], [ 92.09746343200004, 22.254108912000163 ], [ 92.097251070000198, 22.254098106000129 ], [ 92.097102454000151, 22.25409325600009 ], [ 92.096960239000055, 22.254070258000183 ], [ 92.096804353000095, 22.254065498000102 ], [ 92.096620376000089, 22.254088190000061 ], [ 92.096295534000035, 22.25413753100014 ], [ 92.09614004600013, 22.254159855000012 ], [ 92.096013152000126, 22.254188581000108 ], [ 92.095829246000164, 22.254215787000021 ], [ 92.09563850100011, 22.254231791000109 ], [ 92.09546776100018, 22.254206906000093 ], [ 92.095354808000138, 22.254235451000056 ], [ 92.095242936000147, 22.254295591000073 ], [ 92.095130585000163, 22.254364762000023 ], [ 92.095003256000041, 22.254404783000041 ], [ 92.094883634000098, 22.254433417000087 ], [ 92.094749733000128, 22.254480290000174 ], [ 92.094594149000045, 22.25449584200004 ], [ 92.094401925000113, 22.254453171000137 ], [ 92.094244660000129, 22.254355868000175 ], [ 92.094108812000115, 22.254231201000039 ], [ 92.093965424000146, 22.254129204000037 ], [ 92.093808159000162, 22.254031902000179 ], [ 92.093657462000067, 22.253887108000129 ], [ 92.093549031000066, 22.253771115000177 ], [ 92.093427229000099, 22.253653037 ], [ 92.093325466000124, 22.253496325000185 ], [ 92.093217908000099, 22.253398381000068 ], [ 92.093068223000046, 22.25332129700007 ], [ 92.092854784000053, 22.253278899000122 ], [ 92.092706068000041, 22.253267267000069 ], [ 92.092549976999976, 22.253248960000064 ], [ 92.092379380000182, 22.253192465000097 ], [ 92.092222419000052, 22.253115474000026 ], [ 92.092057678, 22.253004720000092 ], [ 92.091928944000017, 22.252909307000095 ], [ 92.091700858000195, 22.252819686000066 ], [ 92.091487490000077, 22.252781796000136 ], [ 92.091386937000038, 22.252665703000048 ], [ 92.091272208000078, 22.252574621000122 ], [ 92.09104432800001, 22.252498542000126 ], [ 92.090874197000062, 22.252473643000144 ], [ 92.09047775800002, 22.25247874500019 ], [ 92.090293282000061, 22.25246757300016 ], [ 92.090122181000197, 22.25237721600007 ], [ 92.08996639500009, 22.252379220000023 ], [ 92.089697656000169, 22.252409767000188 ], [ 92.089525750000121, 22.252305877000083 ], [ 92.089368020000052, 22.25217697 ], [ 92.089252322000107, 22.251979799000139 ], [ 92.089006782000183, 22.251693996000029 ], [ 92.088889510000058, 22.25143137800012 ], [ 92.088814306000074, 22.251102751000019 ], [ 92.08876775300007, 22.250825678000126 ], [ 92.088749123000127, 22.250550504000103 ], [ 92.088745201000108, 22.250286426000059 ], [ 92.088698651000186, 22.250009353000166 ], [ 92.088710048000166, 22.249837637000155 ], [ 92.08866507200014, 22.249666646000151 ], [ 92.088575526000056, 22.249351747000105 ], [ 92.088489088000188, 22.249246756000048 ], [ 92.088289336000173, 22.249145479000106 ], [ 92.088005253000176, 22.249081404000037 ], [ 92.087820812000132, 22.249072488000024 ], [ 92.087637312000197, 22.249126766000074 ], [ 92.0875255320002, 22.249234306000062 ], [ 92.087386639000158, 22.249394113000051 ], [ 92.087260318000119, 22.249461205000102 ], [ 92.087103768000134, 22.24941129400014 ], [ 92.087059356000168, 22.249319307000064 ], [ 92.086986503000105, 22.249148672000103 ], [ 92.086913235000054, 22.248991589000127 ], [ 92.086799283000062, 22.248952417000112 ], [ 92.086643302000198, 22.24894087600012 ], [ 92.086444719000042, 22.248918593000155 ], [ 92.086302875, 22.248920414000054 ], [ 92.086176753000075, 22.249001046000103 ], [ 92.085993450000103, 22.249068868000052 ], [ 92.085810555000137, 22.24912313800013 ], [ 92.085556166000174, 22.249180583000168 ], [ 92.085371694000173, 22.249169405000089 ], [ 92.08527151800007, 22.249078134000115 ], [ 92.085155021999981, 22.248867425000185 ], [ 92.08503953100012, 22.248724425999967 ], [ 92.084839949000127, 22.248634429999981 ], [ 92.084626622000144, 22.248598789000141 ], [ 92.084414066000136, 22.248574424000026 ], [ 92.08431408500013, 22.248537330000147 ], [ 92.084213312000088, 22.248405429000115 ], [ 92.084154965000096, 22.248313621000023 ], [ 92.084225317000062, 22.248274342000059 ], [ 92.084252035000134, 22.248154353000132 ], [ 92.084166201000187, 22.248089986000082 ], [ 92.084051884000189, 22.248025985000027 ], [ 92.083937160000119, 22.24793489800004 ], [ 92.083964280000089, 22.247841991000087 ], [ 92.084018885000035, 22.247721643000034 ], [ 92.084045836000087, 22.247617454000022 ], [ 92.083986518000131, 22.247460188 ], [ 92.083872204999977, 22.247355554000023 ], [ 92.083672421000188, 22.247292647999984 ], [ 92.083502497000154, 22.247281281000028 ], [ 92.08331899500007, 22.247335555000063 ], [ 92.083065980000185, 22.247444902000154 ], [ 92.082883075000041, 22.247539805000088 ], [ 92.082672290000119, 22.247635064000065 ], [ 92.0824616700001, 22.247782242000028 ], [ 92.082180164000079, 22.247891952000032 ], [ 92.081954230000179, 22.247946771000045 ], [ 92.081642865000106, 22.247964305000039 ], [ 92.08134641800018, 22.248006482999983 ], [ 92.081063738000068, 22.248077826000099 ], [ 92.080738428000132, 22.248095537000097 ], [ 92.080272817000093, 22.248218889000157 ], [ 92.080047279000041, 22.24830079100019 ], [ 92.079892864000158, 22.248395323000182 ], [ 92.079653988000132, 22.248518030000128 ], [ 92.079513317000135, 22.248558206999974 ], [ 92.079327481000178, 22.248454483000103 ], [ 92.07921219200017, 22.248325021000085 ], [ 92.079124800000045, 22.248154571000157 ], [ 92.078967251000051, 22.248036937000052 ], [ 92.078711095000187, 22.247974748000104 ], [ 92.078483626000093, 22.247925734000148 ], [ 92.078284448000147, 22.247862814000086 ], [ 92.077999406000174, 22.247733268000047 ], [ 92.077742888000103, 22.247605613000019 ], [ 92.077627573000029, 22.247473893000176 ], [ 92.077484567000113, 22.247396709000157 ], [ 92.077368318000197, 22.247201793000045 ], [ 92.077296434000118, 22.247137243 ], [ 92.077225309000141, 22.247124607000046 ], [ 92.077113135000104, 22.247164420000047 ], [ 92.077043010000068, 22.24721949700006 ], [ 92.076945536000039, 22.247351676999983 ], [ 92.076833548000195, 22.247445666000033 ], [ 92.07676460000016, 22.247539105000044 ], [ 92.076639427000032, 22.24772582200012 ], [ 92.076556699000093, 22.247871358999987 ], [ 92.076544886000079, 22.248015991000045 ], [ 92.07653170500015, 22.248108715000114 ], [ 92.076447806000033, 22.248175253999989 ], [ 92.076392400000088, 22.248241434000136 ], [ 92.076337949000106, 22.248413700000015 ], [ 92.076285070000097, 22.248651413000061 ], [ 92.076189555999974, 22.248916760999975 ], [ 92.076064226000085, 22.249051555000108 ], [ 92.075868141000115, 22.249198542000101 ], [ 92.075657545000126, 22.249307334999969 ], [ 92.075445748000107, 22.249375508000014 ], [ 92.075360283000066, 22.249335966000103 ], [ 92.075245401000132, 22.249233586000173 ], [ 92.075144827000145, 22.249155860000144 ], [ 92.075044860000162, 22.249078121000025 ], [ 92.074916202000168, 22.248987208000074 ], [ 92.074730764000094, 22.248910561 ], [ 92.074516635000066, 22.248820737000017 ], [ 92.074317258000178, 22.248744271000135 ], [ 92.074203512000167, 22.248677998000062 ], [ 92.07397467800007, 22.248536437000155 ], [ 92.073774540000045, 22.248408057000177 ], [ 92.073560415000145, 22.24831823300002 ], [ 92.073374579000074, 22.248214499000142 ], [ 92.073231617000147, 22.248098933 ], [ 92.073116303000177, 22.247967212000049 ], [ 92.072945213000082, 22.247876835000113 ], [ 92.072803774000192, 22.247905729000024 ], [ 92.072689660000151, 22.247855264000179 ], [ 92.072659210000097, 22.247722460000034 ], [ 92.072657084000127, 22.247578005000094 ], [ 92.072627070000124, 22.247433908000119 ], [ 92.07256913000009, 22.247369177 ], [ 92.072456344000045, 22.247408995000114 ], [ 92.072216295000146, 22.247452690999978 ], [ 92.072172703000092, 22.24737423199997 ], [ 92.072170745000108, 22.247241066000186 ], [ 92.072155238000164, 22.247135159000038 ], [ 92.072110885000143, 22.247004791000052 ], [ 92.072179633000133, 22.246897809000075 ], [ 92.072249394000153, 22.246817909000072 ], [ 92.072276354000053, 22.246713719000127 ], [ 92.072231965000185, 22.246581093000032 ], [ 92.07221569100011, 22.24646390800018 ], [ 92.072187009, 22.246410092000133 ], [ 92.072115691000192, 22.246383912000113 ], [ 92.071945971000162, 22.246386077000011 ], [ 92.071803364000175, 22.246335973000157 ], [ 92.071760373000075, 22.246298143000047 ], [ 92.071843474000104, 22.246177434000117 ], [ 92.071926970000106, 22.246083811000062 ], [ 92.07208002800013, 22.245896745000039 ], [ 92.072149223999986, 22.245778471000051 ], [ 92.072133717000042, 22.245672567000156 ], [ 92.072018809000156, 22.245567929 ], [ 92.071861867000109, 22.245490915000062 ], [ 92.071746393000183, 22.245347909000088 ], [ 92.071759369000176, 22.245282272999987 ], [ 92.071842107000066, 22.245136740000135 ], [ 92.071839381000018, 22.244951657 ], [ 92.071851806000097, 22.244807017000142 ], [ 92.071793069000137, 22.244688117000067 ], [ 92.071665380000127, 22.244662657000106 ], [ 92.071522779000134, 22.244612551000046 ], [ 92.071423012000139, 22.244548356000109 ], [ 92.071421852000071, 22.244469355999968 ], [ 92.071491806000154, 22.244402999000101 ], [ 92.071589047000089, 22.244295653000108 ], [ 92.071601836000184, 22.24417584400004 ], [ 92.07152859100006, 22.244018751000112 ], [ 92.07145514900003, 22.243848117000027 ], [ 92.071397417000071, 22.243756292000114 ], [ 92.071255019000034, 22.243719730000123 ], [ 92.071181773000148, 22.243562640000107 ], [ 92.071207541000149, 22.243377195000107 ], [ 92.071234273000073, 22.243257205000134 ], [ 92.071189112000127, 22.243113298000026 ], [ 92.071003130000065, 22.242957644000114 ], [ 92.070830678000164, 22.242815358000087 ], [ 92.070701634000159, 22.242697356000122 ], [ 92.070557883000049, 22.242527617000178 ], [ 92.070328500000187, 22.242347681000012 ], [ 92.070128131000047, 22.242203492000101 ], [ 92.070013060000178, 22.242087568999978 ], [ 92.070039187000134, 22.241967586000101 ], [ 92.070094241000049, 22.241835949000119 ], [ 92.070132024000088, 22.241519416000131 ], [ 92.070101382000018, 22.241373066000108 ], [ 92.069999896000184, 22.241191500000014 ], [ 92.069912711000143, 22.241034585000079 ], [ 92.069768359000079, 22.240864851000083 ], [ 92.069638548000114, 22.240694933000043 ], [ 92.069593965000081, 22.240548764000152 ], [ 92.069490716000132, 22.240288207000162 ], [ 92.069373292000193, 22.240012027000034 ], [ 92.069284751000055, 22.239762568000117 ], [ 92.069082673000196, 22.239501013000051 ], [ 92.068911400000161, 22.239397088000032 ], [ 92.068781183000112, 22.239240720000112 ], [ 92.068807952000157, 22.239122990000112 ], [ 92.068876347000185, 22.238950548000048 ], [ 92.068774821000147, 22.238807356000109 ], [ 92.068603747, 22.238716974999988 ], [ 92.068446619000156, 22.238626419000127 ], [ 92.068163958000127, 22.23865710400014 ], [ 92.068034508000096, 22.238552647000063 ], [ 92.068018446000167, 22.238408372000151 ], [ 92.068002351000189, 22.238261839000188 ], [ 92.067929516000106, 22.238131827000075 ], [ 92.067814811000119, 22.238040729000033 ], [ 92.067502503000014, 22.237992779000137 ], [ 92.067134759000169, 22.238008744000126 ], [ 92.066824203000067, 22.238080419000084 ], [ 92.066541899000129, 22.238176566000163 ], [ 92.06626152400014, 22.238362990000098 ], [ 92.06606564000009, 22.23852350500016 ], [ 92.065883896000116, 22.238697387000173 ], [ 92.065701597000043, 22.238792262000118 ], [ 92.065447972000129, 22.23890158800009 ], [ 92.065280771000062, 22.239075286000059 ], [ 92.0650980650002, 22.239183709000088 ], [ 92.064775258000054, 22.239370670000028 ], [ 92.064578212000129, 22.239452187999973 ], [ 92.064408286000059, 22.239481436000119 ], [ 92.064322473000175, 22.239417057000026 ], [ 92.064179085000035, 22.239312773000108 ], [ 92.063923950000174, 22.239277636000111 ], [ 92.063695704000111, 22.239174432000084 ], [ 92.063452358, 22.238992403000054 ], [ 92.063308612000014, 22.238863290000097 ], [ 92.063135989000045, 22.238666820000049 ], [ 92.06296435600018, 22.238538063000135 ], [ 92.062695041000154, 22.238527934999979 ], [ 92.062396278000051, 22.238452713000186 ], [ 92.062212975000079, 22.238520508000192 ], [ 92.062171900000124, 22.238613588000078 ], [ 92.06208800200011, 22.238680118000048 ], [ 92.061734814000033, 22.238738779000016 ], [ 92.061466058000178, 22.238767022000161 ], [ 92.061168100000032, 22.238705333000098 ], [ 92.060925313000098, 22.238602305000086 ], [ 92.060898279000185, 22.238577817000021 ], [ 92.06076742900018, 22.23845982600011 ], [ 92.060679666000112, 22.238262275000068 ], [ 92.060592499000109, 22.23810535400014 ], [ 92.060378833000186, 22.238004216000093 ], [ 92.06013836000011, 22.23805919 ], [ 92.05981287200018, 22.238063313999987 ], [ 92.059501326000145, 22.23806726000015 ], [ 92.059133969000015, 22.238110293999966 ], [ 92.058878431000039, 22.238088695000044 ], [ 92.058665133000147, 22.238012385000161 ], [ 92.058479716000193, 22.237935718000131 ], [ 92.058308848000081, 22.237858871000071 ], [ 92.058068370000058, 22.237913839000157 ], [ 92.05798486499998, 22.238007455000115 ], [ 92.057714991000068, 22.237958946000106 ], [ 92.057445325000117, 22.23788334700015 ], [ 92.057231025000135, 22.2377799570001 ], [ 92.057143665000012, 22.237609491000057 ], [ 92.057126824000136, 22.237411039000108 ], [ 92.057124518000137, 22.237253041000031 ], [ 92.057092965000095, 22.237043491000122 ], [ 92.057048391000137, 22.236897313999975 ], [ 92.056932938999978, 22.23675429300016 ], [ 92.056761269, 22.236663906000047 ], [ 92.056533476000084, 22.23654939700009 ], [ 92.05637731000013, 22.236524282000062 ], [ 92.05609325000006, 22.236500786000022 ], [ 92.055879957000116, 22.236424468000109 ], [ 92.055693391000091, 22.236268801000108 ], [ 92.055564195000102, 22.236139498000171 ], [ 92.055390632000183, 22.235877563000088 ], [ 92.055388725000114, 22.235746650000181 ], [ 92.055243800000142, 22.235536274000026 ], [ 92.055045237000115, 22.23551395100003 ], [ 92.054859629000077, 22.235423740000101 ], [ 92.054744544000016, 22.235305542999981 ], [ 92.054473322000149, 22.235164491000035 ], [ 92.054204224000102, 22.23512725500018 ], [ 92.05391961000015, 22.235065381000027 ], [ 92.053621856000063, 22.235017218000053 ], [ 92.053380082000103, 22.234941261000074 ], [ 92.053124119000188, 22.234890313000108 ], [ 92.05288312800019, 22.234868523000102 ], [ 92.052697889000058, 22.234803135 ], [ 92.052427066000121, 22.234689164000088 ], [ 92.052043459000117, 22.234614992000161 ], [ 92.051788694000095, 22.234604663000084 ], [ 92.051462624000067, 22.234568142 ], [ 92.051305700000057, 22.23449110700011 ], [ 92.051063520000127, 22.234428696 ], [ 92.050863773000174, 22.234325111000089 ], [ 92.050692356000127, 22.23420988100014 ], [ 92.050477722000153, 22.234041016999981 ], [ 92.050276225000061, 22.233858439000187 ], [ 92.050091035000037, 22.23375466900012 ], [ 92.049963749000142, 22.233756273999973 ], [ 92.049837210000078, 22.233850428000153 ], [ 92.049783533000152, 22.234036226000057 ], [ 92.049843153000097, 22.234258968000177 ], [ 92.049874331000012, 22.234443695000095 ], [ 92.049933787000157, 22.234655154000109 ], [ 92.050050774000169, 22.234904265000011 ], [ 92.050225492000038, 22.235204570000064 ], [ 92.050369966000119, 22.235426246000145 ], [ 92.050571060000038, 22.235622372000023 ], [ 92.050972103000106, 22.235894991000123 ], [ 92.051215198000023, 22.236061238000104 ], [ 92.051458324000066, 22.236229744000184 ], [ 92.051616986000056, 22.23642640200012 ], [ 92.051676250000185, 22.236624318000167 ], [ 92.05163726800015, 22.236861851000185 ], [ 92.051469265000037, 22.236981365000133 ], [ 92.051228638000111, 22.236984402000076 ], [ 92.050929124000163, 22.236857244000078 ], [ 92.050615477000065, 22.236716719000071 ], [ 92.050131326000098, 22.236524161000091 ], [ 92.04959214400003, 22.236465491000047 ], [ 92.049296835000064, 22.236627242000054 ], [ 92.049242374000073, 22.236758866000059 ], [ 92.049197538000101, 22.236802324000109 ], [ 92.0491871870002, 22.236840834000134 ], [ 92.049126184000045, 22.23706509900012 ], [ 92.049090235000165, 22.237386123000192 ], [ 92.048858442000096, 22.238163379000014 ], [ 92.048802439000156, 22.238523033000149 ], [ 92.048746492000078, 22.238844310000161 ], [ 92.048809596000126, 22.239015089000134 ], [ 92.048994240000127, 22.239164014000153 ], [ 92.049259256000198, 22.239253232000067 ], [ 92.049586294999983, 22.239438744000154 ], [ 92.049872768000171, 22.239586386999974 ], [ 92.050097471000186, 22.239696426000137 ], [ 92.050160543000118, 22.239864948000047 ], [ 92.050122138, 22.240016687000093 ], [ 92.049941629000102, 22.240152158000171 ], [ 92.0498612250002, 22.240209611000068 ], [ 92.049844244000099, 22.240417518000129 ], [ 92.049847269000111, 22.240625175000162 ], [ 92.049789068000166, 22.240833602000066 ], [ 92.0495476480001, 22.240949522000051 ], [ 92.049323211000114, 22.240857535000032 ], [ 92.049097689000064, 22.240691065000078 ], [ 92.048771769000098, 22.240582297000174 ], [ 92.048548971000173, 22.240603166000028 ], [ 92.04838959600005, 22.240774487000067 ], [ 92.048344358000179, 22.240988704000131 ], [ 92.048313590000134, 22.24113439600012 ], [ 92.04831772700004, 22.241418792 ], [ 92.048299844000042, 22.241606393000154 ], [ 92.048121529000127, 22.241893091000065 ], [ 92.04802276300012, 22.242063650000091 ], [ 92.047903950000148, 22.242272842000148 ], [ 92.047826352000129, 22.242481511000108 ], [ 92.047587603000181, 22.242823150000049 ], [ 92.047373893000099, 22.243469242 ], [ 92.047398045000136, 22.243712753000182 ], [ 92.04758187300007, 22.243805255000041 ], [ 92.047988209000096, 22.243856570999981 ], [ 92.048475459000088, 22.243927186000064 ], [ 92.048618987000111, 22.243999878000068 ], [ 92.048763586000064, 22.244187689000057 ], [ 92.048907624000094, 22.244337125000129 ], [ 92.048909824000077, 22.244488354000111 ], [ 92.048871675000044, 22.244658148000156 ], [ 92.048690601000146, 22.244755249000093 ], [ 92.048427448000155, 22.244794686999967 ], [ 92.048123455000109, 22.24481883600015 ], [ 92.047839481000096, 22.244802097000047 ], [ 92.047413958000107, 22.244807458000082 ], [ 92.047131346000185, 22.244926154000098 ], [ 92.047033133000127, 22.245135084000026 ], [ 92.046896216000107, 22.245475439000188 ], [ 92.046780414000125, 22.245892285000025 ], [ 92.046642409000128, 22.246158156000092 ], [ 92.04656557800007, 22.246461634000184 ], [ 92.046348332000036, 22.246823318000054 ], [ 92.046221401000139, 22.247036290000096 ], [ 92.046189718000107, 22.247089448000054 ], [ 92.046011657000179, 22.247394200000031 ], [ 92.045851927000115, 22.247583586000076 ], [ 92.045651927000108, 22.247755421000022 ], [ 92.045490848000156, 22.247852263000027 ], [ 92.045289766000053, 22.24794961300006 ], [ 92.045090535000156, 22.248216253000123 ], [ 92.045012063000058, 22.248406873000079 ], [ 92.04472863500007, 22.248428502000024 ], [ 92.044525355000133, 22.24837461900006 ], [ 92.044323925000185, 22.248490031000017 ], [ 92.044224888000031, 22.248642533000066 ], [ 92.044087990000094, 22.248985142000038 ], [ 92.0439290770002, 22.249230957000066 ], [ 92.043707120000192, 22.249310504000164 ], [ 92.043543632000194, 22.249199684000018 ], [ 92.043438273000049, 22.248916560000055 ], [ 92.043274737000047, 22.248844117000033 ], [ 92.0429718110002, 22.248942741000178 ], [ 92.042688943000087, 22.249002738000115 ], [ 92.042545720000192, 22.248909720000029 ], [ 92.042480667000063, 22.248646406000091 ], [ 92.042493061000187, 22.248079608000069 ], [ 92.042407706000176, 22.247796229000187 ], [ 92.042242882000039, 22.247592865000058 ], [ 92.041956920000132, 22.247481323000045 ], [ 92.041672414000061, 22.247428460000037 ], [ 92.041387349, 22.247337225000024 ], [ 92.04118127400011, 22.24713212000006 ], [ 92.041016417000037, 22.246926497000175 ], [ 92.040871863000177, 22.246740935000105 ], [ 92.040647418000162, 22.246648936000042 ], [ 92.040263270000196, 22.246748578000108 ], [ 92.040040461000103, 22.246769436000022 ], [ 92.039978768000083, 22.246695710000154 ], [ 92.039935700000058, 22.246526935000134 ], [ 92.039891522000175, 22.246281417000091 ], [ 92.039848982000194, 22.246148755000092 ], [ 92.039685242000132, 22.246019874000012 ], [ 92.039480542000092, 22.245909565000034 ], [ 92.039236097000185, 22.245817816000169 ], [ 92.039132333000111, 22.245685923 ], [ 92.039089616000069, 22.245499082000094 ], [ 92.039106873000151, 22.245309234000047 ], [ 92.039185647000124, 22.245138929000063 ], [ 92.039324740000154, 22.244947549000017 ], [ 92.039484743000173, 22.24477622600017 ], [ 92.039543164000122, 22.244624234000185 ], [ 92.03950062600012, 22.244491575000154 ], [ 92.039378264000163, 22.244456991000106 ], [ 92.038931579000064, 22.244424217000073 ], [ 92.03848605100012, 22.244429804999982 ], [ 92.037918343000058, 22.244454986000051 ], [ 92.037636852000105, 22.244609770000068 ], [ 92.037416791000112, 22.244820223000147 ], [ 92.036933342000168, 22.245054298000071 ], [ 92.036629866000112, 22.245114538000053 ], [ 92.036344255000188, 22.244984923000118 ], [ 92.036020222000104, 22.245007042000054 ], [ 92.035658315000092, 22.245219272000043 ], [ 92.035437984000055, 22.24541166400013 ], [ 92.03517730599998, 22.245622625000124 ], [ 92.034975924000037, 22.245699645000059 ], [ 92.034835955000119, 22.245872972000143 ], [ 92.034637572000122, 22.246157650000043 ], [ 92.034314904000041, 22.24627456800016 ], [ 92.034010902000148, 22.246298691000106 ], [ 92.033849870000154, 22.246357145000104 ], [ 92.033648696000171, 22.246490602000051 ], [ 92.033456801, 22.246658163000177 ], [ 92.033428364000088, 22.246682994000025 ], [ 92.033248090000086, 22.2468365040001 ], [ 92.033128434000105, 22.24698925600012 ], [ 92.032787388000145, 22.247219280000138 ], [ 92.032423579000181, 22.247300586000108 ], [ 92.031937082000127, 22.247324731000049 ], [ 92.031449772000144, 22.247292447000063 ], [ 92.030961945000172, 22.24722404500011 ], [ 92.030412647000048, 22.247097712000027 ], [ 92.029700988000059, 22.246937288000083 ], [ 92.029010904000131, 22.246927845000073 ], [ 92.028585081000188, 22.246912842000029 ], [ 92.028302206000149, 22.246972814000173 ], [ 92.028142222000042, 22.247146383000086 ], [ 92.02806613100006, 22.247504028000094 ], [ 92.027886143000046, 22.24767784800008 ], [ 92.027604629000052, 22.247832618000075 ], [ 92.02752639300013, 22.248041290000117 ], [ 92.027469285000052, 22.248285818000113 ], [ 92.027470261000133, 22.248353577000103 ], [ 92.027473089000182, 22.248549905 ], [ 92.027663705000123, 22.249114172000077 ], [ 92.027869455000086, 22.249339620000057 ], [ 92.028014605000067, 22.249525184000163 ], [ 92.028119380000078, 22.249769952000179 ], [ 92.028143188000115, 22.25003378800011 ], [ 92.028206594000039, 22.250184253000043 ], [ 92.02845237300005, 22.250368561000016 ], [ 92.028779675000123, 22.250572170999988 ], [ 92.029208003000178, 22.250718078000091 ], [ 92.029615200000023, 22.250828128000137 ], [ 92.029999579000162, 22.250784947 ], [ 92.03032359700012, 22.250760581000122 ], [ 92.030707797000105, 22.250663221000082 ], [ 92.031131972000139, 22.250563100000079 ], [ 92.03161792200018, 22.250500585000111 ], [ 92.031943049000176, 22.250552957000025 ], [ 92.032086524000078, 22.250664041000164 ], [ 92.032149379000032, 22.250776134000091 ], [ 92.032154846000196, 22.250818958000082 ], [ 92.032171824000045, 22.250945168000044 ], [ 92.032174564000059, 22.251134768000099 ], [ 92.032156186000122, 22.251247877000139 ], [ 92.032096592000187, 22.25136150000003 ], [ 92.032017285000109, 22.251495687000045 ], [ 92.03187706500006, 22.251610318000189 ], [ 92.031534114000181, 22.251709423000136 ], [ 92.031231176000176, 22.251808028000028 ], [ 92.030908232000115, 22.25190688400005 ], [ 92.030625347000068, 22.251966859000106 ], [ 92.030382176999979, 22.252006019000135 ], [ 92.030282052000132, 22.252084025000045 ], [ 92.030243061000021, 22.252197390000106 ], [ 92.03024524500006, 22.252348620000191 ], [ 92.030247425000027, 22.252499850000049 ], [ 92.030270465000171, 22.252738376000082 ], [ 92.030355171000053, 22.252950014000191 ], [ 92.030479490000175, 22.253120034000062 ], [ 92.030622413000174, 22.253192745000092 ], [ 92.030650998000112, 22.253227932000073 ], [ 92.030684143000144, 22.253268732000095 ], [ 92.030686583000147, 22.253438018000054 ], [ 92.030588345000183, 22.253646938000145 ], [ 92.030408580000142, 22.253836565000086 ], [ 92.030125982000015, 22.253916852000089 ], [ 92.029986576000056, 22.254087911000113 ], [ 92.03000876200008, 22.25423889100017 ], [ 92.030131684000139, 22.254311853000161 ], [ 92.030234286000109, 22.254405389000112 ], [ 92.030236467, 22.254556617000162 ], [ 92.030176952000147, 22.254634117000023 ], [ 92.030056440000124, 22.254728185000147 ], [ 92.029894272000035, 22.254750530000138 ], [ 92.029468162000114, 22.254717473000142 ], [ 92.029163293000067, 22.254682903000116 ], [ 92.028676304000157, 22.254632546000153 ], [ 92.028249328000186, 22.25458143700007 ], [ 92.027805600000079, 22.254756296000096 ], [ 92.02709851700007, 22.254916375000107 ], [ 92.026369750000129, 22.255002223000076 ], [ 92.025599813000099, 22.255050203000167 ], [ 92.024991991000036, 22.255114223000135 ], [ 92.024464297000122, 22.255100481000056 ], [ 92.024261014000047, 22.255046575000051 ], [ 92.024150965000103, 22.254898947000072 ], [ 92.024119614000085, 22.254953518000036 ], [ 92.024033286000076, 22.255105850000064 ], [ 92.02395747300011, 22.255483808000065 ], [ 92.023900939000043, 22.255768963000094 ], [ 92.023821883000039, 22.255921205000107 ], [ 92.023681099000157, 22.255997458000081 ], [ 92.023560355000086, 22.256075722 ], [ 92.023503789000188, 22.256358619000025 ], [ 92.023467781000079, 22.256679641000119 ], [ 92.023447462000092, 22.25674424400006 ], [ 92.023390082000105, 22.256926684000064 ], [ 92.023271769000189, 22.257174232000125 ], [ 92.022908711000184, 22.257309693000025 ], [ 92.022544060000087, 22.257334550000053 ], [ 92.02221973200011, 22.257338589000142 ], [ 92.02201670400018, 22.257302739000181 ], [ 92.021913495000092, 22.257209205000095 ], [ 92.021890508000013, 22.257001795000178 ], [ 92.021884542000066, 22.256586477999974 ], [ 92.02186013700009, 22.256322647000104 ], [ 92.021737534000181, 22.256229356000119 ], [ 92.021412949000023, 22.256215335000093 ], [ 92.021211230000119, 22.256312661000152 ], [ 92.021172234000119, 22.25642602500011 ], [ 92.02095050700018, 22.256523600000094 ], [ 92.020647053000118, 22.256545437000057 ], [ 92.020524393000073, 22.256490523000139 ], [ 92.020480796000129, 22.256283369000016 ], [ 92.020456447000129, 22.255981159999976 ], [ 92.020451849000096, 22.255660642000123 ], [ 92.020205980000128, 22.25551244400009 ], [ 92.019926732999977, 22.255525494000153 ], [ 92.019741071999988, 22.255534170000146 ], [ 92.019679440000061, 22.255537050000044 ], [ 92.019234921000134, 22.255657713000119 ], [ 92.018992842999978, 22.255773599000122 ], [ 92.018669068000122, 22.255816001000085 ], [ 92.01847180600015, 22.255878714000062 ], [ 92.01836607600012, 22.25591232700009 ], [ 92.018165249999981, 22.256029959000045 ], [ 92.017962428000089, 22.256050536000032 ], [ 92.017778598000177, 22.255958004000036 ], [ 92.017331155000193, 22.255832621000025 ], [ 92.017235349000089, 22.25581663100013 ], [ 92.016802387000155, 22.255744368000137 ], [ 92.016153191000058, 22.255714049000176 ], [ 92.015466423000078, 22.255698952999978 ], [ 92.015037208000194, 22.255689516000189 ], [ 92.014813861999983, 22.255674226000167 ], [ 92.014447566000058, 22.255583951000062 ], [ 92.014161144000184, 22.255397868000045 ], [ 92.014037165000104, 22.255250404000094 ], [ 92.013831917, 22.255101692000039 ], [ 92.013445617000059, 22.255011663000175 ], [ 92.013211130000059, 22.254946203000088 ], [ 92.013058453000156, 22.254903581000121 ], [ 92.012651341000037, 22.254757370000164 ], [ 92.012284699000077, 22.254685152000036 ], [ 92.01214365200002, 22.254743340000061 ], [ 92.012044577000097, 22.25489582299997 ], [ 92.011699932000113, 22.254920411000057 ], [ 92.011437643000136, 22.254980098000146 ], [ 92.01121751900007, 22.25519051800012 ], [ 92.01097569600006, 22.255324451000092 ], [ 92.010570685000175, 22.255367842000055 ], [ 92.010296863000121, 22.255341885000121 ], [ 92.010035773000141, 22.255315766000024 ], [ 92.010419501000115, 22.254843699000105 ], [ 92.010690694000061, 22.254555079000056 ], [ 92.011153506000198, 22.254062524000062 ], [ 92.011481189000051, 22.253678118000039 ], [ 92.011614463000058, 22.253521773000159 ], [ 92.011664966000069, 22.253473395000071 ], [ 92.011756701000081, 22.25338552400018 ], [ 92.011908142000095, 22.253240456000071 ], [ 92.012097153000184, 22.253059765000103 ], [ 92.012349552000046, 22.25281733900016 ], [ 92.012664795000092, 22.25251769200014 ], [ 92.012916292, 22.25225495400008 ], [ 92.013084086000049, 22.252074528000037 ], [ 92.013376976000131, 22.251696142000185 ], [ 92.013857712000117, 22.251125100000024 ], [ 92.013983883000151, 22.25097522700014 ], [ 92.014139471000078, 22.250796237000088 ], [ 92.014332050000121, 22.250574689000018 ], [ 92.014507596000044, 22.250372736000088 ], [ 92.014737670000102, 22.25005382400019 ], [ 92.014840037000113, 22.249792934000084 ], [ 92.01502736000009, 22.249494869000046 ], [ 92.015341719000048, 22.249134275000074 ], [ 92.015552228000161, 22.248973633999981 ], [ 92.015742070000044, 22.248851628000011 ], [ 92.016143026000179, 22.248568972999976 ], [ 92.016332574000046, 22.248426651000102 ], [ 92.016437266000196, 22.248328276000052 ], [ 92.01652044400015, 22.248166957000137 ], [ 92.01660191700006, 22.247928900000034 ], [ 92.016747059000181, 22.247649417000105 ], [ 92.016891911000073, 22.247349622000115 ], [ 92.017036795000138, 22.247052082000152 ], [ 92.017243874000144, 22.24665217800009 ], [ 92.017452115000083, 22.246333533000154 ], [ 92.017598388000181, 22.246133051000072 ], [ 92.017807725000182, 22.245891150000034 ], [ 92.017996721000031, 22.245710455999983 ], [ 92.018147914000167, 22.245578508000108 ], [ 92.017923418000066, 22.245449921000045 ], [ 92.017872527, 22.245420773000092 ], [ 92.017701785000099, 22.245359640000117 ], [ 92.017380286000048, 22.245244529999979 ], [ 92.017092492000074, 22.245141487000069 ], [ 92.016162452, 22.245225271000095 ], [ 92.015311551000082, 22.245416431000081 ], [ 92.01507555600017, 22.245450807000111 ], [ 92.014227359000074, 22.24557435700001 ], [ 92.0132605820001, 22.245803064000029 ], [ 92.012485714000093, 22.245884905000139 ], [ 92.011596006000048, 22.246076524999978 ], [ 92.011243059000037, 22.245862598000144 ], [ 92.011163584000144, 22.245684545000074 ], [ 92.011307416000136, 22.24488809800016 ], [ 92.011408330000108, 22.243803212000103 ], [ 92.011361282000166, 22.243225854000116 ], [ 92.011187948000043, 22.242975153000089 ], [ 92.011163188000126, 22.242939336000063 ], [ 92.011107600000116, 22.242743449000102 ], [ 92.011081472000114, 22.242651379000108 ], [ 92.011075799000082, 22.24225411700013 ], [ 92.011344782000037, 22.242070182000077 ], [ 92.011380477000046, 22.241853013000139 ], [ 92.011334982000108, 22.24138399900005 ], [ 92.011289999000041, 22.240951101000121 ], [ 92.011525351000159, 22.240215798000122 ], [ 92.01160825400018, 22.239956784000185 ], [ 92.011626830000068, 22.239898749000076 ], [ 92.011661436000111, 22.239790627000048 ], [ 92.011655761999975, 22.239393362000101 ], [ 92.011457156000063, 22.23907073100014 ], [ 92.011338196, 22.238891596000144 ], [ 92.011371314000087, 22.238493854000126 ], [ 92.011483054999985, 22.238167379000174 ], [ 92.011399798000127, 22.237771075000069 ], [ 92.011183964000054, 22.237478184999986 ], [ 92.011004135000178, 22.237234152000156 ], [ 92.010765710000101, 22.236839767000106 ], [ 92.010369025000045, 22.236230614000078 ], [ 92.009976462000168, 22.235910376000049 ], [ 92.009662002000084, 22.235625294000101 ], [ 92.009423582000068, 22.235230907000073 ], [ 92.009326469000086, 22.235180183000125 ], [ 92.008954472000141, 22.234983857000032 ], [ 92.008602769000106, 22.234807597000042 ], [ 92.008483818000116, 22.234628459000135 ], [ 92.008324533000177, 22.234341456000095 ], [ 92.008089720000157, 22.23419987200009 ], [ 92.008124911000152, 22.233946588000094 ], [ 92.0082361380002, 22.2335840020001 ], [ 92.008464256000082, 22.233256091000101 ], [ 92.008460140000068, 22.232967171000155 ], [ 92.008186025000043, 22.232789953000065 ], [ 92.007823059000032, 22.232681896000088 ], [ 92.00725090800006, 22.232512529000189 ], [ 92.006473535000111, 22.2324137600001 ], [ 92.005737528000054, 22.232495084999982 ], [ 92.005156683000052, 22.232574493000186 ], [ 92.004340517, 22.232476191000046 ], [ 92.003910215000133, 22.232228646000067 ], [ 92.003518706000136, 22.231980621000048 ], [ 92.003166503000045, 22.231768233000082 ], [ 92.002814302000161, 22.231555843000081 ], [ 92.002346750000186, 22.231417116000046 ], [ 92.001763854999979, 22.231352051000101 ], [ 92.001141142000051, 22.231215232000068 ], [ 92.000480665000055, 22.231151115000159 ], [ 91.999856414000192, 22.230905945000131 ], [ 91.999270448000175, 22.23062418100011 ], [ 91.999539939000044, 22.230476379000095 ], [ 91.999962028000198, 22.230146095000123 ], [ 92.000383602999989, 22.229779695000047 ], [ 92.000688292000063, 22.229378611000072 ], [ 92.000834227000155, 22.22872663000004 ], [ 92.000869453000064, 22.228446354000084 ], [ 92.000938806000192, 22.227894549000041 ], [ 92.000926503000187, 22.227027788000157 ], [ 92.00098101400016, 22.225401653000176 ], [ 92.00104110500007, 22.224213429000088 ], [ 92.001043649999986, 22.223958063999987 ], [ 92.000733277000165, 22.223900256000036 ], [ 92.000435534000133, 22.223854101000029 ], [ 92.000009280000199, 22.223791399000163 ], [ 91.999562277000109, 22.223715412 ], [ 91.999083170000176, 22.22368261500003 ], [ 91.998787134000167, 22.223764903000074 ], [ 91.998575146000064, 22.223796641000035 ], [ 91.998214640000072, 22.223899951000078 ], [ 91.99781250000018, 22.224012756000093 ], [ 91.997612064000123, 22.224093942000081 ], [ 91.997495876000073, 22.224185427000066 ], [ 91.997337912000148, 22.224275141000021 ], [ 91.997179201000108, 22.224308516000065 ], [ 91.997062059000143, 22.224327894000055 ], [ 91.996977111000092, 22.224310841000147 ], [ 91.996859796000024, 22.224271623000107 ], [ 91.996689267000079, 22.224235268000029 ], [ 91.996507427000097, 22.224167493000039 ], [ 91.996315032000098, 22.224079557000039 ], [ 91.996165292000114, 22.224013665000086 ], [ 91.995748587000037, 22.223849423000161 ], [ 91.995289139000192, 22.223656376000065 ], [ 91.994946858000048, 22.223491278000097 ], [ 91.994658361000063, 22.223366128000066 ], [ 91.994540689000075, 22.223299868000083 ], [ 91.994389875000024, 22.22315285500008 ], [ 91.994120706000047, 22.222887750000098 ], [ 91.993970161000163, 22.222761015000174 ], [ 91.993884558000047, 22.222694387000161 ], [ 91.993798978000086, 22.222675085000162 ], [ 91.993735953000112, 22.222714122000127 ], [ 91.99367296000014, 22.22275541200014 ], [ 91.993641816000036, 22.222825633000184 ], [ 91.993631968000159, 22.222904629000141 ], [ 91.993632400000195, 22.222937198000068 ], [ 91.993633521000163, 22.223021803000051 ], [ 91.993624697000143, 22.223132338000084 ], [ 91.993604952000055, 22.223240745000055 ], [ 91.993553676000033, 22.223390076999976 ], [ 91.993481074999977, 22.223528388000148 ], [ 91.993422131000102, 22.223594859000059 ], [ 91.99331302100012, 22.223679062000031 ], [ 91.993207306000158, 22.223738873000059 ], [ 91.993134683000108, 22.223829855000133 ], [ 91.993071589000067, 22.22390945899997 ], [ 91.992987923000044, 22.223989301000188 ], [ 91.992902880000031, 22.224010558000089 ], [ 91.992806744000063, 22.223971095000081 ], [ 91.99273115900013, 22.223884067000029 ], [ 91.992494595000096, 22.223659153000028 ], [ 91.992343126000094, 22.223462562000066 ], [ 91.992299192000189, 22.223343619000048 ], [ 91.992286383000078, 22.223252412000079 ], [ 91.992275809000091, 22.223177110000051 ], [ 91.992296211, 22.22311828100004 ], [ 91.992379847000166, 22.223036187000048 ], [ 91.992506468999977, 22.222955855000123 ], [ 91.992591722000043, 22.222893006000163 ], [ 91.992643109000142, 22.222855124000034 ], [ 91.992715981000117, 22.222737094000081 ], [ 91.992767109000056, 22.22257649300019 ], [ 91.992797357000086, 22.222438668000052 ], [ 91.99281591200014, 22.222240127000077 ], [ 91.992814090000138, 22.222102671000073 ], [ 91.992812123000078, 22.221953947000031 ], [ 91.992788979000125, 22.221805468000071 ], [ 91.992766222000114, 22.221686279000039 ], [ 91.992720251000094, 22.221459181000114 ], [ 91.992632683000124, 22.221243828000127 ], [ 91.992566918000136, 22.221075551000183 ], [ 91.992566317000183, 22.221030116000065 ], [ 91.992565605000095, 22.220976403000122 ], [ 91.992637989000059, 22.220867393000162 ], [ 91.992663554000103, 22.220842799000081 ], [ 91.992668168000137, 22.220810187000041 ], [ 91.992655983000134, 22.220720034000124 ], [ 91.992654578999975, 22.220620718000077 ], [ 91.992706798000142, 22.22054105899997 ], [ 91.992769191000093, 22.220452251000097 ], [ 91.992778570000041, 22.220343770000113 ], [ 91.992756081000039, 22.220253743 ], [ 91.992689733000077, 22.220105554000099 ], [ 91.992645075000098, 22.219948069000111 ], [ 91.992632188000186, 22.219808255000089 ], [ 91.992599301000041, 22.219711582 ], [ 91.992534068000055, 22.219642395000051 ], [ 91.992448230000093, 22.21957345900006 ], [ 91.992319232000057, 22.219496024000136 ], [ 91.992201562000105, 22.219447798000033 ], [ 91.992041463000078, 22.219400091000068 ], [ 91.991913584000088, 22.219401658000152 ], [ 91.991753583000047, 22.219403618000115 ], [ 91.99165097700012, 22.219401002999973 ], [ 91.991615857000056, 22.219434639000099 ], [ 91.991574837000201, 22.219534474999989 ], [ 91.991450176000114, 22.219764020000071 ], [ 91.991356647000089, 22.219923198000117 ], [ 91.991220441000166, 22.22006483600012 ], [ 91.991062096000121, 22.220184169000106 ], [ 91.990904101000126, 22.220285437000143 ], [ 91.990702660000068, 22.220357889000127 ], [ 91.990522339000165, 22.220380415000022 ], [ 91.990330949000111, 22.220391786000164 ], [ 91.990139174000149, 22.220376073000182 ], [ 91.989946381000095, 22.220288128000107 ], [ 91.989742840000019, 22.220211601000074 ], [ 91.989571418000082, 22.220134682000037 ], [ 91.989498042000037, 22.220111551000173 ], [ 91.989357701000074, 22.220067311000037 ], [ 91.989154857000131, 22.220040442000027 ], [ 91.98898439400017, 22.220031238000161 ], [ 91.988846496000122, 22.220053243000109 ], [ 91.988708886000097, 22.220095561000051 ], [ 91.988602502, 22.220117181000091 ], [ 91.988496663000035, 22.220177174000185 ], [ 91.988433438000072, 22.22020729500008 ], [ 91.98836000600005, 22.220287210000038 ], [ 91.988318695000089, 22.220366730000023 ], [ 91.988287686000092, 22.220446124000034 ], [ 91.988246821000189, 22.220557247999977 ], [ 91.988216355000134, 22.22067501500004 ], [ 91.988176031000194, 22.22082451100016 ], [ 91.988146582000127, 22.221014508000167 ], [ 91.988128424000024, 22.22123145900008 ], [ 91.98815160800018, 22.221371147000127 ], [ 91.9881744770002, 22.221488264000129 ], [ 91.988229370000056, 22.221598215000085 ], [ 91.988284805000092, 22.221746539000094 ], [ 91.988329046000104, 22.221874681000031 ], [ 91.988373321000154, 22.221962187000145 ], [ 91.98839606100006, 22.222070274000146 ], [ 91.988398160000145, 22.222219250000023 ], [ 91.988389513000072, 22.222379646000149 ], [ 91.988359203000073, 22.222508701000095 ], [ 91.988330204000022, 22.222687404000055 ], [ 91.988267773000132, 22.222816852999983 ], [ 91.988206233000199, 22.222966607000103 ], [ 91.988123198000153, 22.223096303000034 ], [ 91.987997542000073, 22.223255871999982 ], [ 91.987913325000079, 22.223344950000069 ], [ 91.98781871000017, 22.223427378000167 ], [ 91.987723362000111, 22.223457892 ], [ 91.987584791000074, 22.223453941000116 ], [ 91.987520963000122, 22.223419731000149 ], [ 91.987326032999988, 22.223223443000052 ], [ 91.987143191000143, 22.223067643000149 ], [ 91.986916905999976, 22.222883026000034 ], [ 91.986690750000093, 22.222707438999976 ], [ 91.986550751000152, 22.222580466000068 ], [ 91.986358083000198, 22.222501546000103 ], [ 91.986165860000199, 22.222454225000035 ], [ 91.985931657000094, 22.222439024999971 ], [ 91.985697103000064, 22.222441887000059 ], [ 91.985548137000137, 22.222452738000129 ], [ 91.985389310000073, 22.222495313000024 ], [ 91.98528305200017, 22.222525959999984 ], [ 91.985177528000122, 22.222565625000186 ], [ 91.985063900000171, 22.222641065 ], [ 91.984871542000064, 22.22274771300016 ], [ 91.984660297000062, 22.222899291999965 ], [ 91.984422834000043, 22.223089616000095 ], [ 91.984397148000028, 22.223110202000044 ], [ 91.98418650800005, 22.22326177400015 ], [ 91.983903250000026, 22.223395450000169 ], [ 91.983837841000025, 22.223426318000065 ], [ 91.983523405000142, 22.223509185000069 ], [ 91.983487549000188, 22.223518635000175 ], [ 91.983201373000156, 22.223601143000053 ], [ 91.982903053000143, 22.22359574900014 ], [ 91.982690313000148, 22.223598343000162 ], [ 91.98246507600004, 22.223525376000111 ], [ 91.982315349000032, 22.22344488300007 ], [ 91.98217576400009, 22.223347250000074 ], [ 91.982003483000142, 22.223209376000057 ], [ 91.981830955000078, 22.223053445 ], [ 91.981690387000185, 22.222885838000082 ], [ 91.981539198000178, 22.222738677999985 ], [ 91.981366539000192, 22.222573717000103 ], [ 91.981184119000034, 22.222447256000066 ], [ 91.980806083, 22.222074841000051 ], [ 91.980266712000059, 22.221566673000098 ], [ 91.979932695000059, 22.221263705000069 ], [ 91.979696304000129, 22.22113564100016 ], [ 91.97955543900008, 22.221119293000072 ], [ 91.979461942000114, 22.221109144000025 ], [ 91.979248956000049, 22.221093674000144 ], [ 91.979057690000047, 22.221114064000062 ], [ 91.978844511000091, 22.221127944000159 ], [ 91.978600672000084, 22.221160259000044 ], [ 91.978313480000111, 22.221213421000186 ], [ 91.977995789000033, 22.221296300000063 ], [ 91.977741133000109, 22.221378415000174 ], [ 91.977496846000065, 22.221422021000024 ], [ 91.977221867000139, 22.221524699000042 ], [ 91.977021085000047, 22.221619088000125 ], [ 91.976841165000053, 22.221696388999987 ], [ 91.976703477000058, 22.221777079000105 ], [ 91.976609009000015, 22.221830407000084 ], [ 91.976503203000163, 22.221890136000127 ], [ 91.976291918000186, 22.222039449000135 ], [ 91.976080985000067, 22.222170697000024 ], [ 91.975701294000146, 22.222414616000037 ], [ 91.975469020000105, 22.222537091000106 ], [ 91.975235571000098, 22.222618942000054 ], [ 91.975034441000162, 22.222671052000123 ], [ 91.974800012000173, 22.222682929000086 ], [ 91.974534066000047, 22.222695188000159 ], [ 91.974258545000055, 22.222759489000055 ], [ 91.974046755000131, 22.22282978800007 ], [ 91.973866514000065, 22.222901962000037 ], [ 91.973830002000057, 22.222918005 ], [ 91.973612868000032, 22.22301340700011 ], [ 91.973348628000167, 22.223147556000072 ], [ 91.973214218000066, 22.223214633000055 ], [ 91.973084352000171, 22.223279443000081 ], [ 91.972756089000086, 22.223430170000029 ], [ 91.972608732000083, 22.223513234000166 ], [ 91.972502881000082, 22.223573215000044 ], [ 91.972313566000139, 22.223733546000062 ], [ 91.972134304000065, 22.223875690000114 ], [ 91.971976286000142, 22.223976942000149 ], [ 91.971828706, 22.224087098000041 ], [ 91.97164915400009, 22.224208927000063 ], [ 91.971491268000136, 22.224319207000121 ], [ 91.971195689000126, 22.224510171000134 ], [ 91.970729958000049, 22.22478486 ], [ 91.970593846000156, 22.22486513900003 ], [ 91.9701816970001, 22.225086865000037 ], [ 91.969949572000132, 22.225220618000037 ], [ 91.969759147000104, 22.225301941000112 ], [ 91.969557528000053, 22.225363082000058 ], [ 91.969175735000135, 22.225458009000022 ], [ 91.968719769000074, 22.225580926000191 ], [ 91.96831729500019, 22.225714483000104 ], [ 91.967987945000118, 22.22578845400011 ], [ 91.96756397300004, 22.225901950999969 ], [ 91.967298996000011, 22.225984172000153 ], [ 91.967097691000163, 22.226067884000145 ], [ 91.966864963000091, 22.226158744000031 ], [ 91.966716838000195, 22.226230522000094 ], [ 91.966494284000078, 22.226312231000179 ], [ 91.966345915000147, 22.226323057 ], [ 91.966206706000094, 22.226295390000132 ], [ 91.966089321000027, 22.226267460000145 ], [ 91.966003898000167, 22.226227855000161 ], [ 91.965875193000102, 22.226170711 ], [ 91.965746328000193, 22.226102284000149 ], [ 91.965639157999988, 22.226024564000113 ], [ 91.965488673000095, 22.225927046000038 ], [ 91.965305652000154, 22.225800574000061 ], [ 91.965080366000166, 22.225685901000077 ], [ 91.964823651000131, 22.225578378000137 ], [ 91.96471005900014, 22.225540662000014 ], [ 91.964534977000028, 22.225482529000089 ], [ 91.964257170000053, 22.225427186000047 ], [ 91.964210014000059, 22.225408560000119 ], [ 91.964081300000089, 22.225102189999973 ], [ 91.964038128000084, 22.22500563300008 ], [ 91.96402122700016, 22.224967458000037 ], [ 91.963835971000094, 22.224549774000138 ], [ 91.963447915000188, 22.223759777000055 ], [ 91.963039207000122, 22.222879720000151 ], [ 91.962549286000126, 22.22186970000007 ], [ 91.962264002000154, 22.221320023000146 ], [ 91.961960510000097, 22.220899250000059 ], [ 91.961942492000048, 22.220879822000029 ], [ 91.961738958000069, 22.220660355000064 ], [ 91.961457541000129, 22.220388319000165 ], [ 91.961136950000196, 22.220132557000113 ], [ 91.960615774000019, 22.219750527000144 ], [ 91.96013488900013, 22.219388328000093 ], [ 91.959719681000081, 22.219172082000114 ], [ 91.959199100000092, 22.218875832000151 ], [ 91.958656798000163, 22.218586611000092 ], [ 91.957869936000066, 22.218277759000102 ], [ 91.956849509000108, 22.217867859000137 ], [ 91.956208854000124, 22.217523374000166 ], [ 91.955899607000163, 22.217253919000143 ], [ 91.955688563000137, 22.217028433000166 ], [ 91.955549885000039, 22.216732093000132 ], [ 91.9554587840002, 22.216369709000162 ], [ 91.955448014000012, 22.216254780000156 ], [ 91.955416097000125, 22.215914180000027 ], [ 91.955450661000157, 22.215608982000049 ], [ 91.955459837000035, 22.215527597000118 ], [ 91.955520794, 22.215311175000181 ], [ 91.955575960000147, 22.215115311000147 ], [ 91.955741185000022, 22.21465954100006 ], [ 91.956001416000163, 22.214017501000058 ], [ 91.956332476, 22.213194 ], [ 91.956343040000036, 22.213169038000103 ], [ 91.956358901000158, 22.213132724000104 ], [ 91.956420860000037, 22.212996348000047 ], [ 91.956664175000185, 22.212460792000115 ], [ 91.956769695000048, 22.212210849000144 ], [ 91.956924745000094, 22.211843583000132 ], [ 91.957050154000058, 22.211491822000085 ], [ 91.957136534000142, 22.211249536000082 ], [ 91.95722807500016, 22.210769816000038 ], [ 91.957282040000052, 22.210290547000056 ], [ 91.957264376000012, 22.209891158000175 ], [ 91.957197029000042, 22.209449472000188 ], [ 91.957082420000063, 22.209096401000011 ], [ 91.956906635, 22.208746323000184 ], [ 91.956656758, 22.208385847000045 ], [ 91.956396932000189, 22.2081383740001 ], [ 91.95611134, 22.207868632000157 ], [ 91.955765441000096, 22.20757704000016 ], [ 91.955142423000041, 22.207193603000178 ], [ 91.955074623000144, 22.207151875000079 ], [ 91.954458420000037, 22.206818373000033 ], [ 91.953484992000142, 22.206337895000047 ], [ 91.953424030000065, 22.206307907000053 ], [ 91.953104178000103, 22.206150566000076 ], [ 91.952951932000076, 22.206084213 ], [ 91.952292533000161, 22.205796824000117 ], [ 91.951774222000154, 22.205484715000182 ], [ 91.951611023000055, 22.205342183000084 ], [ 91.951427577000175, 22.205181831000118 ], [ 91.951253027000121, 22.204919779000136 ], [ 91.951139747000184, 22.204661508000186 ], [ 91.951050024000097, 22.204353286000071 ], [ 91.95096666600017, 22.203672479000147 ], [ 91.950938511000061, 22.202851340000166 ], [ 91.950926044000141, 22.202487702000099 ], [ 91.95101164200014, 22.201576847000126 ], [ 91.951020373000063, 22.201511157000027 ], [ 91.951063821000105, 22.201184297000168 ], [ 91.951078041000017, 22.201074854000069 ], [ 91.951218390000179, 22.2006171270001 ], [ 91.951429534000056, 22.199896170000045 ], [ 91.951485788000127, 22.199704090000125 ], [ 91.95149849500018, 22.199658786000157 ], [ 91.951852201000122, 22.198719876999974 ], [ 91.952282694000132, 22.198030649000145 ], [ 91.952906103000146, 22.197135918000129 ], [ 91.953639484000121, 22.196217290000106 ], [ 91.954534958000181, 22.195223294000129 ], [ 91.955216509000138, 22.19446674500017 ], [ 91.955913835000104, 22.193616268000028 ], [ 91.956189939000069, 22.193247214000053 ], [ 91.956292561000168, 22.193058856000107 ], [ 91.956333560000132, 22.192983603000187 ], [ 91.956414434000067, 22.192653015000189 ], [ 91.956385963000116, 22.192391469000029 ], [ 91.956310403000089, 22.192186932000084 ], [ 91.956210046000194, 22.192030104000082 ], [ 91.956011320000073, 22.191815757000029 ], [ 91.955739427000083, 22.191613579000148 ], [ 91.955394822000073, 22.191412272000093 ], [ 91.954976945000055, 22.191259254000045 ], [ 91.954879298000037, 22.191235897000183 ], [ 91.954836496000041, 22.191225659000054 ], [ 91.954608452, 22.191171114000042 ], [ 91.954106681000155, 22.191086830000188 ], [ 91.953592497000045, 22.191025271000171 ], [ 91.953090139000096, 22.190986146 ], [ 91.952502652000021, 22.19097061400015 ], [ 91.952280733000066, 22.19097327500009 ], [ 91.951928203000193, 22.190977501000134 ], [ 91.951037165, 22.191055910000102 ], [ 91.950153796000052, 22.191193963999979 ], [ 91.9497073080002, 22.191263739000192 ], [ 91.947959683000136, 22.191715840000029 ], [ 91.947721661000173, 22.191777414000114 ], [ 91.947205797000095, 22.191913295000063 ], [ 91.946491574000049, 22.192101422000121 ], [ 91.945991838000111, 22.192208990000154 ], [ 91.94567370700014, 22.192212792000078 ], [ 91.945597679000116, 22.192193380999981 ], [ 91.945427962000167, 22.192147998000053 ], [ 91.945230945000105, 22.192012637000119 ], [ 91.945081161000189, 22.191786401000059 ], [ 91.944979852000017, 22.191559590000054 ], [ 91.944926698000074, 22.191264471000068 ], [ 91.944923559000074, 22.191036486000087 ], [ 91.944919173000073, 22.190718210000057 ], [ 91.944914792000191, 22.190399932 ], [ 91.944930353000132, 22.190226824999968 ], [ 91.944978383000034, 22.18969252800008 ], [ 91.945068475000198, 22.188731029000053 ], [ 91.945085119000112, 22.188553395000099 ], [ 91.945216399000174, 22.187436546000129 ], [ 91.945276848000105, 22.18650115600019 ], [ 91.945271534000199, 22.186115161000146 ], [ 91.945242570000119, 22.1857723440001 ], [ 91.945213328000193, 22.185409210999978 ], [ 91.945164161000093, 22.185155303000101 ], [ 91.945134382000049, 22.185001516999989 ], [ 91.945029323000142, 22.184501573000034 ], [ 91.944896885, 22.183773933000055 ], [ 91.944875358000104, 22.183692514000143 ], [ 91.944716597000195, 22.183092016000046 ], [ 91.944564029, 22.182662625000091 ], [ 91.944493290000082, 22.182498661000068 ], [ 91.944437562000132, 22.182368380000185 ], [ 91.94423711100012, 22.181982459000153 ], [ 91.944012174000079, 22.181666814000039 ], [ 91.943787536000173, 22.181328588000156 ], [ 91.943606720000105, 22.18106434300006 ], [ 91.944084221000082, 22.180972619000102 ], [ 91.94475861, 22.180964568000036 ], [ 91.945396643000151, 22.180956949 ], [ 91.945893061, 22.180919412000037 ], [ 91.946388840999987, 22.180879626000092 ], [ 91.946779052000068, 22.180874962000075 ], [ 91.947240157000124, 22.180869451000092 ], [ 91.947701726, 22.180897795000135 ], [ 91.947773644000108, 22.180902266000032 ], [ 91.948128122000128, 22.18092430500019 ], [ 91.94866195600008, 22.18105112000012 ], [ 91.949124894000192, 22.181178781000085 ], [ 91.949588709000068, 22.181369646000178 ], [ 91.949946382000121, 22.181597902000021 ], [ 91.950304628000083, 22.181823897000186 ], [ 91.950662738000062, 22.182083753000029 ], [ 91.951019946000088, 22.182278145999987 ], [ 91.95141199700015, 22.182406651000065 ], [ 91.951453455000035, 22.182414631000029 ], [ 91.951732226000047, 22.18246828600013 ], [ 91.952015797000172, 22.182464889000073 ], [ 91.95244176000017, 22.182459781000034 ], [ 91.952654438000195, 22.18245723299998 ], [ 91.95332991700019, 22.182440102999976 ], [ 91.954382299000031, 22.182463602999974 ], [ 91.955143767000152, 22.182617013000083 ], [ 91.955247088000078, 22.182638347000079 ], [ 91.956177924000031, 22.182812298000158 ], [ 91.9565136450002, 22.18311756300011 ], [ 91.956852778000098, 22.183668871000066 ], [ 91.957451332000062, 22.183785847000138 ], [ 91.958111652000127, 22.183592783000165 ], [ 91.958404244, 22.183496702000127 ], [ 91.95861295800006, 22.183428731000106 ], [ 91.958903758000133, 22.183334928000079 ], [ 91.959298471000011, 22.18308409499997 ], [ 91.959960475000116, 22.183015172000069 ], [ 91.960757772000079, 22.183127482000145 ], [ 91.961489872000072, 22.18330379300005 ], [ 91.96182128200013, 22.183299805000104 ], [ 91.961812754000164, 22.182683570000165 ], [ 91.961674041000094, 22.182251773000075 ], [ 91.961799902000166, 22.181758091000063 ], [ 91.962171371000068, 22.181602798000085 ], [ 91.962261406000152, 22.18156516199997 ], [ 91.962791339000034, 22.181497814000124 ], [ 91.963389312, 22.181614771000113 ], [ 91.96359295700006, 22.1819216130001 ], [ 91.963664147000088, 22.182291008 ], [ 91.964130855000178, 22.182470506000129 ], [ 91.964928150000162, 22.182585059000075 ], [ 91.965153230000112, 22.182602663000125 ], [ 91.965591873999983, 22.182638007000037 ], [ 91.965992539000013, 22.18281829700004 ], [ 91.966391806000104, 22.182813483000189 ], [ 91.966589339000052, 22.182811099000162 ], [ 91.967118671000151, 22.182743754000171 ], [ 91.967848226000172, 22.182734931000084 ], [ 91.968710689000034, 22.18278546300013 ], [ 91.969586581000044, 22.182828492000056 ], [ 91.969706441000199, 22.182834380000031 ], [ 91.97062524800009, 22.182143722000092 ], [ 91.971742737000113, 22.181450661000042 ], [ 91.972087641000201, 22.181267102000049 ], [ 91.972927776000176, 22.180819979000091 ], [ 91.973717309000051, 22.180376938999984 ], [ 91.974505104000116, 22.179812016000085 ], [ 91.97477200700007, 22.17952885699998 ], [ 91.975093302000118, 22.179188553000074 ], [ 91.975159351000173, 22.178994863000071 ], [ 91.975284247000047, 22.178628603000107 ], [ 91.975279072000035, 22.178258415000016 ], [ 91.975262409000152, 22.178133234000086 ], [ 91.975249354000084, 22.178079561000175 ], [ 91.974842933000104, 22.178075906000117 ], [ 91.97461432700004, 22.178085233000104 ], [ 91.974219103000166, 22.178101355000024 ], [ 91.974165316000096, 22.17810262 ], [ 91.97366290500014, 22.17808064999997 ], [ 91.97351139500006, 22.178062361000173 ], [ 91.973375092000083, 22.178045906000136 ], [ 91.973204055000053, 22.17798570400015 ], [ 91.974443319000102, 22.174686868000038 ], [ 91.974552784000139, 22.174709332000134 ], [ 91.974688062000155, 22.174035360000119 ], [ 91.974711851999984, 22.173916839000185 ], [ 91.975410282000041, 22.170437098000093 ], [ 91.975962330000073, 22.168638394000141 ], [ 91.976286113000128, 22.167568550999988 ], [ 91.977457859000083, 22.167350793000082 ], [ 91.979828633000125, 22.166925860000049 ], [ 91.980496430000073, 22.166806158999975 ], [ 91.983625124000127, 22.165350388000036 ], [ 91.984181296000145, 22.164841085000091 ], [ 91.984830398000042, 22.164246675000129 ], [ 91.985228654000082, 22.16386617600017 ], [ 91.985355105000167, 22.163745363000032 ], [ 91.985615461000066, 22.163496613000063 ], [ 91.985871521000092, 22.162874905000137 ], [ 91.985866323000039, 22.16250471800015 ], [ 91.985660672000165, 22.162012806000121 ], [ 91.985188814000196, 22.161463179000066 ], [ 91.985166967000055, 22.161419024000054 ], [ 91.984958916000153, 22.160998532000065 ], [ 91.984915671000067, 22.160911130000102 ], [ 91.985108906000164, 22.160475313 ], [ 91.985322560000043, 22.160064688000034 ], [ 91.98543163700009, 22.159855053000058 ], [ 91.985558224000044, 22.159420047000083 ], [ 91.985421242000029, 22.159114678000151 ], [ 91.985019742000077, 22.158871230000102 ], [ 91.98462147500004, 22.15881512500016 ], [ 91.984154825000189, 22.158635681000021 ], [ 91.984017816000119, 22.158328054000094 ], [ 91.984010028000171, 22.157772772000158 ], [ 91.984727290000194, 22.156899373000101 ], [ 91.985384840000052, 22.156521116000135 ], [ 91.986146289000089, 22.156628295000019 ], [ 91.98618196700005, 22.156633317000114 ], [ 91.987043414000141, 22.156622820000052 ], [ 91.988171695000176, 22.15667227800003 ], [ 91.989828555000145, 22.156652062000148 ], [ 91.990640104000192, 22.156370423 ], [ 91.990752285000156, 22.156331492000106 ], [ 91.990947238000047, 22.156019819000164 ], [ 91.991008062000105, 22.155648827000164 ], [ 91.991063674000088, 22.154907649000108 ], [ 91.991259481000043, 22.154656919000161 ], [ 91.99191786300014, 22.154339585 ], [ 91.992775576000156, 22.154022066000152 ], [ 91.993567473000041, 22.153764047000038 ], [ 91.994290155000158, 22.153324006000105 ], [ 91.994748074000086, 22.152884943000117 ], [ 91.994875517000082, 22.152513131999967 ], [ 91.994925833000138, 22.152366112999971 ], [ 91.995066384000154, 22.151955427000132 ], [ 91.995253497000078, 22.151088469000172 ], [ 91.995948267000188, 22.148671094000065 ], [ 91.996329697000135, 22.147492466000074 ], [ 91.996713760000034, 22.146501188000116 ], [ 91.997308931000191, 22.146430686000144 ], [ 91.997765960000038, 22.145930671000087 ], [ 91.998286617000076, 22.145680922000111 ], [ 91.998693968000111, 22.145919300000116 ], [ 91.999096312000177, 22.146223662000068 ], [ 91.999497193000195, 22.14646708500004 ], [ 92.000231746000168, 22.146828324000182 ], [ 92.000568328000099, 22.147194444000093 ], [ 92.000839743000085, 22.147622318000174 ], [ 92.000891389000117, 22.147632972000167 ], [ 92.001371535000033, 22.147739961000013 ], [ 92.00150071600018, 22.147492296000053 ], [ 92.001693275000036, 22.147056473000134 ], [ 92.002143301000103, 22.146530024000185 ], [ 92.002280329000087, 22.146369724000067 ], [ 92.002717211000174, 22.146035241 ], [ 92.002936628000157, 22.145867251000141 ], [ 92.003591285000198, 22.145365573000049 ], [ 92.00459273700011, 22.145040560000041 ], [ 92.004779786000029, 22.144979939000109 ], [ 92.005329458000062, 22.144802758000083 ], [ 92.005770067000185, 22.144660730000055 ], [ 92.006562749000068, 22.144463597000026 ], [ 92.006858789000034, 22.144418001000133 ], [ 92.00742298900019, 22.144331102000137 ], [ 92.008280825999975, 22.144072204000054 ], [ 92.009136671000192, 22.143630463000022 ], [ 92.009423894000065, 22.143546366000066 ], [ 92.009796716000039, 22.143437206000101 ], [ 92.010319337000169, 22.143430766000108 ], [ 92.010724701000129, 22.143425769000089 ], [ 92.011786210000139, 22.143473636000067 ], [ 92.011999487000082, 22.143499488000089 ], [ 92.012715959000047, 22.143586330000176 ], [ 92.013644811000177, 22.143635822000192 ], [ 92.014443672000084, 22.143874292000191 ], [ 92.015009993000149, 22.144077254000081 ], [ 92.015776028, 22.144349986000122 ], [ 92.017247861000044, 22.145259661000125 ], [ 92.018317589999981, 22.145925960000113 ], [ 92.018916887000103, 22.146103664000066 ], [ 92.019414913000105, 22.146169091000104 ], [ 92.019780632000106, 22.146217137000122 ], [ 92.020377290000056, 22.146209746000181 ], [ 92.020859222000126, 22.146314398000129 ], [ 92.020909053000082, 22.146325068000124 ], [ 92.021311444000105, 22.146629371000131 ], [ 92.021775342000126, 22.146989801000132 ], [ 92.022312531000068, 22.147111370000175 ], [ 92.022909191000053, 22.147103971000149 ], [ 92.023374967000052, 22.147222361 ], [ 92.0234348460001, 22.147257739000111 ], [ 92.023775854000064, 22.147463464000168 ], [ 92.02385702100014, 22.147573505000082 ], [ 92.024046466000073, 22.147830346000148 ], [ 92.024453289000064, 22.148443875000169 ], [ 92.024924368000086, 22.148932437000099 ], [ 92.025396588000035, 22.149542894999968 ], [ 92.025668985000095, 22.150033922000034 ], [ 92.025679583000112, 22.150774276000163 ], [ 92.025781590000122, 22.15121888900012 ], [ 92.025821100000201, 22.151391097000158 ], [ 92.025763023000081, 22.151947185000154 ], [ 92.025574324, 22.152690015000132 ], [ 92.025373766000143, 22.153236154000126 ], [ 92.025354946000164, 22.153287404000082 ], [ 92.025255342000094, 22.153558633000046 ], [ 92.02493636000014, 22.154427250000083 ], [ 92.024293956000122, 22.155855246000101 ], [ 92.02426841700003, 22.155956097 ], [ 92.024042768000129, 22.156847187000039 ], [ 92.024051620000137, 22.157465655000067 ], [ 92.024079198000095, 22.15752731200007 ], [ 92.024325770000075, 22.158078572000022 ], [ 92.024731152000072, 22.158631159000038 ], [ 92.025268002000075, 22.159055689000127 ], [ 92.025567574000149, 22.15932739100009 ], [ 92.025805154000125, 22.159543424000105 ], [ 92.026344657000095, 22.16015303800009 ], [ 92.026883598000154, 22.16076491299998 ], [ 92.027026191000175, 22.160949656000071 ], [ 92.02735650700015, 22.16137760800018 ], [ 92.027628906000189, 22.161866372000077 ], [ 92.027703805999977, 22.162484019000146 ], [ 92.027625090000072, 22.162835537000092 ], [ 92.027579095000078, 22.163040934000094 ], [ 92.027321443000062, 22.163538546999973 ], [ 92.027131868000083, 22.164220436 ], [ 92.027138956000158, 22.164714759000162 ], [ 92.027151348000132, 22.165579257000104 ], [ 92.027160186000117, 22.166195465999976 ], [ 92.027303506000067, 22.166936426 ], [ 92.027319381000098, 22.167030842000031 ], [ 92.027448582000034, 22.167799274000174 ], [ 92.027656134000154, 22.168413011000041 ], [ 92.027864323000017, 22.169028994000143 ], [ 92.027871739000147, 22.169545888000073 ], [ 92.027873161000059, 22.169645204000119 ], [ 92.027946292000138, 22.170138703000021 ], [ 92.02795691200015, 22.170879055000171 ], [ 92.028096686000197, 22.171371726000189 ], [ 92.02856432800013, 22.171614235999982 ], [ 92.029425843000126, 22.171603509000079 ], [ 92.030086587000085, 22.171410157000082 ], [ 92.030105328000104, 22.171364772000118 ], [ 92.030214222000041, 22.171099281000124 ], [ 92.030275547000087, 22.170728273000122 ], [ 92.030470699000034, 22.170477506999987 ], [ 92.031067453000048, 22.170470069000089 ], [ 92.031463739000117, 22.170343221000053 ], [ 92.031756616000109, 22.170254796000108 ], [ 92.032321676000151, 22.170084190000068 ], [ 92.033835048000128, 22.16926387 ], [ 92.034562685000026, 22.169130620000033 ], [ 92.034632737000152, 22.169142595000039 ], [ 92.034894955000198, 22.169187424000086 ], [ 92.035096333000126, 22.169370031000028 ], [ 92.035300378000045, 22.169737724000186 ], [ 92.035509480000144, 22.170414639000114 ], [ 92.036048497000081, 22.171026480000023 ], [ 92.036648797000169, 22.171265050000045 ], [ 92.036692454000161, 22.171266763000119 ], [ 92.03777658100006, 22.171314163000147 ], [ 92.038096165000184, 22.171284741000022 ], [ 92.038281091000044, 22.171267715 ], [ 92.038571139000055, 22.17124101100012 ], [ 92.039021533000039, 22.171025336000127 ], [ 92.03922950499998, 22.170925746000023 ], [ 92.039751199000193, 22.170549773000118 ], [ 92.040016925000145, 22.170358270000179 ], [ 92.040520630000174, 22.169823691999966 ], [ 92.040604783000106, 22.169734594999966 ], [ 92.040925454000103, 22.168987838000135 ], [ 92.041178325000146, 22.168120025000178 ], [ 92.041695664000031, 22.167187943000158 ], [ 92.042215067000086, 22.166440956000031 ], [ 92.04320924000001, 22.164377943000147 ], [ 92.043502240000123, 22.163769927000146 ], [ 92.044022195000082, 22.163020668000058 ], [ 92.044417841000097, 22.162893797000095 ], [ 92.044502174000058, 22.162892739000029 ], [ 92.045081198000048, 22.162885476000042 ], [ 92.045613041000081, 22.163000709000073 ], [ 92.046344224000052, 22.16311569800007 ], [ 92.046675600000128, 22.163111536000088 ], [ 92.046936467000137, 22.162798972000189 ], [ 92.047307786000033, 22.162234329000057 ], [ 92.04732530300015, 22.162207692000095 ], [ 92.047714889000076, 22.161615265000023 ], [ 92.047810619000188, 22.161457693000102 ], [ 92.048168211000075, 22.160869091000109 ], [ 92.048298253000041, 22.160632697000096 ], [ 92.048749713000063, 22.159812019000015 ], [ 92.048871934000147, 22.159130957000173 ], [ 92.048667872000124, 22.158763282000052 ], [ 92.048528963000081, 22.158333835000121 ], [ 92.04872378500005, 22.158022100000153 ], [ 92.048979555000074, 22.157400315000132 ], [ 92.049234161000186, 22.156656634000171 ], [ 92.049227384000062, 22.156188809000071 ], [ 92.049226117000046, 22.156101376000038 ], [ 92.049075346999985, 22.155570164000153 ], [ 92.048946468999986, 22.155116082000063 ], [ 92.048885603000144, 22.154942737 ], [ 92.048600793000162, 22.154131614000164 ], [ 92.048255160999986, 22.153149404000033 ], [ 92.04792454699998, 22.152313562000188 ], [ 92.047841984000172, 22.15210482800012 ], [ 92.047696504000044, 22.151178799000149 ], [ 92.047677752000084, 22.149883193000051 ], [ 92.047553529000197, 22.149002047000181 ], [ 92.047529909000048, 22.148835284000143 ], [ 92.047380010000154, 22.148338182000032 ], [ 92.047251174000166, 22.147910926000066 ], [ 92.047041217000128, 22.147207242000093 ], [ 92.046902889000194, 22.146743622000088 ], [ 92.046791165, 22.145519593000188 ], [ 92.046745229000123, 22.145016306000173 ], [ 92.046788121000134, 22.144655587999978 ], [ 92.046804106000138, 22.144521163000149 ], [ 92.046999796000136, 22.14427037500019 ], [ 92.047525040000096, 22.143934177000062 ], [ 92.048252269000102, 22.143405806000146 ], [ 92.048880805000067, 22.143090883000127 ], [ 92.049601024000083, 22.142874137000149 ], [ 92.050388049999981, 22.142710733000115 ], [ 92.050851539000064, 22.142671041000028 ], [ 92.051146801000186, 22.142644752000081 ], [ 92.051970165000057, 22.142564413000059 ], [ 92.053510826000092, 22.142484068999977 ], [ 92.054578243000037, 22.146112065000182 ], [ 92.054729909000173, 22.146627131000116 ], [ 92.055036098000187, 22.147449565000159 ], [ 92.05569196099998, 22.149211193000099 ], [ 92.056761404000099, 22.150802829000156 ], [ 92.056821296000066, 22.1509104860001 ], [ 92.057022067000105, 22.151271368000096 ], [ 92.057455061000041, 22.152049275000081 ], [ 92.058416552000097, 22.153089157000124 ], [ 92.058451636000143, 22.153127094000183 ], [ 92.059560561000183, 22.154305075000025 ], [ 92.060685030000059, 22.155342882000184 ], [ 92.061314566000078, 22.155802237000103 ], [ 92.06150133400007, 22.155937585000061 ], [ 92.06231201300011, 22.156561702000147 ], [ 92.063351083999976, 22.157349982000142 ], [ 92.063980402000198, 22.157777315999965 ], [ 92.064702277000151, 22.158267494000029 ], [ 92.065452043, 22.15857228700014 ], [ 92.066441811, 22.158974638000132 ], [ 92.067744674000096, 22.159467938000091 ], [ 92.06869993700019, 22.15982961900005 ], [ 92.068778345000055, 22.159859305000055 ], [ 92.069401565000135, 22.160090692000097 ], [ 92.069698814000105, 22.16015690200004 ], [ 92.070615421000184, 22.160577208000177 ], [ 92.071689563000064, 22.161069741000176 ], [ 92.072510893000185, 22.16144634300008 ], [ 92.073005850000186, 22.161688730000151 ], [ 92.074047583000151, 22.16219887200009 ], [ 92.07436248800019, 22.162289086999976 ], [ 92.074613454000144, 22.162360985000078 ], [ 92.075278210000079, 22.162490232000039 ], [ 92.075926119000144, 22.162545191000049 ], [ 92.076535969000133, 22.162572011000123 ], [ 92.076722189000122, 22.162580199999979 ], [ 92.077418706000117, 22.162602930000105 ], [ 92.077984288000152, 22.162704081000015 ], [ 92.078281944000082, 22.162760467000112 ], [ 92.07866540700013, 22.162833105000061 ], [ 92.079048753000052, 22.162902713000108 ], [ 92.079230989000052, 22.162934251000081 ], [ 92.079746295, 22.163036039000133 ], [ 92.080327575000183, 22.163091831000145 ], [ 92.080792039000073, 22.163115248000054 ], [ 92.081069902000195, 22.163098155000114 ], [ 92.082266012000048, 22.163019668000118 ], [ 92.082738795000182, 22.16296117700017 ], [ 92.083242772000062, 22.162898825000184 ], [ 92.083969181000043, 22.162688618000118 ], [ 92.084959186000162, 22.162398284000062 ], [ 92.085151417000134, 22.162325700999986 ], [ 92.085553295000182, 22.162173959000029 ], [ 92.086112817000128, 22.161904926000091 ], [ 92.086805230000095, 22.16164999200015 ], [ 92.087137618000099, 22.161550920000082 ], [ 92.08767995, 22.161390463000089 ], [ 92.088689104000196, 22.161208221999971 ], [ 92.089846872000066, 22.16103761300019 ], [ 92.089898125000161, 22.161031484000091 ], [ 92.090988782000068, 22.160901062000164 ], [ 92.092082116000086, 22.160839625000165 ], [ 92.093384137000101, 22.160795816000132 ], [ 92.093730312000048, 22.160783889000129 ], [ 92.094219840000051, 22.160767022000073 ], [ 92.095049916000164, 22.160848914000098 ], [ 92.095413379000149, 22.160884876000068 ], [ 92.096129399000063, 22.160956940000176 ], [ 92.096719607000182, 22.160969438000109 ], [ 92.09705791600004, 22.160976601000129 ], [ 92.098003160000076, 22.160980240000129 ], [ 92.098748401000194, 22.16093904000013 ], [ 92.099461165000037, 22.160914058000174 ], [ 92.100018816000045, 22.1608745260001 ], [ 92.100239522000038, 22.160858880000035 ], [ 92.100979816000176, 22.160770325999977 ], [ 92.101471542000183, 22.160671431000083 ], [ 92.101887779000094, 22.160589308000112 ], [ 92.101966698000126, 22.16055894200008 ], [ 92.102556560000096, 22.160336873000119 ], [ 92.102812034000067, 22.160241019000182 ], [ 92.10357975900007, 22.159797671000092 ], [ 92.104293748000089, 22.159163129000149 ], [ 92.104904981000118, 22.158626982000101 ], [ 92.105463142000019, 22.15794478000015 ], [ 92.106121451000092, 22.157071655000152 ], [ 92.106624648000036, 22.156198274000076 ], [ 92.107027541000093, 22.155487562000076 ], [ 92.107227989000137, 22.155133965 ], [ 92.107827594000128, 22.153778488000057 ], [ 92.108468169000105, 22.152562522000153 ], [ 92.109384214000102, 22.150823608000167 ], [ 92.109878444000174, 22.149722908000058 ], [ 92.110383386000194, 22.148598333000166 ], [ 92.110878274000072, 22.14748742400019 ], [ 92.11163257700008, 22.145794153000168 ], [ 92.112028171000134, 22.144968460000143 ], [ 92.112244073000056, 22.144517819000043 ], [ 92.112583770000185, 22.1438087840001 ], [ 92.112933175000194, 22.142987043000062 ], [ 92.113229034000085, 22.142068924 ], [ 92.113358622000135, 22.141708351000148 ], [ 92.113576275000128, 22.141102733000082 ], [ 92.113967209000123, 22.139655127000083 ], [ 92.114150762000122, 22.138113136000129 ], [ 92.11418849000006, 22.137150953000173 ], [ 92.114317997000057, 22.136211655000068 ], [ 92.114327869000135, 22.136140046000094 ], [ 92.114623575999985, 22.135172263000072 ], [ 92.114867968000169, 22.134257067000192 ], [ 92.115065161000018, 22.133629186000178 ], [ 92.115262348000101, 22.133001300000103 ], [ 92.115394668000022, 22.132532283000103 ], [ 92.115480642000023, 22.132226456000126 ], [ 92.115507408000155, 22.132131246000029 ], [ 92.115911256000174, 22.131550347000029 ], [ 92.116369309000106, 22.13111096800003 ], [ 92.116981691000149, 22.130622177000134 ], [ 92.117492670000104, 22.130279180000116 ], [ 92.117712490000144, 22.13010667500015 ], [ 92.118054277000113, 22.129838454000037 ], [ 92.118618143000049, 22.129589582000051 ], [ 92.118679267000118, 22.129567295000072 ], [ 92.119439904000103, 22.129289950000157 ], [ 92.119879954000055, 22.129166898999983 ], [ 92.120159554000111, 22.129088715000137 ], [ 92.121035690000156, 22.128982514000143 ], [ 92.122118419000117, 22.128918773000066 ], [ 92.122493474000123, 22.128913895000039 ], [ 92.123253972000157, 22.128904 ], [ 92.123479726000198, 22.128924614000141 ], [ 92.124184464000052, 22.128988962000108 ], [ 92.124264833000041, 22.129021558000147 ], [ 92.124756133, 22.129220813000018 ], [ 92.125131839, 22.129486838000105 ], [ 92.125225729000135, 22.129553319000024 ], [ 92.125595322000095, 22.130124164000051 ], [ 92.125603659000149, 22.130209717000128 ], [ 92.12565618400015, 22.130748695000136 ], [ 92.125561898000171, 22.131327842000189 ], [ 92.125416236000035, 22.131955061000156 ], [ 92.124966850000135, 22.132970009000076 ], [ 92.124416128000064, 22.133853087000148 ], [ 92.123605715000053, 22.135152660000131 ], [ 92.123321085000157, 22.135710997000047 ], [ 92.122812760000102, 22.136708129000112 ], [ 92.122050966000131, 22.138202440000043 ], [ 92.122018749, 22.138271515000156 ], [ 92.121533449000196, 22.139312049000068 ], [ 92.121350760000098, 22.139703748000102 ], [ 92.121190017, 22.140165364000097 ], [ 92.120924922000199, 22.140926647000128 ], [ 92.12056061800007, 22.141972818000056 ], [ 92.120509746000153, 22.142118908999976 ], [ 92.120102689000134, 22.143213798999966 ], [ 92.119900342000165, 22.143758060000152 ], [ 92.119749131000162, 22.144164775000149 ], [ 92.119467338000049, 22.144922712999971 ], [ 92.119290420000141, 22.145609032000038 ], [ 92.119035093000093, 22.146598092000147 ], [ 92.118841842000165, 22.147346676999973 ], [ 92.118457105, 22.148836993000032 ], [ 92.118421577000106, 22.148974610000153 ], [ 92.118379662000109, 22.149136970000086 ], [ 92.118296352000129, 22.149459678000142 ], [ 92.117965340000126, 22.15080301800009 ], [ 92.117864105000194, 22.151213853000058 ], [ 92.117809170000157, 22.151436794000119 ], [ 92.117729356000098, 22.151847061000012 ], [ 92.117642375000116, 22.152294157000085 ], [ 92.117525602000114, 22.152894391000189 ], [ 92.117485406000185, 22.153101003000017 ], [ 92.117312162000076, 22.153991498000096 ], [ 92.11694617600017, 22.15587268000013 ], [ 92.116844172000071, 22.156802765000066 ], [ 92.116802889000098, 22.157179189000146 ], [ 92.116772870000034, 22.157452912000167 ], [ 92.116719066000201, 22.157943490000036 ], [ 92.116635544000019, 22.159244885000192 ], [ 92.116551379999976, 22.160544034000111 ], [ 92.116531191000036, 22.161314658000094 ], [ 92.116523592000192, 22.161604698000133 ], [ 92.116518604000134, 22.16179510700016 ], [ 92.116519717000131, 22.161869451000086 ], [ 92.11653802800015, 22.163092911000035 ], [ 92.11671111600009, 22.164293904000033 ], [ 92.116990773000055, 22.165732806000108 ], [ 92.117271892000133, 22.167268757000045 ], [ 92.117457335000097, 22.167816497000103 ], [ 92.117758140000035, 22.168704972000171 ], [ 92.117949290000183, 22.169241457000055 ], [ 92.117999131000147, 22.169381343000055 ], [ 92.118405241000175, 22.170522865 ], [ 92.119098133000136, 22.171958645000132 ], [ 92.119787521000148, 22.173200320000149 ], [ 92.120686995000142, 22.174631143000113 ], [ 92.121267524000132, 22.175440793000121 ], [ 92.121793789000037, 22.176106668999978 ], [ 92.122085139000035, 22.176487188000124 ], [ 92.122108437000179, 22.176517616000183 ], [ 92.122267849000195, 22.176725815000054 ], [ 92.122843486000136, 22.177248820999978 ], [ 92.123261718000094, 22.177579734000119 ], [ 92.123885088000179, 22.177810900000054 ], [ 92.124608562000162, 22.177848873000073 ], [ 92.125330614000063, 22.177792047000025 ], [ 92.12584825100015, 22.177882364000084 ], [ 92.126466559000164, 22.177777223000191 ], [ 92.127338639000186, 22.177382064000085 ], [ 92.128464414000177, 22.17669237500013 ], [ 92.12872622600014, 22.176483501000064 ], [ 92.129086276000123, 22.176196250000032 ], [ 92.129994821000025, 22.175471397000024 ], [ 92.130872437, 22.174720423000053 ], [ 92.13142278000015, 22.174249490000079 ], [ 92.133055265000166, 22.172930080000128 ], [ 92.133289508000075, 22.172757381000167 ], [ 92.133719246999988, 22.172440547000065 ], [ 92.134536990000072, 22.171901584000125 ], [ 92.13530320100017, 22.171361041000068 ], [ 92.136122254000156, 22.170869465000123 ], [ 92.136378766000064, 22.170736580000039 ], [ 92.136788403000139, 22.170524369000134 ], [ 92.137404484, 22.170274739000092 ], [ 92.137864948000129, 22.170198018000065 ], [ 92.138022178000142, 22.17017182100011 ], [ 92.138346395000042, 22.170237126000075 ], [ 92.138695590000111, 22.170307462000039 ], [ 92.139268922000099, 22.170636295000179 ], [ 92.139688748000196, 22.171111623000058 ], [ 92.139801086000091, 22.171688057000154 ], [ 92.139787509000087, 22.171929096000099 ], [ 92.139760492999983, 22.172408721000068 ], [ 92.139517119000118, 22.173423259 ], [ 92.139174229000162, 22.174628731000098 ], [ 92.13867118100012, 22.175635591000116 ], [ 92.138472597000032, 22.17603305300014 ], [ 92.137918159000151, 22.176954600999977 ], [ 92.137568730000112, 22.177728983000122 ], [ 92.137532498000155, 22.178738544000055 ], [ 92.137657309000076, 22.180179424000073 ], [ 92.137627802, 22.180950340000095 ], [ 92.137620395000056, 22.181143843000029 ], [ 92.137534963000064, 22.182345932000089 ], [ 92.137498762000178, 22.183357751000074 ], [ 92.13740448100009, 22.183934640000132 ], [ 92.137310334000063, 22.184561192000103 ], [ 92.136960885000178, 22.185335573000145 ], [ 92.13655785900005, 22.186013584000023 ], [ 92.135951880000107, 22.186935805000189 ], [ 92.135345030000167, 22.187760966000155 ], [ 92.134581032000199, 22.188493370000174 ], [ 92.134451262000084, 22.188607942999965 ], [ 92.133969802000024, 22.189029629000061 ], [ 92.133051288000104, 22.189764051000054 ], [ 92.132133479000061, 22.190545868000186 ], [ 92.13111423600003, 22.191473485000131 ], [ 92.130302158000177, 22.192396130000134 ], [ 92.129899118000196, 22.193076383000061 ], [ 92.129546669000092, 22.193756546000088 ], [ 92.129497499000138, 22.193851434000123 ], [ 92.129202381000198, 22.194816974999981 ], [ 92.129010266000193, 22.195781167 ], [ 92.128925512000137, 22.197032912000111 ], [ 92.128980536000086, 22.197945423000021 ], [ 92.128992926000194, 22.198150913000177 ], [ 92.128995016000033, 22.198185568000099 ], [ 92.129166924, 22.199336885000037 ], [ 92.129388799000196, 22.20034532699998 ], [ 92.129922458000181, 22.201491909000026 ], [ 92.130016700000169, 22.201661625000042 ], [ 92.13045387000011, 22.202448890000085 ], [ 92.130559776000155, 22.20263938700009 ], [ 92.131024314000058, 22.203285484 ], [ 92.131178841000121, 22.203500406000046 ], [ 92.131245680000063, 22.203592086000128 ], [ 92.131877193000037, 22.204353609000179 ], [ 92.132214036000107, 22.204611343000181 ], [ 92.132555957000022, 22.204872960999978 ], [ 92.133284548000177, 22.205199773 ], [ 92.13367513999998, 22.205352753000057 ], [ 92.134115543000121, 22.205525240000043 ], [ 92.135206755000183, 22.205944357000192 ], [ 92.135849098000108, 22.206218109000076 ], [ 92.136098927000091, 22.206324274000053 ], [ 92.136194358000068, 22.206364827000129 ], [ 92.137127518, 22.206591865000121 ], [ 92.137749598000141, 22.20672816900003 ], [ 92.138681322000139, 22.206860404000054 ], [ 92.139507963000085, 22.206896945000096 ], [ 92.140641218000155, 22.20669015600015 ], [ 92.141258200000038, 22.206490156000143 ], [ 92.141874574000042, 22.206290161000027 ], [ 92.142293294000069, 22.206152885 ], [ 92.142491514000085, 22.206087899000124 ], [ 92.142849634000072, 22.205843893 ], [ 92.143255590000081, 22.205357710000044 ], [ 92.143607240000051, 22.20472776500003 ], [ 92.143854398000087, 22.204002126000148 ], [ 92.144146400000068, 22.202797317000034 ], [ 92.144542235000074, 22.201685951000059 ], [ 92.144891526000094, 22.200861894000013 ], [ 92.145239520000075, 22.199992706000046 ], [ 92.145588083000064, 22.199121251000179 ], [ 92.145881628000097, 22.198556325000141 ], [ 92.145989655000108, 22.198348426000052 ], [ 92.146595001000094, 22.197426177000068 ], [ 92.147358978000113, 22.19669371800012 ], [ 92.148123095000017, 22.196010919 ], [ 92.148940035000123, 22.195374822000076 ], [ 92.149861446000045, 22.194834415 ], [ 92.151349823000032, 22.194236847000127 ], [ 92.1520697320002, 22.194035449000182 ], [ 92.152792567, 22.194025891000081 ], [ 92.153516124000134, 22.194063727000014 ], [ 92.153536394000184, 22.194081520000168 ], [ 92.153935197000067, 22.194441949000066 ], [ 92.15409840000018, 22.19497028800015 ], [ 92.154211670000109, 22.195641506000072 ], [ 92.154121128999975, 22.196459897000068 ], [ 92.153925537000134, 22.197184866999976 ], [ 92.15344617400018, 22.198123947000056 ], [ 92.152170174000162, 22.200623592 ], [ 92.152076644000033, 22.200792158000127 ], [ 92.150611796000135, 22.203432132000046 ], [ 92.149504233000073, 22.205322701000057 ], [ 92.149217525000154, 22.205736559000059 ], [ 92.148898154000108, 22.206197561000181 ], [ 92.148290707000058, 22.207022776000144 ], [ 92.147808095000073, 22.207624667000118 ], [ 92.147783951000065, 22.207654778 ], [ 92.147378727999978, 22.208188369000027 ], [ 92.14702564900017, 22.208723527000075 ], [ 92.146371789000057, 22.20988570600008 ], [ 92.146075442000154, 22.210803882000164 ], [ 92.145876840000085, 22.21133474200002 ], [ 92.145883431000186, 22.211768088000042 ], [ 92.145992168000191, 22.212103009000089 ], [ 92.146512856000129, 22.212385095000172 ], [ 92.146732462000159, 22.212398 ], [ 92.147278067000116, 22.2124291290001 ], [ 92.147857147000082, 22.212462165000147 ], [ 92.149050391, 22.212570567000057 ], [ 92.149067257000183, 22.212683217000176 ], [ 92.149107804000039, 22.212838444000113 ], [ 92.149120443000129, 22.212872139000126 ], [ 92.149162760000195, 22.212984452000114 ], [ 92.149240881000139, 22.213139184000113 ], [ 92.149341630000038, 22.213307161000102 ], [ 92.149395828000081, 22.213403516000142 ], [ 92.149428054999987, 22.213529505 ], [ 92.149430116000076, 22.213664924000113 ], [ 92.149360149000074, 22.214045100000135 ], [ 92.149333596000076, 22.214291509000191 ], [ 92.149328697000158, 22.21444734 ], [ 92.149337552000077, 22.214551063000158 ], [ 92.14940104100009, 22.214739848000079 ], [ 92.149479711000197, 22.214930693000099 ], [ 92.14957279000015, 22.215112315000056 ], [ 92.149635417000127, 22.215244676000054 ], [ 92.149667096000144, 22.215334556000073 ], [ 92.149668917000042, 22.215454175000104 ], [ 92.14967074000009, 22.215573796000115 ], [ 92.149627664000093, 22.215730129000178 ], [ 92.149583283000084, 22.215800696000088 ], [ 92.149449053000126, 22.215901797000186 ], [ 92.149314585000013, 22.215987097000152 ], [ 92.149224992000143, 22.216074065000043 ], [ 92.149165976000063, 22.216178687000024 ], [ 92.149153096000077, 22.216327849000095 ], [ 92.149167404000195, 22.216749799000183 ], [ 92.149175505000073, 22.217007403000025 ], [ 92.149181525000017, 22.217198846000144 ], [ 92.149183999000059, 22.217361348000054 ], [ 92.149170983000033, 22.217501481 ], [ 92.149157346000095, 22.217600991000097 ], [ 92.149091505000058, 22.217735048000065 ], [ 92.148987885000167, 22.217856062000124 ], [ 92.148846530000128, 22.218006918000185 ], [ 92.148698539000065, 22.218239132000065 ], [ 92.148603699000034, 22.218459358000132 ], [ 92.148583311000095, 22.218592816000182 ], [ 92.148585339000078, 22.218725979000112 ], [ 92.148633159000156, 22.218881110000041 ], [ 92.148719072000063, 22.219069601000115 ], [ 92.148899633000156, 22.219502901000055 ], [ 92.14905613600007, 22.219868795000139 ], [ 92.14912689800002, 22.220057485000098 ], [ 92.149166707000063, 22.220203693000144 ], [ 92.149206916000082, 22.220336347999989 ], [ 92.149276856000199, 22.220470872000135 ], [ 92.149353980000171, 22.220560151000143 ], [ 92.149460598000132, 22.220635494000078 ], [ 92.149567198000057, 22.220670205000033 ], [ 92.149770164000131, 22.220624631000135 ], [ 92.149905141000033, 22.220532550000087 ], [ 92.150032549000116, 22.220460883000101 ], [ 92.150137132000168, 22.220403064000038 ], [ 92.150250215000199, 22.220385769000131 ], [ 92.150333481000132, 22.220400470000186 ], [ 92.150403027000038, 22.220469531000106 ], [ 92.150442080000175, 22.220566084000041 ], [ 92.150450868000178, 22.22066529600005 ], [ 92.150438045000101, 22.220778335000091 ], [ 92.15040158700009, 22.220891690000144 ], [ 92.150242845000093, 22.2212635570001 ], [ 92.150190320000092, 22.221386604000031 ], [ 92.149992115000146, 22.221784278000086 ], [ 92.149903658000198, 22.221945725000012 ], [ 92.149770800000056, 22.222137107000037 ], [ 92.149637426000197, 22.222294632000057 ], [ 92.149511530000098, 22.222465605000082 ], [ 92.149444977000144, 22.222592901000098 ], [ 92.149425892000068, 22.222812123000153 ], [ 92.149477642000136, 22.223224550000054 ], [ 92.149487289000092, 22.223380187000089 ], [ 92.149481289000164, 22.223463792000132 ], [ 92.149444626000047, 22.223563605000152 ], [ 92.149393172000032, 22.22364780900017 ], [ 92.149288688000127, 22.223712397000043 ], [ 92.149054705000196, 22.223751608000157 ], [ 92.148723054000186, 22.223785336000105 ], [ 92.148519233000115, 22.223815119000164 ], [ 92.148345855000173, 22.223853529000166 ], [ 92.148241128000109, 22.223902318 ], [ 92.148158757000147, 22.223946297 ], [ 92.148116528000116, 22.22400685600013 ], [ 92.148117398000181, 22.224215479000065 ], [ 92.148165636000101, 22.224397697000029 ], [ 92.148190502000034, 22.224557645000118 ], [ 92.148192666, 22.224699837000173 ], [ 92.148157019000166, 22.224826723000035 ], [ 92.148038601000167, 22.225011139000173 ], [ 92.147927952000146, 22.225188682000066 ], [ 92.147879939000177, 22.225498585000025 ], [ 92.147897431, 22.225651858000163 ], [ 92.147891063000031, 22.225751271000149 ], [ 92.147870153000042, 22.225850877000028 ], [ 92.147811135000154, 22.225955496999973 ], [ 92.147729826999978, 22.226069442999972 ], [ 92.147624525000197, 22.226120496000021 ], [ 92.147519728000134, 22.226164772000175 ], [ 92.147383979000153, 22.226166565000028 ], [ 92.147277817000088, 22.22616119300011 ], [ 92.147141414000089, 22.226120103000085 ], [ 92.147064694000107, 22.22605791 ], [ 92.146979952000038, 22.225946156000191 ], [ 92.146924486000046, 22.225806927000122 ], [ 92.146869289000051, 22.225645120000138 ], [ 92.146821704999979, 22.225505787000088 ], [ 92.146789225000134, 22.225323361999983 ], [ 92.146742154000094, 22.225217885000063 ], [ 92.146694880999974, 22.225098864000074 ], [ 92.146647815000165, 22.224993384000072 ], [ 92.146570790000112, 22.22491087700007 ], [ 92.146471408000082, 22.224833179000029 ], [ 92.146380387000079, 22.22478697400004 ], [ 92.146273988000075, 22.224765802000036 ], [ 92.146153389000119, 22.224767393000093 ], [ 92.146055558000114, 22.224791261000121 ], [ 92.14595799600005, 22.224833181 ], [ 92.145860724000158, 22.224933792000115 ], [ 92.145795085000145, 22.22508139200005 ], [ 92.14577578900014, 22.225287076000029 ], [ 92.145778985000049, 22.225496974000123 ], [ 92.145852424000168, 22.225861710000117 ], [ 92.145925556000179, 22.226206137000133 ], [ 92.145969198000103, 22.22656449100009 ], [ 92.14599485500014, 22.226776353000048 ], [ 92.146028041000079, 22.226965539000048 ], [ 92.146091531000138, 22.227154325000072 ], [ 92.146184722000157, 22.227342722000117 ], [ 92.146255484000164, 22.227531414000055 ], [ 92.14629624000014, 22.227700182000035 ], [ 92.146328571000083, 22.227832945000046 ], [ 92.146329876000095, 22.227918711000086 ], [ 92.146308565000197, 22.228031864000116 ], [ 92.146235858000125, 22.228193100000112 ], [ 92.146146255000076, 22.228280067000128 ], [ 92.146056722000196, 22.228371546000119 ], [ 92.145975104000058, 22.228465179000182 ], [ 92.145870921000039, 22.228550078000183 ], [ 92.145743505000155, 22.228621741000154 ], [ 92.145577705000107, 22.228680366000106 ], [ 92.145397251000077, 22.228732410000134 ], [ 92.144945437, 22.228837699000053 ], [ 92.14463691200018, 22.228918520000093 ], [ 92.14441131500007, 22.228991478000069 ], [ 92.144223088000047, 22.229050396000162 ], [ 92.14404304500016, 22.229129522000164 ], [ 92.143870311000057, 22.229210810000097 ], [ 92.143743303, 22.229309558000125 ], [ 92.143662643000084, 22.229466384000148 ], [ 92.143508665000127, 22.229784455000072 ], [ 92.143399519000184, 22.230061302000138 ], [ 92.143319373000111, 22.23025198400012 ], [ 92.143261708000068, 22.230406250000101 ], [ 92.143105943000023, 22.23060695800018 ], [ 92.142883123000104, 22.230862729000137 ], [ 92.142696707000141, 22.231041266000034 ], [ 92.142464944000039, 22.23122717200016 ], [ 92.142143833000034, 22.231477465000182 ], [ 92.141173435000042, 22.232241978000104 ], [ 92.141076862000091, 22.232349349 ], [ 92.141025242000126, 22.232462902000066 ], [ 92.141028331000086, 22.232666030000189 ], [ 92.141076047000126, 22.232814394000059 ], [ 92.141152922000174, 22.233042995 ], [ 92.14120302200007, 22.233191973000089 ], [ 92.141220140000087, 22.233361055000046 ], [ 92.14119963800016, 22.233487742000136 ], [ 92.141156208000098, 22.233621503000109 ], [ 92.141015139000046, 22.233792668000149 ], [ 92.140805643000135, 22.233928617000117 ], [ 92.140543315000116, 22.234058490000109 ], [ 92.140295524000123, 22.234147535000091 ], [ 92.140152739000143, 22.234205849000148 ], [ 92.140055927000105, 22.2342974230001 ], [ 92.139951783000186, 22.234425209000165 ], [ 92.139908387000162, 22.234561229000064 ], [ 92.139910818000089, 22.234721475000185 ], [ 92.139938878000123, 22.234799817000066 ], [ 92.139958300000103, 22.234854038000037 ], [ 92.140066178000154, 22.234972264000078 ], [ 92.140196071000162, 22.23506310700003 ], [ 92.140311020000183, 22.235167696000076 ], [ 92.140373249000049, 22.235313610000048 ], [ 92.140420106000136, 22.23588412600003 ], [ 92.140458136000063, 22.236432183000147 ], [ 92.140498894000075, 22.236600955000085 ], [ 92.140546371000198, 22.236733520000143 ], [ 92.140623755000036, 22.236879236999982 ], [ 92.140739767000184, 22.237053789000072 ], [ 92.140863662000072, 22.237228235000089 ], [ 92.140986638000129, 22.237382380000156 ], [ 92.141127708000056, 22.237689792000026 ], [ 92.141290701000116, 22.23800368600007 ], [ 92.141453132000152, 22.238240835000056 ], [ 92.141592077000041, 22.238408314000139 ], [ 92.141830521000031, 22.238700898 ], [ 92.141954623000174, 22.238888888000133 ], [ 92.142073624000147, 22.239259796000056 ], [ 92.142201822000118, 22.2397570010001 ], [ 92.142281224000101, 22.239995243000067 ], [ 92.142443764000063, 22.240239163000183 ], [ 92.142581898000117, 22.240393105000123 ], [ 92.142705245000116, 22.24053144100003 ], [ 92.142836317000103, 22.240699019000033 ], [ 92.142928545000132, 22.240824221000082 ], [ 92.143090471, 22.24102751200013 ], [ 92.143174943000076, 22.241178285999979 ], [ 92.143207656000186, 22.241278800000146 ], [ 92.143209577999983, 22.241405192000116 ], [ 92.143158363000111, 22.241505195000116 ], [ 92.143001998000045, 22.241667537000069 ], [ 92.142770118000044, 22.241846672000065 ], [ 92.142359875000125, 22.242177154000046 ], [ 92.142173859000195, 22.242382775000067 ], [ 92.142069510000169, 22.242497024000045 ], [ 92.141965317000199, 22.242581920000134 ], [ 92.141822527000102, 22.242640237000103 ], [ 92.141717214000153, 22.242691290000153 ], [ 92.141665237000041, 22.242741639000144 ], [ 92.141643872000145, 22.242811901000096 ], [ 92.14170726500015, 22.242993919000014 ], [ 92.141853188000027, 22.243181619000097 ], [ 92.142099629000086, 22.243480868000063 ], [ 92.142591647000131, 22.244022942000186 ], [ 92.142960173000063, 22.244377014000179 ], [ 92.14322135499998, 22.2446489780001 ], [ 92.143413812, 22.24490604600004 ], [ 92.143599183000163, 22.245136116000083 ], [ 92.14379284100005, 22.245472177000067 ], [ 92.143811759000187, 22.245532261999983 ], [ 92.143856545000176, 22.24567450700016 ], [ 92.143966157000193, 22.245905577000087 ], [ 92.144074817000103, 22.246114083000066 ], [ 92.144214470000179, 22.24636733300008 ], [ 92.144277007000142, 22.246492924999984 ], [ 92.144347781000135, 22.246681614000067 ], [ 92.144389711000031, 22.246927120000123 ], [ 92.144439881000096, 22.247235726000099 ], [ 92.144483310000055, 22.247420264000084 ], [ 92.144421144000091, 22.24751815500008 ], [ 92.144332654000038, 22.24763896900015 ], [ 92.144243348000089, 22.247746247000123 ], [ 92.144123499000045, 22.247838124 ], [ 92.14398878999998, 22.247909882000101 ], [ 92.143891663000034, 22.24798114500004 ], [ 92.143847610000023, 22.248074281000072 ], [ 92.143872018000081, 22.248164256000166 ], [ 92.144002785000168, 22.248311522000108 ], [ 92.144102800000041, 22.2484298440001 ], [ 92.144164320000129, 22.24852836000008 ], [ 92.144173578, 22.248618537000027 ], [ 92.144197171000087, 22.248694980000039 ], [ 92.144145504000164, 22.248765643000127 ], [ 92.144017759000178, 22.248816990000023 ], [ 92.143806319000078, 22.248826555000164 ], [ 92.143595229000198, 22.248858686000062 ], [ 92.143414852000092, 22.248917501000051 ], [ 92.143309945000055, 22.248995638000054 ], [ 92.143205590000036, 22.249109885000166 ], [ 92.143192316000182, 22.249193586000047 ], [ 92.143194238000149, 22.249319977000141 ], [ 92.143210195000165, 22.249412322000069 ], [ 92.143210846000102, 22.249455204000071 ], [ 92.143204536000098, 22.249518497000054 ], [ 92.143144882000172, 22.249582492000116 ], [ 92.143025015000092, 22.249633736000078 ], [ 92.142867478000142, 22.249719339000137 ], [ 92.142792364000115, 22.249763220000148 ], [ 92.142740386000071, 22.249813570000015 ], [ 92.14271977900006, 22.249933486000032 ], [ 92.142722117000062, 22.250086963000172 ], [ 92.142719902000181, 22.250459466 ], [ 92.142705954000064, 22.250538660000188 ], [ 92.142684484000085, 22.25060215100018 ], [ 92.142572304000055, 22.250680383000088 ], [ 92.142316161000053, 22.25074019800013 ], [ 92.141871204000097, 22.250822817000142 ], [ 92.141750788000081, 22.250837951000165 ], [ 92.14165314100012, 22.250875358000144 ], [ 92.141593490000048, 22.250939352000103 ], [ 92.141542470000104, 22.251052896999965 ], [ 92.141506513000024, 22.251200105000066 ], [ 92.14147852900004, 22.251313345000028 ], [ 92.141487418000168, 22.251419327000121 ], [ 92.141525548000118, 22.251454942000123 ], [ 92.141684461000011, 22.25145962199997 ], [ 92.141821464000088, 22.251498449999985 ], [ 92.141943187000095, 22.251569081000071 ], [ 92.142080234000161, 22.251650800000164 ], [ 92.142217992000042, 22.25173928300012 ], [ 92.142295578000073, 22.251857902999973 ], [ 92.142312449000144, 22.251970553000092 ], [ 92.142238603000067, 22.252097942000034 ], [ 92.14216414100008, 22.252184706000094 ], [ 92.142105140000126, 22.252291584999966 ], [ 92.142061969000167, 22.252402769000128 ], [ 92.142055910000124, 22.252522494000175 ], [ 92.142088997000087, 22.252704909999977 ], [ 92.142158498000072, 22.252810092000175 ], [ 92.142235026000037, 22.252858745000026 ], [ 92.142354996000165, 22.252814274000173 ], [ 92.14245980100003, 22.25272936600004 ], [ 92.14255673100007, 22.25264456400015 ], [ 92.142669323000177, 22.252593415000092 ], [ 92.142745194000156, 22.252599186000111 ], [ 92.142881830000078, 22.252653819000102 ], [ 92.143018835000134, 22.252692647000117 ], [ 92.143177177000098, 22.252699588000098 ], [ 92.143306093000092, 22.252724976000025 ], [ 92.143473749000123, 22.252785971000037 ], [ 92.143581039000082, 22.252904201000035 ], [ 92.143635391000146, 22.25300958300005 ], [ 92.143720657000131, 22.253114558000107 ], [ 92.143781730000114, 22.253183731000092 ], [ 92.143835930000137, 22.253239453000049 ], [ 92.143958893000104, 22.253391337000039 ], [ 92.144068098000162, 22.253595321000034 ], [ 92.144161821000182, 22.253817570000024 ], [ 92.144254564000164, 22.253935989000126 ], [ 92.144241782000165, 22.254091921999986 ], [ 92.14419258800018, 22.254325087000041 ], [ 92.144195681000156, 22.254528215000107 ], [ 92.144175539000059, 22.254718106000098 ], [ 92.144171184000186, 22.254910043000109 ], [ 92.144166501000029, 22.255120048000151 ], [ 92.144177373000048, 22.255316303000143 ], [ 92.144230330000084, 22.255807725000125 ], [ 92.144255130000033, 22.255963159000032 ], [ 92.144244827000136, 22.256129680000015 ], [ 92.144242968000071, 22.256159718000049 ], [ 92.144192295000039, 22.256295832000092 ], [ 92.144102955000108, 22.256400854999981 ], [ 92.143954183000062, 22.256545037000024 ], [ 92.143828220000046, 22.256713748000038 ], [ 92.143739251000056, 22.256843597000056 ], [ 92.143658338000193, 22.256984625000143 ], [ 92.143645212000195, 22.257117988000061 ], [ 92.143755590000069, 22.257398709000142 ], [ 92.14387269100007, 22.257643227000131 ], [ 92.143934836000142, 22.257782365000082 ], [ 92.143937002000143, 22.257924556000034 ], [ 92.143803763000051, 22.258093366000139 ], [ 92.143787100000168, 22.258113902000048 ], [ 92.143640694000169, 22.258294170000056 ], [ 92.143560333000153, 22.258471313000086 ], [ 92.143538979000198, 22.258582209000167 ], [ 92.143564080000033, 22.258717323000155 ], [ 92.143680836000101, 22.258939267000073 ], [ 92.14369750600008, 22.259038375000102 ], [ 92.143645433000074, 22.259122589000128 ], [ 92.143571673000054, 22.259216117000051 ], [ 92.143040475000134, 22.259609147000049 ], [ 92.142989457000169, 22.259722691000036 ], [ 92.142923731000053, 22.259865778000062 ], [ 92.142889242000138, 22.260069402000056 ], [ 92.142892233000111, 22.260265758000116 ], [ 92.142896938000092, 22.260574966000149 ], [ 92.142857699000103, 22.260984080000071 ], [ 92.142823357000111, 22.261237365000113 ], [ 92.142780870000081, 22.261393688 ], [ 92.142722483000114, 22.261541192000152 ], [ 92.142671362000044, 22.261647966999988 ], [ 92.142559514000027, 22.261748770000054 ], [ 92.142447433000086, 22.261833773000092 ], [ 92.142289913000013, 22.261921633999975 ], [ 92.142178033, 22.262020181000082 ], [ 92.142073255000071, 22.262107344000071 ], [ 92.141984957000034, 22.262241697000093 ], [ 92.141971830999978, 22.262375059000135 ], [ 92.141975472000013, 22.262614300000109 ], [ 92.142008156000088, 22.262769632000186 ], [ 92.142010489000199, 22.262923108000052 ], [ 92.141997156000059, 22.263042927000129 ], [ 92.141968770000176, 22.263169720000064 ], [ 92.141864610000084, 22.263297508000164 ], [ 92.141670368000177, 22.263442288000022 ], [ 92.141490830000066, 22.263557527999978 ], [ 92.141348435000111, 22.263642931000049 ], [ 92.141198896999981, 22.263737458000151 ], [ 92.141018822000092, 22.263857218000112 ], [ 92.140824375000079, 22.263988456000106 ], [ 92.140637524000169, 22.264101533000144 ], [ 92.140472775000148, 22.264232379000134 ], [ 92.140309321000132, 22.264408354000068 ], [ 92.140205054000091, 22.264529374000119 ], [ 92.140154377000101, 22.264665489000095 ], [ 92.140134936000152, 22.264862141000037 ], [ 92.140152662000048, 22.265031217000171 ], [ 92.140184895000118, 22.265157208000176 ], [ 92.140171561999978, 22.265277028000128 ], [ 92.140157526000053, 22.265311075000056 ], [ 92.140074418000154, 22.265348289000087 ], [ 92.139916763000144, 22.265427118000161 ], [ 92.139811328, 22.265471399000148 ], [ 92.139630382000178, 22.265494100000183 ], [ 92.13938062200009, 22.265497391000167 ], [ 92.139168744000131, 22.265479867000124 ], [ 92.138949697000044, 22.265469205000159 ], [ 92.138753595000196, 22.265492106000181 ], [ 92.138580575000049, 22.265557594000086 ], [ 92.138483227, 22.265615312000079 ], [ 92.138424869000175, 22.265765070000043 ], [ 92.138420476000078, 22.265954753000187 ], [ 92.138408308000123, 22.266151312000034 ], [ 92.138395824000156, 22.266327556000022 ], [ 92.138337435000039, 22.266475057999969 ], [ 92.138233668000055, 22.266589296 ], [ 92.138076658000045, 22.266711011000041 ], [ 92.137843770000131, 22.26682694800013 ], [ 92.13769464100011, 22.266948556000102 ], [ 92.137635531000058, 22.267048662000036 ], [ 92.137636798000074, 22.267132169000092 ], [ 92.137623564000194, 22.267258761000051 ], [ 92.13756465400013, 22.267372408000142 ], [ 92.137529197000106, 22.267512835000161 ], [ 92.13750817100015, 22.267605668000101 ], [ 92.137570004000054, 22.267724498000177 ], [ 92.137715495000066, 22.267842227000017 ], [ 92.137815319000197, 22.267947011 ], [ 92.137895735000086, 22.26805205300019 ], [ 92.137920247000125, 22.268388089000098 ], [ 92.137896544000057, 22.268783451000104 ], [ 92.137808595000138, 22.268981008000026 ], [ 92.137572272000057, 22.269349823000084 ], [ 92.137396151000132, 22.269690759000014 ], [ 92.137219591000076, 22.270002351000073 ], [ 92.137013376000141, 22.270397863000085 ], [ 92.136897433000058, 22.270708657000057 ], [ 92.136775627000134, 22.271091921000163 ], [ 92.136753342000134, 22.271162042000185 ], [ 92.136728139000127, 22.271498732000168 ], [ 92.136855640000078, 22.271948542000075 ], [ 92.137103938, 22.27236741500019 ], [ 92.137776256000052, 22.272837138000057 ], [ 92.138783535000186, 22.27344241000003 ], [ 92.139425995000011, 22.273941869000055 ], [ 92.139638967000053, 22.274097666000046 ], [ 92.139797625000028, 22.274213730000099 ], [ 92.14006862399998, 22.274411974000145 ], [ 92.140586822000046, 22.274714411000048 ], [ 92.141043694000018, 22.274931871999968 ], [ 92.141318064000188, 22.275070472000095 ], [ 92.141590312000119, 22.275188780000121 ], [ 92.141659956000069, 22.275939588000085 ], [ 92.141887036000185, 22.277789944000062 ], [ 92.142064751000078, 22.278588987000148 ], [ 92.142105179, 22.279053486000123 ], [ 92.142112710000049, 22.279547763000096 ], [ 92.141955177000057, 22.280073567000045 ], [ 92.141764653999985, 22.280663015000187 ], [ 92.141605745000106, 22.281098538000037 ], [ 92.14121680900007, 22.281719947000056 ], [ 92.14106244400017, 22.282494027000155 ], [ 92.14100718800006, 22.28320584700009 ], [ 92.14101612900015, 22.283792662000053 ], [ 92.14079519500018, 22.284536015000185 ], [ 92.140637079000044, 22.285064083000179 ], [ 92.140612191000116, 22.285619740000016 ], [ 92.140853826000125, 22.286235085000044 ], [ 92.141661777000081, 22.286964863000037 ], [ 92.142457633000049, 22.287322324000058 ], [ 92.142931225000154, 22.287535036000065 ], [ 92.143493559000149, 22.288103251999985 ], [ 92.14377301899998, 22.288439951000043 ], [ 92.14387629700019, 22.288564382000118 ], [ 92.144042148000153, 22.288764201000049 ], [ 92.144269651000059, 22.289564839000036 ], [ 92.144530856000074, 22.290229587000169 ], [ 92.145079464000162, 22.290890531000116 ], [ 92.145805990000099, 22.291447538000114 ], [ 92.146676742000182, 22.292036494 ], [ 92.147841982000159, 22.29312495 ], [ 92.148054937000097, 22.293361619000166 ], [ 92.148791443999983, 22.294180140000094 ], [ 92.149589586000161, 22.294738435 ], [ 92.14991735600006, 22.295034327000167 ], [ 92.150544849000198, 22.295720107000079 ], [ 92.150611229000049, 22.295792651 ], [ 92.150913369000136, 22.296790940000108 ], [ 92.151155751000147, 22.298559800000078 ], [ 92.15098086900008, 22.298862356000086 ], [ 92.150518182000042, 22.299103264000109 ], [ 92.150668005000114, 22.299500840000178 ], [ 92.151216073000171, 22.30016176700002 ], [ 92.151725377, 22.300588435000179 ], [ 92.152017907000072, 22.300918650000028 ], [ 92.152309833000061, 22.30124887400018 ], [ 92.152353288000199, 22.301749442000016 ], [ 92.152520559000095, 22.303284525000151 ], [ 92.152936305000196, 22.304649255000072 ], [ 92.15353616100009, 22.306311778000065 ], [ 92.153518317000021, 22.307481355000107 ], [ 92.153600721000089, 22.308148453000058 ], [ 92.1536456770001, 22.30843003200016 ], [ 92.153918296000199, 22.310148818000073 ], [ 92.153929033000111, 22.310848475000171 ], [ 92.153907234000144, 22.31093002900019 ], [ 92.153106803000071, 22.311060304000023 ], [ 92.152342740000051, 22.310991441999988 ], [ 92.152360744000077, 22.310939283000039 ], [ 92.14984651300017, 22.31029315800015 ], [ 92.148536693000153, 22.310310522000179 ], [ 92.148095959000102, 22.310720439000079 ], [ 92.147995502000072, 22.310814324000091 ], [ 92.147131370000125, 22.311618125000052 ], [ 92.14621319400004, 22.312061450999977 ], [ 92.144990236000069, 22.312723260000098 ], [ 92.144567974000154, 22.31283494500002 ], [ 92.143216651000159, 22.312638360000051 ], [ 92.142412071000194, 22.312935688000096 ], [ 92.141424501000188, 22.313881053000102 ] ] ] } },
{ "type": "Feature", "properties": { "adm3_name": "Lohagara", "area_sqkm": 260.07642367 }, "geometry": { "type": "Polygon", "coordinates": [ [ [ 92.116269517000035, 22.075961498000026 ], [ 92.1159277000001, 22.07598172500019 ], [ 92.11558587900015, 22.076042585999971 ], [ 92.115276013000084, 22.076134639000031 ], [ 92.114950368000052, 22.07622463600012 ], [ 92.114795887000128, 22.076301133000129 ], [ 92.114642651000054, 22.076461141000095 ], [ 92.114475825000113, 22.076725171000078 ], [ 92.114293927000176, 22.077075177000097 ], [ 92.114202090000106, 22.077343455000062 ], [ 92.114174388000151, 22.077424381000185 ], [ 92.114037998000072, 22.077658669000016 ], [ 92.113946912000131, 22.077804327000024 ], [ 92.113840560000085, 22.077981788000045 ], [ 92.113765249000153, 22.07817013500005 ], [ 92.113675676000071, 22.078417362000039 ], [ 92.113585701000034, 22.078637504000085 ], [ 92.113464211000121, 22.078855796000028 ], [ 92.113312715000177, 22.079133170000091 ], [ 92.113190787, 22.079281485000024 ], [ 92.113100781000071, 22.079336829000169 ], [ 92.112915706000081, 22.079412590000118 ], [ 92.112409848000141, 22.079783716000065 ], [ 92.111901317000104, 22.080076989000133 ], [ 92.111288455000192, 22.080276796000021 ], [ 92.110777067000186, 22.080378215000167 ], [ 92.110159938000152, 22.080291368000189 ], [ 92.109746609000183, 22.080104815000084 ], [ 92.109332478000113, 22.079823453000074 ], [ 92.109221038000101, 22.07925148400011 ], [ 92.109211115999983, 22.078583388000084 ], [ 92.109815460000107, 22.077810292000038 ], [ 92.110073878000151, 22.077597276 ], [ 92.110524930000167, 22.077225467000062 ], [ 92.1123672020002, 22.075980360000187 ], [ 92.112439819000087, 22.075895894000098 ], [ 92.11270092400008, 22.075659996000127 ], [ 92.11288500400002, 22.075497333999976 ], [ 92.113005114000032, 22.075332305000131 ], [ 92.11302267300016, 22.07530818000015 ], [ 92.113081401000045, 22.075104245999967 ], [ 92.113078580000092, 22.074914651000029 ], [ 92.112997865000068, 22.074698973000125 ], [ 92.112838381000188, 22.074439163000079 ], [ 92.112758340000028, 22.074309262000099 ], [ 92.112616979000165, 22.074209499000119 ], [ 92.11245988100012, 22.074109942000121 ], [ 92.112350272000015, 22.074068465000153 ], [ 92.112182007000058, 22.074025502999973 ], [ 92.112131457000146, 22.074012596000046 ], [ 92.111929688000032, 22.074044552000032 ], [ 92.111758997000038, 22.07408964800004 ], [ 92.111465946000067, 22.074253716000101 ], [ 92.111265253000056, 22.074357896000038 ], [ 92.111033513000052, 22.074491826000099 ], [ 92.11074002100014, 22.074626550000062 ], [ 92.110507846000189, 22.074731135000093 ], [ 92.110259025000119, 22.074734348000106 ], [ 92.109962548000169, 22.074708825000016 ], [ 92.109727520000092, 22.074580922 ], [ 92.1092864700002, 22.074238955000055 ], [ 92.108797500000037, 22.073809563000054 ], [ 92.108403937999981, 22.073525676000088 ], [ 92.108215733000179, 22.073410712 ], [ 92.108011824000073, 22.07329820700005 ], [ 92.107804252000108, 22.073159946000033 ], [ 92.107775760000095, 22.073140968000075 ], [ 92.107586720000086, 22.072969574000126 ], [ 92.107491110000126, 22.072810522999987 ], [ 92.107425105000118, 22.072565305000126 ], [ 92.107358230000159, 22.072261401000048 ], [ 92.107351130000097, 22.07178290000013 ], [ 92.107314930000143, 22.071465055000033 ], [ 92.107263996000199, 22.071174492000068 ], [ 92.107198161000156, 22.070899924000116 ], [ 92.10708530900007, 22.070639504000042 ], [ 92.10700277900014, 22.070421227 ], [ 92.106987625000158, 22.07038114900007 ], [ 92.106891148000045, 22.070163412999989 ], [ 92.106780235000031, 22.070033906000049 ], [ 92.106623580000132, 22.069963682999969 ], [ 92.106249858000126, 22.069954953000149 ], [ 92.105985941000029, 22.070001245000071 ], [ 92.10567608000008, 22.070093279000048 ], [ 92.105459845000041, 22.070211196000116 ], [ 92.105275094000092, 22.070328708000091 ], [ 92.105151888000023, 22.070431883000026 ], [ 92.104997808000064, 22.070535455000027 ], [ 92.104765436000037, 22.070626490000052 ], [ 92.104579175000197, 22.070642432000113 ], [ 92.104391711000119, 22.070617753000136 ], [ 92.104283344000123, 22.070619149000038 ], [ 92.104204381000102, 22.070561469000097 ], [ 92.104124981000098, 22.070474446000048 ], [ 92.104122843000084, 22.070329995000122 ], [ 92.104136444000062, 22.070185338000101 ], [ 92.104212365000194, 22.070037621999973 ], [ 92.10447407900017, 22.069801729000119 ], [ 92.104949745000113, 22.069375707 ], [ 92.105747596000128, 22.06862722600016 ], [ 92.106331722000164, 22.068125306000013 ], [ 92.106484091000027, 22.067906621000134 ], [ 92.106591455000057, 22.067729847000066 ], [ 92.106681534000131, 22.067583510000134 ], [ 92.106955739000171, 22.067276775999972 ], [ 92.107049026000141, 22.067172423000159 ], [ 92.107249948000117, 22.06708404900013 ], [ 92.107322011000122, 22.067046751000078 ], [ 92.107451241000149, 22.066979866000111 ], [ 92.107604880000167, 22.066846951000059 ], [ 92.107695295999974, 22.066656153000054 ], [ 92.107721883000124, 22.066366846 ], [ 92.107719506000024, 22.066206594000107 ], [ 92.107705785000064, 22.0642201550001 ], [ 92.107673405000071, 22.064118983000128 ], [ 92.107530385000132, 22.06394699599997 ], [ 92.107388607000132, 22.063817889000063 ], [ 92.107215550000092, 22.063702727000134 ], [ 92.107121769000059, 22.06366538900005 ], [ 92.106902487000013, 22.063578080000013 ], [ 92.106652380000014, 22.06349325900004 ], [ 92.106386971000177, 22.063437982000153 ], [ 92.106059442000173, 22.063399306000179 ], [ 92.105779161000157, 22.063402914000108 ], [ 92.105530561000194, 22.063419660000079 ], [ 92.105406094000102, 22.063437064000084 ], [ 92.105328372000088, 22.063422263000177 ], [ 92.105172395000068, 22.063397181000084 ], [ 92.105062996000129, 22.063369240000156 ], [ 92.1048444, 22.063326904 ], [ 92.104595599000106, 22.063330105000034 ], [ 92.104314681000119, 22.06329082600007 ], [ 92.104126558000132, 22.063221006000163 ], [ 92.104032263000022, 22.063149978000126 ], [ 92.103953476000186, 22.063062948000038 ], [ 92.103873882000187, 22.062962383000126 ], [ 92.103793186000075, 22.062746700000162 ], [ 92.10372826400004, 22.062573705000148 ], [ 92.103662907000057, 22.062371369000118 ], [ 92.103582677000134, 22.062227919000122 ], [ 92.103440267999986, 22.062055920000034 ], [ 92.103351199000031, 22.06200579200015 ], [ 92.103236343000106, 22.061941150000109 ], [ 92.10295630000013, 22.061960555000041 ], [ 92.102801793000197, 22.062034781000136 ], [ 92.102727079000033, 22.062223115999984 ], [ 92.102699675999986, 22.062498887000174 ], [ 92.102686508000147, 22.062672884999984 ], [ 92.102657569000144, 22.062804194000137 ], [ 92.102471555000079, 22.062835932999974 ], [ 92.102267261, 22.062736971000163 ], [ 92.102047367000125, 22.062565968000115 ], [ 92.101816298000131, 22.062357522000127 ], [ 92.101540781000153, 22.062005837000072 ], [ 92.101444353000147, 22.061790354000095 ], [ 92.101300710000089, 22.061575477000133 ], [ 92.101112527000055, 22.061460503000035 ], [ 92.100847354000052, 22.061421015000178 ], [ 92.100550905000148, 22.061395474000108 ], [ 92.100300804000142, 22.061310642000024 ], [ 92.10004987200017, 22.06116938200006 ], [ 92.099986022, 22.061068613000145 ], [ 92.09995257900016, 22.060895212999981 ], [ 92.099825113000122, 22.060709474000191 ], [ 92.099605251000014, 22.060581359000139 ], [ 92.099355789000185, 22.06053941000016 ], [ 92.099012762000143, 22.060516721000113 ], [ 92.09857665300018, 22.0604636220001 ], [ 92.098201651000068, 22.060366844000043 ], [ 92.097950949000108, 22.060282015000041 ], [ 92.097762604000081, 22.060155751000082 ], [ 92.097698090000051, 22.060009840000191 ], [ 92.097648711000147, 22.059823098000038 ], [ 92.097614003000103, 22.059604561000128 ], [ 92.097643550000157, 22.059473247000142 ], [ 92.097782317, 22.059399226000096 ], [ 92.097890216000167, 22.059325601000182 ], [ 92.097957504000021, 22.059267393000141 ], [ 92.098043857000164, 22.059192694000103 ], [ 92.098245208000037, 22.059133673000076 ], [ 92.098432258000059, 22.059131274000151 ], [ 92.098713361000137, 22.059184106000089 ], [ 92.098931113000049, 22.059210660000133 ], [ 92.099134770000092, 22.059266741999977 ], [ 92.099429975000078, 22.059249407999971 ], [ 92.099616592000189, 22.059217666 ], [ 92.099739821000185, 22.05915739 ], [ 92.099894091000124, 22.059067365000089 ], [ 92.100016892999975, 22.058937109000169 ], [ 92.100077075000172, 22.058789597000043 ], [ 92.100135789000035, 22.058542772000123 ], [ 92.10013215400005, 22.058296749000135 ], [ 92.100127653000072, 22.057992041000148 ], [ 92.10006133600001, 22.057268009000097 ], [ 92.100053301000173, 22.057180283000093 ], [ 92.100074736000067, 22.056541127000173 ], [ 92.10011534500012, 22.056134252000163 ], [ 92.100127016000158, 22.055858683 ], [ 92.100123814000028, 22.055642002000127 ], [ 92.100089077000121, 22.055380572000161 ], [ 92.100071404000175, 22.055249863000085 ], [ 92.099960513000099, 22.055120350000095 ], [ 92.099818546, 22.054977690000044 ], [ 92.099690651000174, 22.054762607999976 ], [ 92.099610198000164, 22.054603358000122 ], [ 92.099526285000081, 22.054168728999969 ], [ 92.09943135900005, 22.053603308 ], [ 92.099424068000076, 22.053560508000032 ], [ 92.099357451000117, 22.053272399000093 ], [ 92.099261669000043, 22.053099798000062 ], [ 92.099104832000137, 22.053056659000163 ], [ 92.098935, 22.053117533000034 ], [ 92.098779864000051, 22.053148871000133 ], [ 92.098499405000041, 22.053138923000063 ], [ 92.098046342000089, 22.053043145000117 ], [ 92.097342933000107, 22.052803834000088 ], [ 92.09699989100011, 22.052778883000087 ], [ 92.096704733000195, 22.052798468000049 ], [ 92.096621745000107, 22.052754379000191 ], [ 92.096469150000189, 22.052670550000073 ], [ 92.096342499000059, 22.052498342000035 ], [ 92.096200770000166, 22.052412114000049 ], [ 92.096183531000065, 22.05231074600016 ], [ 92.096101994000151, 22.052036371000099 ], [ 92.096036653000169, 22.051834027999973 ], [ 92.095938945000114, 22.051530512999989 ], [ 92.095872537000105, 22.051255944000104 ], [ 92.095806132, 22.050981376000152 ], [ 92.095678420000127, 22.050736940000149 ], [ 92.09558180200014, 22.050548546000016 ], [ 92.095511049000038, 22.050348531000111 ], [ 92.095477351000113, 22.050362506999988 ], [ 92.095507843000121, 22.049802248000105 ], [ 92.095498230000146, 22.049149943000032 ], [ 92.095646276000139, 22.048637843000108 ], [ 92.095951584000147, 22.04819822900015 ], [ 92.096025409000163, 22.04790832000009 ], [ 92.095936616000188, 22.047182531000146 ], [ 92.095890397000176, 22.046872489000066 ], [ 92.095849954000073, 22.046601195 ], [ 92.095300332000079, 22.046319267000115 ], [ 92.095138323000128, 22.045883381000124 ], [ 92.095125490000044, 22.045012134000046 ], [ 92.094818637000117, 22.044678627999986 ], [ 92.094729272999984, 22.044581501000039 ], [ 92.09418285300012, 22.044516251000175 ], [ 92.093252283000197, 22.044428824000136 ], [ 92.092797885000095, 22.044075684 ], [ 92.092641355000069, 22.043888053000046 ], [ 92.092381105000072, 22.043604674000164 ], [ 92.092222512000149, 22.04331773500013 ], [ 92.091657000999987, 22.043230146000042 ], [ 92.091193690000125, 22.043093842000133 ], [ 92.090783312000099, 22.043099085000165 ], [ 92.090527376000068, 22.043149761000052 ], [ 92.090278371000181, 22.043631540000035 ], [ 92.090031552000085, 22.044302924000192 ], [ 92.089832695000041, 22.044736655000122 ], [ 92.089582260000043, 22.045121378000033 ], [ 92.089432125000144, 22.045410000000118 ], [ 92.089250210000102, 22.045671834000132 ], [ 92.089231145000042, 22.045699275000175 ], [ 92.089205625000034, 22.045705667000163 ], [ 92.088822791000155, 22.045801563000111 ], [ 92.088565448999987, 22.045757437000191 ], [ 92.088408890000096, 22.045567544 ], [ 92.08840802200001, 22.045508450999989 ], [ 92.08840630800006, 22.045391738000035 ], [ 92.088402108000082, 22.045105739000064 ], [ 92.088401167000086, 22.045041634000029 ], [ 92.088293367000063, 22.044708895000099 ], [ 92.087933009000096, 22.0446164170001 ], [ 92.087771547000045, 22.044092467999974 ], [ 92.0877102930001, 22.043425017000118 ], [ 92.087654514000064, 22.043089353000028 ], [ 92.087702579, 22.042899107000096 ], [ 92.087493181000127, 22.042615068000146 ], [ 92.087131439000188, 22.04242779000009 ], [ 92.086771815000077, 22.042384967000032 ], [ 92.086310595000157, 22.042390846000046 ], [ 92.085744361000195, 22.042253578999976 ], [ 92.085486336000031, 22.042162048000137 ], [ 92.085175354000057, 22.041926711000144 ], [ 92.085161674000176, 22.041902052000125 ], [ 92.085013269000058, 22.041937804000042 ], [ 92.084858375000067, 22.041984929000137 ], [ 92.084703018000084, 22.042000454000117 ], [ 92.084515559000124, 22.041973493000114 ], [ 92.084296405000089, 22.041890495000132 ], [ 92.084217444000046, 22.04178991200007 ], [ 92.084168061000128, 22.041600906999975 ], [ 92.084102540000117, 22.04138501500006 ], [ 92.084021884000038, 22.041209953000134 ], [ 92.083941036999988, 22.040980712000078 ], [ 92.083905928000036, 22.040732830000024 ], [ 92.083886990000053, 22.040473452000072 ], [ 92.083881222000116, 22.040408860000014 ], [ 92.083849336000128, 22.040051771000094 ], [ 92.083831030000056, 22.039835278 ], [ 92.083780418000117, 22.039603393999982 ], [ 92.083717192000051, 22.039502608000191 ], [ 92.08352973500007, 22.039475647000188 ], [ 92.083327576000158, 22.039478220000149 ], [ 92.083093122000093, 22.039424764000159 ], [ 92.082889045000172, 22.039296425000089 ], [ 92.082731579000097, 22.039167489000079 ], [ 92.082352812000124, 22.038808841000105 ], [ 92.081880012999989, 22.0383949510001 ], [ 92.081390819000035, 22.037936113000171 ], [ 92.080982285000175, 22.037652341000125 ], [ 92.080628748000152, 22.037406328000145 ], [ 92.080510748000108, 22.037324215000183 ], [ 92.08000879400015, 22.037068716000078 ], [ 92.079648548000193, 22.036899460000086 ], [ 92.079382372000055, 22.036787708000077 ], [ 92.079085114000122, 22.036703438000075 ], [ 92.078679753000074, 22.036636343999987 ], [ 92.078415061000044, 22.036626156000068 ], [ 92.078103959000032, 22.036630105000086 ], [ 92.077832591000117, 22.036691716000121 ], [ 92.077588721000041, 22.036749525000062 ], [ 92.077497945000175, 22.03671004000006 ], [ 92.077417936000188, 22.036537225000075 ], [ 92.077337317, 22.036364412000069 ], [ 92.077273068000125, 22.036234291000028 ], [ 92.077131344000122, 22.036105151000186 ], [ 92.07697345400004, 22.035946868000167 ], [ 92.076950976000091, 22.035867635000102 ], [ 92.076907722000101, 22.035715173000085 ], [ 92.076872835000131, 22.035440192000181 ], [ 92.076854990000186, 22.035295936000125 ], [ 92.076713694000034, 22.03519613800006 ], [ 92.076603069000043, 22.035082404000036 ], [ 92.076537337000104, 22.034850710000057 ], [ 92.076349015000119, 22.034722159000182 ], [ 92.075975578000055, 22.034726895 ], [ 92.075616413000091, 22.034672751000187 ], [ 92.075381286000095, 22.034531249000167 ], [ 92.075362638000172, 22.034510547000082 ], [ 92.075238533000118, 22.034372772000097 ], [ 92.075034474000176, 22.034244418000185 ], [ 92.074660413000061, 22.034206264000034 ], [ 92.074592358000189, 22.034216092000122 ], [ 92.074334812000188, 22.034253283999988 ], [ 92.074025018000157, 22.034388147000072 ], [ 92.07371711400009, 22.034611031000054 ], [ 92.07345472500009, 22.034758839000176 ], [ 92.073115096000151, 22.034923426000034 ], [ 92.072884429000169, 22.035129527000095 ], [ 92.07273371000008, 22.035463297000035 ], [ 92.072756415000072, 22.035941611000169 ], [ 92.072932366000146, 22.038420445000099 ], [ 92.072856176000073, 22.038509456999975 ], [ 92.072654266000029, 22.038570707000076 ], [ 92.072467416000052, 22.038543725000181 ], [ 92.072279945000105, 22.038473857000099 ], [ 92.072028043000046, 22.038303212000073 ], [ 92.071840144000191, 22.038204001000111 ], [ 92.071749581000063, 22.038152997000168 ], [ 92.07163628, 22.038089188000129 ], [ 92.071401167000033, 22.03799057100008 ], [ 92.071197534000135, 22.037891557000023 ], [ 92.071025389, 22.037835038000082 ], [ 92.070806870000126, 22.037794910000116 ], [ 92.070604088000039, 22.03775457900008 ], [ 92.070494518000032, 22.037713072000088 ], [ 92.070371532000195, 22.037664961000132 ], [ 92.070399999000131, 22.037623966000183 ], [ 92.070427484, 22.037391088000106 ], [ 92.070484768000142, 22.037042701000132 ], [ 92.070392225000035, 22.036855265000099 ], [ 92.070356273000073, 22.036782447000121 ], [ 92.070225466000181, 22.036321300000054 ], [ 92.070159314000193, 22.036060260000113 ], [ 92.070124212000167, 22.035769476000041 ], [ 92.070088965000139, 22.035510303000024 ], [ 92.070085154000139, 22.035248473000024 ], [ 92.070143684000186, 22.034985856000048 ], [ 92.070154119000051, 22.034830762000183 ], [ 92.070169071000066, 22.034608521000166 ], [ 92.070195917000149, 22.034289863000083 ], [ 92.070252772000117, 22.033912131000136 ], [ 92.070279830000061, 22.033649909000076 ], [ 92.070369659000107, 22.033416248000037 ], [ 92.070491810000192, 22.033240867000188 ], [ 92.070675693000055, 22.033064712000055 ], [ 92.07117042100009, 22.032825925000111 ], [ 92.071633680000161, 22.032587536000051 ], [ 92.071879907000039, 22.032410589000051 ], [ 92.072125480000182, 22.032147861000169 ], [ 92.072308508000049, 22.031913015999976 ], [ 92.072429803000034, 22.03167895100006 ], [ 92.072611583000139, 22.031358335 ], [ 92.072825227000067, 22.031064404000119 ], [ 92.073008858000094, 22.030829551000124 ], [ 92.073345747000133, 22.030477621000159 ], [ 92.074482945999989, 22.02950601100008 ], [ 92.074851732000127, 22.029183023000144 ], [ 92.075065370000061, 22.028889090000064 ], [ 92.075101742000072, 22.028818619000049 ], [ 92.075216668000166, 22.028595947000099 ], [ 92.0753663160001, 22.028189947000044 ], [ 92.075573175000045, 22.027431043000149 ], [ 92.075659191000057, 22.027065626000024 ], [ 92.075778382000067, 22.026559281000118 ], [ 92.075835648, 22.026210889000083 ], [ 92.075831404000041, 22.02591972100015 ], [ 92.075796975000117, 22.02571697500008 ], [ 92.075669944000197, 22.025515404000032 ], [ 92.075511019000089, 22.025284890000137 ], [ 92.075350191000098, 22.025051804000043 ], [ 92.075224886000115, 22.024882155000114 ], [ 92.075066388000153, 22.024680982000064 ], [ 92.074877878000166, 22.02453888500014 ], [ 92.07484472800013, 22.024424170000145 ], [ 92.0748121580001, 22.024307188000023 ], [ 92.074871105000057, 22.024073912000119 ], [ 92.074907242000108, 22.024012825000113 ], [ 92.074992212000041, 22.023869197000124 ], [ 92.075268634000167, 22.023606077000011 ], [ 92.0756993130002, 22.023252954000043 ], [ 92.076037430000042, 22.02298679200004 ], [ 92.076253196000096, 22.022839574000102 ], [ 92.076343006000059, 22.022605906000138 ], [ 92.076339188000134, 22.02234407900005 ], [ 92.076245558000039, 22.022315915000036 ], [ 92.076087919000031, 22.022173431000169 ], [ 92.075525158000119, 22.02197738000018 ], [ 92.075210950000042, 22.02180753000016 ], [ 92.074898170000097, 22.021694098000012 ], [ 92.074585427000045, 22.021582920000071 ], [ 92.074427786000058, 22.021440437000081 ], [ 92.074269723000043, 22.02126860400017 ], [ 92.074173563999977, 22.02106664300004 ], [ 92.074076981000076, 22.020835336 ], [ 92.073979790000124, 22.020604035000133 ], [ 92.073944290000043, 22.020286167000165 ], [ 92.073940906000132, 22.020053682000025 ], [ 92.074088417000155, 22.019500968000102 ], [ 92.074482095, 22.018769048000138 ], [ 92.07464867900012, 22.018567618000134 ], [ 92.075063225000179, 22.01806635700018 ], [ 92.075192905000051, 22.017887924000036 ], [ 92.075276846000179, 22.017772426000079 ], [ 92.075554939000142, 22.017624420000118 ], [ 92.075894756000139, 22.017475631000138 ], [ 92.076423678000197, 22.017468927000095 ], [ 92.076953025000194, 22.017491568000139 ], [ 92.077295553000113, 22.017487223000046 ], [ 92.077606185000036, 22.017453934 ], [ 92.077822760000117, 22.017363144000171 ], [ 92.077976613000146, 22.017246056000033 ], [ 92.078099565, 22.017127103000064 ], [ 92.078126639000118, 22.01686714300007 ], [ 92.07812282000009, 22.016605312000138 ], [ 92.078100678000055, 22.016568216999985 ], [ 92.077899463000165, 22.016231134000122 ], [ 92.077832059000116, 22.01588432300008 ], [ 92.077890570000079, 22.015621703000022 ], [ 92.07797912400008, 22.015302266000162 ], [ 92.078255066, 22.01500753900001 ], [ 92.078655495000191, 22.014740582000059 ], [ 92.079116785000167, 22.01433062600006 ], [ 92.079516352000098, 22.014004981000028 ], [ 92.079569463000155, 22.013911747000122 ], [ 92.079668053000148, 22.013741180000125 ], [ 92.079788069000131, 22.013421339000047 ], [ 92.079727621000075, 22.013302458000055 ], [ 92.079519533000109, 22.01327005100012 ], [ 92.079164654000124, 22.013214782000091 ], [ 92.078700730000094, 22.013028775000066 ], [ 92.078289054000152, 22.012939180000046 ], [ 92.077569963000087, 22.012853482000025 ], [ 92.076953829000104, 22.01281388200016 ], [ 92.076286951000156, 22.012822336000113 ], [ 92.075672116000192, 22.012830125000164 ], [ 92.0749550970001, 22.012886615000014 ], [ 92.074185255000145, 22.012848950000034 ], [ 92.073820591000185, 22.012833970000031 ], [ 92.073261065000054, 22.012810983000179 ], [ 92.072475804000192, 22.012624735000031 ], [ 92.071923658000173, 22.012493777000032 ], [ 92.07068861200014, 22.012222677000182 ], [ 92.070532495000066, 22.012197008999976 ], [ 92.069553816000052, 22.012036090000095 ], [ 92.069549775000155, 22.012074521000159 ], [ 92.069411751000075, 22.012572928000111 ], [ 92.069260826000118, 22.012766728000145 ], [ 92.068856791000201, 22.013203027000088 ], [ 92.068554305000191, 22.013588374000108 ], [ 92.06805005700005, 22.014168161000043 ], [ 92.06769814300003, 22.014651210000125 ], [ 92.067652959000043, 22.015082975000041 ], [ 92.06740392100005, 22.015564724 ], [ 92.067050591000111, 22.015950711000073 ], [ 92.06688015400016, 22.01614644 ], [ 92.066798155000185, 22.016240607999976 ], [ 92.066699355000196, 22.016481157000101 ], [ 92.066675775000192, 22.016858469000056 ], [ 92.066657643000099, 22.017152183000178 ], [ 92.066558921000137, 22.017440141 ], [ 92.066202114000191, 22.017586868000024 ], [ 92.065879988000177, 22.01778040500011 ], [ 92.065795274000095, 22.017831301000058 ], [ 92.065645029000166, 22.018072499000141 ], [ 92.065807056000153, 22.018643878999967 ], [ 92.065560787000152, 22.01931748200019 ], [ 92.065358412000194, 22.019511927000053 ], [ 92.064743623000197, 22.019567088000088 ], [ 92.064178906000109, 22.019526797000026 ], [ 92.063822091000134, 22.019673517000058 ], [ 92.063723970000126, 22.019961466000041 ], [ 92.06373227600011, 22.020534785000109 ], [ 92.063750124000137, 22.020720332999986 ], [ 92.063792136000075, 22.02115712300008 ], [ 92.063797666000198, 22.021538584000098 ], [ 92.063711284000135, 22.021705264000047 ], [ 92.063648101000126, 22.021827181000106 ], [ 92.063244711000152, 22.022310868000091 ], [ 92.063150049000171, 22.022838075000095 ], [ 92.062965463000182, 22.023116815000037 ], [ 92.062798783000062, 22.023368515000072 ], [ 92.062343260000091, 22.023805448000076 ], [ 92.061832020000054, 22.023906701000044 ], [ 92.061471763000043, 22.023816418000138 ], [ 92.061110099000132, 22.023629073000166 ], [ 92.060696995000058, 22.023442376999981 ], [ 92.060338109000043, 22.023446891 ], [ 92.059778926000035, 22.02379030600008 ], [ 92.059577902000115, 22.02407954500012 ], [ 92.059583421000127, 22.024461005999967 ], [ 92.059590342000035, 22.024939528000118 ], [ 92.059543044000065, 22.025226833000033 ], [ 92.059396244000141, 22.025707287000159 ], [ 92.059093629000074, 22.026045213000032 ], [ 92.058684662000076, 22.026145171000167 ], [ 92.058069155000055, 22.026152906000164 ], [ 92.057352772000172, 22.026258983000162 ], [ 92.057138289000136, 22.026412934 ], [ 92.057152287, 22.0265437 ], [ 92.057091807000177, 22.02667314200005 ], [ 92.056954934000146, 22.026878044000114 ], [ 92.056817251000041, 22.027026513000067 ], [ 92.056694463000156, 22.027158998000118 ], [ 92.056586570000036, 22.027232594000168 ], [ 92.056415290000075, 22.027234746000147 ], [ 92.056212496000171, 22.027192139000078 ], [ 92.056009112000197, 22.027108905000148 ], [ 92.055836141000043, 22.026993681000192 ], [ 92.055695094000157, 22.026909664000073 ], [ 92.055538709000132, 22.026852929000086 ], [ 92.055336987000089, 22.026884811000059 ], [ 92.055105457000138, 22.027032201 ], [ 92.054998408000074, 22.027164484000025 ], [ 92.05490689700008, 22.027283025000145 ], [ 92.054831332000106, 22.027457809000055 ], [ 92.054813148000051, 22.027542634000042 ], [ 92.054787662000024, 22.027661537000029 ], [ 92.054743564000148, 22.027835925999966 ], [ 92.054730339000173, 22.028009925000106 ], [ 92.054780249000032, 22.028196679000075 ], [ 92.054797695000104, 22.028356748000078 ], [ 92.054795174000162, 22.028510177000101 ], [ 92.054739134000101, 22.028619364000122 ], [ 92.054648436000093, 22.028794334000054 ], [ 92.054541583, 22.028940159000115 ], [ 92.054450687000156, 22.029101589000163 ], [ 92.054421908000165, 22.029246435000061 ], [ 92.054425065000146, 22.029465379000044 ], [ 92.054473752000035, 22.029609257000061 ], [ 92.054476033000128, 22.029767258999982 ], [ 92.054400079000061, 22.029914954000049 ], [ 92.054292795000038, 22.030031437 ], [ 92.054155494000156, 22.030206993000149 ], [ 92.053987568000082, 22.030441629 ], [ 92.053974144000051, 22.030602087000148 ], [ 92.054008320000037, 22.030789040000059 ], [ 92.054042117000108, 22.030991798000173 ], [ 92.054137442000069, 22.031137343000012 ], [ 92.054248047000101, 22.031251093000037 ], [ 92.054338147000067, 22.031332550000116 ], [ 92.054405677000148, 22.031393601000104 ], [ 92.054468666000105, 22.03143796300003 ], [ 92.054578229000015, 22.031479481000076 ], [ 92.054611595000154, 22.031610003000083 ], [ 92.05459689900016, 22.031682429 ], [ 92.054504931, 22.031769371000109 ], [ 92.054382757000042, 22.031944740000142 ], [ 92.054245065000032, 22.032093207000059 ], [ 92.054122045000156, 22.032209890000047 ], [ 92.053858173000151, 22.032256093000058 ], [ 92.053593486000182, 22.032245867000086 ], [ 92.053359667000109, 22.032235253000124 ], [ 92.053157285000054, 22.03222198900005 ], [ 92.052971099000104, 22.032240127000136 ], [ 92.052878085000032, 22.032254838000028 ], [ 92.052754675000131, 22.032344428000158 ], [ 92.052693998, 22.032460327000081 ], [ 92.05274395400005, 22.032692232000159 ], [ 92.052825155000107, 22.032907942000065 ], [ 92.052890004000062, 22.033080966000171 ], [ 92.05300210300004, 22.03329854500015 ], [ 92.053035058000148, 22.033442615000183 ], [ 92.053037988000028, 22.033645762 ], [ 92.052963262000105, 22.033879229000036 ], [ 92.052827195000134, 22.034140557000171 ], [ 92.052736720000155, 22.034331330000043 ], [ 92.052630082000064, 22.034492955000019 ], [ 92.052522800000077, 22.034609436000153 ], [ 92.052367866000054, 22.034654272000125 ], [ 92.052165938000201, 22.034672608000051 ], [ 92.051932930000078, 22.034718421000036 ], [ 92.051685210000016, 22.034793768000156 ], [ 92.051499654000111, 22.034897684000043 ], [ 92.051299380999978, 22.035031132000086 ], [ 92.051130602000171, 22.035207082000056 ], [ 92.051103797000167, 22.035328516000163 ], [ 92.051072637000061, 22.035469687000045 ], [ 92.051108318000104, 22.03580336300007 ], [ 92.051190366000128, 22.036077762000161 ], [ 92.051208621000114, 22.036294261000023 ], [ 92.051078459, 22.036490682000021 ], [ 92.05097015500013, 22.036555318000069 ], [ 92.050839988000064, 22.03663300300019 ], [ 92.050607158, 22.036649463000117 ], [ 92.050465924000036, 22.036594793 ], [ 92.050308060000134, 22.036436480000191 ], [ 92.05018232700013, 22.036322918 ], [ 92.049993837000159, 22.036223686000142 ], [ 92.049729531000139, 22.036240543000019 ], [ 92.049434358000155, 22.036257782000121 ], [ 92.049350653000033, 22.036338749000151 ], [ 92.04921731200011, 22.036319196000079 ], [ 92.049015577000034, 22.036351070000023 ], [ 92.048782983000137, 22.036426224000024 ], [ 92.048628468000061, 22.036500400000136 ], [ 92.048473534000038, 22.036545233000027 ], [ 92.048365008000133, 22.036575938000169 ], [ 92.04822477100015, 22.036548346000188 ], [ 92.048083116000043, 22.036464329000069 ], [ 92.047956112000065, 22.036262734 ], [ 92.047798253000053, 22.036104419000139 ], [ 92.04768618900016, 22.035889093000094 ], [ 92.047561544000075, 22.035700534 ], [ 92.047542617000033, 22.035671903000036 ], [ 92.047463911000079, 22.035587098000065 ], [ 92.047400106000055, 22.035486305000177 ], [ 92.04721307, 22.035445749000189 ], [ 92.047135605999983, 22.035489610000184 ], [ 92.046995178000088, 22.035448473000031 ], [ 92.046823658000108, 22.035434814000041 ], [ 92.046637056000122, 22.035466497000129 ], [ 92.046481081000138, 22.035439096000061 ], [ 92.046402151000166, 22.035338490000072 ], [ 92.046368600000164, 22.035194426000089 ], [ 92.046352009000088, 22.035093041000096 ], [ 92.046270814000025, 22.034877327000061 ], [ 92.046098452000194, 22.034804982000026 ], [ 92.045959710000034, 22.034881214999984 ], [ 92.045804355000087, 22.034896701000037 ], [ 92.045663275000152, 22.034810417000187 ], [ 92.04558312100005, 22.034666935000018 ], [ 92.045425297000179, 22.034510873999977 ], [ 92.045267214000148, 22.034336755000083 ], [ 92.045243363000054, 22.034273105000125 ], [ 92.045202378999988, 22.034163732000081 ], [ 92.045199460000049, 22.033960586000148 ], [ 92.045228238000107, 22.033772846000033 ], [ 92.045227246000195, 22.033703759000105 ], [ 92.045224704000191, 22.03352681400014 ], [ 92.045190507000086, 22.033337602000074 ], [ 92.045157755000048, 22.033207070000117 ], [ 92.045109918000094, 22.033121878000031 ], [ 92.0449995190001, 22.033021666000081 ], [ 92.044971069000042, 22.033006812000053 ], [ 92.044889728000157, 22.032964339000046 ], [ 92.044718212000191, 22.032950678000077 ], [ 92.044593532000192, 22.032952235000096 ], [ 92.044522617000098, 22.032923286000084 ], [ 92.044421816000181, 22.032882137000172 ], [ 92.044279940000138, 22.032782315000077 ], [ 92.044122930000128, 22.032682685000168 ], [ 92.043809335000049, 22.032512765000149 ], [ 92.043620651000083, 22.032357086000161 ], [ 92.043462995000141, 22.032212313000173 ], [ 92.043304965000061, 22.032083343000124 ], [ 92.043069028000161, 22.031883103000098 ], [ 92.042864801000064, 22.031741166000188 ], [ 92.04267571000014, 22.031599037000035 ], [ 92.042488030000072, 22.031513333000078 ], [ 92.042239077000147, 22.031502892000162 ], [ 92.042035704999989, 22.031462534000013 ], [ 92.041848026000196, 22.031376830000056 ], [ 92.041550412000106, 22.031265401000155 ], [ 92.041455747000157, 22.031164988000114 ], [ 92.041314902000124, 22.031094504000123 ], [ 92.04123536700007, 22.030993902000148 ], [ 92.041141095000057, 22.030920576000142 ], [ 92.041086518999975, 22.030861769000126 ], [ 92.041062390000036, 22.030835769000134 ], [ 92.04095241300007, 22.030764898000029 ], [ 92.040857337000034, 22.030678034000118 ], [ 92.040815157000111, 22.030649213000117 ], [ 92.040465075999975, 22.030678409000075 ], [ 92.039774716000068, 22.030829235000112 ], [ 92.039162537000152, 22.031028757000115 ], [ 92.038805771000114, 22.031225094000092 ], [ 92.038499369000135, 22.031389084000182 ], [ 92.038348000000155, 22.031470099000046 ], [ 92.037736567000081, 22.031764426000109 ], [ 92.037226667000198, 22.031962666000027 ], [ 92.036665288, 22.032159285000034 ], [ 92.035998981000034, 22.032214981000038 ], [ 92.035485658000141, 22.032173954000086 ], [ 92.034920886000123, 22.032133565000038 ], [ 92.034662904000072, 22.032041950000178 ], [ 92.034505074000151, 22.031757197000161 ], [ 92.034500975000071, 22.031470530000149 ], [ 92.034089229000131, 22.03137856799998 ], [ 92.033318536000024, 22.03124590900012 ], [ 92.032700261000116, 22.031061688000079 ], [ 92.032030537000139, 22.030878105000056 ], [ 92.031618152000021, 22.030740993000109 ], [ 92.031307269000138, 22.030505543000174 ], [ 92.031299092000097, 22.029932213000166 ], [ 92.031139883000151, 22.029550395000172 ], [ 92.031290203000196, 22.029309224000031 ], [ 92.031441196000117, 22.02911545600017 ], [ 92.031030168000086, 22.029073142000016 ], [ 92.030159296000136, 22.029131352000036 ], [ 92.0295430930002, 22.029091577000031 ], [ 92.029287077000163, 22.029094751000116 ], [ 92.028824603000089, 22.029053071000078 ], [ 92.028463671000054, 22.028915313000027 ], [ 92.028102031000174, 22.028727895000145 ], [ 92.027947624000092, 22.028682396000022 ], [ 92.027481747000195, 22.028401447000135 ], [ 92.027323223000053, 22.028067024000109 ], [ 92.027111236000167, 22.027591038000139 ], [ 92.026900632000149, 22.027212106000036 ], [ 92.026892470000178, 22.026638774000048 ], [ 92.027035305000197, 22.025871675000076 ], [ 92.027284434000137, 22.025342569000031 ], [ 92.027509208000083, 22.024909121 ], [ 92.0275342340002, 22.024860863000129 ], [ 92.027782755000032, 22.024331764000124 ], [ 92.027877477000061, 22.023757157000091 ], [ 92.027971594000121, 22.02318255900019 ], [ 92.027962048000063, 22.022512166000013 ], [ 92.02836964700009, 22.022315222000088 ], [ 92.028571440000178, 22.022075674000178 ], [ 92.028721753000127, 22.021834506000118 ], [ 92.028770462000125, 22.02164200600015 ], [ 92.028665522000153, 22.021498819000101 ], [ 92.028510444000119, 22.021405919000074 ], [ 92.028351968000152, 22.021073755000145 ], [ 92.028449387000137, 22.020688753000059 ], [ 92.028598352000131, 22.020352785000171 ], [ 92.028794675000086, 22.019729509000115 ], [ 92.028995044000055, 22.019390644000055 ], [ 92.029043182000123, 22.019200407000028 ], [ 92.028990285000134, 22.019056577000185 ], [ 92.028784446000031, 22.019011714000101 ], [ 92.028527844000166, 22.019014891000097 ], [ 92.028372776000083, 22.018921994000152 ], [ 92.028420810000171, 22.01868209100013 ], [ 92.028519679000112, 22.018441561000088 ], [ 92.028210859000126, 22.018348305000018 ], [ 92.027903521999974, 22.018401779000044 ], [ 92.027392270000178, 22.01850292600011 ], [ 92.026675184000169, 22.018559209000102 ], [ 92.026267587000063, 22.018756145000054 ], [ 92.025912110000093, 22.018999851000103 ], [ 92.02550519000016, 22.019244188000187 ], [ 92.025147653000147, 22.019343428000013 ], [ 92.024839538000151, 22.019299826000179 ], [ 92.024681813000143, 22.019062470000051 ], [ 92.02452401700009, 22.018777704000115 ], [ 92.024263268000084, 22.018446797000024 ], [ 92.023902403000136, 22.018354178999971 ], [ 92.023288904000083, 22.018458834000057 ], [ 92.022879926000201, 22.0185587040001 ], [ 92.022624668000049, 22.018656674000056 ], [ 92.02216216100004, 22.018567564000136 ], [ 92.021956329000091, 22.018522694000183 ], [ 92.021542608, 22.018288491000078 ], [ 92.020971773000156, 22.017816918000051 ], [ 92.020875244000081, 22.017751320000116 ], [ 92.020557385000131, 22.017535312000177 ], [ 92.020141620000118, 22.017156643000192 ], [ 92.019828775000065, 22.016778963000036 ], [ 92.019771927000136, 22.01639812600007 ], [ 92.019664209000155, 22.016015658000015 ], [ 92.01965540700013, 22.015394921000109 ], [ 92.019547087000035, 22.015012458000172 ], [ 92.019442093000066, 22.014821855000093 ], [ 92.019183480000038, 22.014682812000046 ], [ 92.018877390000114, 22.014781405000122 ], [ 92.018520562999981, 22.014930290000109 ], [ 92.018265978000159, 22.015075655000146 ], [ 92.018010085000071, 22.015128475000097 ], [ 92.017803553000192, 22.015033939999967 ], [ 92.017750002000128, 22.014842701000077 ], [ 92.017695841000148, 22.01465147000016 ], [ 92.017693154000199, 22.014461863000179 ], [ 92.017792716000088, 22.014268738999988 ], [ 92.017892209000081, 22.01402820800007 ], [ 92.017940962000125, 22.013837963000071 ], [ 92.01793824400005, 22.013646101000177 ], [ 92.017680975000189, 22.01360185600015 ], [ 92.017525215000092, 22.013459288999968 ], [ 92.017465659000095, 22.012886584000114 ], [ 92.017264563000197, 22.013175778000061 ], [ 92.017194682000195, 22.013242109000146 ], [ 92.016910421000034, 22.013514265000083 ], [ 92.016655872000172, 22.013661887000069 ], [ 92.016349111000125, 22.013713073000019 ], [ 92.015887293999981, 22.013671342000066 ], [ 92.015321925000194, 22.013583477000168 ], [ 92.014805347000106, 22.013350524000145 ], [ 92.014443766000113, 22.013163070000076 ], [ 92.014237271000184, 22.013070787000174 ], [ 92.013824918000068, 22.012931367000192 ], [ 92.013209387000188, 22.012891519999982 ], [ 92.012747639, 22.012897192000139 ], [ 92.012286496000115, 22.012902857000142 ], [ 92.01223505300004, 22.012903490000099 ], [ 92.011824076000096, 22.012861124000153 ], [ 92.011516643000107, 22.012864898000089 ], [ 92.011056231000055, 22.012965370000074 ], [ 92.010851742000114, 22.013015288000133 ], [ 92.010494913000116, 22.013164156000187 ], [ 92.009725727000102, 22.013173591000168 ], [ 92.008598342000141, 22.013234825999973 ], [ 92.007878564000123, 22.013099159000035 ], [ 92.00731453700007, 22.013106067000081 ], [ 92.006750509000142, 22.013112975000126 ], [ 92.004955541000129, 22.013134948000072 ], [ 92.004507452000098, 22.013165262000086 ], [ 92.003685809000046, 22.013103068000078 ], [ 92.002890033000085, 22.013029262000032 ], [ 92.002234913000052, 22.012928904000091 ], [ 92.001617953000164, 22.012830333000181 ], [ 92.000794794, 22.012659772000177 ], [ 91.999384763000137, 22.012421871000129 ], [ 91.999814356000059, 22.012195382000129 ], [ 92.000375691000045, 22.011996634000013 ], [ 92.000426526000126, 22.011996011000065 ], [ 92.000937022000073, 22.011797880000131 ], [ 92.00113611900008, 22.011364237 ], [ 92.001331285000106, 22.010693594000031 ], [ 92.001733539000156, 22.010115240000175 ], [ 92.002191922000179, 22.009870328000147 ], [ 92.002546092000159, 22.009531871000092 ], [ 92.002838036000128, 22.008426576000033 ], [ 92.002828646000069, 22.007758429000091 ], [ 92.002852738000115, 22.007534627000041 ], [ 92.003284810000139, 22.007141032999982 ], [ 92.003625040000088, 22.007017219000033 ], [ 92.004389555000159, 22.006847951999987 ], [ 92.004857110000046, 22.006810172000087 ], [ 92.005152867999982, 22.006689767000125 ], [ 92.005532694000181, 22.006326154000192 ], [ 92.005699981000078, 22.006084797000028 ], [ 92.00591409000009, 22.005946726000047 ], [ 92.005953675000114, 22.005921408000063 ], [ 92.00620689100009, 22.005678999000168 ], [ 92.00637306200008, 22.005358639000121 ], [ 92.006534754000143, 22.004720006000127 ], [ 92.006868237999981, 22.004117649000136 ], [ 92.007071206000091, 22.003358856000148 ], [ 92.007146997000063, 22.00268063600015 ], [ 92.007182110000031, 22.002122571000086 ], [ 92.007177055000056, 22.001763667000034 ], [ 92.007171465000113, 22.001366393000069 ], [ 92.006951116000096, 22.000890469000126 ], [ 92.006560125000192, 22.000416636000068 ], [ 92.00621038200012, 21.999863280000113 ], [ 92.006162400000051, 21.999507160000121 ], [ 92.006326347000197, 21.998985899000104 ], [ 92.006576402000178, 21.998691600000143 ], [ 92.007418847000167, 21.997699207000039 ], [ 92.00791847500011, 21.996776488000137 ], [ 92.008249074000048, 21.996013873000038 ], [ 92.008453171000156, 21.99533634 ], [ 92.009039217000122, 21.994491576000087 ], [ 92.009370986000135, 21.993769582000027 ], [ 92.009923632000039, 21.993604775000165 ], [ 92.010005024000179, 21.99360899800007 ], [ 92.01005670100011, 21.993593587000134 ], [ 92.010598590000086, 21.99362169900013 ], [ 92.010655078000184, 21.993624629000067 ], [ 92.011337183000194, 21.993498868000017 ], [ 92.011633837000034, 21.993334939000079 ], [ 92.011715208000112, 21.993053992000171 ], [ 92.011492633000103, 21.992420070000094 ], [ 92.01131750900015, 21.992103890000067 ], [ 92.011057580000056, 21.991867768000077 ], [ 92.010838923000165, 21.991511486000093 ], [ 92.010834058000057, 21.99116612600011 ], [ 92.010831651000103, 21.990994574000126 ], [ 92.010699490000093, 21.990677865000123 ], [ 92.010822675000099, 21.990358030000039 ], [ 92.011074713000141, 21.990034353000169 ], [ 92.011161017000177, 21.989803018000146 ], [ 92.01123917200016, 21.989594355000179 ], [ 92.011190640000052, 21.989156968000145 ], [ 92.011312139000097, 21.988717497000096 ], [ 92.01136099100006, 21.988662715000032 ], [ 92.011564775000181, 21.988436709000155 ], [ 92.011860848000083, 21.988232148000179 ], [ 92.012303476000113, 21.98816350400017 ], [ 92.012414584000055, 21.988146337000103 ], [ 92.012842882000143, 21.988220099000159 ], [ 92.013187581000182, 21.988416798000173 ], [ 92.013401717000136, 21.988452549000044 ], [ 92.013611897000089, 21.98825129700009 ], [ 92.013608520000105, 21.988012030000107 ], [ 92.013733417000026, 21.987771188000067 ], [ 92.013986622000118, 21.987531026000056 ], [ 92.01393633400005, 21.98701238700005 ], [ 92.013761208000119, 21.986696211000037 ], [ 92.013712072000146, 21.986258833000079 ], [ 92.013878749000185, 21.985976841000024 ], [ 92.014344962000109, 21.985693426000068 ], [ 92.015024696000012, 21.985445768000034 ], [ 92.015404413000113, 21.985122778000118 ], [ 92.015612930000032, 21.984761250000076 ], [ 92.01573727900012, 21.984482034000052 ], [ 92.0158209, 21.984361352000178 ], [ 92.01594633600007, 21.984158881000042 ], [ 92.016540778000092, 21.983914523000067 ], [ 92.01692160500005, 21.983670533000122 ], [ 92.017046493000066, 21.983429688 ], [ 92.017080392000139, 21.982830998000054 ], [ 92.017074200000138, 21.982393093000155 ], [ 92.016899081000133, 21.982076920000168 ], [ 92.016897965000055, 21.981997918000047 ], [ 92.016728803000092, 21.981803582000111 ], [ 92.016332335000129, 21.981625589000032 ], [ 92.015900677000104, 21.981312566000156 ], [ 92.015726071000074, 21.981075402000101 ], [ 92.01563400100008, 21.980597915000089 ], [ 92.015669084000081, 21.980039848000047 ], [ 92.015964051000026, 21.97975853600019 ], [ 92.016430178000178, 21.979513498000188 ], [ 92.016852261000167, 21.979149346000042 ], [ 92.017017809000038, 21.978788347000147 ], [ 92.017098650000037, 21.978428388000111 ], [ 92.017008238000187, 21.978111175000038 ], [ 92.016577194000035, 21.977798147000101 ], [ 92.015933667000184, 21.977607382000031 ], [ 92.015375991000042, 21.977453942000125 ], [ 92.014816689000156, 21.977142484000126 ], [ 92.014598051000178, 21.976786205 ], [ 92.014593557000182, 21.976467933000151 ], [ 92.014672110000163, 21.975988347999987 ], [ 92.014539929000136, 21.975712283000178 ], [ 92.013935993000132, 21.975281714000175 ], [ 92.013890839999988, 21.975083597000037 ], [ 92.014230378000036, 21.974959774000183 ], [ 92.014485761000117, 21.974875365 ], [ 92.014739450000036, 21.974714214000073 ], [ 92.014907295000171, 21.974472845000093 ], [ 92.014775653000129, 21.974235152000062 ], [ 92.014813101000186, 21.974144387000081 ], [ 92.014858156000116, 21.974035466000089 ], [ 92.014938398000197, 21.973675518000107 ], [ 92.01484914200006, 21.973396666000156 ], [ 92.014846339000087, 21.97319802800007 ], [ 92.015140147000068, 21.972835456999974 ], [ 92.015434527000082, 21.972513515000173 ], [ 92.01572721500014, 21.972071938000113 ], [ 92.015975321999974, 21.971472873000039 ], [ 92.015967449000129, 21.970915335000086 ], [ 92.01587312900017, 21.970277583000097 ], [ 92.015651151999975, 21.969684293 ], [ 92.015473186000179, 21.969207859000051 ], [ 92.015511647000096, 21.968889060000038 ], [ 92.015678877000084, 21.968647697000051 ], [ 92.015887945000145, 21.968326802000036 ], [ 92.016095593999978, 21.96784365600007 ], [ 92.016384050000056, 21.967164798 ], [ 92.016634890000034, 21.966802752000092 ], [ 92.016629279000199, 21.966405476999967 ], [ 92.016538908000086, 21.966047624000112 ], [ 92.016702819000045, 21.965528611000082 ], [ 92.01699153800007, 21.964807134000182 ], [ 92.017197221000117, 21.96424697100008 ], [ 92.017318686000124, 21.963807496000072 ], [ 92.017610204000107, 21.963284657000031 ], [ 92.018069577000176, 21.962522702000172 ], [ 92.018232303000161, 21.961963067000113 ], [ 92.018349293000028, 21.961164683000163 ], [ 92.018641953000099, 21.960723102000088 ], [ 92.018636880000145, 21.960364201000175 ], [ 92.018544281000175, 21.959848341000111 ], [ 92.01836912300007, 21.959570546000123 ], [ 92.018192916000146, 21.959175368000103 ], [ 92.018184469000062, 21.958577199000104 ], [ 92.018133099000124, 21.957981815000039 ], [ 92.018209437, 21.957303585000091 ], [ 92.018329744000141, 21.956782849000149 ], [ 92.01849421300011, 21.956304464000084 ], [ 92.018706606000194, 21.956220580000092 ], [ 92.01904724700006, 21.956178011000191 ], [ 92.019900266000036, 21.956086246000154 ], [ 92.020321702999979, 21.955724356000076 ], [ 92.020699096000044, 21.955200454000021 ], [ 92.0210307010002, 21.954519083000093 ], [ 92.021471283000096, 21.953843141000107 ], [ 92.021866844000044, 21.953235484000174 ], [ 92.022114263000162, 21.952634164000187 ], [ 92.022150440000075, 21.952155100000141 ], [ 92.02210017800013, 21.951638720000062 ], [ 92.021879875000138, 21.951162813 ], [ 92.021487869000055, 21.950610004 ], [ 92.021354040000062, 21.95017367000014 ], [ 92.021479407000015, 21.95001183300019 ], [ 92.021948306000183, 21.949927047000074 ], [ 92.022247701000197, 21.949963996 ], [ 92.0227199200001, 21.950156852000191 ], [ 92.023191023000095, 21.950270707000072 ], [ 92.023662731000059, 21.950384549000091 ], [ 92.024047421000091, 21.950420446000123 ], [ 92.024773856000024, 21.950449870999989 ], [ 92.025287332000062, 21.95052255700017 ], [ 92.025886676000084, 21.950634820000118 ], [ 92.026055021000104, 21.950474709000105 ], [ 92.026095699000052, 21.950313915000095 ], [ 92.026217125000187, 21.949874437000176 ], [ 92.02628536800006, 21.949652347000097 ], [ 92.026339733000043, 21.949475582000105 ], [ 92.026333525000041, 21.949037678000138 ], [ 92.026326742000094, 21.948559142000136 ], [ 92.026364027000056, 21.948159082000075 ], [ 92.026571346000082, 21.947718543000121 ], [ 92.026845723000122, 21.947399091000023 ], [ 92.027159379000182, 21.947033997000176 ], [ 92.027365578000058, 21.946514456000102 ], [ 92.02744068800007, 21.945795601000043 ], [ 92.02739152900017, 21.945358228000146 ], [ 92.027213621000044, 21.94484342700008 ], [ 92.026730637000014, 21.943932787000051 ], [ 92.026551037000104, 21.943298352000056 ], [ 92.026546529000086, 21.942980078 ], [ 92.026671913000143, 21.942777604000128 ], [ 92.026926112000126, 21.942657071000042 ], [ 92.027437288000158, 21.942569488000174 ], [ 92.027819142000112, 21.942406741000127 ], [ 92.028029267000193, 21.942164840000089 ], [ 92.028280641000038, 21.941802772000131 ], [ 92.028403783999977, 21.941442290000168 ], [ 92.028400397000155, 21.941203478000091 ], [ 92.028398150000044, 21.941045016000146 ], [ 92.028350689000149, 21.940727275000086 ], [ 92.028644944000064, 21.940403060000165 ], [ 92.028639888000157, 21.940046416000143 ], [ 92.028329781000195, 21.939253299000143 ], [ 92.028368758000113, 21.938972871000033 ], [ 92.028621218000069, 21.938730445000033 ], [ 92.0291307130002, 21.938525482000045 ], [ 92.029554347000101, 21.938280942000063 ], [ 92.029850902000192, 21.938119244000177 ], [ 92.030188644000077, 21.937875764000125 ], [ 92.030397637000021, 21.93755485600002 ], [ 92.030435654000087, 21.937239470000065 ], [ 92.030515677000039, 21.936835471000109 ], [ 92.030725790000076, 21.93659356500018 ], [ 92.030939301000103, 21.936590925000132 ], [ 92.031239794000157, 21.936706867000112 ], [ 92.031582050000054, 21.936781651000103 ], [ 92.032095511000193, 21.936856577000071 ], [ 92.032607818000031, 21.936850241000059 ], [ 92.03312012300006, 21.936843905000103 ], [ 92.033976991000088, 21.937031970000135 ], [ 92.034231141000134, 21.93690916900016 ], [ 92.034441248, 21.936667260000149 ], [ 92.034564947000035, 21.93634740300007 ], [ 92.034772807000195, 21.935947486000089 ], [ 92.034808337000129, 21.935468430000071 ], [ 92.03463379100009, 21.935190645999967 ], [ 92.034204529000078, 21.935037927000053 ], [ 92.034113020000063, 21.934601079000174 ], [ 92.03380912700004, 21.934245879000059 ], [ 92.033462292000195, 21.933891207000045 ], [ 92.033544230000075, 21.933612506000145 ], [ 92.033752635000155, 21.933250964000081 ], [ 92.034045196000136, 21.932809363000047 ], [ 92.034295358000065, 21.932406665000144 ], [ 92.034459115000175, 21.931926022000084 ], [ 92.034664688000021, 21.931365844000084 ], [ 92.03499793800006, 21.93076570400018 ], [ 92.03524584600018, 21.930205001000047 ], [ 92.035368963000167, 21.929844514000138 ], [ 92.03557905700012, 21.929602602000045 ], [ 92.035916827000165, 21.929320731000075 ], [ 92.036018267000031, 21.929222399000082 ], [ 92.036085104000165, 21.929158356000016 ], [ 92.03642281700013, 21.928914863000045 ], [ 92.036761707000096, 21.92871199300015 ], [ 92.037140072000057, 21.92830770400019 ], [ 92.037350197000137, 21.928068048000057 ], [ 92.037603229000069, 21.927825602999974 ], [ 92.037899722000191, 21.927661637000085 ], [ 92.038024505000124, 21.927461419000053 ], [ 92.038057226000092, 21.926743088000023 ], [ 92.037763077000193, 21.925669849000144 ], [ 92.037742028000139, 21.925593350000099 ], [ 92.037527377, 21.924835188000088 ], [ 92.037337542000046, 21.924162513000113 ], [ 92.037284965000026, 21.923485877000076 ], [ 92.037367991000167, 21.923326814000177 ], [ 92.037622714000179, 21.923204003000023 ], [ 92.038006177000057, 21.923158613 ], [ 92.038259754000137, 21.922997435000184 ], [ 92.038254063000124, 21.922597904999975 ], [ 92.038249820000033, 21.922299953000049 ], [ 92.038244805000033, 21.921947826000121 ], [ 92.038749100000132, 21.921934798000109 ], [ 92.039203830000076, 21.921924643000068 ], [ 92.040668006000089, 21.921906477000164 ], [ 92.042004149000093, 21.921436103000133 ], [ 92.043702312000164, 21.920733203000054 ], [ 92.045159987000034, 21.920261293000124 ], [ 92.045519996999985, 21.919803035000029 ], [ 92.045630171000084, 21.91900472400016 ], [ 92.046113346000141, 21.918657813000095 ], [ 92.046352831000149, 21.918316188000176 ], [ 92.046961392000185, 21.918193475000066 ], [ 92.047449435000146, 21.918187400000022 ], [ 92.047815317000186, 21.918182842000192 ], [ 92.04806128700011, 21.918294918000015 ], [ 92.04896782600008, 21.917522804999976 ], [ 92.049356719, 21.917224470000122 ], [ 92.049718364000171, 21.916924214000119 ], [ 92.049851960000069, 21.916665181000099 ], [ 92.049985598000092, 21.916451299000187 ], [ 92.050122264000038, 21.916406701000028 ], [ 92.050305511000033, 21.916447310000081 ], [ 92.050398663000067, 21.916531938000162 ], [ 92.050491792000059, 21.91665720300017 ], [ 92.050621167000031, 21.917454786000121 ], [ 92.050888525000119, 21.918130994000137 ], [ 92.051248073000181, 21.91924628300012 ], [ 92.051601921000156, 21.919921410000143 ], [ 92.052256288000194, 21.920631164000042 ], [ 92.052950204000069, 21.921103372000061 ], [ 92.053641828000082, 21.921415316000093 ], [ 92.054160526000032, 21.921648141000105 ], [ 92.054893343000174, 21.921837654000058 ], [ 92.055625628000087, 21.921948152000141 ], [ 92.056055020000088, 21.921942783000134 ], [ 92.056709270000056, 21.921968464000031 ], [ 92.056828508000137, 21.921973747000038 ], [ 92.057213238000031, 21.921849278000138 ], [ 92.057423325000059, 21.921526067000116 ], [ 92.057543545000101, 21.920926298000154 ], [ 92.057619073000126, 21.920205178000174 ], [ 92.05777129400019, 21.918844193000098 ], [ 92.057884597000054, 21.91776363800011 ], [ 92.058089519000134, 21.917081536000182 ], [ 92.058589807000146, 21.916034515000149 ], [ 92.058791869000174, 21.915153777000114 ], [ 92.058950425000148, 21.914192308000054 ], [ 92.059013873000026, 21.912631507000128 ], [ 92.058997223000119, 21.911473563000072 ], [ 92.058895259000167, 21.910355069000047 ], [ 92.058886112000039, 21.909718894000093 ], [ 92.058879161000107, 21.909235496000065 ], [ 92.058827046000147, 21.908597245000124 ], [ 92.058820134000086, 21.90811646200001 ], [ 92.058819011000082, 21.908038346000126 ], [ 92.058810953000147, 21.907477673000187 ], [ 92.058934597000075, 21.907117167000024 ], [ 92.059492163000186, 21.907069547 ], [ 92.059880294000038, 21.907184342000164 ], [ 92.060054889000014, 21.907380825000189 ], [ 92.06001425900007, 21.907541624000089 ], [ 92.059803609000198, 21.907824205999987 ], [ 92.060021756000026, 21.908063037000147 ], [ 92.060378605000153, 21.908399466000162 ], [ 92.060455086, 21.908428510000078 ], [ 92.060614566000083, 21.908489073000055 ], [ 92.061030680000044, 21.908824757000104 ], [ 92.061449833000154, 21.909329724000031 ], [ 92.061592024000106, 21.909711733000108 ], [ 92.061916829000097, 21.91004856100011 ], [ 92.062285743000075, 21.910256148000144 ], [ 92.062699393000173, 21.910420283000121 ], [ 92.063013413000022, 21.910663328000055 ], [ 92.06311855600012, 21.910925244000055 ], [ 92.06344031000009, 21.911049890000072 ], [ 92.063804331000085, 21.910959532000049 ], [ 92.064809373000116, 21.910904025000036 ], [ 92.065358478000178, 21.910940025000173 ], [ 92.065724956000111, 21.910978318000048 ], [ 92.065954160999979, 21.91101833200014 ], [ 92.065956604000121, 21.911187624000092 ], [ 92.065868981000051, 21.911486727000067 ], [ 92.065826101000084, 21.911658842 ], [ 92.065647151000178, 21.911916197000096 ], [ 92.065560149000078, 21.912258188000067 ], [ 92.065565033000155, 21.912596768000185 ], [ 92.065572391000046, 21.91310689300019 ], [ 92.065672906000088, 21.913701636000098 ], [ 92.06595851100019, 21.914506269000185 ], [ 92.066332981000073, 21.915097571000047 ], [ 92.066473954000116, 21.91539380100005 ], [ 92.066796942000167, 21.91556131800013 ], [ 92.06706965300009, 21.915472103000127 ], [ 92.067525602000103, 21.915380582000125 ], [ 92.067982789000155, 21.915374831000065 ], [ 92.06810030600019, 21.915373354000053 ], [ 92.068394014000148, 21.915369660000124 ], [ 92.068625671000063, 21.915578962000041 ], [ 92.06885980900006, 21.915959809000185 ], [ 92.068884206000064, 21.916073026000049 ], [ 92.069006334000051, 21.916639758000031 ], [ 92.069388193000066, 21.917741175000117 ], [ 92.069697818000066, 21.917987868000012 ], [ 92.070059192000087, 21.918391075000102 ], [ 92.070112271000141, 21.918450299000028 ], [ 92.070145996000178, 21.918487928 ], [ 92.070319897000104, 21.918801804000054 ], [ 92.070729495000023, 21.919017889000088 ], [ 92.071307199000046, 21.919105430000116 ], [ 92.071748068000034, 21.919099876000189 ], [ 92.072155068000143, 21.919094746000098 ], [ 92.072666237000078, 21.919307291000052 ], [ 92.073010539000109, 21.919650618000105 ], [ 92.073491224, 21.92005543800002 ], [ 92.073663762000081, 21.920274505000123 ], [ 92.073938359000181, 21.920523893000166 ], [ 92.074248312000122, 21.920833786000117 ], [ 92.074321540000142, 21.921212141000069 ], [ 92.074462502000074, 21.921589637000068 ], [ 92.074502750000079, 21.922029357000042 ], [ 92.074608474000115, 21.922312478000094 ], [ 92.07481442500017, 21.922499518000109 ], [ 92.075054388000069, 21.92265452200013 ], [ 92.075902132000181, 21.922675422999987 ], [ 92.076238659000069, 21.922481537000124 ], [ 92.076743914000019, 21.922285516000159 ], [ 92.076909726000054, 21.921998966999979 ], [ 92.077107919000071, 21.921651052000072 ], [ 92.077339942000151, 21.921300452000025 ], [ 92.077572568000051, 21.920949845000052 ], [ 92.077737317000071, 21.920631700000115 ], [ 92.078141453000114, 21.920470817000023 ], [ 92.078411157000062, 21.920340985000109 ], [ 92.078952250000157, 21.920239325000068 ], [ 92.079041576000066, 21.920238195000138 ], [ 92.079426383000055, 21.92023333000003 ], [ 92.079562912000029, 21.920263209000098 ], [ 92.079970227999979, 21.92032126800018 ], [ 92.080481096000142, 21.920470578999982 ], [ 92.080891313999985, 21.920686628000055 ], [ 92.081302766000135, 21.921029089000058 ], [ 92.081646176000106, 21.921309198000017 ], [ 92.081921704000194, 21.921621769000069 ], [ 92.082166095000048, 21.922122115000036 ], [ 92.082444533000171, 21.922592679000104 ], [ 92.082822127000156, 21.922935564000113 ], [ 92.083231897000132, 21.923120008000126 ], [ 92.083438746000127, 21.923367978000044 ], [ 92.083544634000134, 21.923619486000064 ], [ 92.083786764000138, 21.923964083000044 ], [ 92.083891588000085, 21.924183997000114 ], [ 92.084504108000147, 21.924334261000126 ], [ 92.084878027000059, 21.924424337000119 ], [ 92.085661378000168, 21.924633386000096 ], [ 92.086343017000161, 21.924877585000161 ], [ 92.086885819000145, 21.924933906000092 ], [ 92.087226941000097, 21.925055999000165 ], [ 92.087773117000154, 21.925301911000076 ], [ 92.087946101999989, 21.925342608000165 ], [ 92.088283578000016, 21.925421854000149 ], [ 92.088684916000034, 21.925069087000168 ], [ 92.088950001, 21.924623233000034 ], [ 92.08951147800019, 21.923638568 ], [ 92.089777941000136, 21.923287515000027 ], [ 92.090042913000048, 21.922875526000155 ], [ 92.090713472000175, 21.922361304000049 ], [ 92.09132137000006, 21.922195542000168 ], [ 92.091796109000143, 21.922189502000037 ], [ 92.092342738000184, 21.922466998000061 ], [ 92.092952020000155, 21.922396032000051 ], [ 92.093320397000127, 21.922106890000123 ], [ 92.093690762000165, 21.921912536000036 ], [ 92.093894422000119, 21.921941549000053 ], [ 92.094062714000188, 21.922074860000123 ], [ 92.094035715000189, 21.922544775 ], [ 92.093976842000188, 21.923109917999966 ], [ 92.093948028000113, 21.923455695000087 ], [ 92.093952619000049, 21.92376943700009 ], [ 92.093956283000182, 21.924019982000118 ], [ 92.093994280000061, 21.924301693000075 ], [ 92.094167922, 21.924676496000131 ], [ 92.094237473000192, 21.924799772000028 ], [ 92.094474258000162, 21.924859969000124 ], [ 92.094776324000065, 21.924792908000143 ], [ 92.09504363200017, 21.924665338000068 ], [ 92.095513505000042, 21.924532923000015 ], [ 92.095710902000121, 21.92421660499997 ], [ 92.095873684000082, 21.923808165000139 ], [ 92.096337888000164, 21.923330417000045 ], [ 92.096601198000087, 21.922889092 ], [ 92.096964116000095, 21.922351677000051 ], [ 92.097161045000121, 21.92200375800013 ], [ 92.097258831000033, 21.92178352500008 ], [ 92.097358438000015, 21.921687441000131 ], [ 92.097694362000141, 21.921619941000074 ], [ 92.098031211000034, 21.921615643000052 ], [ 92.098569621000138, 21.921579421999979 ], [ 92.099008359000038, 21.92163477500003 ], [ 92.099415119000128, 21.921819216000131 ], [ 92.09965418500019, 21.922035147000145 ], [ 92.099927121, 21.92225064500002 ], [ 92.100198988000045, 21.922434551000151 ], [ 92.10044064300007, 21.922496930000079 ], [ 92.101284777999979, 21.922716916000127 ], [ 92.101349011000082, 21.922733655 ], [ 92.101429023000151, 21.922762231000092 ], [ 92.102026394000063, 21.922975583000152 ], [ 92.102773695000167, 21.923406251000074 ], [ 92.103386569000065, 21.923867983000093 ], [ 92.103964358000042, 21.924205994999966 ], [ 92.104504600000155, 21.924293897000155 ], [ 92.105010184000037, 21.924287424000056 ], [ 92.105447105000053, 21.924218616000076 ], [ 92.105783495000196, 21.924182700000131 ], [ 92.106257365000147, 21.924364007000122 ], [ 92.106428885000128, 21.924551443000155 ], [ 92.106534500000066, 21.924863889000051 ], [ 92.106542341000079, 21.925396573000114 ], [ 92.106423159000144, 21.926463665000085 ], [ 92.106333691000032, 21.927248184000064 ], [ 92.106339704999982, 21.927656726000123 ], [ 92.106277624000086, 21.928000670000188 ], [ 92.106319192000171, 21.928564522000102 ], [ 92.106702389000191, 21.929406195000013 ], [ 92.106983226000068, 21.930156617000137 ], [ 92.107462669000199, 21.930714860000023 ], [ 92.108040032000076, 21.931021253000097 ], [ 92.108617362000075, 21.931325387000186 ], [ 92.110847548000038, 21.931768585999976 ], [ 92.111726057000169, 21.931944677999979 ], [ 92.112502667000115, 21.93206111700016 ], [ 92.112755779999986, 21.932109438000111 ], [ 92.112901003000047, 21.932137162000117 ], [ 92.113887587000136, 21.932325502000083 ], [ 92.114530699000056, 21.932536212000116 ], [ 92.115952401000072, 21.932955876 ], [ 92.116563520000113, 21.933293409000157 ], [ 92.117311348000158, 21.933753345000184 ], [ 92.11761495900015, 21.933749432000127 ], [ 92.117983727000137, 21.933652119000158 ], [ 92.118236620000175, 21.933409561000133 ], [ 92.118282555000178, 21.933366075000094 ], [ 92.118482354000093, 21.933173866000118 ], [ 92.118748716000084, 21.932983057000058 ], [ 92.118914212000107, 21.932761942000127 ], [ 92.119044765000183, 21.932509673000141 ], [ 92.119109225000159, 21.932287602000144 ], [ 92.119271808, 21.931910751000146 ], [ 92.11930009200006, 21.931533378999973 ], [ 92.119294977000095, 21.931188042000088 ], [ 92.119290798000179, 21.930905904000042 ], [ 92.119153154000173, 21.930720304000147 ], [ 92.118881248000037, 21.930536432 ], [ 92.118610579000119, 21.930476711000154 ], [ 92.118004581000093, 21.930484520000164 ], [ 92.117735313000196, 21.930519599000149 ], [ 92.117432313000165, 21.930523501000096 ], [ 92.117361338000023, 21.93030543499998 ], [ 92.117291400000113, 21.930116701000031 ], [ 92.117186693000065, 21.929867464000097 ], [ 92.117150051000067, 21.92968055900019 ], [ 92.117045348000033, 21.929431322000084 ], [ 92.117010543000049, 21.929368558000192 ], [ 92.116806242000109, 21.929215419000059 ], [ 92.116703841000117, 21.929121923000139 ], [ 92.11653477700014, 21.929060886000116 ], [ 92.116265043, 21.929064360000098 ], [ 92.115995915000155, 21.929067824000185 ], [ 92.115624250000053, 21.929009400000155 ], [ 92.115321252000172, 21.929013298000086 ], [ 92.114983022000104, 21.928925091 ], [ 92.114745289000041, 21.928801728 ], [ 92.11437315500018, 21.928711702000044 ], [ 92.113997961000052, 21.928373379 ], [ 92.113891392000198, 21.927997741000183 ], [ 92.113849656000127, 21.927465496000139 ], [ 92.113744023000152, 21.927153056 ], [ 92.113673055000163, 21.926934986000106 ], [ 92.113604525000142, 21.926841051000054 ], [ 92.113536461000194, 21.926778715000069 ], [ 92.113365428000179, 21.92662514400007 ], [ 92.113095372000032, 21.926565403000154 ], [ 92.113092605000077, 21.926378062000026 ], [ 92.113156036000078, 21.92612665900009 ], [ 92.113422962000129, 21.925933593000138 ], [ 92.113623123000082, 21.925806856 ], [ 92.114022008000177, 21.925456320000137 ], [ 92.114656749000176, 21.925102751000111 ], [ 92.115227627000138, 21.92497124199997 ], [ 92.115696540000158, 21.924775572000158 ], [ 92.115963827000144, 21.924647967000169 ], [ 92.116094985000188, 21.924395692000132 ], [ 92.11615840800016, 21.92414428800015 ], [ 92.11615470300012, 21.923893749000115 ], [ 92.116050905000066, 21.923705450000057 ], [ 92.115779952000139, 21.923584775000108 ], [ 92.115609355000117, 21.923460547000104 ], [ 92.115068680000093, 21.923343337 ], [ 92.114897755000072, 21.923155904000055 ], [ 92.114592472000083, 21.923004061000029 ], [ 92.114286549000099, 21.922849967000047 ], [ 92.113915537000139, 21.922793786000113 ], [ 92.113306166000086, 21.922611984000184 ], [ 92.112899423000101, 21.922429836000049 ], [ 92.112793798000155, 21.92211739600009 ], [ 92.11282059500013, 21.921679086999973 ], [ 92.112846132000186, 21.921114372999966 ], [ 92.11290600000018, 21.920580821000044 ], [ 92.112931831000083, 21.920077055000149 ], [ 92.112824842000066, 21.919672072000083 ], [ 92.11271828800011, 21.919296431000191 ], [ 92.11264699600008, 21.919015153000032 ], [ 92.112406984000131, 21.918736043000024 ], [ 92.112269362000063, 21.9185504350001 ], [ 92.112065050000069, 21.918395029000067 ], [ 92.111589656000149, 21.918150547000096 ], [ 92.111349648000044, 21.917871435000052 ], [ 92.111277895000057, 21.917558558000053 ], [ 92.111339030000011, 21.917151414000102 ], [ 92.11153685000005, 21.916866681000045 ], [ 92.111804695000103, 21.916736815000149 ], [ 92.112173565000091, 21.916607915000156 ], [ 92.112408012000174, 21.916510084000151 ], [ 92.112641420000159, 21.916382920000103 ], [ 92.112808274000088, 21.916254355000035 ], [ 92.112804111000173, 21.915972214000021 ], [ 92.112731751000069, 21.915659345 ], [ 92.112725756000032, 21.915253063000137 ], [ 92.113026995000155, 21.91509116400016 ], [ 92.1133313630001, 21.915182069000139 ], [ 92.113503175000119, 21.915430448000166 ], [ 92.113774715000034, 21.915551123000114 ], [ 92.113910503000056, 21.915612589000034 ], [ 92.114313992000177, 21.915575798000134 ], [ 92.114784313000087, 21.915477189000057 ], [ 92.11518640100013, 21.915345594000087 ], [ 92.115566208000189, 21.915109547000156 ], [ 92.115854062000039, 21.914930647000119 ], [ 92.116491521000114, 21.914764414000103 ], [ 92.117229536000139, 21.914567539000075 ], [ 92.118000010000117, 21.914275423000049 ], [ 92.118366062000064, 21.913956909000035 ], [ 92.118594488000099, 21.913452791000054 ], [ 92.118584269000053, 21.912762114000031 ], [ 92.118509128000142, 21.912261908000175 ], [ 92.118261843000198, 21.911450121000087 ], [ 92.118252562000066, 21.910822642000142 ], [ 92.118209884000066, 21.910227199000133 ], [ 92.118169078000108, 21.909758156000123 ], [ 92.118277876000036, 21.909547897000095 ], [ 92.118365472000164, 21.909378613000115 ], [ 92.118761667000172, 21.908809125000062 ], [ 92.119195292000086, 21.908521345000054 ], [ 92.120534995000185, 21.908034511999972 ], [ 92.121303088000047, 21.907584385000121 ], [ 92.121972097000082, 21.907264217000147 ], [ 92.122944488000144, 21.906969475999972 ], [ 92.123411491000127, 21.90664965000019 ], [ 92.123676062000129, 21.906300830000077 ], [ 92.124001725000142, 21.905544863000159 ], [ 92.124163555000052, 21.905290257000047 ], [ 92.124363422000158, 21.904975808000074 ], [ 92.125198739000041, 21.904493194999986 ], [ 92.125665126000172, 21.904173368999977 ], [ 92.126397645000111, 21.90357017000008 ], [ 92.127196167000136, 21.902932251000152 ], [ 92.128064283000185, 21.902419851000047 ], [ 92.128733219000139, 21.90209739800008 ], [ 92.129268250000052, 21.90183988900003 ], [ 92.129776064000168, 21.901989084000036 ], [ 92.130556240000033, 21.902355991000093 ], [ 92.131132919000095, 21.902662319000058 ], [ 92.131711112000062, 21.903029578000144 ], [ 92.133064391000175, 21.903420650000157 ], [ 92.133641214000022, 21.903695361000075 ], [ 92.133986910000033, 21.903922442000123 ], [ 92.13438939800011, 21.904186827000046 ], [ 92.135035664000156, 21.904616403999967 ], [ 92.13554678800017, 21.904986772000086 ], [ 92.136464500000045, 21.905570846000103 ], [ 92.137007947000143, 21.905877581000141 ], [ 92.137886446000095, 21.906021936000116 ], [ 92.138386306000086, 21.906040115999986 ], [ 92.138526666000132, 21.90604522100017 ], [ 92.139604671000086, 21.906062805000033 ], [ 92.140382059999979, 21.906240066 ], [ 92.141124678000153, 21.906356823000181 ], [ 92.142098428000111, 21.906156771000155 ], [ 92.142569605000062, 21.906119029000024 ], [ 92.142620950000151, 21.906136818 ], [ 92.14317876400014, 21.906330073000106 ], [ 92.14382566900008, 21.906759602000022 ], [ 92.144034220000037, 21.907197100000189 ], [ 92.144275654000126, 21.907568702 ], [ 92.144855216999986, 21.908064572000171 ], [ 92.145633569000097, 21.908305003000066 ], [ 92.146075115000031, 21.908549826000183 ], [ 92.146687261000068, 21.908918845000073 ], [ 92.146903370000075, 21.908947222 ], [ 92.147328406000099, 21.909003032000044 ], [ 92.148065388000134, 21.908742823000068 ], [ 92.148362844000076, 21.908332588000121 ], [ 92.148927322000077, 21.907821788000149 ], [ 92.149109646000056, 21.907694886000115 ], [ 92.149294232000045, 21.907566409000083 ], [ 92.150000758000033, 21.907493965000128 ], [ 92.150776772000143, 21.907578636000096 ], [ 92.151755702000116, 21.907723856000075 ], [ 92.152666874000033, 21.907867703000136 ], [ 92.153781566000077, 21.908072088999972 ], [ 92.154175493000082, 21.908179187000144 ], [ 92.154464442000062, 21.908257743000092 ], [ 92.154660908000153, 21.908311155000035 ], [ 92.155506081, 21.908489712000176 ], [ 92.156149128000038, 21.908700262000025 ], [ 92.156793128000174, 21.908974006000108 ], [ 92.156966560000171, 21.909285524000097 ], [ 92.157108345000097, 21.909784832000071 ], [ 92.157482792000053, 21.910030502000097 ], [ 92.158700769, 21.910398726000039 ], [ 92.158971349000012, 21.910480528000051 ], [ 92.159916567000096, 21.910594538000055 ], [ 92.160391782000033, 21.910904347000042 ], [ 92.160528593000095, 21.910992850000184 ], [ 92.161198910000053, 21.910765065000078 ], [ 92.162134659000117, 21.910251599000048 ], [ 92.162634834000187, 21.909931232000076 ], [ 92.163238501000137, 21.90973592000006 ], [ 92.163407557000085, 21.909796909000079 ], [ 92.163512322000145, 21.910046110000167 ], [ 92.163550447000034, 21.910327797000093 ], [ 92.163590448000036, 21.910733619000098 ], [ 92.163596884000015, 21.911019668000051 ], [ 92.163732735000167, 21.91126451800011 ], [ 92.164107197000078, 21.911510171000089 ], [ 92.164513040000145, 21.911631250000028 ], [ 92.165083769000034, 21.911497319000091 ], [ 92.165327108000042, 21.911430905000088 ], [ 92.165553549000037, 21.911366973000099 ], [ 92.165886094000086, 21.911080405000064 ], [ 92.166319619000149, 21.910792507 ], [ 92.166418246000035, 21.910635444000093 ], [ 92.166478230000052, 21.910162834000062 ], [ 92.166541687000063, 21.909879814000078 ], [ 92.166905125000085, 21.909437070000024 ], [ 92.167509707000022, 21.909302684000124 ], [ 92.168079500000033, 21.909107802000165 ], [ 92.168752508000125, 21.909098931000074 ], [ 92.169058414000176, 21.909250662999966 ], [ 92.169295068000054, 21.909342356000025 ], [ 92.169635192000158, 21.90955684700009 ], [ 92.169904878000068, 21.909553288000097 ], [ 92.170308804000115, 21.909547959000065 ], [ 92.170511245000057, 21.909576892000075 ], [ 92.170682345000159, 21.909732658000166 ], [ 92.170853764000071, 21.909949371999971 ], [ 92.171433036000053, 21.910379678000083 ], [ 92.171941870000012, 21.910591935000127 ], [ 92.17248303700012, 21.91074281200008 ], [ 92.173158539000042, 21.910858048000023 ], [ 92.173898795000014, 21.910816659999966 ], [ 92.174302723000039, 21.91081132000005 ], [ 92.174876317000098, 21.910866946000056 ], [ 92.17511594900003, 21.91111435900018 ], [ 92.175627065000015, 21.911516202000143 ], [ 92.175668541000107, 21.912016812000161 ], [ 92.175675228000046, 21.912456933000044 ], [ 92.175915788000054, 21.912765284000102 ], [ 92.176058285000181, 21.913266817000135 ], [ 92.176266904000101, 21.913702009000076 ], [ 92.176454418, 21.913872089000108 ], [ 92.176529687000084, 21.91394036000014 ], [ 92.176676571000201, 21.914073587000075 ], [ 92.176848611000196, 21.914290282000138 ], [ 92.176888525000152, 21.914727707 ], [ 92.176490317000059, 21.915109978000089 ], [ 92.175922914000068, 21.915462881999986 ], [ 92.175493684000116, 21.916032933 ], [ 92.175315875000024, 21.916189487000167 ], [ 92.175107583000056, 21.916372880000154 ], [ 92.175061571000128, 21.916413392000152 ], [ 92.174561886999982, 21.91676539600013 ], [ 92.173990668000101, 21.916867762000095 ], [ 92.173485133000099, 21.916874446000065 ], [ 92.173179329, 21.916691117000084 ], [ 92.172905473000071, 21.91638094700005 ], [ 92.172564849000139, 21.916134865000117 ], [ 92.172260328999982, 21.916075679000187 ], [ 92.171957850000126, 21.91611128 ], [ 92.1717601590002, 21.916396077000059 ], [ 92.171763001000045, 21.91658341100009 ], [ 92.171834404000037, 21.916864655999973 ], [ 92.171871109000108, 21.917051541000092 ], [ 92.171776800000032, 21.917492995000032 ], [ 92.17134850400015, 21.91812623300018 ], [ 92.170820143000014, 21.91882174400007 ], [ 92.170655227000054, 21.919074504000037 ], [ 92.17028893600002, 21.91932991900012 ], [ 92.170021625000061, 21.919491473000164 ], [ 92.169785785000045, 21.919494584000176 ], [ 92.16921419900001, 21.919533733000094 ], [ 92.169047362000185, 21.919660094 ], [ 92.168814838000117, 21.919882138000105 ], [ 92.16871908100012, 21.920228800000189 ], [ 92.16885916800004, 21.920572348000178 ], [ 92.16903107700017, 21.920820660000118 ], [ 92.169105443000092, 21.921257630000014 ], [ 92.169109718000186, 21.92153976100019 ], [ 92.168912014000171, 21.92182455700015 ], [ 92.168745209000122, 21.921953174 ], [ 92.168378909000182, 21.922208587000114 ], [ 92.167909130000112, 21.922341204000134 ], [ 92.167505168000105, 21.922346530000084 ], [ 92.167067342000109, 21.922352304000185 ], [ 92.166932964000182, 21.922385679 ], [ 92.166906208000114, 21.922855590000097 ], [ 92.166912358000104, 21.923261855000021 ], [ 92.166819466000049, 21.923798106000106 ], [ 92.166557337000086, 21.924302726000064 ], [ 92.166294855000046, 21.924744137000118 ], [ 92.165729745000192, 21.92525274500008 ], [ 92.165533463000145, 21.925632335000046 ], [ 92.16547878200015, 21.926095839000027 ], [ 92.165473919000192, 21.926134280000099 ], [ 92.165582495000081, 21.926634013000182 ], [ 92.165688716000091, 21.926978009000038 ], [ 92.165936904000034, 21.927789693000022 ], [ 92.166010216000075, 21.928197332000082 ], [ 92.166318907000118, 21.928570266000065 ], [ 92.166558079000197, 21.928786091000063 ], [ 92.166699572000084, 21.929222176000167 ], [ 92.166675205999979, 21.929850081000154 ], [ 92.166315991000033, 21.930574955999987 ], [ 92.166253487000176, 21.930921176000027 ], [ 92.166315293000139, 21.93140025200006 ], [ 92.166330244000051, 21.931516139000166 ], [ 92.166505003000054, 21.931951787000173 ], [ 92.166667403000133, 21.932410175000086 ], [ 92.166481116000114, 21.932611289000192 ], [ 92.166161053000167, 21.932741449000105 ], [ 92.166079516000082, 21.932774608000102 ], [ 92.16594817400005, 21.932889215000102 ], [ 92.165895518000127, 21.933126942000115 ], [ 92.16561734000004, 21.933211880000044 ], [ 92.165410987000143, 21.933126558000083 ], [ 92.165139024999974, 21.932942771000057 ], [ 92.164597203000085, 21.932794139 ], [ 92.164392818000181, 21.93263880700016 ], [ 92.163985991000175, 21.932456794000075 ], [ 92.163849692000156, 21.932363774000066 ], [ 92.163340915000106, 21.932119890000138 ], [ 92.162871098000039, 21.932252494000068 ], [ 92.16270208800006, 21.93235630700002 ], [ 92.162503680000157, 21.932476306000126 ], [ 92.162271253000199, 21.932666737000147 ], [ 92.162138774000198, 21.932826505000037 ], [ 92.161739241000078, 21.933086858000024 ], [ 92.161675095000078, 21.933365375000051 ], [ 92.161776055000075, 21.933641718000104 ], [ 92.16255839500019, 21.933854916000143 ], [ 92.162897616000066, 21.934006218000036 ], [ 92.163236870000105, 21.934159777000048 ], [ 92.163474614000052, 21.93428080800004 ], [ 92.163548881000054, 21.934751646999985 ], [ 92.163452148000147, 21.935035105000168 ], [ 92.163253460000021, 21.935256699000035 ], [ 92.163123815000063, 21.935603803000163 ], [ 92.163126646000194, 21.935791134000112 ], [ 92.163233350000155, 21.936166732000117 ], [ 92.163416767000115, 21.937135040000101 ], [ 92.163391911000019, 21.937731343000166 ], [ 92.163262744000122, 21.938110044000155 ], [ 92.16333710400005, 21.938547019000168 ], [ 92.163609554000175, 21.938762410000095 ], [ 92.163648649000152, 21.939107289000162 ], [ 92.163384608000058, 21.939487768999982 ], [ 92.163052954000136, 21.939837530999966 ], [ 92.162451644000157, 21.940156979000108 ], [ 92.161797962000037, 21.940277410000078 ], [ 92.161712660000092, 21.940293125000039 ], [ 92.161141814000132, 21.9404270550001 ], [ 92.160805377000088, 21.940460827000038 ], [ 92.160304144000065, 21.940718001 ], [ 92.16020918300012, 21.941159460000051 ], [ 92.160158652000121, 21.94132484000005 ], [ 92.160112917000163, 21.941474519000053 ], [ 92.159980046000101, 21.941568823000068 ], [ 92.159983388000171, 21.941790013000059 ], [ 92.160020916000121, 21.942071706000036 ], [ 92.159921308000037, 21.942165575000047 ], [ 92.159723082000141, 21.942418761000056 ], [ 92.15969207500018, 21.942608798000037 ], [ 92.159829780000109, 21.942794359 ], [ 92.16016857700015, 21.942916324000066 ], [ 92.160376726000038, 21.943319934999977 ], [ 92.160424909000199, 21.943466038999986 ], [ 92.160447776000069, 21.943537978 ], [ 92.160749305000081, 21.943635600000107 ], [ 92.160758405000081, 21.94375738500014 ], [ 92.160559219000163, 21.944227305000084 ], [ 92.16056774700013, 21.94479156500006 ], [ 92.160737800000106, 21.944915748000142 ], [ 92.160941691000176, 21.94503722900015 ], [ 92.161818443000072, 21.945088902000066 ], [ 92.162528930000121, 21.945266923000133 ], [ 92.163136885000085, 21.945385336000072 ], [ 92.163679230000071, 21.945565563000173 ], [ 92.164019310000185, 21.945811665000122 ], [ 92.164461004000145, 21.946056425000108 ], [ 92.164869433000092, 21.946301623000124 ], [ 92.165176251000048, 21.946548162 ], [ 92.165417847000128, 21.946921977000159 ], [ 92.165690317000156, 21.947137360999989 ], [ 92.16720856500018, 21.947243753000123 ], [ 92.167816050000056, 21.947330550000117 ], [ 92.168827181000154, 21.947346547999985 ], [ 92.169262243000105, 21.947153433000096 ], [ 92.16952583300008, 21.946743604 ], [ 92.169960857000149, 21.946548227000108 ], [ 92.170536834000131, 21.946791197000152 ], [ 92.171106287999976, 21.946564697000042 ], [ 92.171512718000031, 21.946717348000163 ], [ 92.17172194800014, 21.946802076000097 ], [ 92.172258978000173, 21.947019011000179 ], [ 92.172865024000032, 21.947010994000152 ], [ 92.173168529000179, 21.94703858500003 ], [ 92.174039237000102, 21.946652320000112 ], [ 92.174459215000013, 21.94632965500017 ], [ 92.174538539000196, 21.946268711000073 ], [ 92.174904528000184, 21.945950076000088 ], [ 92.175034026000105, 21.945634572000131 ], [ 92.175131222000118, 21.945382705000156 ], [ 92.175161761000084, 21.945163326 ], [ 92.175154138000096, 21.944662268000116 ], [ 92.175062892000142, 21.944360416 ], [ 92.175012085000105, 21.944192336000128 ], [ 92.174868303000153, 21.943568918000096 ], [ 92.174689053000066, 21.942880504000129 ], [ 92.174715781000145, 21.942410593000091 ], [ 92.174979671000131, 21.942061707000164 ], [ 92.175280919000159, 21.941901952000023 ], [ 92.175750145000109, 21.941769319000116 ], [ 92.176221417000193, 21.941731473 ], [ 92.176595981999981, 21.94197708900009 ], [ 92.176735509000082, 21.942320635999977 ], [ 92.177012403000106, 21.942786521000073 ], [ 92.177187243000162, 21.943224409999971 ], [ 92.177397490000033, 21.943722782 ], [ 92.177535575000036, 21.943971531999978 ], [ 92.177604789000043, 21.944034520000059 ], [ 92.177706726000054, 21.944127287000185 ], [ 92.177911110000082, 21.944280344000163 ], [ 92.1785158200002, 21.944145905000141 ], [ 92.178953264000199, 21.944110756000157 ], [ 92.179189950000023, 21.944200175000162 ], [ 92.179360621000058, 21.944324326000071 ], [ 92.179899035000176, 21.94428557700013 ], [ 92.18006094600014, 21.94387482500008 ], [ 92.18022446100008, 21.94352952100013 ], [ 92.180625587000065, 21.943334570000047 ], [ 92.181100236000191, 21.943517895000014 ], [ 92.181473366000148, 21.943668704000174 ], [ 92.181776379000098, 21.94366468200019 ], [ 92.182146529000136, 21.943659763000028 ], [ 92.182185186000083, 21.943973040000117 ], [ 92.182222397000032, 21.944191516999979 ], [ 92.182592547000127, 21.944186602 ], [ 92.182829876000142, 21.944278259000043 ], [ 92.183236395000108, 21.944397018000018 ], [ 92.183570902000156, 21.944236805000173 ], [ 92.183906820000061, 21.944169132000184 ], [ 92.184174517000088, 21.944070758 ], [ 92.184413775000166, 21.944288808000124 ], [ 92.184521954000161, 21.944756923000057 ], [ 92.1849651240002, 21.945096421000073 ], [ 92.185203385000136, 21.945249017000094 ], [ 92.185611237000103, 21.945494168000039 ], [ 92.185816147000196, 21.945681070000035 ], [ 92.185885302000145, 21.945772705000081 ], [ 92.185957718999987, 21.946117135000179 ], [ 92.185826674999987, 21.94636945700006 ], [ 92.18552700000015, 21.946592418000137 ], [ 92.185228295000059, 21.946878575000085 ], [ 92.185064344000068, 21.947194543000137 ], [ 92.185068174000037, 21.947445073000097 ], [ 92.18524171700011, 21.947756549000076 ], [ 92.186190417000091, 21.948120922000101 ], [ 92.186667472000011, 21.948459963 ], [ 92.187011067000128, 21.948893337000186 ], [ 92.187390467000057, 21.949452647000101 ], [ 92.187529543000039, 21.949764582000057 ], [ 92.187804106000101, 21.950074714000152 ], [ 92.187940400000173, 21.950165452000192 ], [ 92.188380727000094, 21.950317607000045 ], [ 92.18898868000008, 21.950433665999981 ], [ 92.189494331000049, 21.950426926000148 ], [ 92.189933204000056, 21.950484282000104 ], [ 92.190207805000114, 21.950553811000077 ], [ 92.190246584000022, 21.950563628999987 ], [ 92.190406314000143, 21.950604388999977 ], [ 92.190879998000071, 21.950722230000054 ], [ 92.191016815000069, 21.950846825000156 ], [ 92.191254608000122, 21.950967812000158 ], [ 92.191897441000151, 21.951148858000181 ], [ 92.192674152000166, 21.951262651000093 ], [ 92.193751987000098, 21.951248254000063 ], [ 92.194359618000192, 21.951303345000099 ], [ 92.195167689000186, 21.951292544000182 ], [ 92.195977825000057, 21.951376527000093 ], [ 92.196552035000138, 21.951461404000099 ], [ 92.196993829000121, 21.951708328000109 ], [ 92.197267324000052, 21.95198684900015 ], [ 92.197406056000034, 21.952235570000028 ], [ 92.197510432000115, 21.952453146000096 ], [ 92.197549615000071, 21.952798012000017 ], [ 92.197455824000031, 21.953268816000104 ], [ 92.197056001000078, 21.953587951000145 ], [ 92.196722462000139, 21.953811386000041 ], [ 92.195915833000072, 21.953916990000096 ], [ 92.195410173000141, 21.953923749000182 ], [ 92.195071813000027, 21.953833460999988 ], [ 92.194699732000061, 21.953714276000028 ], [ 92.194661979000045, 21.953461944000082 ], [ 92.194525192000015, 21.953339612000093 ], [ 92.194019167000192, 21.953283166000062 ], [ 92.193549807000068, 21.953447458000142 ], [ 92.19341683000016, 21.953573395000149 ], [ 92.193284490000053, 21.953701582 ], [ 92.193287365, 21.953888910000046 ], [ 92.193693802000155, 21.954039246000093 ], [ 92.194032164000078, 21.954129536999972 ], [ 92.19427093500002, 21.954313716000058 ], [ 92.19430853300014, 21.954595397000162 ], [ 92.194314807000126, 21.955003911000063 ], [ 92.194320111000195, 21.955349230000081 ], [ 92.194255846000146, 21.955537459000141 ], [ 92.194265969000185, 21.956196496000018 ], [ 92.19406779000019, 21.956449723000105 ], [ 92.193799925000178, 21.956577463000031 ], [ 92.193602230000067, 21.956862287000149 ], [ 92.193875848000118, 21.957109210000056 ], [ 92.194147443000134, 21.957263602000069 ], [ 92.194322795000062, 21.957520359000057 ], [ 92.194390554000108, 21.957729900000061 ], [ 92.194496871000069, 21.958073869000032 ], [ 92.194767614, 21.95813345900018 ], [ 92.195105952000119, 21.958221492000064 ], [ 92.195257777000165, 21.958254985999986 ], [ 92.195376093000164, 21.958281088000035 ], [ 92.195512436000172, 21.958374078000077 ], [ 92.195448173000102, 21.958562307000136 ], [ 92.195214699000132, 21.958723451000139 ], [ 92.195388613000148, 21.95909586200014 ], [ 92.195796675000167, 21.959311633000141 ], [ 92.195804379000094, 21.959812685000031 ], [ 92.195809200000042, 21.960126406000143 ], [ 92.195981694000125, 21.960406279000097 ], [ 92.19625917500008, 21.960903720000147 ], [ 92.196399707000126, 21.961308183000142 ], [ 92.196440349000113, 21.96174784100009 ], [ 92.196750618000124, 21.962213238000118 ], [ 92.196824649000121, 21.962620845 ], [ 92.196895644000051, 21.962870472000134 ], [ 92.197035847, 21.963213987000074 ], [ 92.197404216000052, 21.96305103200018 ], [ 92.197974987000123, 21.962948580000045 ], [ 92.198547370000142, 21.962911566000173 ], [ 92.198919593000085, 21.962999137000054 ], [ 92.199425652000116, 21.963055564 ], [ 92.199896009000042, 21.962954449999984 ], [ 92.200165673000186, 21.962982439000086 ], [ 92.200440289000142, 21.96329254200009 ], [ 92.200713931000053, 21.963539450000098 ], [ 92.201020357000175, 21.963754312999981 ], [ 92.201191438000023, 21.963941644000158 ], [ 92.201465571000085, 21.964220148000095 ], [ 92.201534629000093, 21.964343383000084 ], [ 92.201811687000088, 21.964811471000075 ], [ 92.202119089000121, 21.965089529000181 ], [ 92.202455044000146, 21.965021811000099 ], [ 92.202892993000034, 21.965015934 ], [ 92.203234274000124, 21.965293534000068 ], [ 92.203441639000175, 21.965636137000104 ], [ 92.203817250000043, 21.965942623000046 ], [ 92.204295262000187, 21.966376403000083 ], [ 92.204237317000093, 21.966973146000157 ], [ 92.20464526100011, 21.967218243000104 ], [ 92.20488455800006, 21.967433997000171 ], [ 92.205259235000085, 21.967679541000052 ], [ 92.205428865999977, 21.967772073000106 ], [ 92.205741734000128, 21.968363833000183 ], [ 92.206018173000189, 21.968829664000111 ], [ 92.206624414000146, 21.968789909000122 ], [ 92.207162414000095, 21.968719468000018 ], [ 92.207600861, 21.968745173000116 ], [ 92.207905878000133, 21.968867487000125 ], [ 92.207947012000147, 21.969336479000049 ], [ 92.20818815500013, 21.96971022800011 ], [ 92.208225415000186, 21.969928697000171 ], [ 92.208602550000023, 21.970332216000088 ], [ 92.209011, 21.970608897000147 ], [ 92.209183160000123, 21.970825551000132 ], [ 92.2095263920001, 21.971227268000064 ], [ 92.209999093000022, 21.971315716999982 ], [ 92.211044285000185, 21.971333241000025 ], [ 92.211683804000074, 21.971293017000107 ], [ 92.212226183000098, 21.971504678000088 ], [ 92.212801984000066, 21.971686539000132 ], [ 92.213513024000065, 21.97192752400008 ], [ 92.213818622000133, 21.972047558999975 ], [ 92.214392348, 21.972134628000163 ], [ 92.214764640000055, 21.972224417000064 ], [ 92.215072085000031, 21.972502444000042 ], [ 92.215075481000156, 21.972721370000045 ], [ 92.215317218000166, 21.973092840000049 ], [ 92.215660012000114, 21.973465201000067 ], [ 92.215899826000054, 21.973712536000164 ], [ 92.216006698000172, 21.97408808400013 ], [ 92.216048354000066, 21.97458866900007 ], [ 92.216052419000164, 21.974850551000088 ], [ 92.216054205000091, 21.974965581 ], [ 92.215993740000158, 21.975435941000057 ], [ 92.21576570700006, 21.975908564000122 ], [ 92.215502732000061, 21.976352312000074 ], [ 92.215206453000121, 21.976794254000083 ], [ 92.214910547000159, 21.977299398000127 ], [ 92.214473545000089, 21.977368505000072 ], [ 92.214444160000198, 21.977619477000019 ], [ 92.214043335000156, 21.977875460000178 ], [ 92.213603425000031, 21.977757239000084 ], [ 92.21296678300007, 21.97798479700009 ], [ 92.212397780000174, 21.97824304400001 ], [ 92.212232544000187, 21.978434897 ], [ 92.211932365000109, 21.978626312000131 ], [ 92.211631091000072, 21.9787861370001 ], [ 92.211531532000095, 21.978882291000104 ], [ 92.211470678000012, 21.979289447000042 ], [ 92.211643228000071, 21.97956929999998 ], [ 92.211749724000185, 21.979881647000184 ], [ 92.211755076000088, 21.980226961000142 ], [ 92.211863380000182, 21.980695047000154 ], [ 92.212001109000141, 21.980914417000179 ], [ 92.212004504000163, 21.981133340000099 ], [ 92.211811191000038, 21.981700304000071 ], [ 92.211825005000151, 21.981810731999985 ], [ 92.211849932000121, 21.982013565000159 ], [ 92.211819937000087, 21.982264545000135 ], [ 92.211623719000158, 21.982644181000126 ], [ 92.211864030000072, 21.982923119000134 ], [ 92.211969890000148, 21.983233216000087 ], [ 92.211740773000088, 21.983676503000083 ], [ 92.211644605000117, 21.983991582000158 ], [ 92.211140882999985, 21.984090927000125 ], [ 92.210333987000013, 21.984228219000101 ], [ 92.20952900900005, 21.984489641000039 ], [ 92.209269021000011, 21.9850891050001 ], [ 92.209039368000106, 21.985498534000101 ], [ 92.208472281000184, 21.985883162000164 ], [ 92.207812892000049, 21.986833387000161 ], [ 92.207152029000042, 21.987688819000084 ], [ 92.206523080000125, 21.988417404000074 ], [ 92.205990346000078, 21.988833167000053 ], [ 92.205589104000126, 21.989025931000015 ], [ 92.205082345, 21.988969538000106 ], [ 92.20450614400005, 21.988726710000037 ], [ 92.203964564000159, 21.988609829000097 ], [ 92.203560425000035, 21.988615260000074 ], [ 92.203327370000181, 21.988805760000048 ], [ 92.203297476000046, 21.989025131000176 ], [ 92.203271335000068, 21.989526633000082 ], [ 92.203344314000162, 21.98990264400004 ], [ 92.203888220000067, 21.990209118000166 ], [ 92.204398854000033, 21.990516038000123 ], [ 92.204806872000063, 21.990761129000077 ], [ 92.205182590000049, 21.991069859000049 ], [ 92.205321871000137, 21.991350166000075 ], [ 92.205192747000069, 21.991726636000124 ], [ 92.204928247000055, 21.992075581000108 ], [ 92.204528461, 21.992363134000016 ], [ 92.2044965340001, 21.992489980000016 ], [ 92.204463467000153, 21.992621356000086 ], [ 92.204369357000189, 21.992992840000056 ], [ 92.204274634000058, 21.993402708000076 ], [ 92.20414708900006, 21.993842364000045 ], [ 92.204051271000139, 21.994220644000052 ], [ 92.204057061000071, 21.994595299000082 ], [ 92.204030586000101, 21.995035855000083 ], [ 92.204172276000122, 21.995471892000012 ], [ 92.204428330000155, 21.995633242000054 ], [ 92.204512662000013, 21.995686288000172 ], [ 92.204885383000033, 21.995839295000167 ], [ 92.205225281000139, 21.996022091000157 ], [ 92.205331174000094, 21.996334449000074 ], [ 92.205301166000083, 21.996585428000174 ], [ 92.205422711000097, 21.997870528000078 ], [ 92.205428017000031, 21.99821358600002 ], [ 92.205294069000104, 21.99827859800007 ], [ 92.205058105000148, 21.998281771000109 ], [ 92.204928032000112, 21.998597302000178 ], [ 92.205405795000104, 21.998967868000079 ], [ 92.205678427000123, 21.999183171000084 ], [ 92.205850622000071, 21.999399825000069 ], [ 92.205754432000106, 21.999714904000086 ], [ 92.205486501000053, 21.999842664000028 ], [ 92.205017615000145, 22.000006993 ], [ 92.204920819000165, 22.000322078000067 ], [ 92.205531068000084, 22.000532838000083 ], [ 92.206274210000117, 22.000649256000145 ], [ 92.206915784000103, 22.000733171000036 ], [ 92.207286679000163, 22.000728179000191 ], [ 92.207922454000084, 22.000437439999985 ], [ 92.208460571000103, 22.000366983000106 ], [ 92.209102182000152, 22.00045314900018 ], [ 92.209611395000138, 22.000665255000115 ], [ 92.209882600000071, 22.000788015000126 ], [ 92.210257868000042, 22.0010651340001 ], [ 92.210626803000082, 22.000933743000132 ], [ 92.210966266000014, 22.001087184000141 ], [ 92.211375307000026, 22.001395450000075 ], [ 92.211715223999988, 22.001578229000188 ], [ 92.212693363000199, 22.001628237000034 ], [ 92.213273144000141, 22.002058349000094 ], [ 92.214118320000068, 22.002236556000184 ], [ 92.214760889000047, 22.002383640000119 ], [ 92.215135186000168, 22.002597550000019 ], [ 92.215841171000079, 22.002463851000073 ], [ 92.216241451000144, 22.002207865000059 ], [ 92.216445471000156, 22.002329265000128 ], [ 92.216483247000099, 22.002579327000035 ], [ 92.21638560800011, 22.002799617000164 ], [ 92.216051539000091, 22.002993756000137 ], [ 92.21591952600005, 22.003182909000088 ], [ 92.215789474000132, 22.003498446000151 ], [ 92.215995949000103, 22.003777833000072 ], [ 92.216097485000148, 22.003808062000189 ], [ 92.216469368999981, 22.003866242000015 ], [ 92.216841217000194, 22.003922164000016 ], [ 92.21690838100011, 22.003921257000059 ], [ 92.217080140000178, 22.004108555000073 ], [ 92.217184099000178, 22.004294515000026 ], [ 92.217421434000187, 22.004417719000116 ], [ 92.217797183000073, 22.004724158000158 ], [ 92.218037545000072, 22.005003082000144 ], [ 92.218074872000045, 22.00522380600006 ], [ 92.218025326000031, 22.005419785000072 ], [ 92.217947741000103, 22.005726671000048 ], [ 92.217420811000011, 22.00651712399997 ], [ 92.216624995000075, 22.007374421000122 ], [ 92.215154248000147, 22.008146028000112 ], [ 92.214347712000063, 22.008314946000041 ], [ 92.213503972000069, 22.008231533000185 ], [ 92.212360894000142, 22.008436591000077 ], [ 92.21158918500015, 22.008665978000124 ], [ 92.210814566000124, 22.008708035000154 ], [ 92.210202919000039, 22.008370901000148 ], [ 92.210175584000183, 22.008364494000091 ], [ 92.209695111000087, 22.008251331000054 ], [ 92.209123569000099, 22.008353849000173 ], [ 92.208818955000083, 22.008263142000033 ], [ 92.208415251000076, 22.008300188000078 ], [ 92.208283254000094, 22.008491590000119 ], [ 92.20721467900006, 22.009131293 ], [ 92.206612637000148, 22.009453184000108 ], [ 92.206040226000141, 22.009460891000117 ], [ 92.205401393000102, 22.009595905000083 ], [ 92.20479848500014, 22.009822989000043 ], [ 92.204586678000112, 22.009198273000038 ], [ 92.20454842800018, 22.008916607000174 ], [ 92.20404077500018, 22.008767672000033 ], [ 92.203562003000172, 22.008333914000048 ], [ 92.203087629000152, 22.008184528000072 ], [ 92.202753493000046, 22.00837638600018 ], [ 92.202584791000106, 22.008347050000054 ], [ 92.202247760000034, 22.008351579000134 ], [ 92.202386565000097, 22.008600291000107 ], [ 92.202590617000055, 22.008723962000147 ], [ 92.20262679200016, 22.008910844000127 ], [ 92.202630176000071, 22.009129769000083 ], [ 92.202467742000124, 22.009509870000159 ], [ 92.202441649000036, 22.010010443000112 ], [ 92.201942709000093, 22.010425744000088 ], [ 92.201784526000097, 22.011116386000026 ], [ 92.201826190000133, 22.011619232000044 ], [ 92.201934984000104, 22.012118920000034 ], [ 92.201946934000034, 22.012148108000133 ], [ 92.202180183000053, 22.012711590000038 ], [ 92.202519143000188, 22.012831190000156 ], [ 92.202960169000107, 22.013014885000189 ], [ 92.203236328000116, 22.013417509000078 ], [ 92.203546747000132, 22.013882880000153 ], [ 92.203654118000031, 22.014290029000165 ], [ 92.203760024000132, 22.014602388000185 ], [ 92.203796809000039, 22.014789261000089 ], [ 92.203944727000192, 22.01566541 ], [ 92.204022695999981, 22.016323531000182 ], [ 92.203897464000136, 22.016952781000043 ], [ 92.20363883400006, 22.017644776000168 ], [ 92.203073044000121, 22.018121930000063 ], [ 92.202672578000033, 22.018409494000025 ], [ 92.202203140000108, 22.018542222000178 ], [ 92.201733092000097, 22.018674955000051 ], [ 92.200383890000182, 22.018629873000066 ], [ 92.199475206000159, 22.018734633 ], [ 92.198873223000192, 22.019024893000051 ], [ 92.198470460000124, 22.019125110000118 ], [ 92.197893534, 22.018882277000159 ], [ 92.197293682000122, 22.018739295000046 ], [ 92.197149360000083, 22.018704893000063 ], [ 92.196473296000079, 22.018587543000137 ], [ 92.196375308000142, 22.018800586000054 ], [ 92.196342703000028, 22.018871474000093 ], [ 92.196346288000086, 22.019103942000129 ], [ 92.196348027000113, 22.019216788000051 ], [ 92.196387241000195, 22.019561650000128 ], [ 92.196394479000048, 22.020031100000097 ], [ 92.196332030000121, 22.020377325000027 ], [ 92.196168638000131, 22.020693299000072 ], [ 92.196274503000097, 22.021003406000091 ], [ 92.196212539000101, 22.021381229000156 ], [ 92.196084008000071, 22.021759944000166 ], [ 92.195957762000091, 22.022325996000063 ], [ 92.195561250000139, 22.022832460000075 ], [ 92.194461057000126, 22.023630536000042 ], [ 92.193859896000049, 22.024015582000061 ], [ 92.193385597000145, 22.023834566 ], [ 92.192874855000184, 22.023527622000017 ], [ 92.192334205, 22.023440046000076 ], [ 92.191800817000114, 22.023824177000165 ], [ 92.191171645000111, 22.024552719000042 ], [ 92.19016188300003, 22.024661036 ], [ 92.18891416800011, 22.024646113000131 ], [ 92.188308060000054, 22.024710650000031 ], [ 92.187804765000067, 22.024848304000045 ], [ 92.187707551000187, 22.025100180000095 ], [ 92.1874445320002, 22.02551228800013 ], [ 92.186978743000111, 22.025924849000035 ], [ 92.186209317000021, 22.026312117000089 ], [ 92.185840287000076, 22.026443457000141 ], [ 92.185368865000157, 22.02644975000004 ], [ 92.184895864000168, 22.026392851000026 ], [ 92.184737065000093, 22.026379168000062 ], [ 92.18459218900017, 22.026365299000076 ], [ 92.184391516000176, 22.026462787000128 ], [ 92.184193565000044, 22.026776956000106 ], [ 92.184135047000041, 22.027342098000133 ], [ 92.184073655000077, 22.02771991200018 ], [ 92.183842450000043, 22.028036777000182 ], [ 92.183437104000063, 22.028010579000124 ], [ 92.182925554000064, 22.027611056000012 ], [ 92.182785305000095, 22.027267539000093 ], [ 92.182410130000051, 22.026958753000144 ], [ 92.182303775000037, 22.02661477800001 ], [ 92.182232153000143, 22.026365156000168 ], [ 92.182226377000177, 22.025988240000061 ], [ 92.182188164000138, 22.025706569000079 ], [ 92.181914058000189, 22.025396435 ], [ 92.181779591000179, 22.02542983100011 ], [ 92.181345774000079, 22.025717788000065 ], [ 92.18094536000018, 22.025973702999977 ], [ 92.180576812000197, 22.026136629000177 ], [ 92.1801720750002, 22.026110412000037 ], [ 92.180098525000176, 22.0257343990001 ], [ 92.180226774, 22.025294744000064 ], [ 92.18038794000006, 22.02479144400013 ], [ 92.1803802350002, 22.024288135000177 ], [ 92.180374498000162, 22.023913474000153 ], [ 92.180099310000116, 22.023571749000041 ], [ 92.179760337000062, 22.023452099999986 ], [ 92.179017568000177, 22.023367169000153 ], [ 92.178618121000056, 22.023686269999985 ], [ 92.178418744000169, 22.023907894000047 ], [ 92.178288230000021, 22.024160207000079 ], [ 92.178352786000062, 22.024299214999985 ], [ 92.178462233000118, 22.024534887000129 ], [ 92.178834130000098, 22.024590892000049 ], [ 92.17923837800015, 22.024585515000069 ], [ 92.179611277000163, 22.024706970000068 ], [ 92.179749578000155, 22.024924104000092 ], [ 92.179752932000099, 22.025143030000095 ], [ 92.179757733000031, 22.025456752000139 ], [ 92.179360583000062, 22.025965447000033 ], [ 92.178995470000132, 22.026313439000035 ], [ 92.178697925999984, 22.026725997000085 ], [ 92.178335228000037, 22.027231977000042 ], [ 92.178375246000144, 22.027671649000183 ], [ 92.178348661000143, 22.028109946000086 ], [ 92.178149398000073, 22.028299967000123 ], [ 92.177782739000065, 22.028587026000139 ], [ 92.177146774999983, 22.028877663000117 ], [ 92.176949442000137, 22.029194072000109 ], [ 92.177059620000193, 22.029788575000168 ], [ 92.177070629000127, 22.030508558000122 ], [ 92.177075429000126, 22.030822280000166 ], [ 92.176981093000165, 22.031263736000085 ], [ 92.176817077000067, 22.031451065000056 ], [ 92.176516705000097, 22.031771065000044 ], [ 92.175779655000042, 22.032063043000051 ], [ 92.175309983000091, 22.032225048000043 ], [ 92.175141133000125, 22.032227290000037 ], [ 92.17494093, 22.03235636800008 ], [ 92.174776995000059, 22.032640729000093 ], [ 92.174747896000042, 22.032954901000153 ], [ 92.174549106000086, 22.033176513000171 ], [ 92.174552933000143, 22.033427039000117 ], [ 92.174827042000175, 22.033737183000028 ], [ 92.17500020500006, 22.034017067000093 ], [ 92.175039374000164, 22.034361938000131 ], [ 92.175044652000054, 22.034707258000083 ], [ 92.174845253000171, 22.034928879000063 ], [ 92.174643597, 22.034963162000111 ], [ 92.174337974000025, 22.03480920200019 ], [ 92.173995148000074, 22.034439015000032 ], [ 92.173790597000163, 22.034283709000135 ], [ 92.173412919000157, 22.033850776000122 ], [ 92.173072927000078, 22.033665663000136 ], [ 92.17253179700009, 22.033548683000049 ], [ 92.172025486, 22.033492193000029 ], [ 92.171621212000161, 22.033497554000178 ], [ 92.171083779000185, 22.033662702000186 ], [ 92.170851696000057, 22.033884754000042 ], [ 92.170820177000053, 22.0340409370001 ], [ 92.170856927000045, 22.034227820000012 ], [ 92.170921054000132, 22.034315568000181 ], [ 92.170994175000033, 22.034415625 ], [ 92.171130102000177, 22.034477032000041 ], [ 92.171435203000101, 22.03459714600001 ], [ 92.171739500000172, 22.03462471500012 ], [ 92.171974443000124, 22.034589995999966 ], [ 92.172209027000179, 22.034492069000123 ], [ 92.172645784000167, 22.034393718000103 ], [ 92.172982402000173, 22.034357646000103 ], [ 92.173184542000172, 22.034354963000169 ], [ 92.173320949000185, 22.03444796600013 ], [ 92.173423914000068, 22.034570759000076 ], [ 92.173395902000095, 22.034916522000174 ], [ 92.173196983000025, 22.035169739000082 ], [ 92.173132183000178, 22.035326364000127 ], [ 92.173036385999978, 22.035673025000165 ], [ 92.172775077000153, 22.036240861000067 ], [ 92.17234599700015, 22.036842523000075 ], [ 92.172268443000121, 22.03695839400018 ], [ 92.171752969000124, 22.037728541000035 ], [ 92.171701851000137, 22.037887026000078 ], [ 92.171559919000117, 22.038327073000175 ], [ 92.171267084000135, 22.03905108500004 ], [ 92.170973438000033, 22.039682553000091 ], [ 92.170340750000094, 22.040192099000137 ], [ 92.169472013000018, 22.040704771000094 ], [ 92.168531824000127, 22.040938459000074 ], [ 92.167928588000166, 22.041197027000123 ], [ 92.166954465000117, 22.041428901000131 ], [ 92.166416640000079, 22.041530833000081 ], [ 92.165693279000038, 22.041851934000078 ], [ 92.165545958000166, 22.041917093000052 ], [ 92.164875531000064, 22.042176542000107 ], [ 92.164271355000153, 22.042374155 ], [ 92.163766754000051, 22.042392115000098 ], [ 92.163648195000121, 22.042398198000171 ], [ 92.163511685000174, 22.042418059999989 ], [ 92.16324443200017, 22.042518665999978 ], [ 92.162954419000073, 22.042635372000063 ], [ 92.162818373, 22.042714202000184 ], [ 92.162663380000083, 22.042804011000044 ], [ 92.162583344000041, 22.04299469700004 ], [ 92.162595533000058, 22.04315933100014 ], [ 92.162695217000135, 22.043225738000046 ], [ 92.16279135200017, 22.043337340000051 ], [ 92.162924964000013, 22.043405557000085 ], [ 92.163123981000069, 22.043475166000064 ], [ 92.16343629000005, 22.043471038000121 ], [ 92.163786958000117, 22.043561217 ], [ 92.163968468000064, 22.043673947000116 ], [ 92.164044949000072, 22.043727116000127 ], [ 92.164122638000038, 22.043780266000113 ], [ 92.164162435000037, 22.0438294060001 ], [ 92.164245831000187, 22.044050076000019 ], [ 92.164264303000095, 22.044098954 ], [ 92.164266936000047, 22.044351755000037 ], [ 92.164302811000084, 22.044441580000125 ], [ 92.164371801000129, 22.044519679000075 ], [ 92.164746153000181, 22.044733704000123 ], [ 92.165222180000058, 22.045025390000092 ], [ 92.165478509000195, 22.045240972000158 ], [ 92.165615406000086, 22.04536558000018 ], [ 92.165719095000043, 22.04553577400003 ], [ 92.165858362000108, 22.045816114000161 ], [ 92.165934050000146, 22.045994086000121 ], [ 92.165995035000151, 22.04613748200012 ], [ 92.166271750000192, 22.046406612000169 ], [ 92.166646590000141, 22.046652229000131 ], [ 92.167036605000135, 22.046820888000127 ], [ 92.167426828000032, 22.047003091000022 ], [ 92.167733284000178, 22.047170599000026 ], [ 92.167956002000096, 22.047404681000046 ], [ 92.168068808000044, 22.047577012000033 ], [ 92.16838841100008, 22.047733058000119 ], [ 92.168691228000171, 22.047780966000175 ], [ 92.168909956000164, 22.047753234000027 ], [ 92.16915611200011, 22.047698052000101 ], [ 92.169485375000079, 22.047693686000059 ], [ 92.169705465000163, 22.047715602000096 ], [ 92.169872817000169, 22.047891720000109 ], [ 92.170097213000076, 22.048195761000159 ], [ 92.170266118000086, 22.048473444000081 ], [ 92.170351566000079, 22.048677739000027 ], [ 92.170382695000058, 22.048932421000131 ], [ 92.170496901000092, 22.049235661000012 ], [ 92.170610986000042, 22.049491499000055 ], [ 92.170779514000117, 22.049744356000076 ], [ 92.170892962000096, 22.049997944000097 ], [ 92.170896902000095, 22.050256100000183 ], [ 92.170898405000116, 22.050354550000122 ], [ 92.170764901000098, 22.050611413000183 ], [ 92.170606501000123, 22.051022113000045 ], [ 92.170553955000059, 22.051149226000177 ], [ 92.170399127, 22.051397345000169 ], [ 92.170412355000053, 22.051431031000106 ], [ 92.170405796000125, 22.051516901000127 ], [ 92.170376063000049, 22.051591792000181 ], [ 92.170322347000081, 22.051642167000182 ], [ 92.170229927000037, 22.051695316000064 ], [ 92.170098230000065, 22.051753498000096 ], [ 92.16999794100002, 22.05180674900015 ], [ 92.169898512000088, 22.051916427000151 ], [ 92.169798875000083, 22.052012560000037 ], [ 92.169738184000153, 22.052121725000063 ], [ 92.169685258000186, 22.052224011000192 ], [ 92.169639994000192, 22.052312652000126 ], [ 92.169594697000093, 22.052399036 ], [ 92.169595800000081, 22.052471259000015 ], [ 92.169627773000116, 22.052543075000131 ], [ 92.169692112000064, 22.052673154000161 ], [ 92.169747932000064, 22.052760456000101 ], [ 92.169811481000067, 22.052838623000071 ], [ 92.169889956000077, 22.052903048000132 ], [ 92.169968934000053, 22.052960695000024 ], [ 92.170118036000133, 22.053051273000051 ], [ 92.170227989000068, 22.053115282000135 ], [ 92.170384338000133, 22.053165129000092 ], [ 92.170571474000155, 22.053169419000085 ], [ 92.170781613000031, 22.05317340400012 ], [ 92.170944834000125, 22.053157694000106 ], [ 92.171092077000139, 22.053126391999967 ], [ 92.171239009000033, 22.053074777000063 ], [ 92.17143240900009, 22.053013518000057 ], [ 92.171619441000075, 22.053011036000044 ], [ 92.171721282000078, 22.05305934800009 ], [ 92.171807731000058, 22.053130438000153 ], [ 92.17184746800001, 22.053195377000065 ], [ 92.171864552000045, 22.053283192000151 ], [ 92.171850575, 22.053398507 ], [ 92.171836889000133, 22.053493502000151 ], [ 92.171807067000145, 22.05360225600009 ], [ 92.171777542000086, 22.053690689000064 ], [ 92.171717301000172, 22.053829193000126 ], [ 92.171641480000062, 22.053938556000048 ], [ 92.171597609000059, 22.054158114000074 ], [ 92.171599919000073, 22.05430933100007 ], [ 92.171617656000194, 22.054440027000055 ], [ 92.171665161000135, 22.054498090000152 ], [ 92.171775769000078, 22.054604982000114 ], [ 92.171885824000185, 22.05467575900019 ], [ 92.171995535000121, 22.054723965999983 ], [ 92.172168076000105, 22.054802945000063 ], [ 92.172340924000196, 22.0549022350001 ], [ 92.1726620190002, 22.055035676000045 ], [ 92.172802703000116, 22.055090243 ], [ 92.172943769000085, 22.055169638000109 ], [ 92.173077984000088, 22.055276213000127 ], [ 92.173196151000184, 22.055362683000169 ], [ 92.173369157000081, 22.055511636000176 ], [ 92.173534346000167, 22.055624570000077 ], [ 92.173668460000044, 22.055724374000192 ], [ 92.173841656000036, 22.055846234000114 ], [ 92.174045585000101, 22.055958652000186 ], [ 92.174265046000073, 22.056057321000083 ], [ 92.174626023000144, 22.056264725 ], [ 92.174713130000157, 22.056378697000071 ], [ 92.174737945000174, 22.056457379000165 ], [ 92.174755030000085, 22.056545190000065 ], [ 92.174741885000174, 22.056663312000069 ], [ 92.174735084000019, 22.056784746000176 ], [ 92.174736534000147, 22.056879541000114 ], [ 92.174753584000143, 22.056965095000066 ], [ 92.174793565000186, 22.057045833000188 ], [ 92.174864540999977, 22.057094553000127 ], [ 92.174974945000088, 22.057187898000109 ], [ 92.175115531000188, 22.057235693000052 ], [ 92.175263915000187, 22.057278870000175 ], [ 92.175451609000106, 22.057319264000171 ], [ 92.175614988000177, 22.057353210000144 ], [ 92.17583369200014, 22.057402224999976 ], [ 92.175998091000167, 22.057463246000168 ], [ 92.176049196000065, 22.057506491000083 ], [ 92.176100524000049, 22.057549923000124 ], [ 92.176211034000119, 22.057650039000066 ], [ 92.176322200000072, 22.057793037000181 ], [ 92.17644900099998, 22.057929054000169 ], [ 92.176582961000065, 22.05805820400019 ], [ 92.176678339000148, 22.05815852000012 ], [ 92.176814668000134, 22.058481778000044 ], [ 92.17689222700011, 22.058999959000062 ], [ 92.176975441000025, 22.059847652000087 ], [ 92.176994421000188, 22.061086737000039 ], [ 92.177284070000098, 22.061735284000122 ], [ 92.177710145000106, 22.062120151000101 ], [ 92.178203862000146, 22.062375439000107 ], [ 92.178695577000099, 22.062499823000053 ], [ 92.179054451000127, 22.063081979000117 ], [ 92.178786797000157, 22.063868877 ], [ 92.178516530000081, 22.064524879000089 ], [ 92.178314471000192, 22.065049040000076 ], [ 92.177896982000163, 22.065185532000157 ], [ 92.177859952000119, 22.065179252000178 ], [ 92.176750476000166, 22.065200794000191 ], [ 92.176416122000035, 22.065191700000128 ], [ 92.176065841000081, 22.065209906000064 ], [ 92.175848022000082, 22.065219576000118 ], [ 92.175618946000156, 22.065245198000127 ], [ 92.175553067000124, 22.065252847000124 ], [ 92.175343915000042, 22.065314322000177 ], [ 92.174887832000081, 22.065500984000153 ], [ 92.174708071, 22.065630566000038 ], [ 92.174478448000116, 22.065732174000061 ], [ 92.174355355000159, 22.065799274000142 ], [ 92.174270708000165, 22.065886184000021 ], [ 92.174178383000083, 22.065946105000137 ], [ 92.174047420000136, 22.066013312000052 ], [ 92.173962808000113, 22.066102478000175 ], [ 92.173886879000122, 22.066205072000116 ], [ 92.173856713000077, 22.066291255000067 ], [ 92.173858163000034, 22.066386049000073 ], [ 92.173798733000126, 22.066538088000129 ], [ 92.173536994000187, 22.066724420000128 ], [ 92.173297016000049, 22.066829194999968 ], [ 92.173025163000034, 22.06686892800019 ], [ 92.17283902600019, 22.066891717000033 ], [ 92.172622898000043, 22.067011976000117 ], [ 92.172485479000159, 22.067171823000081 ], [ 92.172338411000055, 22.067255045000081 ], [ 92.172160732000179, 22.067316098000049 ], [ 92.171959199000128, 22.067361666000068 ], [ 92.171819658000061, 22.067422213000043 ], [ 92.171681374000173, 22.067525635000038 ], [ 92.171550458000127, 22.067635732000042 ], [ 92.171450677000166, 22.067722840000101 ], [ 92.171290682000176, 22.067950710000162 ], [ 92.171042641000156, 22.068003666000095 ], [ 92.170823958000085, 22.067956907000053 ], [ 92.17054975700006, 22.06784315800013 ], [ 92.17037739400007, 22.067737087000125 ], [ 92.170250829000167, 22.067616866000037 ], [ 92.170131549000075, 22.067458170000066 ], [ 92.17000484800019, 22.067328918000044 ], [ 92.169902756000056, 22.067264807000129 ], [ 92.169731290000072, 22.067217419000144 ], [ 92.169567844000085, 22.067219586000078 ], [ 92.169413273000146, 22.067287103000069 ], [ 92.169305066000163, 22.067338200999984 ], [ 92.169156997000073, 22.067355968000129 ], [ 92.169033004000028, 22.067364386000122 ], [ 92.168908957000156, 22.067408924000063 ], [ 92.168831577000162, 22.067416722000189 ], [ 92.168659504000061, 22.067369339000095 ], [ 92.168448657000113, 22.067320214 ], [ 92.16823018000008, 22.06728699100006 ], [ 92.16801902200018, 22.067217552000045 ], [ 92.167745616000104, 22.067155711 ], [ 92.167503482000143, 22.067079909000142 ], [ 92.167245817000037, 22.067017859000146 ], [ 92.16698789100019, 22.066978383000105 ], [ 92.166700764000154, 22.067009277000125 ], [ 92.16652969200004, 22.067027346000145 ], [ 92.166265499000133, 22.067053422000185 ], [ 92.166048123000053, 22.067092419000119 ], [ 92.165978763, 22.06714977300004 ], [ 92.165910250000138, 22.067222920000177 ], [ 92.165865083000199, 22.06731833200007 ], [ 92.165835703000084, 22.067456425000046 ], [ 92.165783457000032, 22.067603853000151 ], [ 92.165730076000159, 22.067676799000139 ], [ 92.165669329000195, 22.06774306900013 ], [ 92.165592203000188, 22.067807299000094 ], [ 92.165468842, 22.067896973000074 ], [ 92.16533831900017, 22.067993515000069 ], [ 92.165238223000017, 22.068060306000177 ], [ 92.165083850000144, 22.068141361000016 ], [ 92.164952827000036, 22.068244682000113 ], [ 92.164830275000043, 22.068347891000087 ], [ 92.164730125000119, 22.06845080100004 ], [ 92.164680065000198, 22.068503385000156 ], [ 92.164384124000151, 22.06823415100007 ], [ 92.16416911500005, 22.067911922000121 ], [ 92.163885849000053, 22.067719271000101 ], [ 92.163532963000137, 22.067527540000128 ], [ 92.162624723000135, 22.067605020000144 ], [ 92.162064771000189, 22.067612425000164 ], [ 92.161784494000187, 22.067616129999976 ], [ 92.16150286400017, 22.067491179000058 ], [ 92.161429656000109, 22.067295746000127 ], [ 92.161353105000103, 22.066840750000154 ], [ 92.161065861000111, 22.066386283000099 ], [ 92.160925029000055, 22.066322674999981 ], [ 92.160643404000098, 22.06619772300013 ], [ 92.160289531000046, 22.065940530000091 ], [ 92.15993271300016, 22.065489237000122 ], [ 92.159356889000151, 22.06445163300009 ], [ 92.159212117000038, 22.064128470000071 ], [ 92.159136925000041, 22.063802130000113 ], [ 92.159063758000116, 22.063608953000028 ], [ 92.158921935000194, 22.063479893000135 ], [ 92.158431226000175, 22.063420902000189 ], [ 92.157942701000195, 22.06355880000001 ], [ 92.157042583000134, 22.064157096000145 ], [ 92.156491551000045, 22.064751305000186 ], [ 92.156075380000118, 22.0650164 ], [ 92.15538156000008, 22.065418345000126 ], [ 92.154895770000053, 22.065684355000144 ], [ 92.154407040000137, 22.06575626200015 ], [ 92.153705307000052, 22.065636828000038 ], [ 92.153000567, 22.065318774000161 ], [ 92.152929353000161, 22.065254245000062 ], [ 92.152504928000099, 22.064934756000184 ], [ 92.152222670000015, 22.06480753600016 ], [ 92.151660747000165, 22.064683998000021 ], [ 92.151102783, 22.064822270000093 ], [ 92.15040399500009, 22.064896924999971 ], [ 92.149567319000141, 22.065102067000112 ], [ 92.149009351000188, 22.065240333000133 ], [ 92.148451001000183, 22.065313136000043 ], [ 92.147679019000066, 22.065192341999989 ], [ 92.14704690800005, 22.065071966000176 ], [ 92.146977854000056, 22.065054484000143 ], [ 92.146555206000073, 22.064947486000165 ], [ 92.145788740000057, 22.065151687000082 ], [ 92.145445766000137, 22.065614454000126 ], [ 92.144894676000149, 22.066208628000084 ], [ 92.144413195000197, 22.066801886000121 ], [ 92.14421161100006, 22.06732600800018 ], [ 92.144010407999986, 22.067915592000077 ], [ 92.143738026000051, 22.068442897000125 ], [ 92.143253190000053, 22.068774329000178 ], [ 92.142765425000107, 22.06891165400009 ], [ 92.141928744000097, 22.069119017000105 ], [ 92.141448229000048, 22.069777724000176 ], [ 92.141317232000119, 22.070366385000113 ], [ 92.141257446000111, 22.071019580000041 ], [ 92.141230654000026, 22.071168305000185 ], [ 92.141127818000086, 22.071739156999968 ], [ 92.140994848000105, 22.072196910000116 ], [ 92.140862862000176, 22.072720118000063 ], [ 92.140590047000046, 22.073179700000082 ], [ 92.140247039000087, 22.073642459000098 ], [ 92.140041866000104, 22.073970223 ], [ 92.139628628000196, 22.074433900000088 ], [ 92.138861115, 22.074572619000151 ], [ 92.138252104000173, 22.074494643999969 ], [ 92.137949276000143, 22.074455869000076 ], [ 92.137456939000174, 22.074331373000064 ], [ 92.136962255000128, 22.074010503000181 ], [ 92.136329696000075, 22.073822369000027 ], [ 92.13549138500008, 22.073964253000042 ], [ 92.134862762000012, 22.07403793200001 ], [ 92.134161947000052, 22.073981613000058 ], [ 92.133740824000085, 22.073921642000187 ], [ 92.133317389000183, 22.073667557000022 ], [ 92.133033165000086, 22.073409396000102 ], [ 92.132886472000109, 22.072955295999975 ], [ 92.132809025000199, 22.072434826000062 ], [ 92.132593059999977, 22.072044838000124 ], [ 92.132238271000062, 22.071724388000121 ], [ 92.131888360000119, 22.071728950000136 ], [ 92.131396037000172, 22.071604434000108 ], [ 92.130901373000086, 22.071283545000142 ], [ 92.130193736000081, 22.070771282000123 ], [ 92.129771298000094, 22.070582641000044 ], [ 92.12928094300014, 22.07058902700004 ], [ 92.128582072000142, 22.070661336000057 ], [ 92.128093301000092, 22.070733165999968 ], [ 92.127606491000165, 22.070935902000031 ], [ 92.127259522000145, 22.07113681900006 ], [ 92.126772674000165, 22.071337297000127 ], [ 92.12621367700018, 22.07141003300012 ], [ 92.125653697000018, 22.07141731500019 ], [ 92.125313473000119, 22.071421737000037 ], [ 92.125056790000144, 22.071425073000114 ], [ 92.125012835000121, 22.071482082000102 ], [ 92.124921127000164, 22.071584862000122 ], [ 92.124813677000191, 22.071687846000088 ], [ 92.124705787000153, 22.071761488000163 ], [ 92.124519804000101, 22.071836144000088 ], [ 92.124271632000159, 22.07188226 ], [ 92.123604200000045, 22.071992518000059 ], [ 92.122547737000104, 22.072123626000121 ], [ 92.12163152200003, 22.072279996000077 ], [ 92.121276329000068, 22.07232726400008 ], [ 92.121073054000192, 22.072388830000023 ], [ 92.120902371, 22.072433936000039 ], [ 92.120732359000158, 22.072524183000098 ], [ 92.120640410000135, 22.072611163000033 ], [ 92.120533630000182, 22.072759285000188 ], [ 92.120457894000083, 22.072918292000111 ], [ 92.120383234000144, 22.073108891000174 ], [ 92.120366015000059, 22.073214204000067 ], [ 92.120283359000155, 22.073719711000081 ], [ 92.120171223000114, 22.074452424000071 ], [ 92.120056609000017, 22.07520131800004 ], [ 92.119972307000182, 22.075841284000035 ], [ 92.11992916100013, 22.076074367000047 ], [ 92.11988449800009, 22.076205882000181 ], [ 92.11979385900014, 22.076380883000184 ], [ 92.11968704300017, 22.076526748999981 ], [ 92.119564284000091, 22.076659277000147 ], [ 92.119441252000172, 22.076733111000181 ], [ 92.119317180000053, 22.076777614000036 ], [ 92.119146286000102, 22.076809175999983 ], [ 92.11894344000001, 22.076768912000034 ], [ 92.118505155000094, 22.076614310000025 ], [ 92.118004043000042, 22.076388280000174 ], [ 92.117501485, 22.076105828999971 ], [ 92.117298202000143, 22.076036221999971 ], [ 92.117048068000088, 22.075951418000102 ], [ 92.116860563000103, 22.075924500000156 ], [ 92.116674096000054, 22.075926913000103 ], [ 92.116269517000035, 22.075961498000026 ] ] ] } },
{ "type": "Feature", "properties": { "adm3_name": "Satkania", "area_sqkm": 276.31192338 }, "geometry": { "type": "Polygon", "coordinates": [ [ [ 92.1520697320002, 22.194035449000182 ], [ 92.151349823000032, 22.194236847000127 ], [ 92.149861446000045, 22.194834415 ], [ 92.148940035000123, 22.195374822000076 ], [ 92.148123095000017, 22.196010919 ], [ 92.147358978000113, 22.19669371800012 ], [ 92.146595001000094, 22.197426177000068 ], [ 92.145989655000108, 22.198348426000052 ], [ 92.145881628000097, 22.198556325000141 ], [ 92.145588083000064, 22.199121251000179 ], [ 92.145239520000075, 22.199992706000046 ], [ 92.144891526000094, 22.200861894000013 ], [ 92.144542235000074, 22.201685951000059 ], [ 92.144146400000068, 22.202797317000034 ], [ 92.143854398000087, 22.204002126000148 ], [ 92.143607240000051, 22.20472776500003 ], [ 92.143255590000081, 22.205357710000044 ], [ 92.142849634000072, 22.205843893 ], [ 92.142491514000085, 22.206087899000124 ], [ 92.142293294000069, 22.206152885 ], [ 92.141874574000042, 22.206290161000027 ], [ 92.141258200000038, 22.206490156000143 ], [ 92.140641218000155, 22.20669015600015 ], [ 92.139507963000085, 22.206896945000096 ], [ 92.138681322000139, 22.206860404000054 ], [ 92.137749598000141, 22.20672816900003 ], [ 92.137127518, 22.206591865000121 ], [ 92.136194358000068, 22.206364827000129 ], [ 92.136098927000091, 22.206324274000053 ], [ 92.135849098000108, 22.206218109000076 ], [ 92.135206755000183, 22.205944357000192 ], [ 92.134115543000121, 22.205525240000043 ], [ 92.13367513999998, 22.205352753000057 ], [ 92.133284548000177, 22.205199773 ], [ 92.132555957000022, 22.204872960999978 ], [ 92.132214036000107, 22.204611343000181 ], [ 92.131877193000037, 22.204353609000179 ], [ 92.131245680000063, 22.203592086000128 ], [ 92.131178841000121, 22.203500406000046 ], [ 92.131024314000058, 22.203285484 ], [ 92.130559776000155, 22.20263938700009 ], [ 92.13045387000011, 22.202448890000085 ], [ 92.130016700000169, 22.201661625000042 ], [ 92.129922458000181, 22.201491909000026 ], [ 92.129388799000196, 22.20034532699998 ], [ 92.129166924, 22.199336885000037 ], [ 92.128995016000033, 22.198185568000099 ], [ 92.128992926000194, 22.198150913000177 ], [ 92.128980536000086, 22.197945423000021 ], [ 92.128925512000137, 22.197032912000111 ], [ 92.129010266000193, 22.195781167 ], [ 92.129202381000198, 22.194816974999981 ], [ 92.129497499000138, 22.193851434000123 ], [ 92.129546669000092, 22.193756546000088 ], [ 92.129899118000196, 22.193076383000061 ], [ 92.130302158000177, 22.192396130000134 ], [ 92.13111423600003, 22.191473485000131 ], [ 92.132133479000061, 22.190545868000186 ], [ 92.133051288000104, 22.189764051000054 ], [ 92.133969802000024, 22.189029629000061 ], [ 92.134451262000084, 22.188607942999965 ], [ 92.134581032000199, 22.188493370000174 ], [ 92.135345030000167, 22.187760966000155 ], [ 92.135951880000107, 22.186935805000189 ], [ 92.13655785900005, 22.186013584000023 ], [ 92.136960885000178, 22.185335573000145 ], [ 92.137310334000063, 22.184561192000103 ], [ 92.13740448100009, 22.183934640000132 ], [ 92.137498762000178, 22.183357751000074 ], [ 92.137534963000064, 22.182345932000089 ], [ 92.137620395000056, 22.181143843000029 ], [ 92.137627802, 22.180950340000095 ], [ 92.137657309000076, 22.180179424000073 ], [ 92.137532498000155, 22.178738544000055 ], [ 92.137568730000112, 22.177728983000122 ], [ 92.137918159000151, 22.176954600999977 ], [ 92.138472597000032, 22.17603305300014 ], [ 92.13867118100012, 22.175635591000116 ], [ 92.139174229000162, 22.174628731000098 ], [ 92.139517119000118, 22.173423259 ], [ 92.139760492999983, 22.172408721000068 ], [ 92.139787509000087, 22.171929096000099 ], [ 92.139801086000091, 22.171688057000154 ], [ 92.139688748000196, 22.171111623000058 ], [ 92.139268922000099, 22.170636295000179 ], [ 92.138695590000111, 22.170307462000039 ], [ 92.138346395000042, 22.170237126000075 ], [ 92.138022178000142, 22.17017182100011 ], [ 92.137864948000129, 22.170198018000065 ], [ 92.137404484, 22.170274739000092 ], [ 92.136788403000139, 22.170524369000134 ], [ 92.136378766000064, 22.170736580000039 ], [ 92.136122254000156, 22.170869465000123 ], [ 92.13530320100017, 22.171361041000068 ], [ 92.134536990000072, 22.171901584000125 ], [ 92.133719246999988, 22.172440547000065 ], [ 92.133289508000075, 22.172757381000167 ], [ 92.133055265000166, 22.172930080000128 ], [ 92.13142278000015, 22.174249490000079 ], [ 92.130872437, 22.174720423000053 ], [ 92.129994821000025, 22.175471397000024 ], [ 92.129086276000123, 22.176196250000032 ], [ 92.12872622600014, 22.176483501000064 ], [ 92.128464414000177, 22.17669237500013 ], [ 92.127338639000186, 22.177382064000085 ], [ 92.126466559000164, 22.177777223000191 ], [ 92.12584825100015, 22.177882364000084 ], [ 92.125330614000063, 22.177792047000025 ], [ 92.124608562000162, 22.177848873000073 ], [ 92.123885088000179, 22.177810900000054 ], [ 92.123261718000094, 22.177579734000119 ], [ 92.122843486000136, 22.177248820999978 ], [ 92.122267849000195, 22.176725815000054 ], [ 92.122108437000179, 22.176517616000183 ], [ 92.122085139000035, 22.176487188000124 ], [ 92.121793789000037, 22.176106668999978 ], [ 92.121267524000132, 22.175440793000121 ], [ 92.120686995000142, 22.174631143000113 ], [ 92.119787521000148, 22.173200320000149 ], [ 92.119098133000136, 22.171958645000132 ], [ 92.118405241000175, 22.170522865 ], [ 92.117999131000147, 22.169381343000055 ], [ 92.117949290000183, 22.169241457000055 ], [ 92.117758140000035, 22.168704972000171 ], [ 92.117457335000097, 22.167816497000103 ], [ 92.117271892000133, 22.167268757000045 ], [ 92.116990773000055, 22.165732806000108 ], [ 92.11671111600009, 22.164293904000033 ], [ 92.11653802800015, 22.163092911000035 ], [ 92.116519717000131, 22.161869451000086 ], [ 92.116518604000134, 22.16179510700016 ], [ 92.116523592000192, 22.161604698000133 ], [ 92.116531191000036, 22.161314658000094 ], [ 92.116551379999976, 22.160544034000111 ], [ 92.116635544000019, 22.159244885000192 ], [ 92.116719066000201, 22.157943490000036 ], [ 92.116772870000034, 22.157452912000167 ], [ 92.116802889000098, 22.157179189000146 ], [ 92.116844172000071, 22.156802765000066 ], [ 92.11694617600017, 22.15587268000013 ], [ 92.117312162000076, 22.153991498000096 ], [ 92.117485406000185, 22.153101003000017 ], [ 92.117525602000114, 22.152894391000189 ], [ 92.117642375000116, 22.152294157000085 ], [ 92.117729356000098, 22.151847061000012 ], [ 92.117809170000157, 22.151436794000119 ], [ 92.117864105000194, 22.151213853000058 ], [ 92.117965340000126, 22.15080301800009 ], [ 92.118296352000129, 22.149459678000142 ], [ 92.118379662000109, 22.149136970000086 ], [ 92.118421577000106, 22.148974610000153 ], [ 92.118457105, 22.148836993000032 ], [ 92.118841842000165, 22.147346676999973 ], [ 92.119035093000093, 22.146598092000147 ], [ 92.119290420000141, 22.145609032000038 ], [ 92.119467338000049, 22.144922712999971 ], [ 92.119749131000162, 22.144164775000149 ], [ 92.119900342000165, 22.143758060000152 ], [ 92.120102689000134, 22.143213798999966 ], [ 92.120509746000153, 22.142118908999976 ], [ 92.12056061800007, 22.141972818000056 ], [ 92.120924922000199, 22.140926647000128 ], [ 92.121190017, 22.140165364000097 ], [ 92.121350760000098, 22.139703748000102 ], [ 92.121533449000196, 22.139312049000068 ], [ 92.122018749, 22.138271515000156 ], [ 92.122050966000131, 22.138202440000043 ], [ 92.122812760000102, 22.136708129000112 ], [ 92.123321085000157, 22.135710997000047 ], [ 92.123605715000053, 22.135152660000131 ], [ 92.124416128000064, 22.133853087000148 ], [ 92.124966850000135, 22.132970009000076 ], [ 92.125416236000035, 22.131955061000156 ], [ 92.125561898000171, 22.131327842000189 ], [ 92.12565618400015, 22.130748695000136 ], [ 92.125603659000149, 22.130209717000128 ], [ 92.125595322000095, 22.130124164000051 ], [ 92.125225729000135, 22.129553319000024 ], [ 92.125131839, 22.129486838000105 ], [ 92.124756133, 22.129220813000018 ], [ 92.124264833000041, 22.129021558000147 ], [ 92.124184464000052, 22.128988962000108 ], [ 92.123479726000198, 22.128924614000141 ], [ 92.123253972000157, 22.128904 ], [ 92.122493474000123, 22.128913895000039 ], [ 92.122118419000117, 22.128918773000066 ], [ 92.121035690000156, 22.128982514000143 ], [ 92.120159554000111, 22.129088715000137 ], [ 92.119879954000055, 22.129166898999983 ], [ 92.119439904000103, 22.129289950000157 ], [ 92.118679267000118, 22.129567295000072 ], [ 92.118618143000049, 22.129589582000051 ], [ 92.118054277000113, 22.129838454000037 ], [ 92.117712490000144, 22.13010667500015 ], [ 92.117492670000104, 22.130279180000116 ], [ 92.116981691000149, 22.130622177000134 ], [ 92.116369309000106, 22.13111096800003 ], [ 92.115911256000174, 22.131550347000029 ], [ 92.115507408000155, 22.132131246000029 ], [ 92.115480642000023, 22.132226456000126 ], [ 92.115394668000022, 22.132532283000103 ], [ 92.115262348000101, 22.133001300000103 ], [ 92.115065161000018, 22.133629186000178 ], [ 92.114867968000169, 22.134257067000192 ], [ 92.114623575999985, 22.135172263000072 ], [ 92.114327869000135, 22.136140046000094 ], [ 92.114317997000057, 22.136211655000068 ], [ 92.11418849000006, 22.137150953000173 ], [ 92.114150762000122, 22.138113136000129 ], [ 92.113967209000123, 22.139655127000083 ], [ 92.113576275000128, 22.141102733000082 ], [ 92.113358622000135, 22.141708351000148 ], [ 92.113229034000085, 22.142068924 ], [ 92.112933175000194, 22.142987043000062 ], [ 92.112583770000185, 22.1438087840001 ], [ 92.112244073000056, 22.144517819000043 ], [ 92.112028171000134, 22.144968460000143 ], [ 92.11163257700008, 22.145794153000168 ], [ 92.110878274000072, 22.14748742400019 ], [ 92.110383386000194, 22.148598333000166 ], [ 92.109878444000174, 22.149722908000058 ], [ 92.109384214000102, 22.150823608000167 ], [ 92.108468169000105, 22.152562522000153 ], [ 92.107827594000128, 22.153778488000057 ], [ 92.107227989000137, 22.155133965 ], [ 92.107027541000093, 22.155487562000076 ], [ 92.106624648000036, 22.156198274000076 ], [ 92.106121451000092, 22.157071655000152 ], [ 92.105463142000019, 22.15794478000015 ], [ 92.104904981000118, 22.158626982000101 ], [ 92.104293748000089, 22.159163129000149 ], [ 92.10357975900007, 22.159797671000092 ], [ 92.102812034000067, 22.160241019000182 ], [ 92.102556560000096, 22.160336873000119 ], [ 92.101966698000126, 22.16055894200008 ], [ 92.101887779000094, 22.160589308000112 ], [ 92.101471542000183, 22.160671431000083 ], [ 92.100979816000176, 22.160770325999977 ], [ 92.100239522000038, 22.160858880000035 ], [ 92.100018816000045, 22.1608745260001 ], [ 92.099461165000037, 22.160914058000174 ], [ 92.098748401000194, 22.16093904000013 ], [ 92.098003160000076, 22.160980240000129 ], [ 92.09705791600004, 22.160976601000129 ], [ 92.096719607000182, 22.160969438000109 ], [ 92.096129399000063, 22.160956940000176 ], [ 92.095413379000149, 22.160884876000068 ], [ 92.095049916000164, 22.160848914000098 ], [ 92.094219840000051, 22.160767022000073 ], [ 92.093730312000048, 22.160783889000129 ], [ 92.093384137000101, 22.160795816000132 ], [ 92.092082116000086, 22.160839625000165 ], [ 92.090988782000068, 22.160901062000164 ], [ 92.089898125000161, 22.161031484000091 ], [ 92.089846872000066, 22.16103761300019 ], [ 92.088689104000196, 22.161208221999971 ], [ 92.08767995, 22.161390463000089 ], [ 92.087137618000099, 22.161550920000082 ], [ 92.086805230000095, 22.16164999200015 ], [ 92.086112817000128, 22.161904926000091 ], [ 92.085553295000182, 22.162173959000029 ], [ 92.085151417000134, 22.162325700999986 ], [ 92.084959186000162, 22.162398284000062 ], [ 92.083969181000043, 22.162688618000118 ], [ 92.083242772000062, 22.162898825000184 ], [ 92.082738795000182, 22.16296117700017 ], [ 92.082266012000048, 22.163019668000118 ], [ 92.081069902000195, 22.163098155000114 ], [ 92.080792039000073, 22.163115248000054 ], [ 92.080327575000183, 22.163091831000145 ], [ 92.079746295, 22.163036039000133 ], [ 92.079230989000052, 22.162934251000081 ], [ 92.079048753000052, 22.162902713000108 ], [ 92.07866540700013, 22.162833105000061 ], [ 92.078281944000082, 22.162760467000112 ], [ 92.077984288000152, 22.162704081000015 ], [ 92.077418706000117, 22.162602930000105 ], [ 92.076722189000122, 22.162580199999979 ], [ 92.076535969000133, 22.162572011000123 ], [ 92.075926119000144, 22.162545191000049 ], [ 92.075278210000079, 22.162490232000039 ], [ 92.074613454000144, 22.162360985000078 ], [ 92.07436248800019, 22.162289086999976 ], [ 92.074047583000151, 22.16219887200009 ], [ 92.073005850000186, 22.161688730000151 ], [ 92.072510893000185, 22.16144634300008 ], [ 92.071689563000064, 22.161069741000176 ], [ 92.070615421000184, 22.160577208000177 ], [ 92.069698814000105, 22.16015690200004 ], [ 92.069401565000135, 22.160090692000097 ], [ 92.068778345000055, 22.159859305000055 ], [ 92.06869993700019, 22.15982961900005 ], [ 92.067744674000096, 22.159467938000091 ], [ 92.066441811, 22.158974638000132 ], [ 92.065452043, 22.15857228700014 ], [ 92.064702277000151, 22.158267494000029 ], [ 92.063980402000198, 22.157777315999965 ], [ 92.063351083999976, 22.157349982000142 ], [ 92.06231201300011, 22.156561702000147 ], [ 92.06150133400007, 22.155937585000061 ], [ 92.061314566000078, 22.155802237000103 ], [ 92.060685030000059, 22.155342882000184 ], [ 92.059560561000183, 22.154305075000025 ], [ 92.058451636000143, 22.153127094000183 ], [ 92.058416552000097, 22.153089157000124 ], [ 92.057455061000041, 22.152049275000081 ], [ 92.057022067000105, 22.151271368000096 ], [ 92.056821296000066, 22.1509104860001 ], [ 92.056761404000099, 22.150802829000156 ], [ 92.05569196099998, 22.149211193000099 ], [ 92.055036098000187, 22.147449565000159 ], [ 92.054729909000173, 22.146627131000116 ], [ 92.054578243000037, 22.146112065000182 ], [ 92.053510826000092, 22.142484068999977 ], [ 92.051970165000057, 22.142564413000059 ], [ 92.051146801000186, 22.142644752000081 ], [ 92.050851539000064, 22.142671041000028 ], [ 92.050388049999981, 22.142710733000115 ], [ 92.049601024000083, 22.142874137000149 ], [ 92.048880805000067, 22.143090883000127 ], [ 92.048252269000102, 22.143405806000146 ], [ 92.047525040000096, 22.143934177000062 ], [ 92.046999796000136, 22.14427037500019 ], [ 92.046804106000138, 22.144521163000149 ], [ 92.046788121000134, 22.144655587999978 ], [ 92.046745229000123, 22.145016306000173 ], [ 92.046791165, 22.145519593000188 ], [ 92.046902889000194, 22.146743622000088 ], [ 92.047041217000128, 22.147207242000093 ], [ 92.047251174000166, 22.147910926000066 ], [ 92.047380010000154, 22.148338182000032 ], [ 92.047529909000048, 22.148835284000143 ], [ 92.047553529000197, 22.149002047000181 ], [ 92.047677752000084, 22.149883193000051 ], [ 92.047696504000044, 22.151178799000149 ], [ 92.047841984000172, 22.15210482800012 ], [ 92.04792454699998, 22.152313562000188 ], [ 92.048255160999986, 22.153149404000033 ], [ 92.048600793000162, 22.154131614000164 ], [ 92.048885603000144, 22.154942737 ], [ 92.048946468999986, 22.155116082000063 ], [ 92.049075346999985, 22.155570164000153 ], [ 92.049226117000046, 22.156101376000038 ], [ 92.049227384000062, 22.156188809000071 ], [ 92.049234161000186, 22.156656634000171 ], [ 92.048979555000074, 22.157400315000132 ], [ 92.04872378500005, 22.158022100000153 ], [ 92.048528963000081, 22.158333835000121 ], [ 92.048667872000124, 22.158763282000052 ], [ 92.048871934000147, 22.159130957000173 ], [ 92.048749713000063, 22.159812019000015 ], [ 92.048298253000041, 22.160632697000096 ], [ 92.048168211000075, 22.160869091000109 ], [ 92.047810619000188, 22.161457693000102 ], [ 92.047714889000076, 22.161615265000023 ], [ 92.04732530300015, 22.162207692000095 ], [ 92.047307786000033, 22.162234329000057 ], [ 92.046936467000137, 22.162798972000189 ], [ 92.046675600000128, 22.163111536000088 ], [ 92.046344224000052, 22.16311569800007 ], [ 92.045613041000081, 22.163000709000073 ], [ 92.045081198000048, 22.162885476000042 ], [ 92.044502174000058, 22.162892739000029 ], [ 92.044417841000097, 22.162893797000095 ], [ 92.044022195000082, 22.163020668000058 ], [ 92.043502240000123, 22.163769927000146 ], [ 92.04320924000001, 22.164377943000147 ], [ 92.042215067000086, 22.166440956000031 ], [ 92.041695664000031, 22.167187943000158 ], [ 92.041178325000146, 22.168120025000178 ], [ 92.040925454000103, 22.168987838000135 ], [ 92.040604783000106, 22.169734594999966 ], [ 92.040520630000174, 22.169823691999966 ], [ 92.040016925000145, 22.170358270000179 ], [ 92.039751199000193, 22.170549773000118 ], [ 92.03922950499998, 22.170925746000023 ], [ 92.039021533000039, 22.171025336000127 ], [ 92.038571139000055, 22.17124101100012 ], [ 92.038281091000044, 22.171267715 ], [ 92.038096165000184, 22.171284741000022 ], [ 92.03777658100006, 22.171314163000147 ], [ 92.036692454000161, 22.171266763000119 ], [ 92.036648797000169, 22.171265050000045 ], [ 92.036048497000081, 22.171026480000023 ], [ 92.035509480000144, 22.170414639000114 ], [ 92.035300378000045, 22.169737724000186 ], [ 92.035096333000126, 22.169370031000028 ], [ 92.034894955000198, 22.169187424000086 ], [ 92.034632737000152, 22.169142595000039 ], [ 92.034562685000026, 22.169130620000033 ], [ 92.033835048000128, 22.16926387 ], [ 92.032321676000151, 22.170084190000068 ], [ 92.031756616000109, 22.170254796000108 ], [ 92.031463739000117, 22.170343221000053 ], [ 92.031067453000048, 22.170470069000089 ], [ 92.030470699000034, 22.170477506999987 ], [ 92.030275547000087, 22.170728273000122 ], [ 92.030214222000041, 22.171099281000124 ], [ 92.030105328000104, 22.171364772000118 ], [ 92.030086587000085, 22.171410157000082 ], [ 92.029425843000126, 22.171603509000079 ], [ 92.02856432800013, 22.171614235999982 ], [ 92.028096686000197, 22.171371726000189 ], [ 92.02795691200015, 22.170879055000171 ], [ 92.027946292000138, 22.170138703000021 ], [ 92.027873161000059, 22.169645204000119 ], [ 92.027871739000147, 22.169545888000073 ], [ 92.027864323000017, 22.169028994000143 ], [ 92.027656134000154, 22.168413011000041 ], [ 92.027448582000034, 22.167799274000174 ], [ 92.027319381000098, 22.167030842000031 ], [ 92.027303506000067, 22.166936426 ], [ 92.027160186000117, 22.166195465999976 ], [ 92.027151348000132, 22.165579257000104 ], [ 92.027138956000158, 22.164714759000162 ], [ 92.027131868000083, 22.164220436 ], [ 92.027321443000062, 22.163538546999973 ], [ 92.027579095000078, 22.163040934000094 ], [ 92.027625090000072, 22.162835537000092 ], [ 92.027703805999977, 22.162484019000146 ], [ 92.027628906000189, 22.161866372000077 ], [ 92.02735650700015, 22.16137760800018 ], [ 92.027026191000175, 22.160949656000071 ], [ 92.026883598000154, 22.16076491299998 ], [ 92.026344657000095, 22.16015303800009 ], [ 92.025805154000125, 22.159543424000105 ], [ 92.025567574000149, 22.15932739100009 ], [ 92.025268002000075, 22.159055689000127 ], [ 92.024731152000072, 22.158631159000038 ], [ 92.024325770000075, 22.158078572000022 ], [ 92.024079198000095, 22.15752731200007 ], [ 92.024051620000137, 22.157465655000067 ], [ 92.024042768000129, 22.156847187000039 ], [ 92.02426841700003, 22.155956097 ], [ 92.024293956000122, 22.155855246000101 ], [ 92.02493636000014, 22.154427250000083 ], [ 92.025255342000094, 22.153558633000046 ], [ 92.025354946000164, 22.153287404000082 ], [ 92.025373766000143, 22.153236154000126 ], [ 92.025574324, 22.152690015000132 ], [ 92.025763023000081, 22.151947185000154 ], [ 92.025821100000201, 22.151391097000158 ], [ 92.025781590000122, 22.15121888900012 ], [ 92.025679583000112, 22.150774276000163 ], [ 92.025668985000095, 22.150033922000034 ], [ 92.025396588000035, 22.149542894999968 ], [ 92.024924368000086, 22.148932437000099 ], [ 92.024453289000064, 22.148443875000169 ], [ 92.024046466000073, 22.147830346000148 ], [ 92.02385702100014, 22.147573505000082 ], [ 92.023775854000064, 22.147463464000168 ], [ 92.0234348460001, 22.147257739000111 ], [ 92.023374967000052, 22.147222361 ], [ 92.022909191000053, 22.147103971000149 ], [ 92.022312531000068, 22.147111370000175 ], [ 92.021775342000126, 22.146989801000132 ], [ 92.021311444000105, 22.146629371000131 ], [ 92.020909053000082, 22.146325068000124 ], [ 92.020859222000126, 22.146314398000129 ], [ 92.020377290000056, 22.146209746000181 ], [ 92.019780632000106, 22.146217137000122 ], [ 92.019414913000105, 22.146169091000104 ], [ 92.018916887000103, 22.146103664000066 ], [ 92.018317589999981, 22.145925960000113 ], [ 92.017247861000044, 22.145259661000125 ], [ 92.015776028, 22.144349986000122 ], [ 92.015009993000149, 22.144077254000081 ], [ 92.014443672000084, 22.143874292000191 ], [ 92.013644811000177, 22.143635822000192 ], [ 92.012715959000047, 22.143586330000176 ], [ 92.011999487000082, 22.143499488000089 ], [ 92.011786210000139, 22.143473636000067 ], [ 92.010724701000129, 22.143425769000089 ], [ 92.010319337000169, 22.143430766000108 ], [ 92.009796716000039, 22.143437206000101 ], [ 92.009423894000065, 22.143546366000066 ], [ 92.009136671000192, 22.143630463000022 ], [ 92.008280825999975, 22.144072204000054 ], [ 92.00742298900019, 22.144331102000137 ], [ 92.006858789000034, 22.144418001000133 ], [ 92.006562749000068, 22.144463597000026 ], [ 92.005770067000185, 22.144660730000055 ], [ 92.005329458000062, 22.144802758000083 ], [ 92.004779786000029, 22.144979939000109 ], [ 92.00459273700011, 22.145040560000041 ], [ 92.003591285000198, 22.145365573000049 ], [ 92.002936628000157, 22.145867251000141 ], [ 92.002717211000174, 22.146035241 ], [ 92.002280329000087, 22.146369724000067 ], [ 92.002143301000103, 22.146530024000185 ], [ 92.001693275000036, 22.147056473000134 ], [ 92.00150071600018, 22.147492296000053 ], [ 92.001371535000033, 22.147739961000013 ], [ 92.000891389000117, 22.147632972000167 ], [ 92.000839743000085, 22.147622318000174 ], [ 92.000568328000099, 22.147194444000093 ], [ 92.000231746000168, 22.146828324000182 ], [ 91.999497193000195, 22.14646708500004 ], [ 91.999096312000177, 22.146223662000068 ], [ 91.998693968000111, 22.145919300000116 ], [ 91.998286617000076, 22.145680922000111 ], [ 91.997765960000038, 22.145930671000087 ], [ 91.997308931000191, 22.146430686000144 ], [ 91.996713760000034, 22.146501188000116 ], [ 91.996329697000135, 22.147492466000074 ], [ 91.995948267000188, 22.148671094000065 ], [ 91.995253497000078, 22.151088469000172 ], [ 91.995066384000154, 22.151955427000132 ], [ 91.994925833000138, 22.152366112999971 ], [ 91.994875517000082, 22.152513131999967 ], [ 91.994748074000086, 22.152884943000117 ], [ 91.994290155000158, 22.153324006000105 ], [ 91.993567473000041, 22.153764047000038 ], [ 91.992775576000156, 22.154022066000152 ], [ 91.99191786300014, 22.154339585 ], [ 91.991259481000043, 22.154656919000161 ], [ 91.991063674000088, 22.154907649000108 ], [ 91.991008062000105, 22.155648827000164 ], [ 91.990947238000047, 22.156019819000164 ], [ 91.990752285000156, 22.156331492000106 ], [ 91.990640104000192, 22.156370423 ], [ 91.989828555000145, 22.156652062000148 ], [ 91.988171695000176, 22.15667227800003 ], [ 91.987043414000141, 22.156622820000052 ], [ 91.98618196700005, 22.156633317000114 ], [ 91.986146289000089, 22.156628295000019 ], [ 91.985384840000052, 22.156521116000135 ], [ 91.984727290000194, 22.156899373000101 ], [ 91.984010028000171, 22.157772772000158 ], [ 91.984017816000119, 22.158328054000094 ], [ 91.984154825000189, 22.158635681000021 ], [ 91.98462147500004, 22.15881512500016 ], [ 91.985019742000077, 22.158871230000102 ], [ 91.985421242000029, 22.159114678000151 ], [ 91.985558224000044, 22.159420047000083 ], [ 91.98543163700009, 22.159855053000058 ], [ 91.985322560000043, 22.160064688000034 ], [ 91.985108906000164, 22.160475313 ], [ 91.984915671000067, 22.160911130000102 ], [ 91.984958916000153, 22.160998532000065 ], [ 91.985166967000055, 22.161419024000054 ], [ 91.985188814000196, 22.161463179000066 ], [ 91.985660672000165, 22.162012806000121 ], [ 91.985866323000039, 22.16250471800015 ], [ 91.985871521000092, 22.162874905000137 ], [ 91.985615461000066, 22.163496613000063 ], [ 91.985355105000167, 22.163745363000032 ], [ 91.985228654000082, 22.16386617600017 ], [ 91.984830398000042, 22.164246675000129 ], [ 91.984181296000145, 22.164841085000091 ], [ 91.983625124000127, 22.165350388000036 ], [ 91.980496430000073, 22.166806158999975 ], [ 91.979828633000125, 22.166925860000049 ], [ 91.977457859000083, 22.167350793000082 ], [ 91.976286113000128, 22.167568550999988 ], [ 91.975962330000073, 22.168638394000141 ], [ 91.975410282000041, 22.170437098000093 ], [ 91.974711851999984, 22.173916839000185 ], [ 91.974688062000155, 22.174035360000119 ], [ 91.974552784000139, 22.174709332000134 ], [ 91.974443319000102, 22.174686868000038 ], [ 91.973204055000053, 22.17798570400015 ], [ 91.973375092000083, 22.178045906000136 ], [ 91.97351139500006, 22.178062361000173 ], [ 91.97366290500014, 22.17808064999997 ], [ 91.974165316000096, 22.17810262 ], [ 91.974219103000166, 22.178101355000024 ], [ 91.97461432700004, 22.178085233000104 ], [ 91.974842933000104, 22.178075906000117 ], [ 91.975249354000084, 22.178079561000175 ], [ 91.975262409000152, 22.178133234000086 ], [ 91.975279072000035, 22.178258415000016 ], [ 91.975284247000047, 22.178628603000107 ], [ 91.975159351000173, 22.178994863000071 ], [ 91.975093302000118, 22.179188553000074 ], [ 91.97477200700007, 22.17952885699998 ], [ 91.974505104000116, 22.179812016000085 ], [ 91.973717309000051, 22.180376938999984 ], [ 91.972927776000176, 22.180819979000091 ], [ 91.972087641000201, 22.181267102000049 ], [ 91.971742737000113, 22.181450661000042 ], [ 91.97062524800009, 22.182143722000092 ], [ 91.969706441000199, 22.182834380000031 ], [ 91.969586581000044, 22.182828492000056 ], [ 91.968710689000034, 22.18278546300013 ], [ 91.967848226000172, 22.182734931000084 ], [ 91.967118671000151, 22.182743754000171 ], [ 91.966589339000052, 22.182811099000162 ], [ 91.966391806000104, 22.182813483000189 ], [ 91.965992539000013, 22.18281829700004 ], [ 91.965591873999983, 22.182638007000037 ], [ 91.965153230000112, 22.182602663000125 ], [ 91.964928150000162, 22.182585059000075 ], [ 91.964130855000178, 22.182470506000129 ], [ 91.963664147000088, 22.182291008 ], [ 91.96359295700006, 22.1819216130001 ], [ 91.963389312, 22.181614771000113 ], [ 91.962791339000034, 22.181497814000124 ], [ 91.962261406000152, 22.18156516199997 ], [ 91.962171371000068, 22.181602798000085 ], [ 91.961799902000166, 22.181758091000063 ], [ 91.961674041000094, 22.182251773000075 ], [ 91.961812754000164, 22.182683570000165 ], [ 91.96182128200013, 22.183299805000104 ], [ 91.961489872000072, 22.18330379300005 ], [ 91.960757772000079, 22.183127482000145 ], [ 91.959960475000116, 22.183015172000069 ], [ 91.959298471000011, 22.18308409499997 ], [ 91.958903758000133, 22.183334928000079 ], [ 91.95861295800006, 22.183428731000106 ], [ 91.958404244, 22.183496702000127 ], [ 91.958111652000127, 22.183592783000165 ], [ 91.957451332000062, 22.183785847000138 ], [ 91.956852778000098, 22.183668871000066 ], [ 91.9565136450002, 22.18311756300011 ], [ 91.956177924000031, 22.182812298000158 ], [ 91.955247088000078, 22.182638347000079 ], [ 91.955143767000152, 22.182617013000083 ], [ 91.954382299000031, 22.182463602999974 ], [ 91.95332991700019, 22.182440102999976 ], [ 91.952654438000195, 22.18245723299998 ], [ 91.95244176000017, 22.182459781000034 ], [ 91.952015797000172, 22.182464889000073 ], [ 91.951732226000047, 22.18246828600013 ], [ 91.951453455000035, 22.182414631000029 ], [ 91.95141199700015, 22.182406651000065 ], [ 91.951019946000088, 22.182278145999987 ], [ 91.950662738000062, 22.182083753000029 ], [ 91.950304628000083, 22.181823897000186 ], [ 91.949946382000121, 22.181597902000021 ], [ 91.949588709000068, 22.181369646000178 ], [ 91.949124894000192, 22.181178781000085 ], [ 91.94866195600008, 22.18105112000012 ], [ 91.948128122000128, 22.18092430500019 ], [ 91.947773644000108, 22.180902266000032 ], [ 91.947701726, 22.180897795000135 ], [ 91.947240157000124, 22.180869451000092 ], [ 91.946779052000068, 22.180874962000075 ], [ 91.946388840999987, 22.180879626000092 ], [ 91.945893061, 22.180919412000037 ], [ 91.945396643000151, 22.180956949 ], [ 91.94475861, 22.180964568000036 ], [ 91.944084221000082, 22.180972619000102 ], [ 91.943606720000105, 22.18106434300006 ], [ 91.943444294000187, 22.180826969000123 ], [ 91.943434709000201, 22.180790961000127 ], [ 91.943068162000145, 22.179431710000017 ], [ 91.94293748400014, 22.178654373000143 ], [ 91.942805891000035, 22.177766426000119 ], [ 91.942442479000135, 22.177003236000189 ], [ 91.942544278000128, 22.176695080000115 ], [ 91.9425642490001, 22.176647020000019 ], [ 91.943033120000109, 22.175973161000115 ], [ 91.943619218000094, 22.175187277000134 ], [ 91.943968749000135, 22.174517098000024 ], [ 91.944063259000131, 22.173942524000097 ], [ 91.944078920000095, 22.173847517000127 ], [ 91.943591686000104, 22.17318506200013 ], [ 91.942623979000075, 22.172307085000057 ], [ 91.94201800400009, 22.171646042000134 ], [ 91.940425742000173, 22.16866232000018 ], [ 91.940421004000143, 22.168626255000106 ], [ 91.940412044000084, 22.168547343000171 ], [ 91.940395175000049, 22.168466267000042 ], [ 91.940378758000179, 22.168373898000141 ], [ 91.940377643000033, 22.16829263600016 ], [ 91.940377018000049, 22.16824709600013 ], [ 91.940376343000082, 22.168197831000043 ], [ 91.940375352999979, 22.168125598000188 ], [ 91.94037404900007, 22.168030789000056 ], [ 91.940403369000194, 22.167915299000072 ], [ 91.940439046000051, 22.16768911000014 ], [ 91.940545035000184, 22.167464339000105 ], [ 91.940605333, 22.167310099000133 ], [ 91.940658186000064, 22.167187557000091 ], [ 91.940718575000176, 22.167040088000078 ], [ 91.940771524000183, 22.166924318000099 ], [ 91.940816375000054, 22.166792840000028 ], [ 91.940860457000156, 22.166604929000016 ], [ 91.940890350000075, 22.166487174000167 ], [ 91.940919668, 22.166371683000079 ], [ 91.940934119000076, 22.166276690000132 ], [ 91.940932942000018, 22.166190913000037 ], [ 91.940908506000142, 22.16613250600011 ], [ 91.940868525000155, 22.166044932000148 ], [ 91.940844400000174, 22.166009097000142 ], [ 91.940774232000081, 22.165973811000015 ], [ 91.940695982000136, 22.165967968000189 ], [ 91.940602371000125, 22.165946507000115 ], [ 91.940523317000157, 22.165881977000083 ], [ 91.940452653000193, 22.165810573000044 ], [ 91.940342607000161, 22.165739636000126 ], [ 91.940170965000164, 22.165728135000165 ], [ 91.939983631000075, 22.165721332000032 ], [ 91.93978927500018, 22.165732676000061 ], [ 91.939657199000067, 22.165734250000014 ], [ 91.939572065000164, 22.165800734000186 ], [ 91.939541662000011, 22.165837220000185 ], [ 91.939471785000194, 22.165867401000128 ], [ 91.93938614200016, 22.165852616000052 ], [ 91.939292345000126, 22.165817609000101 ], [ 91.939213787000199, 22.165789194000126 ], [ 91.939088888000072, 22.16578390900014 ], [ 91.938995773000102, 22.165798562000191 ], [ 91.938902595000172, 22.16580870100006 ], [ 91.938762518000033, 22.165801338000051 ], [ 91.938684579000096, 22.165818067000146 ], [ 91.938662144000091, 22.165861230000075 ], [ 91.938663352, 22.165949264000062 ], [ 91.938679891000049, 22.166050662000089 ], [ 91.938680664, 22.166107095000029 ], [ 91.938642508000044, 22.166152702000034 ], [ 91.938525670000161, 22.166160864000176 ], [ 91.938423594000085, 22.1660966070001 ], [ 91.938376139000127, 22.166038473000071 ], [ 91.938344560000132, 22.165989179000064 ], [ 91.938289322000173, 22.165937910000025 ], [ 91.938234299000158, 22.165902442000061 ], [ 91.938156051000078, 22.165896599000064 ], [ 91.938055459000054, 22.16594069000007 ], [ 91.938001428000121, 22.165977456000064 ], [ 91.937939519000054, 22.166014314000108 ], [ 91.937870063, 22.166030945000159 ], [ 91.937783629000137, 22.166002622 ], [ 91.937712950000048, 22.165974113000061 ], [ 91.937596623000104, 22.165975496999977 ], [ 91.93748815500004, 22.166019682000183 ], [ 91.937442310000051, 22.166078928000104 ], [ 91.937388370000065, 22.166122461999976 ], [ 91.937287407000099, 22.166139466000175 ], [ 91.937239841000121, 22.16611745400013 ], [ 91.937208046000023, 22.166052360000037 ], [ 91.937191306000102, 22.165980313000034 ], [ 91.9371753530001, 22.165921804999982 ], [ 91.937120052000068, 22.165866022000102 ], [ 91.937010195000084, 22.165808626000114 ], [ 91.936908614000117, 22.165780485000028 ], [ 91.936830272000066, 22.165767870000138 ], [ 91.936798756000087, 22.165723089999972 ], [ 91.936781923000069, 22.165644272000065 ], [ 91.936820295000189, 22.165614467000125 ], [ 91.936866265000106, 22.165564251000092 ], [ 91.936897276000082, 22.165527759999975 ], [ 91.936872936000043, 22.165476121999973 ], [ 91.936825697000131, 22.16543379 ], [ 91.936762583000018, 22.165382614000066 ], [ 91.936746756000048, 22.165333133000161 ], [ 91.936784727000088, 22.165273982000144 ], [ 91.936814821000098, 22.165214925000157 ], [ 91.936829801000101, 22.165158305000091 ], [ 91.936805184000093, 22.165086351000127 ], [ 91.936702397000033, 22.164970175000121 ], [ 91.936678880000159, 22.164934330999984 ], [ 91.936631644000158, 22.164891998000144 ], [ 91.936545117000151, 22.164856904000089 ], [ 91.93645889000004, 22.164799229000039 ], [ 91.936356814000135, 22.164734968000118 ], [ 91.93628613400017, 22.164706459000172 ], [ 91.936169020000023, 22.164694304000136 ], [ 91.936044511000148, 22.164673205999975 ], [ 91.935974230000113, 22.164674042000058 ], [ 91.935865178000142, 22.164675336000187 ], [ 91.935779659000048, 22.164669580000066 ], [ 91.935724948000086, 22.16465668100011 ], [ 91.935692423000148, 22.164582565000046 ], [ 91.935691341000052, 22.16450356100006 ], [ 91.935690259000125, 22.164424555000096 ], [ 91.935697147000155, 22.164352227000165 ], [ 91.935673323000174, 22.164293810000061 ], [ 91.9356105170001, 22.164265207000085 ], [ 91.935540455000194, 22.164281843000026 ], [ 91.935470269000064, 22.164289451000116 ], [ 91.935384627000076, 22.164274663000128 ], [ 91.935299110000187, 22.164268907 ], [ 91.935212677000038, 22.164240581000172 ], [ 91.935189254000136, 22.164211511000076 ], [ 91.93514210800015, 22.164175948000036 ], [ 91.935116183000048, 22.164133873000026 ], [ 91.935093774000052, 22.16409750300005 ], [ 91.935092969000095, 22.164038814000094 ], [ 91.935108319000108, 22.16400928000013 ], [ 91.935201250000091, 22.163981087000025 ], [ 91.935302520000107, 22.163986656000191 ], [ 91.93537258200007, 22.163970022000058 ], [ 91.935434397000108, 22.163926391000075 ], [ 91.935456944000123, 22.163847106000048 ], [ 91.935456325000132, 22.16380196 ], [ 91.935486451000145, 22.163745160000133 ], [ 91.935626341000159, 22.163738984000133 ], [ 91.935956436000026, 22.163728291000041 ], [ 91.936175819000141, 22.163725683 ], [ 91.936279960000149, 22.163724445000071 ], [ 91.937115424000183, 22.163714518000063 ], [ 91.937467343000094, 22.16396996800006 ], [ 91.937958609000077, 22.164223758000105 ], [ 91.93844542100004, 22.164152498000078 ], [ 91.938858130000142, 22.163759270000014 ], [ 91.939413717000036, 22.16362171500009 ], [ 91.939449459000116, 22.163628976000098 ], [ 91.93994651200012, 22.163729951 ], [ 91.941229952000128, 22.1639906690001 ], [ 91.941663665000192, 22.163954100000183 ], [ 91.942134190000161, 22.163914424999973 ], [ 91.942758574000095, 22.163712823000026 ], [ 91.942755007000073, 22.16345323500002 ], [ 91.942887220000102, 22.16293239800018 ], [ 91.943162340000129, 22.162669486000084 ], [ 91.943578570999989, 22.162533581000162 ], [ 91.944273517000113, 22.162396605000026 ], [ 91.944760613000085, 22.162390795000078 ], [ 91.944903526000132, 22.16264871900006 ], [ 91.945234493000044, 22.162888936000172 ], [ 91.945255455, 22.162904149999974 ], [ 91.946438975000092, 22.162824550000153 ], [ 91.947691558000031, 22.16274411500018 ], [ 91.949294906000034, 22.162790420000192 ], [ 91.950409946000093, 22.162842553000132 ], [ 91.951015785000038, 22.162835300000154 ], [ 91.95145501900015, 22.162830042000053 ], [ 91.952222574000132, 22.162949539000124 ], [ 91.952779947000181, 22.16294286100009 ], [ 91.953474886000038, 22.162805848 ], [ 91.953823242000055, 22.162801673000104 ], [ 91.954168011000093, 22.162537908000047 ], [ 91.95423496900014, 22.162340691000168 ], [ 91.954159028000163, 22.161887810999986 ], [ 91.953874521000159, 22.161631300000181 ], [ 91.952899590000186, 22.161514592000117 ], [ 91.952203784000176, 22.161588397000116 ], [ 91.95150768200017, 22.161596735000103 ], [ 91.950393820000158, 22.161673280000116 ], [ 91.949698011000066, 22.161747075999983 ], [ 91.949421738000012, 22.161881324000092 ], [ 91.949074254000038, 22.161948694000159 ], [ 91.948447215000158, 22.161956192000048 ], [ 91.948030088000166, 22.16202665000003 ], [ 91.94768083200006, 22.161965351000049 ], [ 91.947538815000144, 22.161772890000179 ], [ 91.947673681000083, 22.161446174000162 ], [ 91.947950591000108, 22.161314179000158 ], [ 91.948156029000188, 22.161052095000116 ], [ 91.948146203000078, 22.160338793000108 ], [ 91.94814149400014, 22.159996921000072 ], [ 91.948139052000158, 22.159819615000117 ], [ 91.947995236000111, 22.159496231 ], [ 91.947713884000109, 22.159305436000125 ], [ 91.947230670000124, 22.159636312000146 ], [ 91.946957037000118, 22.15996242500006 ], [ 91.946610485000065, 22.160097507000046 ], [ 91.946329134000109, 22.15990670900004 ], [ 91.946324662000109, 22.159581660000072 ], [ 91.946530100000075, 22.159319575000154 ], [ 91.946945448000122, 22.159120456000096 ], [ 91.947035664000168, 22.158900923000147 ], [ 91.947079707000171, 22.158793749000154 ], [ 91.946792397000195, 22.158078260000025 ], [ 91.946853441000087, 22.157498298000178 ], [ 91.946915963000095, 22.156978290000154 ], [ 91.946980552000184, 22.156652415000053 ], [ 91.947256555000195, 22.156454961000065 ], [ 91.94767456500017, 22.156449967000015 ], [ 91.94811272600009, 22.156354551000106 ], [ 91.948299808000115, 22.156313810000029 ], [ 91.948506111000199, 22.156114927000033 ], [ 91.948641871000063, 22.15585367500006 ], [ 91.949059878000128, 22.155848677 ], [ 91.949477283000078, 22.155843686000026 ], [ 91.949753279000049, 22.155646227000148 ], [ 91.950097170000163, 22.155319270000177 ], [ 91.950234568000155, 22.154951819000075 ], [ 91.950365977999979, 22.154600379000101 ], [ 91.950849198000185, 22.154271752 ], [ 91.951266300000043, 22.15420129000006 ], [ 91.951478478000013, 22.154059168000174 ], [ 91.951956105000193, 22.153739241000096 ], [ 91.952228482000123, 22.153279935000114 ], [ 91.952360255000087, 22.152993892000154 ], [ 91.952499112000112, 22.152694219000125 ], [ 91.952561614000103, 22.152174211000101 ], [ 91.952409728000191, 22.151266193000083 ], [ 91.952123904000132, 22.150750355000071 ], [ 91.95210586900015, 22.150664321000022 ], [ 91.951974734000089, 22.15003872200009 ], [ 91.952106902000139, 22.14951787900003 ], [ 91.952310539000052, 22.149127124000131 ], [ 91.953494838000097, 22.149112942000045 ], [ 91.953916412000126, 22.149367520000112 ], [ 91.954405235000195, 22.149490351000054 ], [ 91.954540980000104, 22.149229092000041 ], [ 91.954955383000197, 22.148964495000087 ], [ 91.955089346000193, 22.148574572000086 ], [ 91.954876769000123, 22.148317489000192 ], [ 91.954245909000122, 22.147999950000155 ], [ 91.95406116800001, 22.147874669000146 ], [ 91.953683235000142, 22.147618375000093 ], [ 91.953052678000063, 22.147366296000087 ], [ 91.952561450000132, 22.147112549000155 ], [ 91.952141662000031, 22.146986629000025 ], [ 91.951509942000143, 22.146605873000169 ], [ 91.951292890000161, 22.146023738000054 ], [ 91.951010659000133, 22.145767483000043 ], [ 91.951000826000154, 22.145054181000035 ], [ 91.951413452000168, 22.144660927000189 ], [ 91.952106761000039, 22.144456215000105 ], [ 91.952174650000075, 22.144326714000158 ], [ 91.952306812000188, 22.143805871000097 ], [ 91.9526398980002, 22.142697890000022 ], [ 91.952595612000096, 22.142122718000053 ], [ 91.952555044000121, 22.141597170000068 ], [ 91.95261486600009, 22.140883033000023 ], [ 91.952813105000075, 22.140101769000069 ], [ 91.953159600000049, 22.139966675999972 ], [ 91.953849037000168, 22.139439158000016 ], [ 91.954190470000071, 22.138981278000188 ], [ 91.954741482000031, 22.138520889000176 ], [ 91.95578097900011, 22.138117854000143 ], [ 91.956268592000072, 22.13811200900011 ], [ 91.956481157000155, 22.138369089000037 ], [ 91.956624063000106, 22.138627005999979 ], [ 91.958014862000141, 22.13848163300014 ], [ 91.958154181000054, 22.138479960000097 ], [ 91.958434598000053, 22.138605281000082 ], [ 91.958582909000143, 22.139253703000065 ], [ 91.958728503000145, 22.139705744000082 ], [ 91.959012518000065, 22.140090650000104 ], [ 91.95977817, 22.140081454000097 ], [ 91.960129190000089, 22.140273652000189 ], [ 91.960618592000117, 22.14039645600019 ], [ 91.961051643000133, 22.14046654800012 ], [ 91.961735235000049, 22.140577188000066 ], [ 91.962431836, 22.140568810000048 ], [ 91.962781044000167, 22.140630080000165 ], [ 91.9630651, 22.14101723400006 ], [ 91.963763488000097, 22.141137512000057 ], [ 91.964389821000111, 22.141129972000158 ], [ 91.964739032000125, 22.141191237000157 ], [ 91.964881048000166, 22.141383684000175 ], [ 91.965094542000088, 22.141706213000134 ], [ 91.965416975000039, 22.141758771000013 ], [ 91.965446717000191, 22.141762925000023 ], [ 91.96578663300005, 22.141372773000057 ], [ 91.965843694000057, 22.140464514000143 ], [ 91.965971290000141, 22.139618615000074 ], [ 91.966104308000126, 22.13916322700004 ], [ 91.966237326000112, 22.138707837000027 ], [ 91.966510538000193, 22.138313971000116 ], [ 91.966716212000108, 22.138117334000071 ], [ 91.96698221000014, 22.137204295000117 ], [ 91.967044656000155, 22.136684285000115 ], [ 91.967037475000154, 22.136167372000045 ], [ 91.967240115000038, 22.135708882000131 ], [ 91.967443690000096, 22.135318113000039 ], [ 91.967789281000194, 22.135119787000122 ], [ 91.96806700000019, 22.135050967000154 ], [ 91.969876568000132, 22.134963654000103 ], [ 91.970780319000028, 22.134824055000024 ], [ 91.971679816000119, 22.134422616000109 ], [ 91.971706724000057, 22.134397457000091 ], [ 91.972229839000079, 22.133896712000137 ], [ 91.97227512600017, 22.133799085000135 ], [ 91.972500352000168, 22.133310971000071 ], [ 91.972698472000047, 22.132529690000183 ], [ 91.972817881000083, 22.13109915900003 ], [ 91.972878514000172, 22.13045048400005 ], [ 91.972940025000014, 22.129865011000049 ], [ 91.973000655000078, 22.129216332999988 ], [ 91.9732060030002, 22.128954222000061 ], [ 91.973551569, 22.128755887000125 ], [ 91.974101838000138, 22.1282931880001 ], [ 91.974509818000172, 22.127574837000111 ], [ 91.974781193000126, 22.127052298000081 ], [ 91.975121338000122, 22.126465711000151 ], [ 91.975392649000128, 22.125938820000158 ], [ 91.975385470000163, 22.125423999000134 ], [ 91.975031767000075, 22.125037709000139 ], [ 91.974677185000075, 22.124588214000141 ], [ 91.974391342000104, 22.124072413000192 ], [ 91.974105503000033, 22.123556613000176 ], [ 91.973819362000029, 22.122975347000192 ], [ 91.973393344000158, 22.122398025000052 ], [ 91.973313759000064, 22.12168557200016 ], [ 91.973302917000069, 22.120906818000037 ], [ 91.97329656900007, 22.120450851000044 ], [ 91.973292985000114, 22.120193521999965 ], [ 91.973355404000017, 22.119673510000098 ], [ 91.973592736000114, 22.119273295000141 ], [ 91.973627652000175, 22.119214175000025 ], [ 91.97425209700009, 22.119077937000156 ], [ 91.974811994000106, 22.119265322000103 ], [ 91.975235331000079, 22.119650773000103 ], [ 91.975872118000098, 22.120356480000112 ], [ 91.976228489000164, 22.120934639000097 ], [ 91.976867421000122, 22.121836730000041 ], [ 91.977363130000185, 22.122415456000169 ], [ 91.977647147000141, 22.122800326 ], [ 91.978068678999989, 22.123054847000049 ], [ 91.978700075, 22.123372292999989 ], [ 91.979188820000047, 22.123495052000123 ], [ 91.979746944000055, 22.123553755999978 ], [ 91.980303237000157, 22.123481537000146 ], [ 91.980929181000079, 22.123408468000036 ], [ 91.981482152000069, 22.123142129000144 ], [ 91.981823144000089, 22.122618734000071 ], [ 91.982602024000187, 22.123519101000056 ], [ 91.98316015, 22.123577792000049 ], [ 91.983646788000158, 22.12350640600016 ], [ 91.984138061000181, 22.123497727000085 ], [ 91.984616742000128, 22.123169517000122 ], [ 91.984956803999978, 22.122580656000139 ], [ 91.985089749000053, 22.122125253000036 ], [ 91.985151240999983, 22.121542037999973 ], [ 91.985138496000104, 22.120632367000155 ], [ 91.985198154000045, 22.119918233000192 ], [ 91.985332901000106, 22.119591494000076 ], [ 91.985606054000073, 22.119199856000023 ], [ 91.985810445000197, 22.118872274000069 ], [ 91.985875540000166, 22.118546383000023 ], [ 91.986009397000146, 22.118156441999986 ], [ 91.985727166000117, 22.117900249000058 ], [ 91.985237829000084, 22.117777514000068 ], [ 91.98481719200015, 22.117586214000085 ], [ 91.984394784000017, 22.117268508000052 ], [ 91.984247306999976, 22.116685573999973 ], [ 91.984592825000163, 22.116487219000192 ], [ 91.985027864000187, 22.116440981000096 ], [ 91.9852883800001, 22.116413291000129 ], [ 91.985844641000199, 22.116341053000156 ], [ 91.986260117000086, 22.116207313000132 ], [ 91.986529592000124, 22.11555383700005 ], [ 91.986932921000175, 22.114510421000034 ], [ 91.987203342000043, 22.113924659000077 ], [ 91.987613021000129, 22.113334948000045 ], [ 91.987679348000199, 22.11323984600017 ], [ 91.987886159000141, 22.112943310000162 ], [ 91.988438762000158, 22.112611481000158 ], [ 91.989132774000041, 22.112472086000082 ], [ 91.989966708999987, 22.112333241000044 ], [ 91.990522950000127, 22.112260989999982 ], [ 91.990799722000077, 22.112128930000097 ], [ 91.991144583000107, 22.111928311000099 ], [ 91.991280227000175, 22.111667031000138 ], [ 91.991409497000177, 22.110952043000168 ], [ 91.991466074000186, 22.110345883000093 ], [ 91.991470043000049, 22.110303367000142 ], [ 91.991599310000197, 22.109588381000094 ], [ 91.991521454000122, 22.109004604000063 ], [ 91.99144816800009, 22.108745871000053 ], [ 91.991305235000084, 22.108487986000114 ], [ 91.99102635100013, 22.108425915000055 ], [ 91.990468319000115, 22.108369505000155 ], [ 91.989771889000053, 22.108377990000065 ], [ 91.98935402900014, 22.108383085000014 ], [ 91.98893616700019, 22.108388171000115 ], [ 91.988726323000037, 22.108325255000068 ], [ 91.988653957999986, 22.108131981000042 ], [ 91.988790490000099, 22.107933906000085 ], [ 91.989137818000074, 22.107866461000128 ], [ 91.989484196000149, 22.107731300000012 ], [ 91.989620756000079, 22.107535479000092 ], [ 91.989687675000198, 22.107340508 ], [ 91.98975275500004, 22.107014615000139 ], [ 91.990378620000058, 22.106941519000145 ], [ 91.990657190000036, 22.10693812300002 ], [ 91.990799200000026, 22.107130547000168 ], [ 91.990801957000031, 22.107326928000134 ], [ 91.991364924000152, 22.10736263300015 ], [ 91.991637947000072, 22.107379949000176 ], [ 91.991985274000115, 22.107312498 ], [ 91.99197978900014, 22.10692199600004 ], [ 91.992467282000064, 22.106916050000052 ], [ 91.992539653000108, 22.107109322999975 ], [ 91.993305720000137, 22.107099974 ], [ 91.993652438000026, 22.107032529000037 ], [ 91.99371842700009, 22.106772095000167 ], [ 91.993297534000192, 22.106517607000058 ], [ 91.99294840400006, 22.106456396000056 ], [ 91.992875110000057, 22.106197664000149 ], [ 91.993008939, 22.105807719000097 ], [ 91.993146386000092, 22.105675099000166 ], [ 91.993559061000042, 22.105344965000029 ], [ 91.99390545600005, 22.105212051000024 ], [ 91.994109809000122, 22.104884458000186 ], [ 91.993968721000044, 22.104757494000182 ], [ 91.99354811500001, 22.104566215999967 ], [ 91.993406709000055, 22.104373785000121 ], [ 91.993820300000095, 22.104109112000174 ], [ 91.994308704000161, 22.104168621000042 ], [ 91.995073831000127, 22.104093804000172 ], [ 91.995351477000042, 22.104024942000137 ], [ 91.995346936000089, 22.103702157000157 ], [ 91.996040002000086, 22.103499533000104 ], [ 91.996104149000132, 22.103108181000039 ], [ 91.995756552000046, 22.103112427000042 ], [ 91.99561361700006, 22.102854547 ], [ 91.994777939000187, 22.102864756000088 ], [ 91.994635928000093, 22.102672333000044 ], [ 91.994418788000019, 22.102090260000125 ], [ 91.993924931000151, 22.101642507000122 ], [ 91.993640916000174, 22.101257661000034 ], [ 91.993217275000177, 22.100806789000046 ], [ 91.993209983000099, 22.100287625000078 ], [ 91.99319815400014, 22.099445674000151 ], [ 91.993331942000168, 22.09905347 ], [ 91.993739144000131, 22.09833509200007 ], [ 91.993803326000091, 22.097945996000021 ], [ 91.993867475000172, 22.097554645000059 ], [ 91.994003103000182, 22.097293362000073 ], [ 91.994278922000035, 22.097095839000133 ], [ 91.994480539000108, 22.096574124000028 ], [ 91.994613433000097, 22.096118719000117 ], [ 91.994812318000072, 22.095402878000129 ], [ 91.994807748000085, 22.095077837000133 ], [ 91.994752366000114, 22.094929510000043 ], [ 91.994662984000172, 22.094689034000055 ], [ 91.994243361000031, 22.094565473000046 ], [ 91.993825543000071, 22.094570571000077 ], [ 91.993826463000175, 22.094636031 ], [ 91.993482816000039, 22.094963066000162 ], [ 91.993349636000062, 22.09535525900003 ], [ 91.993284564000191, 22.095681152000054 ], [ 91.993217655000024, 22.095876124000029 ], [ 91.993081110000048, 22.096071946000052 ], [ 91.992731119000098, 22.095947533000185 ], [ 91.992520367000111, 22.09581915900003 ], [ 91.992171266000071, 22.095757945000116 ], [ 91.991965111000127, 22.095956874000137 ], [ 91.991902763000155, 22.096476887999984 ], [ 91.991905486000121, 22.096671011000183 ], [ 91.991769854000097, 22.09693229200019 ], [ 91.991210923000096, 22.096808163000162 ], [ 91.991207278000047, 22.096548578000068 ], [ 91.991063475000146, 22.096227492000139 ], [ 91.990852412000038, 22.096033650000095 ], [ 91.990642613000148, 22.095972992000043 ], [ 91.990224794000142, 22.095978080000123 ], [ 91.989766351000128, 22.095983665000119 ], [ 91.989737333000051, 22.095984019000184 ], [ 91.989251679000176, 22.096118619000094 ], [ 91.989046405000067, 22.096380745000147 ], [ 91.988909853000109, 22.096576565000134 ], [ 91.988495667000166, 22.096841235000056 ], [ 91.98787045, 22.096914313000013 ], [ 91.987736615000074, 22.097304256000086 ], [ 91.987739366000199, 22.097500637000053 ], [ 91.987390262000076, 22.097439412000028 ], [ 91.987177708000104, 22.097182369 ], [ 91.986769142000185, 22.097059855000168 ], [ 91.986202781000145, 22.097194226 ], [ 91.985652636, 22.09765469600012 ], [ 91.985448272000156, 22.0979822810001 ], [ 91.984966763000045, 22.098442858000112 ], [ 91.984832422000181, 22.098768650000068 ], [ 91.984770929000149, 22.099351867000109 ], [ 91.984636197000043, 22.09967860200004 ], [ 91.984500555000182, 22.099939881000068 ], [ 91.98429798300009, 22.100396126000078 ], [ 91.984163251000155, 22.100722860000133 ], [ 91.983890151000139, 22.101116750000017 ], [ 91.983617022000146, 22.101508380000098 ], [ 91.983342698, 22.101771338 ], [ 91.983180652000101, 22.101864371000147 ], [ 91.982997211000111, 22.101969689000157 ], [ 91.982791005000138, 22.102166350000175 ], [ 91.982517901000108, 22.102560236000102 ], [ 91.982522445000086, 22.10288528000018 ], [ 91.982250223000165, 22.103342371000053 ], [ 91.981975286000022, 22.103605334000065 ], [ 91.981282500000077, 22.103873366000016 ], [ 91.981287924000185, 22.10426161800018 ], [ 91.981220994000182, 22.104456584000161 ], [ 91.981015418000197, 22.104655492000063 ], [ 91.98073864600002, 22.104787536000174 ], [ 91.980394064000109, 22.105051345000049 ], [ 91.980401313000129, 22.105570509000017 ], [ 91.980618403000108, 22.10615260700007 ], [ 91.980899686000043, 22.106343352000124 ], [ 91.980976580000174, 22.106861679000076 ], [ 91.980707057000188, 22.107512889000134 ], [ 91.980360670000039, 22.107648031000167 ], [ 91.979873170000189, 22.107653942000184 ], [ 91.979877709000107, 22.10797898800007 ], [ 91.980298279000124, 22.108168046000117 ], [ 91.980651034000061, 22.108488867000062 ], [ 91.980727897000122, 22.109004935000144 ], [ 91.980385134000073, 22.109399663000147 ], [ 91.979825273000074, 22.10921229600018 ], [ 91.979612714000154, 22.108955244000015 ], [ 91.978843894000136, 22.108768147000092 ], [ 91.978148974000192, 22.108842038000091 ], [ 91.977659673000119, 22.108719278000081 ], [ 91.977864072000045, 22.108391701000016 ], [ 91.978139024000086, 22.108128744000055 ], [ 91.978343418000122, 22.107801168000094 ], [ 91.978338001999987, 22.107412918000136 ], [ 91.978264736000142, 22.107154177000155 ], [ 91.977496840000015, 22.107032534000098 ], [ 91.976728972000103, 22.106913144000032 ], [ 91.976386170000183, 22.107305607000058 ], [ 91.976392524000175, 22.107761574000051 ], [ 91.976328292000176, 22.108150668000064 ], [ 91.976054854000097, 22.108479076000094 ], [ 91.975289684000188, 22.108553805000156 ], [ 91.975082544000145, 22.108684995000147 ], [ 91.974523603000137, 22.108563069000184 ], [ 91.974103917000036, 22.108437199999969 ], [ 91.973821729000178, 22.108180981000032 ], [ 91.97360887800005, 22.107858454000052 ], [ 91.973188316000062, 22.107669376000047 ], [ 91.972702631000118, 22.107806186000175 ], [ 91.972290170000178, 22.108199486000046 ], [ 91.972295600999985, 22.108589993000123 ], [ 91.972714346000089, 22.10864814700011 ], [ 91.973132205000127, 22.108643099000062 ], [ 91.973554596000156, 22.108963097000071 ], [ 91.97376653800012, 22.109220163000032 ], [ 91.973841586000106, 22.109607571000083 ], [ 91.973989013000164, 22.110190520000117 ], [ 91.973995329000161, 22.110644229000059 ], [ 91.974001648000012, 22.111097941000139 ], [ 91.973515648000159, 22.111169287000166 ], [ 91.973302220000051, 22.110849022000082 ], [ 91.973224437000113, 22.110265233000177 ], [ 91.973151183000084, 22.110006488000181 ], [ 91.972733311000184, 22.110011538000037 ], [ 91.972247589000119, 22.11014609200015 ], [ 91.97218155700017, 22.110406517000115 ], [ 91.972191479000116, 22.111119815000166 ], [ 91.972337113000094, 22.111574099000109 ], [ 91.972342514000047, 22.111962348000134 ], [ 91.972347944000148, 22.112352858000122 ], [ 91.9722158780001, 22.112873708000052 ], [ 91.972217667000109, 22.113002375000121 ], [ 91.971798881000097, 22.112941960000057 ], [ 91.971521425000105, 22.112753799000188 ], [ 91.971449769000174, 22.112882963000061 ], [ 91.971246228000155, 22.113273733000028 ], [ 91.970829866000145, 22.113344233000191 ], [ 91.970549464000044, 22.113216674 ], [ 91.97040568400007, 22.112895565000031 ], [ 91.970332431000088, 22.112636819000102 ], [ 91.970187711000051, 22.112247992000164 ], [ 91.969836784000051, 22.11205806900017 ], [ 91.969487646000118, 22.111996808000185 ], [ 91.969139417000179, 22.11200100700006 ], [ 91.968585552000093, 22.11220184299998 ], [ 91.968308788000115, 22.112336124000024 ], [ 91.968174005000037, 22.112662849000117 ], [ 91.968040105000171, 22.113052781000079 ], [ 91.968041925000136, 22.113183703000061 ], [ 91.967766031000053, 22.113381184000161 ], [ 91.967486536000081, 22.113319080000167 ], [ 91.967132008000078, 22.112869563000174 ], [ 91.967197144000124, 22.112543678000122 ], [ 91.967331927000032, 22.112216951000164 ], [ 91.967743505000158, 22.111758206000161 ], [ 91.968366710999987, 22.111491065000166 ], [ 91.968850929000098, 22.111291068000014 ], [ 91.969475044000149, 22.111089384000024 ], [ 91.969958951000137, 22.11082391900004 ], [ 91.970372307000048, 22.110493830000166 ], [ 91.970714224000176, 22.110035917 ], [ 91.97070700800009, 22.109516748000146 ], [ 91.970702491000168, 22.109191698000075 ], [ 91.970555110000134, 22.108611004000181 ], [ 91.970410397000194, 22.108222175000037 ], [ 91.970126425000103, 22.107837286000063 ], [ 91.96984424600015, 22.107581061000133 ], [ 91.969424565000111, 22.107455179000169 ], [ 91.969075438000118, 22.107393918000184 ], [ 91.968516201000114, 22.107206500000132 ], [ 91.967889410000055, 22.107214054000053 ], [ 91.967734840000048, 22.106114182000169 ], [ 91.96750967100013, 22.105909716000099 ], [ 91.967452667000032, 22.105857953 ], [ 91.9670348100002, 22.105862986000147 ], [ 91.966622335000068, 22.106256269000085 ], [ 91.966344672000105, 22.106325083000115 ], [ 91.965991648000056, 22.105938759000139 ], [ 91.965847889000145, 22.105617645 ], [ 91.965776431999984, 22.105487562000178 ], [ 91.96535766900007, 22.105427129000077 ], [ 91.964800524000054, 22.105433834000166 ], [ 91.964384484000107, 22.105569782000032 ], [ 91.963901484000132, 22.105900692000091 ], [ 91.963697932000173, 22.106291457000168 ], [ 91.963703307000173, 22.106679709000161 ], [ 91.963497702000097, 22.106878595000069 ], [ 91.962940551000088, 22.106885294 ], [ 91.9623128570002, 22.10682736800004 ], [ 91.962032472000033, 22.106699790000107 ], [ 91.961680695000155, 22.10644664400013 ], [ 91.961124154000174, 22.106453327000054 ], [ 91.960910731000183, 22.106130786000108 ], [ 91.960832098000196, 22.105481526000062 ], [ 91.96061152700014, 22.104642065000121 ], [ 91.959986524000044, 22.104778256000088 ], [ 91.959362424000062, 22.104979902000082 ], [ 91.95915798700014, 22.105307457000094 ], [ 91.959023190000096, 22.105634176000081 ], [ 91.958608617000152, 22.105833307000125 ], [ 91.958190758000114, 22.105838317000178 ], [ 91.957911282000111, 22.105776196000079 ], [ 91.957696994000116, 22.105390448000151 ], [ 91.957483576000072, 22.10506790300019 ], [ 91.956994304000091, 22.104945078000071 ], [ 91.956919273000153, 22.104555404000166 ], [ 91.957404090000068, 22.104355434000126 ], [ 91.958101418000183, 22.104412547000152 ], [ 91.958447825000178, 22.104277450000041 ], [ 91.958513008000125, 22.103953824000087 ], [ 91.958434390000036, 22.103304560000026 ], [ 91.958430808000116, 22.103044971000145 ], [ 91.958288843000162, 22.102852513000016 ], [ 91.957939731000067, 22.102791227000125 ], [ 91.957242408000184, 22.102734111000188 ], [ 91.95647635, 22.102743290000149 ], [ 91.955988593000086, 22.102685918000191 ], [ 91.955707318000179, 22.102492867000137 ], [ 91.955702868000174, 22.10217007500006 ], [ 91.955702438000117, 22.102138935000141 ], [ 91.9556966130001, 22.101716358999965 ], [ 91.95541176200004, 22.101263721 ], [ 91.954992141000048, 22.101140055000087 ], [ 91.954222513000161, 22.100889635000158 ], [ 91.953654661000087, 22.100117533000059 ], [ 91.953710905000094, 22.099143805000097 ], [ 91.953567752000083, 22.098820414000102 ], [ 91.95342473900007, 22.098296984000115 ], [ 91.953760866000039, 22.097714105000136 ], [ 91.954241221000075, 22.097191353000028 ], [ 91.954372448000015, 22.096605046000093 ], [ 91.954226019000089, 22.096087535000038 ], [ 91.95401085400016, 22.095636317000185 ], [ 91.95406271600018, 22.094809502000032 ], [ 91.954067967000128, 22.094725796000034 ], [ 91.954199220000078, 22.094141746000048 ], [ 91.954471491000163, 22.093682441000169 ], [ 91.95474469100003, 22.093290853999974 ], [ 91.955021439000177, 22.093156599000167 ], [ 91.955081249000159, 22.092442460000143 ], [ 91.954931245000182, 22.091665358000171 ], [ 91.954785724000146, 22.091213309000125 ], [ 91.954708938000181, 22.090694963000033 ], [ 91.954701787000033, 22.090175785999975 ], [ 91.954891950000047, 22.088812139000083 ], [ 91.954876749000107, 22.087708320000104 ], [ 91.954789240000082, 22.086411205 ], [ 91.954774070000042, 22.085309646000098 ], [ 91.954969541000139, 22.08433199500007 ], [ 91.955308783000135, 22.083679985000174 ], [ 91.955393780000179, 22.08321163200003 ], [ 91.955438226000126, 22.082965014000081 ], [ 91.955566766000061, 22.082184579000057 ], [ 91.955695301000162, 22.081404148000047 ], [ 91.955685477000031, 22.080690839000113 ], [ 91.95574348100007, 22.079845779000152 ], [ 91.955804191000084, 22.079197103000126 ], [ 91.955934792000164, 22.078610801000139 ], [ 91.95613653200013, 22.078089122000051 ], [ 91.956203219000088, 22.077916672000129 ], [ 91.956338268000138, 22.077567445000113 ], [ 91.956402549000074, 22.077178357000093 ], [ 91.956325767000067, 22.076660009000022 ], [ 91.95631594200006, 22.075946706000025 ], [ 91.956310564000148, 22.075556194000058 ], [ 91.956442669000182, 22.075035350000121 ], [ 91.956646204000037, 22.074644594000119 ], [ 91.956917566000129, 22.074122082000088 ], [ 91.956911314000138, 22.073668366 ], [ 91.956693478000034, 22.073020764000091 ], [ 91.956688161000045, 22.072634765000032 ], [ 91.956684555000095, 22.072372919000031 ], [ 91.956464949000065, 22.071596651000107 ], [ 91.956412192000073, 22.0712834630001 ], [ 91.956345329000101, 22.071221051000123 ], [ 91.956297931000108, 22.071165176000022 ], [ 91.956234358000074, 22.071077886000069 ], [ 91.956154671000149, 22.070963699000117 ], [ 91.956169014000182, 22.070861932000128 ], [ 91.956230382000115, 22.070788951000054 ], [ 91.956260045000136, 22.070700548000104 ], [ 91.956274201000099, 22.070585237000103 ], [ 91.956293570000184, 22.070455057000174 ], [ 91.956302469000093, 22.070395256000097 ], [ 91.956300480000039, 22.07025078800001 ], [ 91.956298675000141, 22.070119863000116 ], [ 91.956297463000055, 22.070031830000062 ], [ 91.956374168000082, 22.069929316000071 ], [ 91.956575388000033, 22.069854665000037 ], [ 91.956995379000091, 22.06983609100007 ], [ 91.95724440000015, 22.069846657000085 ], [ 91.957617959000061, 22.06984218600013 ], [ 91.957856871000104, 22.069866419000107 ], [ 91.9580078460001, 22.069880415000057 ], [ 91.958382801000141, 22.069977523000091 ], [ 91.958851214000049, 22.070089309000082 ], [ 91.959194284000034, 22.070157444000131 ], [ 91.95950689700004, 22.070212398000081 ], [ 91.959693777000041, 22.070239509000089 ], [ 91.95991232700004, 22.070279786000128 ], [ 91.960115945000155, 22.070378940000182 ], [ 91.960398257000065, 22.070520046000127 ], [ 91.960618832000137, 22.070707046000109 ], [ 91.960854110000071, 22.070862263000095 ], [ 91.96119840900019, 22.070975532000148 ], [ 91.961463580000043, 22.071015248000037 ], [ 91.961682133000068, 22.071055522 ], [ 91.961821397000051, 22.071010955000133 ], [ 91.961881951000066, 22.070879285000103 ], [ 91.961881138000138, 22.070820595000043 ], [ 91.961988529000052, 22.070704165000166 ], [ 91.962299727000186, 22.070700429 ], [ 91.962829879000196, 22.070766314000082 ], [ 91.963203843000031, 22.070791174000135 ], [ 91.963392317000171, 22.07093340300014 ], [ 91.96370672400019, 22.071162165000032 ], [ 91.963898667000137, 22.071275631 ], [ 91.964021148000086, 22.071348033000163 ], [ 91.964256244000183, 22.071489701000132 ], [ 91.964506892000145, 22.071617634000177 ], [ 91.964834832000065, 22.071685940000123 ], [ 91.965162959000111, 22.071767789000035 ], [ 91.965428568000164, 22.071839098000169 ], [ 91.965662458000168, 22.071849831000065 ], [ 91.965909704000183, 22.071731718000024 ], [ 91.966032017000089, 22.071556407000173 ], [ 91.966137374000198, 22.071293253000022 ], [ 91.966243135000184, 22.071059442000148 ], [ 91.966364035000197, 22.07082544900004 ], [ 91.966532374, 22.070606689999977 ], [ 91.966824798000061, 22.070384182000055 ], [ 91.967134804000125, 22.070294659000012 ], [ 91.9674009740001, 22.070406601000059 ], [ 91.96752669600005, 22.070477330000131 ], [ 91.967684104999989, 22.070606382000165 ], [ 91.967903285000034, 22.070691791 ], [ 91.968293362000054, 22.070743538000102 ], [ 91.968452403000185, 22.070989968000106 ], [ 91.968502430000115, 22.071235451000064 ], [ 91.968565197000089, 22.07126404600001 ], [ 91.968751078000082, 22.071218912 ], [ 91.968904458000168, 22.071056770000098 ], [ 91.968995474000053, 22.070895383000163 ], [ 91.969101853000097, 22.070706713 ], [ 91.969240908000131, 22.070603445000188 ], [ 91.969316995000099, 22.070500935000041 ], [ 91.969409025000118, 22.070368880000046 ], [ 91.969563809000135, 22.070308319000105 ], [ 91.969782383000052, 22.070393736000142 ], [ 91.969939993000139, 22.070493432000035 ], [ 91.970204350000074, 22.070474442999966 ], [ 91.970421701000021, 22.070471826000016 ], [ 91.970670736000102, 22.070439474000182 ], [ 91.970856428000047, 22.07038079400013 ], [ 91.970995479000067, 22.070277523000016 ], [ 91.971087901000089, 22.070217711000055 ], [ 91.97130544900017, 22.070185739000067 ], [ 91.971368577000021, 22.071374763000051 ], [ 91.971448079000027, 22.0715182940001 ], [ 91.971497331000023, 22.071707343000014 ], [ 91.971531414000083, 22.071894319000023 ], [ 91.971549787000129, 22.072083739999982 ], [ 91.971601447000126, 22.072446599999978 ], [ 91.971775192000052, 22.072661240000173 ], [ 91.971934019000116, 22.07289186100013 ], [ 91.972187693000137, 22.073193586000173 ], [ 91.972382743000139, 22.073458905000166 ], [ 91.972599374000197, 22.073710140000117 ], [ 91.972851256000069, 22.073926092000022 ], [ 91.973243165000099, 22.07410875000005 ], [ 91.97358747800007, 22.074221991000059 ], [ 91.974009264000131, 22.074332041000105 ], [ 91.974477073, 22.074398635000136 ], [ 91.975162247000071, 22.074419709000097 ], [ 91.975661532000061, 22.074528819000079 ], [ 91.975818767000192, 22.074644316000104 ], [ 91.97602401000006, 22.074815674999968 ], [ 91.976352957000188, 22.074999084000183 ], [ 91.976744087000043, 22.075125300000138 ], [ 91.97716527700004, 22.075192451000078 ], [ 91.977508373000035, 22.075217652000106 ], [ 91.977913227000101, 22.075242105000086 ], [ 91.97833240600005, 22.075164788 ], [ 91.978938856000184, 22.075098752000031 ], [ 91.979436762000148, 22.075108527000054 ], [ 91.979718504000175, 22.075206711000192 ], [ 91.98000144100007, 22.075390669000114 ], [ 91.980469662000189, 22.075486592000175 ], [ 91.981076739000059, 22.075508587000115 ], [ 91.981495904000155, 22.075517013000137 ], [ 91.981917928000087, 22.075557090000132 ], [ 91.982291900000121, 22.075581906000082 ], [ 91.982697742000141, 22.075633425000149 ], [ 91.983228137000026, 22.075715040000091 ], [ 91.983788593000043, 22.075737592000166 ], [ 91.984132070000157, 22.075789864000058 ], [ 91.984459836000099, 22.075844584000151 ], [ 91.984548627000038, 22.075853341000027 ], [ 91.984724830000175, 22.075870719000079 ], [ 91.98500373000013, 22.075808634000168 ], [ 91.985314744000107, 22.075791312000149 ], [ 91.985486687000048, 22.075832119000097 ], [ 91.985596080000107, 22.075860139000099 ], [ 91.985673710000185, 22.075825333000068 ], [ 91.985673212000108, 22.075789730000054 ], [ 91.985672575000137, 22.075744072000134 ], [ 91.985436027000105, 22.075543757 ], [ 91.985169393000092, 22.075400245000026 ], [ 91.984854972000107, 22.075173785000118 ], [ 91.984697732000029, 22.075058297000169 ], [ 91.984463431000108, 22.075018246000127 ], [ 91.984229098000185, 22.074933041000122 ], [ 91.984039808000148, 22.074777303000189 ], [ 91.983846833000086, 22.074314570000183 ], [ 91.983736025000155, 22.074184971000022 ], [ 91.98359332400014, 22.074026409000055 ], [ 91.983450848000075, 22.073840754000059 ], [ 91.983355373000109, 22.073681619000126 ], [ 91.983243966000032, 22.073509131000094 ], [ 91.983053448000078, 22.073265359000175 ], [ 91.982896616000062, 22.073179213000117 ], [ 91.982725476000098, 22.073151939000184 ], [ 91.982521232000067, 22.073052821000147 ], [ 91.982457869000086, 22.072938450000038 ], [ 91.982345459000044, 22.072693730000026 ], [ 91.982234241000072, 22.072534784000027 ], [ 91.982029600000089, 22.072363425000106 ], [ 91.9819192, 22.072263171000031 ], [ 91.981793474000085, 22.072192449 ], [ 91.981651979000048, 22.07207676500002 ], [ 91.981603150000183, 22.07196221900017 ], [ 91.98163280700004, 22.071830915000135 ], [ 91.981645934000142, 22.071643372000153 ], [ 91.981627957000171, 22.071483298000032 ], [ 91.981517150000172, 22.071353697000063 ], [ 91.981469116000085, 22.071252684000171 ], [ 91.9814491260002, 22.070948145000102 ], [ 91.98142954399998, 22.070672948000151 ], [ 91.981471919000057, 22.070324759000016 ], [ 91.981454761000066, 22.070223370000065 ], [ 91.981468075000066, 22.070049371000152 ], [ 91.981528004000154, 22.069917701000122 ], [ 91.981558072000155, 22.069815743 ], [ 91.981619012000067, 22.069713410000134 ], [ 91.981663996000066, 22.069595467000056 ], [ 91.981708408000145, 22.069436894000034 ], [ 91.981722735000176, 22.069335127000045 ], [ 91.981736233000049, 22.069217565000088 ], [ 91.981734816000198, 22.069115987000032 ], [ 91.981702332, 22.069001243000116 ], [ 91.981654297000034, 22.068900228000189 ], [ 91.981589706000136, 22.068740720000164 ], [ 91.981541261000075, 22.068610363000118 ], [ 91.981523913000103, 22.06849543300018 ], [ 91.981475880000119, 22.068394421 ], [ 91.981412923000164, 22.068352287999971 ], [ 91.981256732000077, 22.068311286000153 ], [ 91.981052883000189, 22.068196358000023 ], [ 91.980911613000046, 22.068096474000129 ], [ 91.980784881000034, 22.067953521000106 ], [ 91.98064260600006, 22.06778140199998 ], [ 91.980516064000085, 22.067651992000151 ], [ 91.980389524000088, 22.067522582000095 ], [ 91.980309797000189, 22.067363254000043 ], [ 91.980163896000079, 22.066974448 ], [ 91.980161063000139, 22.066771294000091 ], [ 91.98015945800006, 22.066656171000091 ], [ 91.980157228000053, 22.066495907000103 ], [ 91.980136022000067, 22.066060437000147 ], [ 91.980118049000112, 22.06590036200015 ], [ 91.980069420000063, 22.065756461000035 ], [ 91.979973762000157, 22.065583780000054 ], [ 91.979831294000121, 22.06544101500009 ], [ 91.979626853000127, 22.065283196000053 ], [ 91.97934472500009, 22.065155668000159 ], [ 91.97904909600004, 22.065145699000141 ], [ 91.978753655000048, 22.065149271999985 ], [ 91.978380303000051, 22.065167335000183 ], [ 91.9780378600002, 22.065187280000146 ], [ 91.977696179000077, 22.065218504000029 ], [ 91.977463306000118, 22.06528001800018 ], [ 91.977215706000038, 22.065371060000075 ], [ 91.977013895000141, 22.06544574500009 ], [ 91.976859310000066, 22.065519859 ], [ 91.976611708000178, 22.065610899000092 ], [ 91.976410694000037, 22.065699119000101 ], [ 91.976161682000054, 22.065688582 ], [ 91.975927363000096, 22.065646256999969 ], [ 91.975691662000088, 22.065504616000112 ], [ 91.975549992000083, 22.065375383000116 ], [ 91.975326805000179, 22.065001052000184 ], [ 91.975184726000066, 22.064842473000112 ], [ 91.975058630000092, 22.064744660000088 ], [ 91.974900999000113, 22.064599817000101 ], [ 91.974759144000188, 22.064457038000114 ], [ 91.974569846000179, 22.064299031000076 ], [ 91.974443539000106, 22.064142519000086 ], [ 91.974363407000055, 22.06399674000005 ], [ 91.974268573000188, 22.063882743000079 ], [ 91.974157781000088, 22.063753137000049 ], [ 91.974062542000127, 22.063609796000151 ], [ 91.97402823800013, 22.06340702100016 ], [ 91.974026012000081, 22.06324675500008 ], [ 91.974132165000071, 22.063042284000119 ], [ 91.974162046000174, 22.062926783000023 ], [ 91.974175769000169, 22.06282502300013 ], [ 91.974190099000111, 22.06272325599997 ], [ 91.974187465000057, 22.062533644000098 ], [ 91.974201199000106, 22.062388988000066 ], [ 91.974198972000181, 22.0622287220001 ], [ 91.974211701000115, 22.062011833000042 ], [ 91.974224833000108, 22.061867185000153 ], [ 91.974269819000085, 22.061749244000055 ], [ 91.974346317000027, 22.061633180000058 ], [ 91.974470024000084, 22.061559441000043 ], [ 91.974562628000115, 22.061513172000048 ], [ 91.97487380300015, 22.061509413000181 ], [ 91.975154506000194, 22.061535375 ], [ 91.97534159900016, 22.061578268000119 ], [ 91.97570139700008, 22.061718414000154 ], [ 91.975890065000044, 22.061831276000078 ], [ 91.976015584000038, 22.061931352000045 ], [ 91.976141520000169, 22.062017880999974 ], [ 91.976360877000104, 22.0621168240001 ], [ 91.976642370000036, 22.062199214000145 ], [ 91.976845392000143, 22.06225546100012 ], [ 91.977094807000071, 22.062295341000038 ], [ 91.977343844000188, 22.062308135000023 ], [ 91.977592640000125, 22.062259972000049 ], [ 91.97790322100019, 22.062213324000084 ], [ 91.97819824700008, 22.062180407000085 ], [ 91.978477134000173, 22.062075440000058 ], [ 91.978942293000159, 22.061954672000184 ], [ 91.979236320000098, 22.061806625000088 ], [ 91.979530326000088, 22.061613424000029 ], [ 91.979923442000086, 22.061319688000026 ], [ 91.980469860000198, 22.060599656000136 ], [ 91.98081255000011, 22.060207191000075 ], [ 91.981153412000083, 22.059683804000031 ], [ 91.98149156900007, 22.058966291000104 ], [ 91.981614507000131, 22.057795338000119 ], [ 91.98167509600006, 22.057146660000058 ], [ 91.981598239, 22.056628332000173 ], [ 91.981519561000084, 22.055979081000032 ], [ 91.981508741000084, 22.055202580000184 ], [ 91.981705827000042, 22.054355832999988 ], [ 91.982185905000165, 22.053830758000174 ], [ 91.982592748000172, 22.053046940000172 ], [ 91.983072218000189, 22.052521870000078 ], [ 91.983276533000151, 22.052194294000117 ], [ 91.983409436000045, 22.051738894000096 ], [ 91.983818972000165, 22.051149198000189 ], [ 91.984371392000071, 22.05081965800008 ], [ 91.984229453000125, 22.050627220000138 ], [ 91.983879548000061, 22.050500520000128 ], [ 91.983528771000067, 22.050310613000136 ], [ 91.983105633000037, 22.049925169000062 ], [ 91.982678605000046, 22.049216924000177 ], [ 91.983024281000041, 22.049084049999976 ], [ 91.983441053000092, 22.049013528000046 ], [ 91.983648067000161, 22.048880075000113 ], [ 91.983712265000122, 22.048490981000043 ], [ 91.98350071800013, 22.048299386999986 ], [ 91.983215021000035, 22.047783590000051 ], [ 91.983139965000021, 22.047393925000051 ], [ 91.983554024999989, 22.047129280000092 ], [ 91.983970822000117, 22.047061013000018 ], [ 91.984459913000194, 22.047183770000174 ], [ 91.984810689000085, 22.047373673000152 ], [ 91.985231111000019, 22.047564990000069 ], [ 91.98599625300011, 22.047555706000026 ], [ 91.986689643000091, 22.04735087600011 ], [ 91.986819820000107, 22.046701351000138 ], [ 91.986744754000142, 22.046311688000117 ], [ 91.986462679000169, 22.046055483000146 ], [ 91.986245707000137, 22.045475644000021 ], [ 91.986168846999988, 22.044957318000172 ], [ 91.986302619000071, 22.044565121000119 ], [ 91.986362272000122, 22.043850980000116 ], [ 91.986184316000106, 22.043376775000013 ], [ 91.98598741100011, 22.043063094000104 ], [ 91.985778903000096, 22.042828571000143 ], [ 91.985519516000181, 22.04259240600004 ], [ 91.985261508000178, 22.042498457000022 ], [ 91.985052966000126, 22.042261674000031 ], [ 91.984946669000124, 22.041976243000136 ], [ 91.984945350000089, 22.04188143600004 ], [ 91.984939993000125, 22.041497700000093 ], [ 91.984938485000157, 22.041389351000078 ], [ 91.984936690000097, 22.041260685999987 ], [ 91.984962855000049, 22.041183611000122 ], [ 91.984985520000066, 22.041115607000165 ], [ 91.985135929000137, 22.04087447 ], [ 91.985162286000104, 22.040810936000071 ], [ 91.985200944000098, 22.040717905000122 ], [ 91.985235492000129, 22.040633953000111 ], [ 91.985384577000104, 22.040298011 ], [ 91.985637229000076, 22.04000822800009 ], [ 91.985839086000169, 22.039766467999982 ], [ 91.9860884470001, 22.039284821000024 ], [ 91.986133882000047, 22.038853059000189 ], [ 91.986234136000178, 22.038662198000111 ], [ 91.986281636000172, 22.038422311999966 ], [ 91.986327072000051, 22.037990551000064 ], [ 91.986476813000081, 22.037702012000068 ], [ 91.986626557000022, 22.037413475000108 ], [ 91.986828411000033, 22.037171711000155 ], [ 91.986927970000181, 22.036931193000157 ], [ 91.986919301000114, 22.036310443000104 ], [ 91.986709448000056, 22.035978859000068 ], [ 91.986601190000158, 22.0355963720001 ], [ 91.986495558000115, 22.035358343000041 ], [ 91.986182751000115, 22.034980596000139 ], [ 91.98617941200007, 22.034741326000074 ], [ 91.986175411000033, 22.034454652000136 ], [ 91.986169397000026, 22.034023515000115 ], [ 91.986216601000024, 22.033734416000073 ], [ 91.986264345000109, 22.033496329000172 ], [ 91.986826447000055, 22.033345021000059 ], [ 91.987031634000061, 22.033342529000038 ], [ 91.987492192000161, 22.033289530000047 ], [ 91.987900580000201, 22.03314234100003 ], [ 91.987947332000147, 22.032805382000106 ], [ 91.988095079000061, 22.032374637000089 ], [ 91.988594155000101, 22.032251044000077 ], [ 91.988708620000068, 22.032222697000122 ], [ 91.989736626000081, 22.032402111000067 ], [ 91.990304025, 22.032587115000069 ], [ 91.990714451000031, 22.032629537000048 ], [ 91.991177602999983, 22.032718725000109 ], [ 91.991688938000152, 22.032617686000037 ], [ 91.99199635400015, 22.032566536000047 ], [ 91.992301808000036, 22.032418330000041 ], [ 91.992356881000035, 22.03220092600003 ], [ 91.992398761000175, 22.032035610000037 ], [ 91.992283740000119, 22.031127177000087 ], [ 91.992276377000167, 22.030601236000166 ], [ 91.992420764000087, 22.029931215999966 ], [ 91.992720871000131, 22.029401534000044 ], [ 91.993175980000046, 22.028917375000049 ], [ 91.993735396000147, 22.028576434000172 ], [ 91.994297467000024, 22.028425100000049 ], [ 91.994703808000168, 22.028133430000082 ], [ 91.995008590000168, 22.027937820000091 ], [ 91.995463022000138, 22.027406252000162 ], [ 91.99554769700012, 22.027012389000163 ], [ 91.995607392000181, 22.026736231000029 ], [ 91.995597802000077, 22.026614437000092 ], [ 91.995544539000036, 22.025924251000163 ], [ 91.995522428000072, 22.024346426000079 ], [ 91.995609880000188, 22.023243629999968 ], [ 91.996018231000107, 22.023096422000037 ], [ 91.996269145000099, 22.022815676000107 ], [ 91.996321002000059, 22.022758602000181 ], [ 91.99632517900011, 22.022711140000126 ], [ 91.996365075000028, 22.022232033000023 ], [ 91.996257470000103, 22.021896958000127 ], [ 91.996151172000054, 22.021611530000143 ], [ 91.995941984000126, 22.021327359000168 ], [ 91.995888056000126, 22.021206686000028 ], [ 91.995870741000033, 22.021167935000108 ], [ 91.995730110000181, 22.02085131900003 ], [ 91.995727456000168, 22.020661711000116 ], [ 91.995621214000039, 22.020423695000147 ], [ 91.995615171000168, 22.019992558000126 ], [ 91.995713379000108, 22.019657231000167 ], [ 91.995865743000138, 22.019558294000035 ], [ 91.996377692000124, 22.019504645000154 ], [ 91.997141354000064, 22.019362665000131 ], [ 91.99719636400016, 22.01935243700018 ], [ 91.997802102000037, 22.019345051000073 ], [ 91.998363892000157, 22.019291748 ], [ 91.998959974000059, 22.019243017000178 ], [ 91.999092338000196, 22.019232234000071 ], [ 91.999448560000189, 22.019038243000125 ], [ 91.999650369000108, 22.018796472000076 ], [ 91.999643650000166, 22.018317935000027 ], [ 91.999636934000137, 22.017839397000046 ], [ 91.999683021000124, 22.017457291000028 ], [ 91.999782607000043, 22.017264177000015 ], [ 92.000035187000151, 22.016974372000107 ], [ 92.00008526400012, 22.016876684000067 ], [ 92.000081239000053, 22.016590012000108 ], [ 92.000078577000181, 22.016400402000045 ], [ 91.999870723000015, 22.01621104000003 ], [ 91.999408294000034, 22.016169274000106 ], [ 91.999200441000198, 22.01597990900018 ], [ 91.999043363000169, 22.015742515000056 ], [ 91.99898657000017, 22.015361667000036 ], [ 91.999017201000129, 22.013878024000064 ], [ 91.999075955000194, 22.013665088000039 ], [ 91.999163538000062, 22.01335020700003 ], [ 91.999203493000095, 22.01310876500014 ], [ 91.999209961000076, 22.013069694000023 ], [ 91.999204907000035, 22.012631773000066 ], [ 91.999355930000149, 22.012438031000045 ], [ 91.999384763000137, 22.012421871000129 ], [ 92.000794794, 22.012659772000177 ], [ 92.001617953000164, 22.012830333000181 ], [ 92.002234913000052, 22.012928904000091 ], [ 92.002890033000085, 22.013029262000032 ], [ 92.003685809000046, 22.013103068000078 ], [ 92.004507452000098, 22.013165262000086 ], [ 92.004955541000129, 22.013134948000072 ], [ 92.006750509000142, 22.013112975000126 ], [ 92.00731453700007, 22.013106067000081 ], [ 92.007878564000123, 22.013099159000035 ], [ 92.008598342000141, 22.013234825999973 ], [ 92.009725727000102, 22.013173591000168 ], [ 92.010494913000116, 22.013164156000187 ], [ 92.010851742000114, 22.013015288000133 ], [ 92.011056231000055, 22.012965370000074 ], [ 92.011516643000107, 22.012864898000089 ], [ 92.011824076000096, 22.012861124000153 ], [ 92.01223505300004, 22.012903490000099 ], [ 92.012286496000115, 22.012902857000142 ], [ 92.012747639, 22.012897192000139 ], [ 92.013209387000188, 22.012891519999982 ], [ 92.013824918000068, 22.012931367000192 ], [ 92.014237271000184, 22.013070787000174 ], [ 92.014443766000113, 22.013163070000076 ], [ 92.014805347000106, 22.013350524000145 ], [ 92.015321925000194, 22.013583477000168 ], [ 92.015887293999981, 22.013671342000066 ], [ 92.016349111000125, 22.013713073000019 ], [ 92.016655872000172, 22.013661887000069 ], [ 92.016910421000034, 22.013514265000083 ], [ 92.017194682000195, 22.013242109000146 ], [ 92.017264563000197, 22.013175778000061 ], [ 92.017465659000095, 22.012886584000114 ], [ 92.017525215000092, 22.013459288999968 ], [ 92.017680975000189, 22.01360185600015 ], [ 92.01793824400005, 22.013646101000177 ], [ 92.017940962000125, 22.013837963000071 ], [ 92.017892209000081, 22.01402820800007 ], [ 92.017792716000088, 22.014268738999988 ], [ 92.017693154000199, 22.014461863000179 ], [ 92.017695841000148, 22.01465147000016 ], [ 92.017750002000128, 22.014842701000077 ], [ 92.017803553000192, 22.015033939999967 ], [ 92.018010085000071, 22.015128475000097 ], [ 92.018265978000159, 22.015075655000146 ], [ 92.018520562999981, 22.014930290000109 ], [ 92.018877390000114, 22.014781405000122 ], [ 92.019183480000038, 22.014682812000046 ], [ 92.019442093000066, 22.014821855000093 ], [ 92.019547087000035, 22.015012458000172 ], [ 92.01965540700013, 22.015394921000109 ], [ 92.019664209000155, 22.016015658000015 ], [ 92.019771927000136, 22.01639812600007 ], [ 92.019828775000065, 22.016778963000036 ], [ 92.020141620000118, 22.017156643000192 ], [ 92.020557385000131, 22.017535312000177 ], [ 92.020875244000081, 22.017751320000116 ], [ 92.020971773000156, 22.017816918000051 ], [ 92.021542608, 22.018288491000078 ], [ 92.021956329000091, 22.018522694000183 ], [ 92.02216216100004, 22.018567564000136 ], [ 92.022624668000049, 22.018656674000056 ], [ 92.022879926000201, 22.0185587040001 ], [ 92.023288904000083, 22.018458834000057 ], [ 92.023902403000136, 22.018354178999971 ], [ 92.024263268000084, 22.018446797000024 ], [ 92.02452401700009, 22.018777704000115 ], [ 92.024681813000143, 22.019062470000051 ], [ 92.024839538000151, 22.019299826000179 ], [ 92.025147653000147, 22.019343428000013 ], [ 92.02550519000016, 22.019244188000187 ], [ 92.025912110000093, 22.018999851000103 ], [ 92.026267587000063, 22.018756145000054 ], [ 92.026675184000169, 22.018559209000102 ], [ 92.027392270000178, 22.01850292600011 ], [ 92.027903521999974, 22.018401779000044 ], [ 92.028210859000126, 22.018348305000018 ], [ 92.028519679000112, 22.018441561000088 ], [ 92.028420810000171, 22.01868209100013 ], [ 92.028372776000083, 22.018921994000152 ], [ 92.028527844000166, 22.019014891000097 ], [ 92.028784446000031, 22.019011714000101 ], [ 92.028990285000134, 22.019056577000185 ], [ 92.029043182000123, 22.019200407000028 ], [ 92.028995044000055, 22.019390644000055 ], [ 92.028794675000086, 22.019729509000115 ], [ 92.028598352000131, 22.020352785000171 ], [ 92.028449387000137, 22.020688753000059 ], [ 92.028351968000152, 22.021073755000145 ], [ 92.028510444000119, 22.021405919000074 ], [ 92.028665522000153, 22.021498819000101 ], [ 92.028770462000125, 22.02164200600015 ], [ 92.028721753000127, 22.021834506000118 ], [ 92.028571440000178, 22.022075674000178 ], [ 92.02836964700009, 22.022315222000088 ], [ 92.027962048000063, 22.022512166000013 ], [ 92.027971594000121, 22.02318255900019 ], [ 92.027877477000061, 22.023757157000091 ], [ 92.027782755000032, 22.024331764000124 ], [ 92.0275342340002, 22.024860863000129 ], [ 92.027509208000083, 22.024909121 ], [ 92.027284434000137, 22.025342569000031 ], [ 92.027035305000197, 22.025871675000076 ], [ 92.026892470000178, 22.026638774000048 ], [ 92.026900632000149, 22.027212106000036 ], [ 92.027111236000167, 22.027591038000139 ], [ 92.027323223000053, 22.028067024000109 ], [ 92.027481747000195, 22.028401447000135 ], [ 92.027947624000092, 22.028682396000022 ], [ 92.028102031000174, 22.028727895000145 ], [ 92.028463671000054, 22.028915313000027 ], [ 92.028824603000089, 22.029053071000078 ], [ 92.029287077000163, 22.029094751000116 ], [ 92.0295430930002, 22.029091577000031 ], [ 92.030159296000136, 22.029131352000036 ], [ 92.031030168000086, 22.029073142000016 ], [ 92.031441196000117, 22.02911545600017 ], [ 92.031290203000196, 22.029309224000031 ], [ 92.031139883000151, 22.029550395000172 ], [ 92.031299092000097, 22.029932213000166 ], [ 92.031307269000138, 22.030505543000174 ], [ 92.031618152000021, 22.030740993000109 ], [ 92.032030537000139, 22.030878105000056 ], [ 92.032700261000116, 22.031061688000079 ], [ 92.033318536000024, 22.03124590900012 ], [ 92.034089229000131, 22.03137856799998 ], [ 92.034500975000071, 22.031470530000149 ], [ 92.034505074000151, 22.031757197000161 ], [ 92.034662904000072, 22.032041950000178 ], [ 92.034920886000123, 22.032133565000038 ], [ 92.035485658000141, 22.032173954000086 ], [ 92.035998981000034, 22.032214981000038 ], [ 92.036665288, 22.032159285000034 ], [ 92.037226667000198, 22.031962666000027 ], [ 92.037736567000081, 22.031764426000109 ], [ 92.038348000000155, 22.031470099000046 ], [ 92.038499369000135, 22.031389084000182 ], [ 92.038805771000114, 22.031225094000092 ], [ 92.039162537000152, 22.031028757000115 ], [ 92.039774716000068, 22.030829235000112 ], [ 92.040465075999975, 22.030678409000075 ], [ 92.040815157000111, 22.030649213000117 ], [ 92.040857337000034, 22.030678034000118 ], [ 92.04095241300007, 22.030764898000029 ], [ 92.041062390000036, 22.030835769000134 ], [ 92.041086518999975, 22.030861769000126 ], [ 92.041141095000057, 22.030920576000142 ], [ 92.04123536700007, 22.030993902000148 ], [ 92.041314902000124, 22.031094504000123 ], [ 92.041455747000157, 22.031164988000114 ], [ 92.041550412000106, 22.031265401000155 ], [ 92.041848026000196, 22.031376830000056 ], [ 92.042035704999989, 22.031462534000013 ], [ 92.042239077000147, 22.031502892000162 ], [ 92.042488030000072, 22.031513333000078 ], [ 92.04267571000014, 22.031599037000035 ], [ 92.042864801000064, 22.031741166000188 ], [ 92.043069028000161, 22.031883103000098 ], [ 92.043304965000061, 22.032083343000124 ], [ 92.043462995000141, 22.032212313000173 ], [ 92.043620651000083, 22.032357086000161 ], [ 92.043809335000049, 22.032512765000149 ], [ 92.044122930000128, 22.032682685000168 ], [ 92.044279940000138, 22.032782315000077 ], [ 92.044421816000181, 22.032882137000172 ], [ 92.044522617000098, 22.032923286000084 ], [ 92.044593532000192, 22.032952235000096 ], [ 92.044718212000191, 22.032950678000077 ], [ 92.044889728000157, 22.032964339000046 ], [ 92.044971069000042, 22.033006812000053 ], [ 92.0449995190001, 22.033021666000081 ], [ 92.045109918000094, 22.033121878000031 ], [ 92.045157755000048, 22.033207070000117 ], [ 92.045190507000086, 22.033337602000074 ], [ 92.045224704000191, 22.03352681400014 ], [ 92.045227246000195, 22.033703759000105 ], [ 92.045228238000107, 22.033772846000033 ], [ 92.045199460000049, 22.033960586000148 ], [ 92.045202378999988, 22.034163732000081 ], [ 92.045243363000054, 22.034273105000125 ], [ 92.045267214000148, 22.034336755000083 ], [ 92.045425297000179, 22.034510873999977 ], [ 92.04558312100005, 22.034666935000018 ], [ 92.045663275000152, 22.034810417000187 ], [ 92.045804355000087, 22.034896701000037 ], [ 92.045959710000034, 22.034881214999984 ], [ 92.046098452000194, 22.034804982000026 ], [ 92.046270814000025, 22.034877327000061 ], [ 92.046352009000088, 22.035093041000096 ], [ 92.046368600000164, 22.035194426000089 ], [ 92.046402151000166, 22.035338490000072 ], [ 92.046481081000138, 22.035439096000061 ], [ 92.046637056000122, 22.035466497000129 ], [ 92.046823658000108, 22.035434814000041 ], [ 92.046995178000088, 22.035448473000031 ], [ 92.047135605999983, 22.035489610000184 ], [ 92.04721307, 22.035445749000189 ], [ 92.047400106000055, 22.035486305000177 ], [ 92.047463911000079, 22.035587098000065 ], [ 92.047542617000033, 22.035671903000036 ], [ 92.047561544000075, 22.035700534 ], [ 92.04768618900016, 22.035889093000094 ], [ 92.047798253000053, 22.036104419000139 ], [ 92.047956112000065, 22.036262734 ], [ 92.048083116000043, 22.036464329000069 ], [ 92.04822477100015, 22.036548346000188 ], [ 92.048365008000133, 22.036575938000169 ], [ 92.048473534000038, 22.036545233000027 ], [ 92.048628468000061, 22.036500400000136 ], [ 92.048782983000137, 22.036426224000024 ], [ 92.049015577000034, 22.036351070000023 ], [ 92.04921731200011, 22.036319196000079 ], [ 92.049350653000033, 22.036338749000151 ], [ 92.049434358000155, 22.036257782000121 ], [ 92.049729531000139, 22.036240543000019 ], [ 92.049993837000159, 22.036223686000142 ], [ 92.05018232700013, 22.036322918 ], [ 92.050308060000134, 22.036436480000191 ], [ 92.050465924000036, 22.036594793 ], [ 92.050607158, 22.036649463000117 ], [ 92.050839988000064, 22.03663300300019 ], [ 92.05097015500013, 22.036555318000069 ], [ 92.051078459, 22.036490682000021 ], [ 92.051208621000114, 22.036294261000023 ], [ 92.051190366000128, 22.036077762000161 ], [ 92.051108318000104, 22.03580336300007 ], [ 92.051072637000061, 22.035469687000045 ], [ 92.051103797000167, 22.035328516000163 ], [ 92.051130602000171, 22.035207082000056 ], [ 92.051299380999978, 22.035031132000086 ], [ 92.051499654000111, 22.034897684000043 ], [ 92.051685210000016, 22.034793768000156 ], [ 92.051932930000078, 22.034718421000036 ], [ 92.052165938000201, 22.034672608000051 ], [ 92.052367866000054, 22.034654272000125 ], [ 92.052522800000077, 22.034609436000153 ], [ 92.052630082000064, 22.034492955000019 ], [ 92.052736720000155, 22.034331330000043 ], [ 92.052827195000134, 22.034140557000171 ], [ 92.052963262000105, 22.033879229000036 ], [ 92.053037988000028, 22.033645762 ], [ 92.053035058000148, 22.033442615000183 ], [ 92.05300210300004, 22.03329854500015 ], [ 92.052890004000062, 22.033080966000171 ], [ 92.052825155000107, 22.032907942000065 ], [ 92.05274395400005, 22.032692232000159 ], [ 92.052693998, 22.032460327000081 ], [ 92.052754675000131, 22.032344428000158 ], [ 92.052878085000032, 22.032254838000028 ], [ 92.052971099000104, 22.032240127000136 ], [ 92.053157285000054, 22.03222198900005 ], [ 92.053359667000109, 22.032235253000124 ], [ 92.053593486000182, 22.032245867000086 ], [ 92.053858173000151, 22.032256093000058 ], [ 92.054122045000156, 22.032209890000047 ], [ 92.054245065000032, 22.032093207000059 ], [ 92.054382757000042, 22.031944740000142 ], [ 92.054504931, 22.031769371000109 ], [ 92.05459689900016, 22.031682429 ], [ 92.054611595000154, 22.031610003000083 ], [ 92.054578229000015, 22.031479481000076 ], [ 92.054468666000105, 22.03143796300003 ], [ 92.054405677000148, 22.031393601000104 ], [ 92.054338147000067, 22.031332550000116 ], [ 92.054248047000101, 22.031251093000037 ], [ 92.054137442000069, 22.031137343000012 ], [ 92.054042117000108, 22.030991798000173 ], [ 92.054008320000037, 22.030789040000059 ], [ 92.053974144000051, 22.030602087000148 ], [ 92.053987568000082, 22.030441629 ], [ 92.054155494000156, 22.030206993000149 ], [ 92.054292795000038, 22.030031437 ], [ 92.054400079000061, 22.029914954000049 ], [ 92.054476033000128, 22.029767258999982 ], [ 92.054473752000035, 22.029609257000061 ], [ 92.054425065000146, 22.029465379000044 ], [ 92.054421908000165, 22.029246435000061 ], [ 92.054450687000156, 22.029101589000163 ], [ 92.054541583, 22.028940159000115 ], [ 92.054648436000093, 22.028794334000054 ], [ 92.054739134000101, 22.028619364000122 ], [ 92.054795174000162, 22.028510177000101 ], [ 92.054797695000104, 22.028356748000078 ], [ 92.054780249000032, 22.028196679000075 ], [ 92.054730339000173, 22.028009925000106 ], [ 92.054743564000148, 22.027835925999966 ], [ 92.054787662000024, 22.027661537000029 ], [ 92.054813148000051, 22.027542634000042 ], [ 92.054831332000106, 22.027457809000055 ], [ 92.05490689700008, 22.027283025000145 ], [ 92.054998408000074, 22.027164484000025 ], [ 92.055105457000138, 22.027032201 ], [ 92.055336987000089, 22.026884811000059 ], [ 92.055538709000132, 22.026852929000086 ], [ 92.055695094000157, 22.026909664000073 ], [ 92.055836141000043, 22.026993681000192 ], [ 92.056009112000197, 22.027108905000148 ], [ 92.056212496000171, 22.027192139000078 ], [ 92.056415290000075, 22.027234746000147 ], [ 92.056586570000036, 22.027232594000168 ], [ 92.056694463000156, 22.027158998000118 ], [ 92.056817251000041, 22.027026513000067 ], [ 92.056954934000146, 22.026878044000114 ], [ 92.057091807000177, 22.02667314200005 ], [ 92.057152287, 22.0265437 ], [ 92.057138289000136, 22.026412934 ], [ 92.057352772000172, 22.026258983000162 ], [ 92.058069155000055, 22.026152906000164 ], [ 92.058684662000076, 22.026145171000167 ], [ 92.059093629000074, 22.026045213000032 ], [ 92.059396244000141, 22.025707287000159 ], [ 92.059543044000065, 22.025226833000033 ], [ 92.059590342000035, 22.024939528000118 ], [ 92.059583421000127, 22.024461005999967 ], [ 92.059577902000115, 22.02407954500012 ], [ 92.059778926000035, 22.02379030600008 ], [ 92.060338109000043, 22.023446891 ], [ 92.060696995000058, 22.023442376999981 ], [ 92.061110099000132, 22.023629073000166 ], [ 92.061471763000043, 22.023816418000138 ], [ 92.061832020000054, 22.023906701000044 ], [ 92.062343260000091, 22.023805448000076 ], [ 92.062798783000062, 22.023368515000072 ], [ 92.062965463000182, 22.023116815000037 ], [ 92.063150049000171, 22.022838075000095 ], [ 92.063244711000152, 22.022310868000091 ], [ 92.063648101000126, 22.021827181000106 ], [ 92.063711284000135, 22.021705264000047 ], [ 92.063797666000198, 22.021538584000098 ], [ 92.063792136000075, 22.02115712300008 ], [ 92.063750124000137, 22.020720332999986 ], [ 92.06373227600011, 22.020534785000109 ], [ 92.063723970000126, 22.019961466000041 ], [ 92.063822091000134, 22.019673517000058 ], [ 92.064178906000109, 22.019526797000026 ], [ 92.064743623000197, 22.019567088000088 ], [ 92.065358412000194, 22.019511927000053 ], [ 92.065560787000152, 22.01931748200019 ], [ 92.065807056000153, 22.018643878999967 ], [ 92.065645029000166, 22.018072499000141 ], [ 92.065795274000095, 22.017831301000058 ], [ 92.065879988000177, 22.01778040500011 ], [ 92.066202114000191, 22.017586868000024 ], [ 92.066558921000137, 22.017440141 ], [ 92.066657643000099, 22.017152183000178 ], [ 92.066675775000192, 22.016858469000056 ], [ 92.066699355000196, 22.016481157000101 ], [ 92.066798155000185, 22.016240607999976 ], [ 92.06688015400016, 22.01614644 ], [ 92.067050591000111, 22.015950711000073 ], [ 92.06740392100005, 22.015564724 ], [ 92.067652959000043, 22.015082975000041 ], [ 92.06769814300003, 22.014651210000125 ], [ 92.06805005700005, 22.014168161000043 ], [ 92.068554305000191, 22.013588374000108 ], [ 92.068856791000201, 22.013203027000088 ], [ 92.069260826000118, 22.012766728000145 ], [ 92.069411751000075, 22.012572928000111 ], [ 92.069549775000155, 22.012074521000159 ], [ 92.069553816000052, 22.012036090000095 ], [ 92.070532495000066, 22.012197008999976 ], [ 92.07068861200014, 22.012222677000182 ], [ 92.071923658000173, 22.012493777000032 ], [ 92.072475804000192, 22.012624735000031 ], [ 92.073261065000054, 22.012810983000179 ], [ 92.073820591000185, 22.012833970000031 ], [ 92.074185255000145, 22.012848950000034 ], [ 92.0749550970001, 22.012886615000014 ], [ 92.075672116000192, 22.012830125000164 ], [ 92.076286951000156, 22.012822336000113 ], [ 92.076953829000104, 22.01281388200016 ], [ 92.077569963000087, 22.012853482000025 ], [ 92.078289054000152, 22.012939180000046 ], [ 92.078700730000094, 22.013028775000066 ], [ 92.079164654000124, 22.013214782000091 ], [ 92.079519533000109, 22.01327005100012 ], [ 92.079727621000075, 22.013302458000055 ], [ 92.079788069000131, 22.013421339000047 ], [ 92.079668053000148, 22.013741180000125 ], [ 92.079569463000155, 22.013911747000122 ], [ 92.079516352000098, 22.014004981000028 ], [ 92.079116785000167, 22.01433062600006 ], [ 92.078655495000191, 22.014740582000059 ], [ 92.078255066, 22.01500753900001 ], [ 92.07797912400008, 22.015302266000162 ], [ 92.077890570000079, 22.015621703000022 ], [ 92.077832059000116, 22.01588432300008 ], [ 92.077899463000165, 22.016231134000122 ], [ 92.078100678000055, 22.016568216999985 ], [ 92.07812282000009, 22.016605312000138 ], [ 92.078126639000118, 22.01686714300007 ], [ 92.078099565, 22.017127103000064 ], [ 92.077976613000146, 22.017246056000033 ], [ 92.077822760000117, 22.017363144000171 ], [ 92.077606185000036, 22.017453934 ], [ 92.077295553000113, 22.017487223000046 ], [ 92.076953025000194, 22.017491568000139 ], [ 92.076423678000197, 22.017468927000095 ], [ 92.075894756000139, 22.017475631000138 ], [ 92.075554939000142, 22.017624420000118 ], [ 92.075276846000179, 22.017772426000079 ], [ 92.075192905000051, 22.017887924000036 ], [ 92.075063225000179, 22.01806635700018 ], [ 92.07464867900012, 22.018567618000134 ], [ 92.074482095, 22.018769048000138 ], [ 92.074088417000155, 22.019500968000102 ], [ 92.073940906000132, 22.020053682000025 ], [ 92.073944290000043, 22.020286167000165 ], [ 92.073979790000124, 22.020604035000133 ], [ 92.074076981000076, 22.020835336 ], [ 92.074173563999977, 22.02106664300004 ], [ 92.074269723000043, 22.02126860400017 ], [ 92.074427786000058, 22.021440437000081 ], [ 92.074585427000045, 22.021582920000071 ], [ 92.074898170000097, 22.021694098000012 ], [ 92.075210950000042, 22.02180753000016 ], [ 92.075525158000119, 22.02197738000018 ], [ 92.076087919000031, 22.022173431000169 ], [ 92.076245558000039, 22.022315915000036 ], [ 92.076339188000134, 22.02234407900005 ], [ 92.076343006000059, 22.022605906000138 ], [ 92.076253196000096, 22.022839574000102 ], [ 92.076037430000042, 22.02298679200004 ], [ 92.0756993130002, 22.023252954000043 ], [ 92.075268634000167, 22.023606077000011 ], [ 92.074992212000041, 22.023869197000124 ], [ 92.074907242000108, 22.024012825000113 ], [ 92.074871105000057, 22.024073912000119 ], [ 92.0748121580001, 22.024307188000023 ], [ 92.07484472800013, 22.024424170000145 ], [ 92.074877878000166, 22.02453888500014 ], [ 92.075066388000153, 22.024680982000064 ], [ 92.075224886000115, 22.024882155000114 ], [ 92.075350191000098, 22.025051804000043 ], [ 92.075511019000089, 22.025284890000137 ], [ 92.075669944000197, 22.025515404000032 ], [ 92.075796975000117, 22.02571697500008 ], [ 92.075831404000041, 22.02591972100015 ], [ 92.075835648, 22.026210889000083 ], [ 92.075778382000067, 22.026559281000118 ], [ 92.075659191000057, 22.027065626000024 ], [ 92.075573175000045, 22.027431043000149 ], [ 92.0753663160001, 22.028189947000044 ], [ 92.075216668000166, 22.028595947000099 ], [ 92.075101742000072, 22.028818619000049 ], [ 92.075065370000061, 22.028889090000064 ], [ 92.074851732000127, 22.029183023000144 ], [ 92.074482945999989, 22.02950601100008 ], [ 92.073345747000133, 22.030477621000159 ], [ 92.073008858000094, 22.030829551000124 ], [ 92.072825227000067, 22.031064404000119 ], [ 92.072611583000139, 22.031358335 ], [ 92.072429803000034, 22.03167895100006 ], [ 92.072308508000049, 22.031913015999976 ], [ 92.072125480000182, 22.032147861000169 ], [ 92.071879907000039, 22.032410589000051 ], [ 92.071633680000161, 22.032587536000051 ], [ 92.07117042100009, 22.032825925000111 ], [ 92.070675693000055, 22.033064712000055 ], [ 92.070491810000192, 22.033240867000188 ], [ 92.070369659000107, 22.033416248000037 ], [ 92.070279830000061, 22.033649909000076 ], [ 92.070252772000117, 22.033912131000136 ], [ 92.070195917000149, 22.034289863000083 ], [ 92.070169071000066, 22.034608521000166 ], [ 92.070154119000051, 22.034830762000183 ], [ 92.070143684000186, 22.034985856000048 ], [ 92.070085154000139, 22.035248473000024 ], [ 92.070088965000139, 22.035510303000024 ], [ 92.070124212000167, 22.035769476000041 ], [ 92.070159314000193, 22.036060260000113 ], [ 92.070225466000181, 22.036321300000054 ], [ 92.070356273000073, 22.036782447000121 ], [ 92.070392225000035, 22.036855265000099 ], [ 92.070484768000142, 22.037042701000132 ], [ 92.070427484, 22.037391088000106 ], [ 92.070399999000131, 22.037623966000183 ], [ 92.070371532000195, 22.037664961000132 ], [ 92.070494518000032, 22.037713072000088 ], [ 92.070604088000039, 22.03775457900008 ], [ 92.070806870000126, 22.037794910000116 ], [ 92.071025389, 22.037835038000082 ], [ 92.071197534000135, 22.037891557000023 ], [ 92.071401167000033, 22.03799057100008 ], [ 92.07163628, 22.038089188000129 ], [ 92.071749581000063, 22.038152997000168 ], [ 92.071840144000191, 22.038204001000111 ], [ 92.072028043000046, 22.038303212000073 ], [ 92.072279945000105, 22.038473857000099 ], [ 92.072467416000052, 22.038543725000181 ], [ 92.072654266000029, 22.038570707000076 ], [ 92.072856176000073, 22.038509456999975 ], [ 92.072932366000146, 22.038420445000099 ], [ 92.072756415000072, 22.035941611000169 ], [ 92.07273371000008, 22.035463297000035 ], [ 92.072884429000169, 22.035129527000095 ], [ 92.073115096000151, 22.034923426000034 ], [ 92.07345472500009, 22.034758839000176 ], [ 92.07371711400009, 22.034611031000054 ], [ 92.074025018000157, 22.034388147000072 ], [ 92.074334812000188, 22.034253283999988 ], [ 92.074592358000189, 22.034216092000122 ], [ 92.074660413000061, 22.034206264000034 ], [ 92.075034474000176, 22.034244418000185 ], [ 92.075238533000118, 22.034372772000097 ], [ 92.075362638000172, 22.034510547000082 ], [ 92.075381286000095, 22.034531249000167 ], [ 92.075616413000091, 22.034672751000187 ], [ 92.075975578000055, 22.034726895 ], [ 92.076349015000119, 22.034722159000182 ], [ 92.076537337000104, 22.034850710000057 ], [ 92.076603069000043, 22.035082404000036 ], [ 92.076713694000034, 22.03519613800006 ], [ 92.076854990000186, 22.035295936000125 ], [ 92.076872835000131, 22.035440192000181 ], [ 92.076907722000101, 22.035715173000085 ], [ 92.076950976000091, 22.035867635000102 ], [ 92.07697345400004, 22.035946868000167 ], [ 92.077131344000122, 22.036105151000186 ], [ 92.077273068000125, 22.036234291000028 ], [ 92.077337317, 22.036364412000069 ], [ 92.077417936000188, 22.036537225000075 ], [ 92.077497945000175, 22.03671004000006 ], [ 92.077588721000041, 22.036749525000062 ], [ 92.077832591000117, 22.036691716000121 ], [ 92.078103959000032, 22.036630105000086 ], [ 92.078415061000044, 22.036626156000068 ], [ 92.078679753000074, 22.036636343999987 ], [ 92.079085114000122, 22.036703438000075 ], [ 92.079382372000055, 22.036787708000077 ], [ 92.079648548000193, 22.036899460000086 ], [ 92.08000879400015, 22.037068716000078 ], [ 92.080510748000108, 22.037324215000183 ], [ 92.080628748000152, 22.037406328000145 ], [ 92.080982285000175, 22.037652341000125 ], [ 92.081390819000035, 22.037936113000171 ], [ 92.081880012999989, 22.0383949510001 ], [ 92.082352812000124, 22.038808841000105 ], [ 92.082731579000097, 22.039167489000079 ], [ 92.082889045000172, 22.039296425000089 ], [ 92.083093122000093, 22.039424764000159 ], [ 92.083327576000158, 22.039478220000149 ], [ 92.08352973500007, 22.039475647000188 ], [ 92.083717192000051, 22.039502608000191 ], [ 92.083780418000117, 22.039603393999982 ], [ 92.083831030000056, 22.039835278 ], [ 92.083849336000128, 22.040051771000094 ], [ 92.083881222000116, 22.040408860000014 ], [ 92.083886990000053, 22.040473452000072 ], [ 92.083905928000036, 22.040732830000024 ], [ 92.083941036999988, 22.040980712000078 ], [ 92.084021884000038, 22.041209953000134 ], [ 92.084102540000117, 22.04138501500006 ], [ 92.084168061000128, 22.041600906999975 ], [ 92.084217444000046, 22.04178991200007 ], [ 92.084296405000089, 22.041890495000132 ], [ 92.084515559000124, 22.041973493000114 ], [ 92.084703018000084, 22.042000454000117 ], [ 92.084858375000067, 22.041984929000137 ], [ 92.085013269000058, 22.041937804000042 ], [ 92.085161674000176, 22.041902052000125 ], [ 92.085175354000057, 22.041926711000144 ], [ 92.085486336000031, 22.042162048000137 ], [ 92.085744361000195, 22.042253578999976 ], [ 92.086310595000157, 22.042390846000046 ], [ 92.086771815000077, 22.042384967000032 ], [ 92.087131439000188, 22.04242779000009 ], [ 92.087493181000127, 22.042615068000146 ], [ 92.087702579, 22.042899107000096 ], [ 92.087654514000064, 22.043089353000028 ], [ 92.0877102930001, 22.043425017000118 ], [ 92.087771547000045, 22.044092467999974 ], [ 92.087933009000096, 22.0446164170001 ], [ 92.088293367000063, 22.044708895000099 ], [ 92.088401167000086, 22.045041634000029 ], [ 92.088402108000082, 22.045105739000064 ], [ 92.08840630800006, 22.045391738000035 ], [ 92.08840802200001, 22.045508450999989 ], [ 92.088408890000096, 22.045567544 ], [ 92.088565448999987, 22.045757437000191 ], [ 92.088822791000155, 22.045801563000111 ], [ 92.089205625000034, 22.045705667000163 ], [ 92.089231145000042, 22.045699275000175 ], [ 92.089250210000102, 22.045671834000132 ], [ 92.089432125000144, 22.045410000000118 ], [ 92.089582260000043, 22.045121378000033 ], [ 92.089832695000041, 22.044736655000122 ], [ 92.090031552000085, 22.044302924000192 ], [ 92.090278371000181, 22.043631540000035 ], [ 92.090527376000068, 22.043149761000052 ], [ 92.090783312000099, 22.043099085000165 ], [ 92.091193690000125, 22.043093842000133 ], [ 92.091657000999987, 22.043230146000042 ], [ 92.092222512000149, 22.04331773500013 ], [ 92.092381105000072, 22.043604674000164 ], [ 92.092641355000069, 22.043888053000046 ], [ 92.092797885000095, 22.044075684 ], [ 92.093252283000197, 22.044428824000136 ], [ 92.09418285300012, 22.044516251000175 ], [ 92.094729272999984, 22.044581501000039 ], [ 92.094818637000117, 22.044678627999986 ], [ 92.095125490000044, 22.045012134000046 ], [ 92.095138323000128, 22.045883381000124 ], [ 92.095300332000079, 22.046319267000115 ], [ 92.095849954000073, 22.046601195 ], [ 92.095890397000176, 22.046872489000066 ], [ 92.095936616000188, 22.047182531000146 ], [ 92.096025409000163, 22.04790832000009 ], [ 92.095951584000147, 22.04819822900015 ], [ 92.095646276000139, 22.048637843000108 ], [ 92.095498230000146, 22.049149943000032 ], [ 92.095507843000121, 22.049802248000105 ], [ 92.095477351000113, 22.050362506999988 ], [ 92.095511049000038, 22.050348531000111 ], [ 92.09558180200014, 22.050548546000016 ], [ 92.095678420000127, 22.050736940000149 ], [ 92.095806132, 22.050981376000152 ], [ 92.095872537000105, 22.051255944000104 ], [ 92.095938945000114, 22.051530512999989 ], [ 92.096036653000169, 22.051834027999973 ], [ 92.096101994000151, 22.052036371000099 ], [ 92.096183531000065, 22.05231074600016 ], [ 92.096200770000166, 22.052412114000049 ], [ 92.096342499000059, 22.052498342000035 ], [ 92.096469150000189, 22.052670550000073 ], [ 92.096621745000107, 22.052754379000191 ], [ 92.096704733000195, 22.052798468000049 ], [ 92.09699989100011, 22.052778883000087 ], [ 92.097342933000107, 22.052803834000088 ], [ 92.098046342000089, 22.053043145000117 ], [ 92.098499405000041, 22.053138923000063 ], [ 92.098779864000051, 22.053148871000133 ], [ 92.098935, 22.053117533000034 ], [ 92.099104832000137, 22.053056659000163 ], [ 92.099261669000043, 22.053099798000062 ], [ 92.099357451000117, 22.053272399000093 ], [ 92.099424068000076, 22.053560508000032 ], [ 92.09943135900005, 22.053603308 ], [ 92.099526285000081, 22.054168728999969 ], [ 92.099610198000164, 22.054603358000122 ], [ 92.099690651000174, 22.054762607999976 ], [ 92.099818546, 22.054977690000044 ], [ 92.099960513000099, 22.055120350000095 ], [ 92.100071404000175, 22.055249863000085 ], [ 92.100089077000121, 22.055380572000161 ], [ 92.100123814000028, 22.055642002000127 ], [ 92.100127016000158, 22.055858683 ], [ 92.10011534500012, 22.056134252000163 ], [ 92.100074736000067, 22.056541127000173 ], [ 92.100053301000173, 22.057180283000093 ], [ 92.10006133600001, 22.057268009000097 ], [ 92.100127653000072, 22.057992041000148 ], [ 92.10013215400005, 22.058296749000135 ], [ 92.100135789000035, 22.058542772000123 ], [ 92.100077075000172, 22.058789597000043 ], [ 92.100016892999975, 22.058937109000169 ], [ 92.099894091000124, 22.059067365000089 ], [ 92.099739821000185, 22.05915739 ], [ 92.099616592000189, 22.059217666 ], [ 92.099429975000078, 22.059249407999971 ], [ 92.099134770000092, 22.059266741999977 ], [ 92.098931113000049, 22.059210660000133 ], [ 92.098713361000137, 22.059184106000089 ], [ 92.098432258000059, 22.059131274000151 ], [ 92.098245208000037, 22.059133673000076 ], [ 92.098043857000164, 22.059192694000103 ], [ 92.097957504000021, 22.059267393000141 ], [ 92.097890216000167, 22.059325601000182 ], [ 92.097782317, 22.059399226000096 ], [ 92.097643550000157, 22.059473247000142 ], [ 92.097614003000103, 22.059604561000128 ], [ 92.097648711000147, 22.059823098000038 ], [ 92.097698090000051, 22.060009840000191 ], [ 92.097762604000081, 22.060155751000082 ], [ 92.097950949000108, 22.060282015000041 ], [ 92.098201651000068, 22.060366844000043 ], [ 92.09857665300018, 22.0604636220001 ], [ 92.099012762000143, 22.060516721000113 ], [ 92.099355789000185, 22.06053941000016 ], [ 92.099605251000014, 22.060581359000139 ], [ 92.099825113000122, 22.060709474000191 ], [ 92.09995257900016, 22.060895212999981 ], [ 92.099986022, 22.061068613000145 ], [ 92.10004987200017, 22.06116938200006 ], [ 92.100300804000142, 22.061310642000024 ], [ 92.100550905000148, 22.061395474000108 ], [ 92.100847354000052, 22.061421015000178 ], [ 92.101112527000055, 22.061460503000035 ], [ 92.101300710000089, 22.061575477000133 ], [ 92.101444353000147, 22.061790354000095 ], [ 92.101540781000153, 22.062005837000072 ], [ 92.101816298000131, 22.062357522000127 ], [ 92.102047367000125, 22.062565968000115 ], [ 92.102267261, 22.062736971000163 ], [ 92.102471555000079, 22.062835932999974 ], [ 92.102657569000144, 22.062804194000137 ], [ 92.102686508000147, 22.062672884999984 ], [ 92.102699675999986, 22.062498887000174 ], [ 92.102727079000033, 22.062223115999984 ], [ 92.102801793000197, 22.062034781000136 ], [ 92.10295630000013, 22.061960555000041 ], [ 92.103236343000106, 22.061941150000109 ], [ 92.103351199000031, 22.06200579200015 ], [ 92.103440267999986, 22.062055920000034 ], [ 92.103582677000134, 22.062227919000122 ], [ 92.103662907000057, 22.062371369000118 ], [ 92.10372826400004, 22.062573705000148 ], [ 92.103793186000075, 22.062746700000162 ], [ 92.103873882000187, 22.062962383000126 ], [ 92.103953476000186, 22.063062948000038 ], [ 92.104032263000022, 22.063149978000126 ], [ 92.104126558000132, 22.063221006000163 ], [ 92.104314681000119, 22.06329082600007 ], [ 92.104595599000106, 22.063330105000034 ], [ 92.1048444, 22.063326904 ], [ 92.105062996000129, 22.063369240000156 ], [ 92.105172395000068, 22.063397181000084 ], [ 92.105328372000088, 22.063422263000177 ], [ 92.105406094000102, 22.063437064000084 ], [ 92.105530561000194, 22.063419660000079 ], [ 92.105779161000157, 22.063402914000108 ], [ 92.106059442000173, 22.063399306000179 ], [ 92.106386971000177, 22.063437982000153 ], [ 92.106652380000014, 22.06349325900004 ], [ 92.106902487000013, 22.063578080000013 ], [ 92.107121769000059, 22.06366538900005 ], [ 92.107215550000092, 22.063702727000134 ], [ 92.107388607000132, 22.063817889000063 ], [ 92.107530385000132, 22.06394699599997 ], [ 92.107673405000071, 22.064118983000128 ], [ 92.107705785000064, 22.0642201550001 ], [ 92.107719506000024, 22.066206594000107 ], [ 92.107721883000124, 22.066366846 ], [ 92.107695295999974, 22.066656153000054 ], [ 92.107604880000167, 22.066846951000059 ], [ 92.107451241000149, 22.066979866000111 ], [ 92.107322011000122, 22.067046751000078 ], [ 92.107249948000117, 22.06708404900013 ], [ 92.107049026000141, 22.067172423000159 ], [ 92.106955739000171, 22.067276775999972 ], [ 92.106681534000131, 22.067583510000134 ], [ 92.106591455000057, 22.067729847000066 ], [ 92.106484091000027, 22.067906621000134 ], [ 92.106331722000164, 22.068125306000013 ], [ 92.105747596000128, 22.06862722600016 ], [ 92.104949745000113, 22.069375707 ], [ 92.10447407900017, 22.069801729000119 ], [ 92.104212365000194, 22.070037621999973 ], [ 92.104136444000062, 22.070185338000101 ], [ 92.104122843000084, 22.070329995000122 ], [ 92.104124981000098, 22.070474446000048 ], [ 92.104204381000102, 22.070561469000097 ], [ 92.104283344000123, 22.070619149000038 ], [ 92.104391711000119, 22.070617753000136 ], [ 92.104579175000197, 22.070642432000113 ], [ 92.104765436000037, 22.070626490000052 ], [ 92.104997808000064, 22.070535455000027 ], [ 92.105151888000023, 22.070431883000026 ], [ 92.105275094000092, 22.070328708000091 ], [ 92.105459845000041, 22.070211196000116 ], [ 92.10567608000008, 22.070093279000048 ], [ 92.105985941000029, 22.070001245000071 ], [ 92.106249858000126, 22.069954953000149 ], [ 92.106623580000132, 22.069963682999969 ], [ 92.106780235000031, 22.070033906000049 ], [ 92.106891148000045, 22.070163412999989 ], [ 92.106987625000158, 22.07038114900007 ], [ 92.10700277900014, 22.070421227 ], [ 92.10708530900007, 22.070639504000042 ], [ 92.107198161000156, 22.070899924000116 ], [ 92.107263996000199, 22.071174492000068 ], [ 92.107314930000143, 22.071465055000033 ], [ 92.107351130000097, 22.07178290000013 ], [ 92.107358230000159, 22.072261401000048 ], [ 92.107425105000118, 22.072565305000126 ], [ 92.107491110000126, 22.072810522999987 ], [ 92.107586720000086, 22.072969574000126 ], [ 92.107775760000095, 22.073140968000075 ], [ 92.107804252000108, 22.073159946000033 ], [ 92.108011824000073, 22.07329820700005 ], [ 92.108215733000179, 22.073410712 ], [ 92.108403937999981, 22.073525676000088 ], [ 92.108797500000037, 22.073809563000054 ], [ 92.1092864700002, 22.074238955000055 ], [ 92.109727520000092, 22.074580922 ], [ 92.109962548000169, 22.074708825000016 ], [ 92.110259025000119, 22.074734348000106 ], [ 92.110507846000189, 22.074731135000093 ], [ 92.11074002100014, 22.074626550000062 ], [ 92.111033513000052, 22.074491826000099 ], [ 92.111265253000056, 22.074357896000038 ], [ 92.111465946000067, 22.074253716000101 ], [ 92.111758997000038, 22.07408964800004 ], [ 92.111929688000032, 22.074044552000032 ], [ 92.112131457000146, 22.074012596000046 ], [ 92.112182007000058, 22.074025502999973 ], [ 92.112350272000015, 22.074068465000153 ], [ 92.11245988100012, 22.074109942000121 ], [ 92.112616979000165, 22.074209499000119 ], [ 92.112758340000028, 22.074309262000099 ], [ 92.112838381000188, 22.074439163000079 ], [ 92.112997865000068, 22.074698973000125 ], [ 92.113078580000092, 22.074914651000029 ], [ 92.113081401000045, 22.075104245999967 ], [ 92.11302267300016, 22.07530818000015 ], [ 92.113005114000032, 22.075332305000131 ], [ 92.11288500400002, 22.075497333999976 ], [ 92.11270092400008, 22.075659996000127 ], [ 92.112439819000087, 22.075895894000098 ], [ 92.1123672020002, 22.075980360000187 ], [ 92.110524930000167, 22.077225467000062 ], [ 92.110073878000151, 22.077597276 ], [ 92.109815460000107, 22.077810292000038 ], [ 92.109211115999983, 22.078583388000084 ], [ 92.109221038000101, 22.07925148400011 ], [ 92.109332478000113, 22.079823453000074 ], [ 92.109746609000183, 22.080104815000084 ], [ 92.110159938000152, 22.080291368000189 ], [ 92.110777067000186, 22.080378215000167 ], [ 92.111288455000192, 22.080276796000021 ], [ 92.111901317000104, 22.080076989000133 ], [ 92.112409848000141, 22.079783716000065 ], [ 92.112915706000081, 22.079412590000118 ], [ 92.113100781000071, 22.079336829000169 ], [ 92.113190787, 22.079281485000024 ], [ 92.113312715000177, 22.079133170000091 ], [ 92.113464211000121, 22.078855796000028 ], [ 92.113585701000034, 22.078637504000085 ], [ 92.113675676000071, 22.078417362000039 ], [ 92.113765249000153, 22.07817013500005 ], [ 92.113840560000085, 22.077981788000045 ], [ 92.113946912000131, 22.077804327000024 ], [ 92.114037998000072, 22.077658669000016 ], [ 92.114174388000151, 22.077424381000185 ], [ 92.114202090000106, 22.077343455000062 ], [ 92.114293927000176, 22.077075177000097 ], [ 92.114475825000113, 22.076725171000078 ], [ 92.114642651000054, 22.076461141000095 ], [ 92.114795887000128, 22.076301133000129 ], [ 92.114950368000052, 22.07622463600012 ], [ 92.115276013000084, 22.076134639000031 ], [ 92.11558587900015, 22.076042585999971 ], [ 92.1159277000001, 22.07598172500019 ], [ 92.116269517000035, 22.075961498000026 ], [ 92.116674096000054, 22.075926913000103 ], [ 92.116860563000103, 22.075924500000156 ], [ 92.117048068000088, 22.075951418000102 ], [ 92.117298202000143, 22.076036221999971 ], [ 92.117501485, 22.076105828999971 ], [ 92.118004043000042, 22.076388280000174 ], [ 92.118505155000094, 22.076614310000025 ], [ 92.11894344000001, 22.076768912000034 ], [ 92.119146286000102, 22.076809175999983 ], [ 92.119317180000053, 22.076777614000036 ], [ 92.119441252000172, 22.076733111000181 ], [ 92.119564284000091, 22.076659277000147 ], [ 92.11968704300017, 22.076526748999981 ], [ 92.11979385900014, 22.076380883000184 ], [ 92.11988449800009, 22.076205882000181 ], [ 92.11992916100013, 22.076074367000047 ], [ 92.119972307000182, 22.075841284000035 ], [ 92.120056609000017, 22.07520131800004 ], [ 92.120171223000114, 22.074452424000071 ], [ 92.120283359000155, 22.073719711000081 ], [ 92.120366015000059, 22.073214204000067 ], [ 92.120383234000144, 22.073108891000174 ], [ 92.120457894000083, 22.072918292000111 ], [ 92.120533630000182, 22.072759285000188 ], [ 92.120640410000135, 22.072611163000033 ], [ 92.120732359000158, 22.072524183000098 ], [ 92.120902371, 22.072433936000039 ], [ 92.121073054000192, 22.072388830000023 ], [ 92.121276329000068, 22.07232726400008 ], [ 92.12163152200003, 22.072279996000077 ], [ 92.122547737000104, 22.072123626000121 ], [ 92.123604200000045, 22.071992518000059 ], [ 92.124271632000159, 22.07188226 ], [ 92.124519804000101, 22.071836144000088 ], [ 92.124705787000153, 22.071761488000163 ], [ 92.124813677000191, 22.071687846000088 ], [ 92.124921127000164, 22.071584862000122 ], [ 92.125012835000121, 22.071482082000102 ], [ 92.125056790000144, 22.071425073000114 ], [ 92.125313473000119, 22.071421737000037 ], [ 92.125653697000018, 22.07141731500019 ], [ 92.12621367700018, 22.07141003300012 ], [ 92.126772674000165, 22.071337297000127 ], [ 92.127259522000145, 22.07113681900006 ], [ 92.127606491000165, 22.070935902000031 ], [ 92.128093301000092, 22.070733165999968 ], [ 92.128582072000142, 22.070661336000057 ], [ 92.12928094300014, 22.07058902700004 ], [ 92.129771298000094, 22.070582641000044 ], [ 92.130193736000081, 22.070771282000123 ], [ 92.130901373000086, 22.071283545000142 ], [ 92.131396037000172, 22.071604434000108 ], [ 92.131888360000119, 22.071728950000136 ], [ 92.132238271000062, 22.071724388000121 ], [ 92.132593059999977, 22.072044838000124 ], [ 92.132809025000199, 22.072434826000062 ], [ 92.132886472000109, 22.072955295999975 ], [ 92.133033165000086, 22.073409396000102 ], [ 92.133317389000183, 22.073667557000022 ], [ 92.133740824000085, 22.073921642000187 ], [ 92.134161947000052, 22.073981613000058 ], [ 92.134862762000012, 22.07403793200001 ], [ 92.13549138500008, 22.073964253000042 ], [ 92.136329696000075, 22.073822369000027 ], [ 92.136962255000128, 22.074010503000181 ], [ 92.137456939000174, 22.074331373000064 ], [ 92.137949276000143, 22.074455869000076 ], [ 92.138252104000173, 22.074494643999969 ], [ 92.138861115, 22.074572619000151 ], [ 92.139628628000196, 22.074433900000088 ], [ 92.140041866000104, 22.073970223 ], [ 92.140247039000087, 22.073642459000098 ], [ 92.140590047000046, 22.073179700000082 ], [ 92.140862862000176, 22.072720118000063 ], [ 92.140994848000105, 22.072196910000116 ], [ 92.141127818000086, 22.071739156999968 ], [ 92.141230654000026, 22.071168305000185 ], [ 92.141257446000111, 22.071019580000041 ], [ 92.141317232000119, 22.070366385000113 ], [ 92.141448229000048, 22.069777724000176 ], [ 92.141928744000097, 22.069119017000105 ], [ 92.142765425000107, 22.06891165400009 ], [ 92.143253190000053, 22.068774329000178 ], [ 92.143738026000051, 22.068442897000125 ], [ 92.144010407999986, 22.067915592000077 ], [ 92.14421161100006, 22.06732600800018 ], [ 92.144413195000197, 22.066801886000121 ], [ 92.144894676000149, 22.066208628000084 ], [ 92.145445766000137, 22.065614454000126 ], [ 92.145788740000057, 22.065151687000082 ], [ 92.146555206000073, 22.064947486000165 ], [ 92.146977854000056, 22.065054484000143 ], [ 92.14704690800005, 22.065071966000176 ], [ 92.147679019000066, 22.065192341999989 ], [ 92.148451001000183, 22.065313136000043 ], [ 92.149009351000188, 22.065240333000133 ], [ 92.149567319000141, 22.065102067000112 ], [ 92.15040399500009, 22.064896924999971 ], [ 92.151102783, 22.064822270000093 ], [ 92.151660747000165, 22.064683998000021 ], [ 92.152222670000015, 22.06480753600016 ], [ 92.152504928000099, 22.064934756000184 ], [ 92.152929353000161, 22.065254245000062 ], [ 92.153000567, 22.065318774000161 ], [ 92.153705307000052, 22.065636828000038 ], [ 92.154407040000137, 22.06575626200015 ], [ 92.154895770000053, 22.065684355000144 ], [ 92.15538156000008, 22.065418345000126 ], [ 92.156075380000118, 22.0650164 ], [ 92.156491551000045, 22.064751305000186 ], [ 92.157042583000134, 22.064157096000145 ], [ 92.157942701000195, 22.06355880000001 ], [ 92.158431226000175, 22.063420902000189 ], [ 92.158921935000194, 22.063479893000135 ], [ 92.159063758000116, 22.063608953000028 ], [ 92.159136925000041, 22.063802130000113 ], [ 92.159212117000038, 22.064128470000071 ], [ 92.159356889000151, 22.06445163300009 ], [ 92.15993271300016, 22.065489237000122 ], [ 92.160289531000046, 22.065940530000091 ], [ 92.160643404000098, 22.06619772300013 ], [ 92.160925029000055, 22.066322674999981 ], [ 92.161065861000111, 22.066386283000099 ], [ 92.161353105000103, 22.066840750000154 ], [ 92.161429656000109, 22.067295746000127 ], [ 92.16150286400017, 22.067491179000058 ], [ 92.161784494000187, 22.067616129999976 ], [ 92.162064771000189, 22.067612425000164 ], [ 92.162624723000135, 22.067605020000144 ], [ 92.163532963000137, 22.067527540000128 ], [ 92.163885849000053, 22.067719271000101 ], [ 92.16416911500005, 22.067911922000121 ], [ 92.164384124000151, 22.06823415100007 ], [ 92.164680065000198, 22.068503385000156 ], [ 92.164638344000025, 22.068546830000116 ], [ 92.164577540000153, 22.068649219000122 ], [ 92.164463959000102, 22.068824547000077 ], [ 92.164259745000095, 22.069211019000079 ], [ 92.164230915000189, 22.06938522400003 ], [ 92.164240778000192, 22.069516027000077 ], [ 92.164258617000144, 22.069653496000171 ], [ 92.164260060000174, 22.06974829 ], [ 92.16427136700014, 22.069973886000014 ], [ 92.164334524000139, 22.070065606000185 ], [ 92.164429250000182, 22.070123047000038 ], [ 92.164539418000061, 22.070200598000156 ], [ 92.164657195000075, 22.070300625000186 ], [ 92.164767708000113, 22.070400748 ], [ 92.164855355000157, 22.07051020199998 ], [ 92.164887980000117, 22.070624900999974 ], [ 92.164936590000195, 22.07075519 ], [ 92.164969375000169, 22.070840540000177 ], [ 92.164985507000097, 22.070905791000143 ], [ 92.16495618100015, 22.071007767000026 ], [ 92.164872924000122, 22.071146573000192 ], [ 92.164781981000147, 22.071337403000143 ], [ 92.164683741000147, 22.071526073000143 ], [ 92.164553763000072, 22.07165872600018 ], [ 92.164391965000164, 22.071769226000072 ], [ 92.164245148000191, 22.071829863000062 ], [ 92.16403519000005, 22.07183941400001 ], [ 92.163847820000171, 22.07182157800014 ], [ 92.163652707000097, 22.071772238000165 ], [ 92.163402593000058, 22.071689763000165 ], [ 92.163372975000073, 22.071672660000104 ], [ 92.16311976500009, 22.071526454000093 ], [ 92.162632958000017, 22.071248453000067 ], [ 92.162027803000171, 22.070872687000076 ], [ 92.161823859000151, 22.070760253000174 ], [ 92.161595964000014, 22.070625561000043 ], [ 92.161353792000057, 22.070547493000163 ], [ 92.161143524000067, 22.07053672700016 ], [ 92.160995917000037, 22.07054545200009 ], [ 92.160910505000061, 22.070582700000159 ], [ 92.160841678000168, 22.070635530000061 ], [ 92.160687644000177, 22.070739151000055 ], [ 92.160526598, 22.070899302000043 ], [ 92.160379966000164, 22.071011855000052 ], [ 92.160187290000181, 22.071122759000161 ], [ 92.159901489000049, 22.071241665000059 ], [ 92.159668367000165, 22.071280863000084 ], [ 92.159434935000036, 22.071299750000151 ], [ 92.159216658000162, 22.071280057000024 ], [ 92.158936532000098, 22.071254409 ], [ 92.158617297000035, 22.071245079000164 ], [ 92.158375755000122, 22.071248267000044 ], [ 92.158064595000155, 22.071252374000153 ], [ 92.157823110000152, 22.071219442000086 ], [ 92.157620127000143, 22.071170197000185 ], [ 92.157330670000078, 22.071088234000058 ], [ 92.156979979000084, 22.071040939000113 ], [ 92.156572691000179, 22.070895061000158 ], [ 92.156213137000066, 22.070782415000053 ], [ 92.156010295000158, 22.070742197000129 ], [ 92.155721591000088, 22.070709884 ], [ 92.155579217000195, 22.070544709000103 ], [ 92.155499091000138, 22.070371940000086 ], [ 92.155347044999985, 22.070127879999973 ], [ 92.155126888000154, 22.069984046000172 ], [ 92.154884960000061, 22.069921767000096 ], [ 92.154675035000196, 22.069933564000053 ], [ 92.154597798999987, 22.069991019000099 ], [ 92.154567916000133, 22.070056879000049 ], [ 92.154553616000157, 22.070151880000026 ], [ 92.154563267000185, 22.070269143000019 ], [ 92.154580956000132, 22.070397584000091 ], [ 92.154621241000143, 22.070498641000029 ], [ 92.154693551000094, 22.070635393000146 ], [ 92.154773367000132, 22.070787849000169 ], [ 92.154869046000158, 22.070908492000115 ], [ 92.154932233000125, 22.071002473000135 ], [ 92.154950009000174, 22.071078272000136 ], [ 92.154974217000074, 22.071175744000186 ], [ 92.154968883000151, 22.071342868000158 ], [ 92.154946711000093, 22.071437974000048 ], [ 92.154917035000153, 22.071517376000031 ], [ 92.154926035000187, 22.071591753000064 ], [ 92.154966080000179, 22.071677008999984 ], [ 92.155061943000021, 22.071849572000133 ], [ 92.155125529000145, 22.071930001000169 ], [ 92.155173443000194, 22.072015153000109 ], [ 92.155174540000189, 22.072087379000038 ], [ 92.155144660000019, 22.072153240000034 ], [ 92.155107296000153, 22.072284664999984 ], [ 92.155085182000107, 22.07234365 ], [ 92.155062327000053, 22.072393617000159 ], [ 92.155078955000192, 22.072452091000173 ], [ 92.155118797000114, 22.072523804000184 ], [ 92.155205306000084, 22.072558784000023 ], [ 92.155290904000083, 22.072573458000022 ], [ 92.155369204000124, 22.072585969000045 ], [ 92.155408599000111, 22.07262834300019 ], [ 92.155448129000035, 22.072679743000037 ], [ 92.155481596000016, 22.072810236000066 ], [ 92.155498032000139, 22.072895803000108 ], [ 92.155538376000095, 22.072960737000187 ], [ 92.155601219000062, 22.073032149000028 ], [ 92.155664566000098, 22.073096779000082 ], [ 92.155759131000195, 22.073183573000108 ], [ 92.155846089000079, 22.073247893000143 ], [ 92.155932645000121, 22.073325763000184 ], [ 92.155995993000033, 22.073390395 ], [ 92.156035731000145, 22.073455337000041 ], [ 92.15606064200017, 22.073540791000028 ], [ 92.156077477000053, 22.07361280900011 ], [ 92.15607891600007, 22.073707604000049 ], [ 92.156096484000102, 22.07386765200016 ], [ 92.15613687300015, 22.073975478000023 ], [ 92.156192694000083, 22.074062784000148 ], [ 92.156248172000062, 22.074127518000182 ], [ 92.156311282000104, 22.07417635000013 ], [ 92.156374424000035, 22.074227438999969 ], [ 92.156429661000061, 22.074276375000125 ], [ 92.156500877999974, 22.074340902000074 ], [ 92.156540618000065, 22.074405844000125 ], [ 92.156588328000112, 22.0744774530001 ], [ 92.156698738000046, 22.074570811000171 ], [ 92.156769854000061, 22.074628567000161 ], [ 92.15684032900009, 22.074684074 ], [ 92.156904020000127, 22.074771274000113 ], [ 92.156936597000083, 22.074843084000065 ], [ 92.156968672000176, 22.07492167200013 ], [ 92.15697000900019, 22.07500969400013 ], [ 92.156971105000082, 22.075081920000059 ], [ 92.156956462000039, 22.075154351000151 ], [ 92.156965772000092, 22.075249042000053 ], [ 92.15698240200004, 22.075307518000102 ], [ 92.157037846000037, 22.075369994000141 ], [ 92.15710064600006, 22.075398513000096 ], [ 92.157170610000151, 22.075420163999979 ], [ 92.157303395000042, 22.075431956999978 ], [ 92.157366195000066, 22.07546047600016 ], [ 92.157413907000148, 22.075532085000134 ], [ 92.157422774000054, 22.075597435000191 ], [ 92.157400054000163, 22.075656428 ], [ 92.157346221000012, 22.075700030000064 ], [ 92.15728496100013, 22.075773078000054 ], [ 92.157247553000047, 22.075861612000097 ], [ 92.157225144000051, 22.075940920000107 ], [ 92.15721124200013, 22.076022371000192 ], [ 92.157228125000017, 22.076137280000182 ], [ 92.157276238000179, 22.076195338 ], [ 92.157346304000157, 22.076223762000041 ], [ 92.157463452000059, 22.076242533000084 ], [ 92.157572664000043, 22.07625689300005 ], [ 92.157635328000083, 22.076276383000049 ], [ 92.157674756000119, 22.076321012000108 ], [ 92.157667984999989, 22.076393341000141 ], [ 92.157645632000197, 22.076436527000169 ], [ 92.15760707000004, 22.076488958000141 ], [ 92.15757684600004, 22.076532249000081 ], [ 92.157577944000138, 22.076604474000135 ], [ 92.157586568000113, 22.076654024000106 ], [ 92.157627200000093, 22.076777648000075 ], [ 92.157675151000092, 22.076865055000098 ], [ 92.157769376000147, 22.076929279000069 ], [ 92.157855652000194, 22.076948455999968 ], [ 92.158003368000152, 22.076946508000162 ], [ 92.158166824000148, 22.076944349000087 ], [ 92.15831488300006, 22.07696497000012 ], [ 92.158417285000041, 22.077049402000171 ], [ 92.158465240000169, 22.077136809000024 ], [ 92.158466680000117, 22.07723160300003 ], [ 92.158452953000108, 22.077324341000065 ], [ 92.158422707000113, 22.077406010000175 ], [ 92.158408325000153, 22.077455863000125 ], [ 92.158432429000186, 22.077527784000154 ], [ 92.158492429000034, 22.077630836000139 ], [ 92.158567997000034, 22.077722393000158 ], [ 92.158692548000147, 22.077750094000066 ], [ 92.158817261000081, 22.077748448000079 ], [ 92.158949911000036, 22.077751210000145 ], [ 92.159051127000055, 22.077797282000063 ], [ 92.1591459240002, 22.07785923800003 ], [ 92.159348573000159, 22.077885909000031 ], [ 92.159403560000158, 22.077878409999983 ], [ 92.159473078000076, 22.077870718999975 ], [ 92.159580793000032, 22.07782640400012 ], [ 92.159634490000087, 22.07777377300016 ], [ 92.159727330000123, 22.077707080000039 ], [ 92.159851127000195, 22.077685127999985 ], [ 92.159968173000095, 22.077697126000089 ], [ 92.160510447000036, 22.078037609000148 ], [ 92.160762255000066, 22.078230681000093 ], [ 92.161249737000048, 22.078551567000034 ], [ 92.161419335000062, 22.078714120000029 ], [ 92.162229314000058, 22.079495775000169 ], [ 92.162434474000122, 22.079687203 ], [ 92.162725431000126, 22.079866208000169 ], [ 92.162945474000139, 22.080001002000131 ], [ 92.163197388000185, 22.080200838000167 ], [ 92.163322804000074, 22.080284962000178 ], [ 92.16343301600017, 22.080364772000053 ], [ 92.163513107000142, 22.080494644000112 ], [ 92.163538369000094, 22.080602667000107 ], [ 92.163587633000077, 22.080775841000047 ], [ 92.163620710000032, 22.080919880000124 ], [ 92.163669116000165, 22.081036628 ], [ 92.163733778000164, 22.081187020000016 ], [ 92.163774724000177, 22.081330955000112 ], [ 92.163800021000043, 22.081441236000103 ], [ 92.163817172000165, 22.081533565000029 ], [ 92.163822159000119, 22.081860829999982 ], [ 92.163920904000179, 22.0827376740001 ], [ 92.163954325000191, 22.082904282000186 ], [ 92.164020433000189, 22.083149471000127 ], [ 92.164022290000048, 22.083271347999982 ], [ 92.163992859000189, 22.083366552000086 ], [ 92.163965024000106, 22.083606209000095 ], [ 92.163967570000125, 22.083773227000052 ], [ 92.163955427000133, 22.083969787000171 ], [ 92.163873551000108, 22.084239508000167 ], [ 92.163805787000172, 22.084362307000106 ], [ 92.163783411000111, 22.084443873000112 ], [ 92.163769429000183, 22.084559188000128 ], [ 92.163788262000082, 22.084762111000146 ], [ 92.16378338700008, 22.084958572000176 ], [ 92.16378593100012, 22.085125591 ], [ 92.163780056000064, 22.085256602000129 ], [ 92.163759149000043, 22.085394583000095 ], [ 92.163705866000157, 22.085474299000111 ], [ 92.163613868000198, 22.08551479800019 ], [ 92.163489356000184, 22.085571978000132 ], [ 92.163188342000183, 22.085727213000098 ], [ 92.162956743999985, 22.085867983000185 ], [ 92.16276284700001, 22.085899896000058 ], [ 92.162422063000065, 22.086028566000039 ], [ 92.162175331000071, 22.086169535000067 ], [ 92.161974319000137, 22.086251205999986 ], [ 92.161671836000096, 22.086350020000168 ], [ 92.161533735000148, 22.086466976999986 ], [ 92.161317016000055, 22.086551111 ], [ 92.161123531000101, 22.086610108 ], [ 92.160953534000157, 22.08670039500015 ], [ 92.160691846000191, 22.08689348200005 ], [ 92.160434693000127, 22.086867537000103 ], [ 92.160285730000169, 22.086788236000189 ], [ 92.160120615000096, 22.086682062000136 ], [ 92.159955292000177, 22.086562343000082 ], [ 92.15981355100007, 22.086440055000082 ], [ 92.159717269000112, 22.086281049000092 ], [ 92.159647334999988, 22.086261656000147 ], [ 92.159491740000192, 22.086263712000118 ], [ 92.159235289000037, 22.086323538000102 ], [ 92.15903451600019, 22.086421003999988 ], [ 92.158953561000146, 22.086466752999968 ], [ 92.158903629000122, 22.086494970999979 ], [ 92.158819101000063, 22.086590900000033 ], [ 92.15878189600005, 22.086692978000144 ], [ 92.158760538000081, 22.086801618000038 ], [ 92.158762083000113, 22.086903184000107 ], [ 92.158716850000189, 22.087034713999969 ], [ 92.158616840000093, 22.087108274000059 ], [ 92.15847798100009, 22.087175574000071 ], [ 92.158361576000118, 22.087206457999969 ], [ 92.158260915000028, 22.087237136000056 ], [ 92.158160013000042, 22.087252013000125 ], [ 92.158043265000174, 22.087260327000081 ], [ 92.157849057000078, 22.087271920999967 ], [ 92.157709511000064, 22.08729407900006 ], [ 92.157576611000081, 22.08727551700008 ], [ 92.157428335000077, 22.08724135600005 ], [ 92.157272497000179, 22.08722761100006 ], [ 92.157171389000155, 22.087228946000096 ], [ 92.157061759000101, 22.087187502 ], [ 92.156959108000081, 22.087087270000097 ], [ 92.156840372000033, 22.08696467700014 ], [ 92.156713663000119, 22.086835417000088 ], [ 92.156579483000201, 22.086692710000136 ], [ 92.156430318, 22.086599865000153 ], [ 92.156296870000176, 22.086545189000049 ], [ 92.156015112000148, 22.086454092999986 ], [ 92.15578068300016, 22.086369144000173 ], [ 92.155538019000176, 22.086300107000056 ], [ 92.155288431000145, 22.086253734000024 ], [ 92.155015438000191, 22.086221213999977 ], [ 92.154766159000076, 22.086195155000041 ], [ 92.154618330000176, 22.086190332000115 ], [ 92.154392606000158, 22.086200080000026 ], [ 92.154213502000118, 22.086209213000188 ], [ 92.154144766000115, 22.08626881400005 ], [ 92.154028224000058, 22.086290667000128 ], [ 92.153965420000191, 22.086262147000127 ], [ 92.153903299000092, 22.086278769000046 ], [ 92.15385767500004, 22.08634483600008 ], [ 92.153890047000061, 22.086403103000066 ], [ 92.153952349000065, 22.086438401000123 ], [ 92.153999962000171, 22.08650324000007 ], [ 92.153930986000148, 22.08654704200012 ], [ 92.153908678000107, 22.086633120000158 ], [ 92.153917541000055, 22.086698469000169 ], [ 92.153926404000117, 22.086763818000122 ], [ 92.153911006000101, 22.08678659800006 ], [ 92.153864594000197, 22.086800753000091 ], [ 92.153701229000092, 22.086809680000044 ], [ 92.153522315000032, 22.086791719000018 ], [ 92.153334994000033, 22.086778385000173 ], [ 92.153148657000031, 22.086789871000065 ], [ 92.152961441000173, 22.086783306000143 ], [ 92.152821823000124, 22.086800948000189 ], [ 92.152681260000122, 22.086796027000048 ], [ 92.152541268000107, 22.08678884200009 ], [ 92.152471927000136, 22.086848450000048 ], [ 92.152372153000044, 22.086937805000048 ], [ 92.152326835000054, 22.087024186000178 ], [ 92.152289729000188, 22.087133032000111 ], [ 92.152252522000197, 22.087235108000073 ], [ 92.15219991500004, 22.087359961000175 ], [ 92.15213865000004, 22.087433007000186 ], [ 92.152069752000159, 22.08752195600016 ], [ 92.15200142700013, 22.087608640000042 ], [ 92.151894672000083, 22.08775678100011 ], [ 92.151747979000106, 22.087867071 ], [ 92.151578000000143, 22.087918973000058 ], [ 92.151422501000184, 22.087927793000063 ], [ 92.151173744000118, 22.087976217000175 ], [ 92.150878732000024, 22.088009447000104 ], [ 92.150652903000093, 22.088012420000041 ], [ 92.150535914000102, 22.088004929000078 ], [ 92.150311030000125, 22.088030464000155 ], [ 92.150210572000162, 22.088074678000055 ], [ 92.149992852000082, 22.088093344000185 ], [ 92.14984438100015, 22.088086268000154 ], [ 92.149728820000121, 22.088132939000161 ], [ 92.149413269000036, 22.088369607000061 ], [ 92.149235256000111, 22.088450960000102 ], [ 92.149064664000036, 22.088502869000024 ], [ 92.148910194000052, 22.088579396000057 ], [ 92.148787034000179, 22.08864422400012 ], [ 92.148670182000103, 22.088645761000123 ], [ 92.148475468000129, 22.088664124000161 ], [ 92.148398617999987, 22.088708026000063 ], [ 92.148329038000099, 22.08875183300006 ], [ 92.148166011000058, 22.088783322999973 ], [ 92.147754041000042, 22.088811314000054 ], [ 92.147505648, 22.088843924000116 ], [ 92.147225768000112, 22.088876949999985 ], [ 92.146836933000031, 22.088873029000126 ], [ 92.1463614500002, 22.088865731000055 ], [ 92.146081837000054, 22.088876175000053 ], [ 92.145925383000076, 22.088821793000136 ], [ 92.145815069000037, 22.088735199999974 ], [ 92.145720398000094, 22.088641628000062 ], [ 92.145610532000092, 22.088584378000121 ], [ 92.145430907000048, 22.088559645000146 ], [ 92.145244634000164, 22.088575636000144 ], [ 92.145096401000046, 22.088584354000147 ], [ 92.144925564000062, 22.088579825000011 ], [ 92.144800092000139, 22.088531807000152 ], [ 92.144666612000151, 22.088474865000023 ], [ 92.144542598000157, 22.088483264000104 ], [ 92.144472809000149, 22.088513528000135 ], [ 92.144426940000187, 22.088563794000038 ], [ 92.144273216999977, 22.088689973000101 ], [ 92.144188493000115, 22.088733976000071 ], [ 92.144065204000128, 22.088830408000035 ], [ 92.14397349800015, 22.088933198000063 ], [ 92.143904698000142, 22.089028914000153 ], [ 92.143828572000075, 22.08916084700013 ], [ 92.143768350000073, 22.089263223000103 ], [ 92.143662542000186, 22.089474556000084 ], [ 92.14353420700013, 22.089758425000184 ], [ 92.143489563000173, 22.089889945000039 ], [ 92.143460560000165, 22.09001448500004 ], [ 92.143431463000184, 22.09017288900003 ], [ 92.143410330999984, 22.090297328000133 ], [ 92.143374793000078, 22.090550633000191 ], [ 92.143335298000125, 22.091022962000125 ], [ 92.14335281200016, 22.091140121000137 ], [ 92.14335410800004, 22.091225888 ], [ 92.143363409000017, 22.091320581000105 ], [ 92.143396027000051, 22.091435284000113 ], [ 92.143405568000048, 22.091545774 ], [ 92.143351827000117, 22.09159614500004 ], [ 92.143282138000131, 22.091633179000041 ], [ 92.143205629000136, 22.091699648000144 ], [ 92.143136928000047, 22.091802137000172 ], [ 92.143107481000186, 22.091897336000159 ], [ 92.143069821000097, 22.091970071000048 ], [ 92.143008549000172, 22.092043113000045 ], [ 92.142954502000066, 22.092073169000059 ], [ 92.14285383400005, 22.092103837000082 ], [ 92.142767754000033, 22.092098194000073 ], [ 92.142674513000031, 22.092099416000167 ], [ 92.142620378000117, 22.092123829000172 ], [ 92.142480806000094, 22.0921448470001 ], [ 92.142411322000044, 22.092195424000124 ], [ 92.142326632000163, 22.092241683000111 ], [ 92.142209980000075, 22.092256758000076 ], [ 92.142100659000164, 22.092235616000096 ], [ 92.141968401000099, 22.092259925000064 ], [ 92.141828542000155, 22.09226175800012 ], [ 92.141774832000124, 22.09231438400019 ], [ 92.141746031000139, 22.092452467000157 ], [ 92.141747665000082, 22.092560805000062 ], [ 92.141788153000107, 22.092675406000069 ], [ 92.141844859000173, 22.092821399000115 ], [ 92.141923892000193, 22.092921948000026 ], [ 92.142019476000144, 22.093035827000108 ], [ 92.142137966000178, 22.09314263300007 ], [ 92.142319750000127, 22.093350194000095 ], [ 92.142430609000144, 22.09347290300002 ], [ 92.142502480000132, 22.093580319000068 ], [ 92.142471881000176, 22.093639413000119 ], [ 92.14244297800019, 22.093770727000162 ], [ 92.142498561000082, 22.093842236000114 ], [ 92.142623835000109, 22.093876714000146 ], [ 92.142717623000067, 22.093911604000027 ], [ 92.142757258000074, 22.09396977800003 ], [ 92.142783258000065, 22.094127461000028 ], [ 92.142815671, 22.094228620000138 ], [ 92.142909800000098, 22.094286081000178 ], [ 92.143041955000058, 22.094255001000079 ], [ 92.143157278000103, 22.094151902000192 ], [ 92.143263919000162, 22.094035371000018 ], [ 92.143396073000076, 22.094004292000022 ], [ 92.143521005000082, 22.09401619700003 ], [ 92.14362266500018, 22.094050983000102 ], [ 92.143692191000071, 22.094043299000191 ], [ 92.143738770000084, 22.093999795000116 ], [ 92.143738227000142, 22.093963682000037 ], [ 92.143752577999976, 22.093911572000025 ], [ 92.143822165000131, 22.093867767 ], [ 92.14394655100017, 22.093843560999971 ], [ 92.144062698000084, 22.093835262000084 ], [ 92.144155899000054, 22.09379114799998 ], [ 92.144224198000131, 22.093702209000185 ], [ 92.14427804200011, 22.093658611000137 ], [ 92.144394797000132, 22.093650307000132 ], [ 92.144465473000082, 22.093678726000121 ], [ 92.144551937000131, 22.093749830000149 ], [ 92.144607176000193, 22.093798770000092 ], [ 92.144718483000077, 22.093950818000053 ], [ 92.144711703000041, 22.094023145000108 ], [ 92.144775500000094, 22.094117122000171 ], [ 92.144846280000081, 22.094152313000109 ], [ 92.144909334000147, 22.094237268000143 ], [ 92.144919424000079, 22.094383872000037 ], [ 92.14491254100011, 22.094449428000132 ], [ 92.14494511900017, 22.094521241000109 ], [ 92.145016207000197, 22.094576743000061 ], [ 92.145125030000031, 22.094604662000165 ], [ 92.145241990000102, 22.094609898000044 ], [ 92.145375031000015, 22.0946374990001 ], [ 92.14553142200009, 22.094687366000073 ], [ 92.145624972000178, 22.09470645600004 ], [ 92.14565673900006, 22.09476473400008 ], [ 92.145658377000188, 22.094873069000073 ], [ 92.145652786000198, 22.094983759000172 ], [ 92.145639228000107, 22.09512841500009 ], [ 92.145647985000039, 22.095186996000052 ], [ 92.145718262000116, 22.095228965000047 ], [ 92.145804447000046, 22.095241376999979 ], [ 92.145859178000194, 22.095256460000087 ], [ 92.145882937000124, 22.095305812000106 ], [ 92.14590778000013, 22.095386755000106 ], [ 92.145946939999988, 22.095413332000078 ], [ 92.146025045000158, 22.095412306000185 ], [ 92.146126160999984, 22.095410976000096 ], [ 92.146204548000185, 22.095468642000071 ], [ 92.146244897000088, 22.095533577000026 ], [ 92.146317939000085, 22.095758365000165 ], [ 92.146343499000068, 22.095886705999987 ], [ 92.146391795000113, 22.095996688000071 ], [ 92.146478464000097, 22.096081333000029 ], [ 92.14663431200006, 22.096095086000048 ], [ 92.146742309, 22.096028199999978 ], [ 92.146826511000029, 22.095909707000033 ], [ 92.146909902000118, 22.095777677000115 ], [ 92.146994728000038, 22.095740442000192 ], [ 92.147089123000114, 22.095775322 ], [ 92.147120790000145, 22.09582682700011 ], [ 92.14715346800017, 22.095905410000114 ], [ 92.147170824, 22.096051916000192 ], [ 92.147188208000046, 22.09616004600008 ], [ 92.147220625000159, 22.096261206000065 ], [ 92.147190940000087, 22.096340608000105 ], [ 92.147176735000073, 22.096442383000067 ], [ 92.147232321000047, 22.096513889000107 ], [ 92.147249157000033, 22.096585908000122 ], [ 92.147251138000115, 22.096716814000104 ], [ 92.14726099, 22.096847619000016 ], [ 92.147317123000164, 22.096955239000067 ], [ 92.147427341000196, 22.097035059000063 ], [ 92.147591469000076, 22.097075793000101 ], [ 92.147755155000141, 22.097087187000113 ], [ 92.147831803000088, 22.097029743000178 ], [ 92.147885410000185, 22.096970344000169 ], [ 92.14797721900004, 22.09687432200019 ], [ 92.148085863000176, 22.096850319000055 ], [ 92.148179552000158, 22.096878435000065 ], [ 92.148258548000115, 22.096936089000053 ], [ 92.148290179000185, 22.096985338000138 ], [ 92.14832289400016, 22.097066177000158 ], [ 92.148308245000067, 22.097138608000023 ], [ 92.148340767000093, 22.097246540000071 ], [ 92.148449992000167, 22.097260906000031 ], [ 92.148543602000075, 22.097243871000103 ], [ 92.14865149700006, 22.097170214000187 ], [ 92.148704793000036, 22.097090501000025 ], [ 92.148789723000107, 22.097060037 ], [ 92.148852530000056, 22.097088557000063 ], [ 92.148915989000102, 22.097159963000138 ], [ 92.149055959000123, 22.097164893000183 ], [ 92.149109563000138, 22.097105493000072 ], [ 92.149139041000069, 22.097012550000102 ], [ 92.149153346000105, 22.096917548000022 ], [ 92.149121032000096, 22.096823160000042 ], [ 92.148994764000122, 22.096723234000137 ], [ 92.148906519000036, 22.09653476799997 ], [ 92.148965886000042, 22.096375965000107 ], [ 92.149150997000163, 22.096242595000035 ], [ 92.149234488000047, 22.09611733700018 ], [ 92.149358772000028, 22.096086354000192 ], [ 92.149436411000181, 22.096094362000144 ], [ 92.149513527000124, 22.096027881000055 ], [ 92.149536147000049, 22.095962117000113 ], [ 92.149604683000064, 22.095888976000026 ], [ 92.149737385000037, 22.09589400200008 ], [ 92.149822313000129, 22.095863537000128 ], [ 92.149851893000061, 22.095777364000014 ], [ 92.149889265000127, 22.095645940000168 ], [ 92.150005780000129, 22.095621833000052 ], [ 92.150076400999978, 22.09568636900002 ], [ 92.150101759000165, 22.095801167000104 ], [ 92.150095428000043, 22.09590283700004 ], [ 92.150142938000101, 22.095960904000094 ], [ 92.150251377000075, 22.09592335800005 ], [ 92.15031254500019, 22.095843542000182 ], [ 92.150333771000135, 22.095725873000106 ], [ 92.150347670000144, 22.095603789000165 ], [ 92.150360743000078, 22.095427532000031 ], [ 92.150428867000016, 22.095327308000094 ], [ 92.150584293000122, 22.09527333900013 ], [ 92.150668569000175, 22.095199991000129 ], [ 92.150675108000087, 22.095111865000092 ], [ 92.150696473000153, 22.095003224000095 ], [ 92.150773383000114, 22.094923201000142 ], [ 92.15083420600007, 22.094820815 ], [ 92.150934668000048, 22.094776599999989 ], [ 92.150966642000014, 22.09484841699998 ], [ 92.150945723000177, 22.094986398000117 ], [ 92.150916223000195, 22.095117720000133 ], [ 92.150925737000136, 22.095225954000057 ], [ 92.150972665000097, 22.095245653000177 ], [ 92.15105022500012, 22.095208512000056 ], [ 92.151087981000046, 22.095142546999966 ], [ 92.151117323000165, 22.095040575000098 ], [ 92.151194333000149, 22.094967323000049 ], [ 92.15127073900004, 22.094894079000028 ], [ 92.151269849000187, 22.094835395000132 ], [ 92.151237326000057, 22.094727467000098 ], [ 92.151235685000188, 22.09461912800009 ], [ 92.151303730000052, 22.094473755000081 ], [ 92.151388313000041, 22.094420720000016 ], [ 92.151489325, 22.094412616000056 ], [ 92.15161425600013, 22.094424516000174 ], [ 92.151691208000102, 22.094387384000129 ], [ 92.151729366000097, 22.094307870000137 ], [ 92.151782764000075, 22.094234928000105 ], [ 92.151906440000175, 22.094203952000044 ], [ 92.152093084000171, 22.094172146000062 ], [ 92.152240169000152, 22.094127317000186 ], [ 92.152347955000039, 22.094046886 ], [ 92.152431888000137, 22.093950966000079 ], [ 92.152539436000154, 22.093854736000083 ], [ 92.152664160000143, 22.093853091000085 ], [ 92.152719748000152, 22.093924598 ], [ 92.152776227000118, 22.094054788000165 ], [ 92.152817306000031, 22.094207753000092 ], [ 92.152788516000157, 22.094345839000141 ], [ 92.152750254000182, 22.09441858200006 ], [ 92.15273642000011, 22.094504547000156 ], [ 92.152674845000035, 22.09455728100005 ], [ 92.152629079000178, 22.094614320000062 ], [ 92.152622337000139, 22.094688906000044 ], [ 92.15264664700004, 22.094774368000174 ], [ 92.152671253000108, 22.094839511000146 ], [ 92.152719620000141, 22.094954004000101 ], [ 92.152798720000078, 22.095018428000117 ], [ 92.152876563000063, 22.095039977000056 ], [ 92.152938275000167, 22.094996273000163 ], [ 92.152945258000159, 22.094937486000163 ], [ 92.152943717000085, 22.094835921000026 ], [ 92.152989789000173, 22.094799193000028 ], [ 92.153067289000035, 22.094798172000026 ], [ 92.153176481000173, 22.094810279000058 ], [ 92.153246954000053, 22.094825151 ], [ 92.153347828000051, 22.09480802000013 ], [ 92.153441309000073, 22.094822590999968 ], [ 92.153528280000046, 22.094886910000071 ], [ 92.153614509000192, 22.09494221 ], [ 92.153740230000039, 22.095006019000039 ], [ 92.153865482000072, 22.095078864000129 ], [ 92.153991169000108, 22.095140418000085 ], [ 92.154061850000176, 22.095168831000024 ], [ 92.154124761000105, 22.095204122000041 ], [ 92.154225874000076, 22.095202788999984 ], [ 92.154287932000045, 22.095181653000054 ], [ 92.154364643000065, 22.095128719000115 ], [ 92.15444230300011, 22.095098348000136 ], [ 92.154551082000125, 22.095083370000168 ], [ 92.154620813000122, 22.095089223 ], [ 92.154769100000067, 22.095123386000068 ], [ 92.154910013000062, 22.095150876000048 ], [ 92.155073833000131, 22.095171289000064 ], [ 92.155213697000136, 22.095169441999985 ], [ 92.155353664000131, 22.095174369000119 ], [ 92.155494237000084, 22.095179286000075 ], [ 92.155596002000095, 22.095220835000077 ], [ 92.155674395000062, 22.095278496000162 ], [ 92.155753597000057, 22.095349688000169 ], [ 92.155832093000186, 22.095414120000157 ], [ 92.15591085, 22.095455970999978 ], [ 92.156059169000116, 22.095492391000164 ], [ 92.156207556000084, 22.09553332500019 ], [ 92.156341252000118, 22.095603799000116 ], [ 92.156459310000116, 22.095681252000077 ], [ 92.156608142000152, 22.095751525000082 ], [ 92.156671194000069, 22.095795843000019 ], [ 92.156811812000115, 22.095843650000177 ], [ 92.156912926000132, 22.095842314000095 ], [ 92.157014488000016, 22.095870321000177 ], [ 92.157031325999981, 22.095942337999986 ], [ 92.157025342000054, 22.096066578000148 ], [ 92.156979819000071, 22.096139417000074 ], [ 92.15689509800012, 22.096183427000142 ], [ 92.156786662000172, 22.09622097700003 ], [ 92.156686097000147, 22.096258425000144 ], [ 92.156647530000043, 22.096310856000116 ], [ 92.156625723000104, 22.096390155 ], [ 92.1566344860002, 22.096448732000169 ], [ 92.156627813999989, 22.096527833000039 ], [ 92.1566602380002, 22.09662899000017 ], [ 92.156692959000168, 22.096709826000108 ], [ 92.156748493000123, 22.096817452000096 ], [ 92.156805079000037, 22.09695441000008 ], [ 92.156895347000045, 22.097235401000148 ], [ 92.156922885000199, 22.097533022000164 ], [ 92.156996208000123, 22.097735224000189 ], [ 92.157030384000109, 22.097951490000128 ], [ 92.157094635000192, 22.098074802000042 ], [ 92.157150881000064, 22.098189191000188 ], [ 92.157238953000046, 22.098325732000035 ], [ 92.157310025000072, 22.098419605000061 ], [ 92.15732696800012, 22.098498394000103 ], [ 92.157344049000017, 22.098586209000189 ], [ 92.157305893000057, 22.098665723000181 ], [ 92.157260610000151, 22.098754364000115 ], [ 92.15722374500001, 22.098879010000132 ], [ 92.157225291000145, 22.098980575000098 ], [ 92.157227142000067, 22.09910245400016 ], [ 92.157229237000138, 22.099240131000101 ], [ 92.157254738000177, 22.099363953000022 ], [ 92.157279602000131, 22.099485529000162 ], [ 92.157335881000051, 22.099602174000097 ], [ 92.157399550000093, 22.099687115000108 ], [ 92.157455728000116, 22.099796988000094 ], [ 92.157473219000053, 22.099911888000179 ], [ 92.157552920000171, 22.100055314000144 ], [ 92.157634015000042, 22.100250641000059 ], [ 92.157713613000055, 22.100387294000086 ], [ 92.157785737000154, 22.100510502000134 ], [ 92.157888503000152, 22.100617503000024 ], [ 92.158029575000114, 22.100694649 ], [ 92.15821766900018, 22.100757632000182 ], [ 92.158327449000069, 22.100808101000155 ], [ 92.158453120000047, 22.100908026000184 ], [ 92.158541299000149, 22.101051339000037 ], [ 92.158613025000022, 22.101188096000044 ], [ 92.15873995700008, 22.101330895000046 ], [ 92.158936210000036, 22.101452462000111 ], [ 92.159025768000163, 22.101487396000152 ], [ 92.159132383000042, 22.101528881000092 ], [ 92.159296761000121, 22.10158540000009 ], [ 92.159508174000109, 22.101668388 ], [ 92.159633196000186, 22.101725428000123 ], [ 92.159766796000042, 22.101789130000043 ], [ 92.159907217000182, 22.101823391000153 ], [ 92.160125298000196, 22.10182728 ], [ 92.160335544000191, 22.101833529000089 ], [ 92.160561257000154, 22.101821513000175 ], [ 92.160787004000042, 22.101811755000085 ], [ 92.16095765200015, 22.101802725000027 ], [ 92.161177948000102, 22.101806413000133 ], [ 92.161301017000028, 22.101841074000106 ], [ 92.161372150000147, 22.101898824999978 ], [ 92.161412002000077, 22.101970537000057 ], [ 92.161483686000167, 22.102064401000177 ], [ 92.161539431000051, 22.102185566000173 ], [ 92.161580474000175, 22.102295638000044 ], [ 92.161644594000165, 22.102409919000024 ], [ 92.161707457000091, 22.102481326000145 ], [ 92.161802753000188, 22.102574877000166 ], [ 92.161913500000196, 22.102688542000067 ], [ 92.162000766000119, 22.102811546999988 ], [ 92.162095356000123, 22.10289833600018 ], [ 92.162189601000193, 22.102962553000054 ], [ 92.162245197000175, 22.103034057000116 ], [ 92.162246610000068, 22.103126593000127 ], [ 92.162248054000145, 22.10322138700019 ], [ 92.162233811000135, 22.103280269999971 ], [ 92.162297279000086, 22.103351668000016 ], [ 92.162422750000076, 22.103438047000168 ], [ 92.16257070000006, 22.103449633000025 ], [ 92.162664998000196, 22.103477732000158 ], [ 92.162727518000054, 22.10352656800012 ], [ 92.162852596000107, 22.103547486000082 ], [ 92.16298530500012, 22.103552500000148 ], [ 92.163164927000082, 22.103615588000025 ], [ 92.163312774000133, 22.103620402000047 ], [ 92.163468940000087, 22.103654452000058 ], [ 92.16357145700016, 22.103705016000106 ], [ 92.16369703200013, 22.103798166000047 ], [ 92.163822522000032, 22.103846166000096 ], [ 92.163962291000132, 22.103837543000168 ], [ 92.16412567499998, 22.103828606000036 ], [ 92.16425085700007, 22.103856293000149 ], [ 92.164375742000175, 22.103904303000036 ], [ 92.16450834800014, 22.103902545000039 ], [ 92.164601597000114, 22.103901311000129 ], [ 92.164680706000183, 22.103965726000013 ], [ 92.164758107000125, 22.103957928000113 ], [ 92.164858986000183, 22.103940788000102 ], [ 92.164960105000091, 22.103939448000176 ], [ 92.165077106000126, 22.103946929000188 ], [ 92.16514689600001, 22.103916656000081 ], [ 92.165208713000084, 22.103879716 ], [ 92.165254887000174, 22.103849757000091 ], [ 92.165340023000113, 22.103832827000133 ], [ 92.165433408000126, 22.103840618000163 ], [ 92.165574196000193, 22.10385906900018 ], [ 92.165714172000094, 22.103863986000135 ], [ 92.165862363000144, 22.103891367000188 ], [ 92.165979915000094, 22.10393495600016 ], [ 92.166081446000078, 22.103960699000083 ], [ 92.166175041000088, 22.103982032000147 ], [ 92.166230086000098, 22.104017421000151 ], [ 92.166300982000109, 22.104059372000165 ], [ 92.166395228000113, 22.104123590000142 ], [ 92.166473891000123, 22.104158664000181 ], [ 92.166521203000116, 22.10420318600012 ], [ 92.166552947000127, 22.104259201000048 ], [ 92.166561818000048, 22.104324548000079 ], [ 92.16655505000017, 22.104396877000113 ], [ 92.166555738000056, 22.104442016000178 ], [ 92.166556394000111, 22.104484901000092 ], [ 92.166542601000117, 22.10457312300008 ], [ 92.166504209000152, 22.104636839000023 ], [ 92.166482200000189, 22.104702599000177 ], [ 92.166490622000197, 22.104738606000012 ], [ 92.166552833000083, 22.104767128000105 ], [ 92.166686438000056, 22.104830821000121 ], [ 92.166788799000074, 22.104910732000064 ], [ 92.166836390000185, 22.104973307000023 ], [ 92.166938649000031, 22.10504644800011 ], [ 92.167064038000035, 22.105087676000153 ], [ 92.167149966000011, 22.10512265300008 ], [ 92.167291101000046, 22.105163672 ], [ 92.167400540000131, 22.105191567000134 ], [ 92.167501903000129, 22.105206024000154 ], [ 92.167564685000173, 22.10523228 ], [ 92.167635008, 22.105276496000101 ], [ 92.167744449000111, 22.105304389000025 ], [ 92.167830533000142, 22.105310019000171 ], [ 92.167924438000171, 22.105351665000057 ], [ 92.168002738000041, 22.10540254600005 ], [ 92.168050017000155, 22.105444808000186 ], [ 92.168152690000056, 22.105545033000055 ], [ 92.168231802000037, 22.105609447000063 ], [ 92.168303249000132, 22.10568750900012 ], [ 92.168366411000022, 22.105738591999966 ], [ 92.168475211000157, 22.105764237000074 ], [ 92.168615934000172, 22.105778171000168 ], [ 92.168755806000036, 22.105776314000082 ], [ 92.168888515000106, 22.105781324000134 ], [ 92.168990190000045, 22.105816092 ], [ 92.169115667000028, 22.105902465000156 ], [ 92.16930442600011, 22.1060083160001 ], [ 92.169461045000048, 22.106071701000133 ], [ 92.169909444000098, 22.106363726000041 ], [ 92.170436663000089, 22.106740486000092 ], [ 92.170773673000099, 22.106916601000023 ], [ 92.170916156000089, 22.107045640000138 ], [ 92.171027051000124, 22.107168323000053 ], [ 92.171099794000156, 22.107370527000114 ], [ 92.171134598000037, 22.107586778000154 ], [ 92.171160512000199, 22.107776059000059 ], [ 92.171209065000085, 22.108375894000062 ], [ 92.171228558000166, 22.108660072000134 ], [ 92.171231873000181, 22.10887674200012 ], [ 92.171161797000082, 22.10936302600004 ], [ 92.171134666000057, 22.109647823000046 ], [ 92.171176686000138, 22.109821086000068 ], [ 92.171216753000181, 22.10990633800003 ], [ 92.171288998000193, 22.11003630700003 ], [ 92.171321229000114, 22.110123918999989 ], [ 92.171322439000051, 22.110202912999966 ], [ 92.171292664000134, 22.110275546000025 ], [ 92.171262730000137, 22.110377532000143 ], [ 92.171217867000053, 22.110493256000098 ], [ 92.171203922000075, 22.110610830000041 ], [ 92.171291011999983, 22.110681909000164 ], [ 92.171376601000077, 22.11069431500016 ], [ 92.171485595000036, 22.110692868000115 ], [ 92.171570975000179, 22.110691729999985 ], [ 92.171673000000169, 22.110749066000153 ], [ 92.171805852000148, 22.110763103000124 ], [ 92.171906527000033, 22.110732416000189 ], [ 92.172015075000161, 22.110701625000047 ], [ 92.172108534000131, 22.110713926000074 ], [ 92.172164032000126, 22.110778655 ], [ 92.17221977500003, 22.110859180000034 ], [ 92.172298548000072, 22.1109010240001 ], [ 92.172376262000114, 22.110913534000076 ], [ 92.172454480000169, 22.110919266 ], [ 92.172524116000091, 22.110918339000023 ], [ 92.172579305000113, 22.11096275400007 ], [ 92.172628093000071, 22.111063690000037 ], [ 92.172668162000093, 22.111148939000088 ], [ 92.172738353000113, 22.111184124999966 ], [ 92.172832003000053, 22.111169334000067 ], [ 92.172901983000145, 22.111190975 ], [ 92.172965461000103, 22.111262370000134 ], [ 92.172982069000057, 22.111318585000106 ], [ 92.17292826400012, 22.111364450000053 ], [ 92.172874526000101, 22.11141482700009 ], [ 92.172875634000036, 22.111487050999983 ], [ 92.172876983000037, 22.111575074000086 ], [ 92.172886621000146, 22.111690075000126 ], [ 92.172918607000099, 22.111761887000171 ], [ 92.17294391900009, 22.111872165000079 ], [ 92.172961083000075, 22.111964494000176 ], [ 92.172993313000063, 22.112052104000099 ], [ 92.173064317000069, 22.112100822000059 ], [ 92.17311139200018, 22.112129542000162 ], [ 92.173158711000099, 22.112174063000168 ], [ 92.173276791000092, 22.112251499000024 ], [ 92.173346983000044, 22.112286683000093 ], [ 92.173379127000032, 22.112329147000025 ], [ 92.173380477000137, 22.112417169000025 ], [ 92.173373920000017, 22.112503040000149 ], [ 92.173359871, 22.112613841000154 ], [ 92.173315666000178, 22.112772449000147 ], [ 92.173301722000076, 22.11289002500007 ], [ 92.173303832000101, 22.113027698 ], [ 92.173313366000173, 22.11313592900018 ], [ 92.173314924000124, 22.113237493000042 ], [ 92.173316584000077, 22.113345828000035 ], [ 92.173328572000173, 22.113614303000134 ], [ 92.173338451, 22.113745104000031 ], [ 92.173356203000083, 22.113875799000141 ], [ 92.173406153000144, 22.114091847000054 ], [ 92.173408369000128, 22.114236295000126 ], [ 92.173394975000065, 22.114389979 ], [ 92.173368523000192, 22.114679283000157 ], [ 92.173331722000114, 22.114846821000185 ], [ 92.173279334000199, 22.114985224000179 ], [ 92.173209052000061, 22.115102191000176 ], [ 92.173134798000149, 22.115197089 ], [ 92.172958860000165, 22.115375511000025 ], [ 92.172866556000145, 22.115478325000026 ], [ 92.172759115000076, 22.115581340000119 ], [ 92.172646095000118, 22.115665842000169 ], [ 92.172620788000074, 22.11568476400015 ], [ 92.172528847000194, 22.115771771000141 ], [ 92.172436490999985, 22.115831695000111 ], [ 92.172296315000153, 22.115853876000074 ], [ 92.172202402000096, 22.115812234000032 ], [ 92.172124511000106, 22.11578844100012 ], [ 92.172092849000194, 22.115777573000059 ], [ 92.17195241100012, 22.115743323000117 ], [ 92.171835543000043, 22.115744878000157 ], [ 92.171761439000136, 22.115770695000037 ], [ 92.171605033000162, 22.11584050100015 ], [ 92.171496982000178, 22.115943522000066 ], [ 92.171416771, 22.116084549000107 ], [ 92.171435483000153, 22.116218618000062 ], [ 92.171516945000121, 22.116376683999988 ], [ 92.171629491000033, 22.116567070000144 ], [ 92.171783974000107, 22.116806561000146 ], [ 92.17182161400001, 22.116865814000164 ], [ 92.171896311000069, 22.116983403 ], [ 92.171884735, 22.11713706200004 ], [ 92.171804315000088, 22.117264551 ], [ 92.171736770000109, 22.117323014000135 ], [ 92.171669224000198, 22.117381476 ], [ 92.171493178000048, 22.117474116000039 ], [ 92.171356320000086, 22.117475937000108 ], [ 92.171273169000017, 22.117425121000167 ], [ 92.170845180000072, 22.11720281200013 ], [ 92.170736352000119, 22.117215546000125 ], [ 92.170654582999987, 22.11725501 ], [ 92.170519488000139, 22.117371936000097 ], [ 92.170480281000152, 22.117501132000143 ], [ 92.170482805000177, 22.117665891000172 ], [ 92.170579865000036, 22.117754900000023 ], [ 92.170690820000061, 22.117841463000161 ], [ 92.170761221000134, 22.117969200000118 ], [ 92.170818263000058, 22.118094857000131 ], [ 92.170860805000189, 22.118222967000065 ], [ 92.170878155000196, 22.118362066000145 ], [ 92.170892570000092, 22.118477637000012 ], [ 92.170853534000059, 22.118618115000118 ], [ 92.170759031000102, 22.118696126000088 ], [ 92.170513912, 22.118787427000086 ], [ 92.170322329000044, 22.118814804000124 ], [ 92.17007548000015, 22.118793254000138 ], [ 92.169801767000138, 22.118796893000138 ], [ 92.1695027680002, 22.118929542000046 ], [ 92.169367672000192, 22.119046467000032 ], [ 92.169137275000082, 22.119189490000053 ], [ 92.168933750000178, 22.1193073230001 ], [ 92.168393533000142, 22.11978630700014 ], [ 92.168231942000034, 22.119953247000069 ], [ 92.16807038800016, 22.120122443000071 ], [ 92.167936429000179, 22.120313847999967 ], [ 92.167856798000059, 22.120493242000066 ], [ 92.167886603000113, 22.120659898000042 ], [ 92.167943644000161, 22.120785557000033 ], [ 92.167946961000155, 22.12100222700019 ], [ 92.167894028000148, 22.121145150000189 ], [ 92.167851214000166, 22.121201909000035 ], [ 92.167826946000105, 22.121234081000182 ], [ 92.167746365000085, 22.121311905000027 ], [ 92.16762420900011, 22.121403824000083 ], [ 92.167461063000076, 22.121469198 ], [ 92.167257325000094, 22.121573490000117 ], [ 92.167163576000064, 22.121701150000035 ], [ 92.167110435000041, 22.121830530000068 ], [ 92.167112370000098, 22.121956923000141 ], [ 92.167126803000144, 22.122094574000073 ], [ 92.167160590000037, 22.122416801000156 ], [ 92.16720470600012, 22.122608097000182 ], [ 92.167220946000043, 22.122759129000087 ], [ 92.167304082000157, 22.122848322999971 ], [ 92.16748440300006, 22.122943398000132 ], [ 92.167499366000186, 22.123062444000027 ], [ 92.167431900000111, 22.123126549000119 ], [ 92.167351302000156, 22.123242750000031 ], [ 92.167147975000148, 22.123374124000065 ], [ 92.166904682000165, 22.123412676000044 ], [ 92.166723252000054, 22.123366218000115 ], [ 92.166556999000079, 22.123228462999975 ], [ 92.166512676000082, 22.123023624000041 ], [ 92.166496041000187, 22.122807131000116 ], [ 92.166261564000081, 22.122683825000081 ], [ 92.165931938000142, 22.122636279 ], [ 92.165698220000195, 22.122562628000082 ], [ 92.165544325000155, 22.122361500000125 ], [ 92.16533706600012, 22.122235575000104 ], [ 92.16509161100015, 22.122265920000018 ], [ 92.164942755000084, 22.122394311999983 ], [ 92.164876667000158, 22.122548695000091 ], [ 92.164797616999977, 22.122766459000161 ], [ 92.164637193000033, 22.12301013400014 ], [ 92.164528376000192, 22.123063498000135 ], [ 92.164378984000109, 22.123117399000023 ], [ 92.164254270000072, 22.123042302000158 ], [ 92.164156830000195, 22.122928464000154 ], [ 92.164032723000105, 22.122853355000075 ], [ 92.163772529000084, 22.122870348000106 ], [ 92.163555842, 22.122999641000092 ], [ 92.16342052900012, 22.123103019000098 ], [ 92.163367764999975, 22.123257224000156 ], [ 92.163302467999983, 22.123463518000165 ], [ 92.163292831000035, 22.123705192000102 ], [ 92.163255545000141, 22.123960778000082 ], [ 92.163353574000155, 22.124112985000181 ], [ 92.16349140300008, 22.124174366000034 ], [ 92.163642986000127, 22.124224278000042 ], [ 92.163741187000142, 22.12438776900018 ], [ 92.163729224000122, 22.124516602000085 ], [ 92.163662136000085, 22.124605533000079 ], [ 92.163592303000087, 22.12467210799997 ], [ 92.163554076000025, 22.124708552000186 ], [ 92.163515050000171, 22.124810653000168 ], [ 92.163545233000093, 22.125002135000045 ], [ 92.163756975000069, 22.125421471000095 ], [ 92.163829096000086, 22.125662061000071 ], [ 92.163823042000104, 22.125751022000088 ], [ 92.163817719000122, 22.125829263000071 ], [ 92.163723585000128, 22.125932097000032 ], [ 92.163588477000133, 22.126049016000024 ], [ 92.163370801000042, 22.126153489000103 ], [ 92.163227850000055, 22.126146536000135 ], [ 92.163151971000104, 22.126142844000185 ], [ 92.162961168000038, 22.126222126000187 ], [ 92.162867446000064, 22.1263520440001 ], [ 92.162788998000167, 22.126569798000162 ], [ 92.162723873000175, 22.12678737400006 ], [ 92.162683161000189, 22.126876673000027 ], [ 92.162633638999978, 22.126985297000147 ], [ 92.16244068900005, 22.127084596000088 ], [ 92.162277157000176, 22.127125142000068 ], [ 92.162044397000102, 22.127114681000023 ], [ 92.161922403000119, 22.127217881000036 ], [ 92.161856313000158, 22.127372263000041 ], [ 92.16179039400015, 22.12753793000013 ], [ 92.161806458000058, 22.127677678000168 ], [ 92.161890386000039, 22.127818788000127 ], [ 92.161892107000085, 22.127931636000028 ], [ 92.161867611000048, 22.128112556000076 ], [ 92.161801312000136, 22.128253396 ], [ 92.161667166000086, 22.128433513000061 ], [ 92.161518317000116, 22.128523525000048 ], [ 92.161313015000133, 22.128526242000191 ], [ 92.161093783000126, 22.128529148999974 ], [ 92.160861434000196, 22.128545769000141 ], [ 92.160698106000154, 22.128599852000093 ], [ 92.160644337000065, 22.12868860400016 ], [ 92.160591795000187, 22.128817975000118 ], [ 92.160511358000178, 22.128945458000089 ], [ 92.160500962000185, 22.129137480000168 ], [ 92.160490132000177, 22.129340791000175 ], [ 92.160508294000124, 22.129476492000151 ], [ 92.160520895000161, 22.129570645 ], [ 92.160620094000137, 22.129799590000061 ], [ 92.160730882000053, 22.129874876000031 ], [ 92.160897898000201, 22.130062291 ], [ 92.160861624, 22.13034495200003 ], [ 92.160822798000197, 22.130448043000115 ], [ 92.160808648000057, 22.130485615000055 ], [ 92.160728816000073, 22.130613088000018 ], [ 92.16074506700005, 22.130804758000068 ], [ 92.160883900000101, 22.130931592000081 ], [ 92.161057081000138, 22.131003081000074 ], [ 92.16109054900005, 22.131016897000109 ], [ 92.16133724600013, 22.13102717300012 ], [ 92.161569975000077, 22.131035379000082 ], [ 92.161707847000116, 22.131099017000167 ], [ 92.161845095000103, 22.131122031000132 ], [ 92.162022771000068, 22.13109484600011 ], [ 92.162255122000033, 22.131078222000156 ], [ 92.162501232000125, 22.13105012800014 ], [ 92.16270653700019, 22.131047406999983 ], [ 92.162994381000033, 22.131054879000089 ], [ 92.163172241000154, 22.131079608999983 ], [ 92.163365570000053, 22.131165086000067 ], [ 92.163531657000078, 22.131291559000147 ], [ 92.163738895000165, 22.131415229000027 ], [ 92.163890866000031, 22.131489964000082 ], [ 92.164029290000087, 22.131589713000096 ], [ 92.164085556000146, 22.13170409900016 ], [ 92.164142612000092, 22.131870392000167 ], [ 92.164187106000043, 22.132086517000175 ], [ 92.164148444000034, 22.132251823000161 ], [ 92.16409607200012, 22.132392477999986 ], [ 92.164125673000171, 22.132545593000145 ], [ 92.164101144000199, 22.132724256000074 ], [ 92.164158377000035, 22.132901835000155 ], [ 92.164230363000115, 22.133094252000149 ], [ 92.164357984000105, 22.133398080000063 ], [ 92.164441087000171, 22.133485019999966 ], [ 92.164566606000164, 22.133612029000119 ], [ 92.164816581000139, 22.133836714000097 ], [ 92.165120342000137, 22.134013278000168 ], [ 92.165396230000056, 22.134149579000166 ], [ 92.165507403000106, 22.134249687000079 ], [ 92.165550932000087, 22.134402615000113 ], [ 92.165553659000182, 22.134580915000129 ], [ 92.165516167000135, 22.134822961000111 ], [ 92.165478125000163, 22.135028894000186 ], [ 92.165371819000086, 22.135247018000086 ], [ 92.165293164000047, 22.13545123200015 ], [ 92.165254121000089, 22.13559171300011 ], [ 92.165244091000147, 22.135846936000178 ], [ 92.165329390000011, 22.136037687000055 ], [ 92.165400177000095, 22.136190251000073 ], [ 92.165531582000085, 22.136266615000181 ], [ 92.165634088, 22.13627518800007 ], [ 92.165743539000118, 22.136262447000036 ], [ 92.165906666000183, 22.136194816 ], [ 92.166341818000149, 22.136010700000043 ], [ 92.166669715000182, 22.135943136000151 ], [ 92.166929155000162, 22.135914859000025 ], [ 92.167080928000189, 22.135976052000046 ], [ 92.16723306200015, 22.136100448000036 ], [ 92.167398778000177, 22.136202088000061 ], [ 92.167661142000043, 22.136325019000026 ], [ 92.167978216000165, 22.136460765999971 ], [ 92.168211958000143, 22.136534413000106 ], [ 92.168473925000058, 22.136670892000154 ], [ 92.168654161000063, 22.136810715000081 ], [ 92.168710226000144, 22.136911555000097 ], [ 92.168730021000101, 22.137062811000135 ], [ 92.168741782000097, 22.137152680000042 ], [ 92.168798849000098, 22.137318971000013 ], [ 92.168909820000181, 22.137405537000063 ], [ 92.169020031000116, 22.137442448000058 ], [ 92.169156700000144, 22.13742708500007 ], [ 92.16933398000009, 22.137413441000035 ], [ 92.169526143000098, 22.13742217500004 ], [ 92.169663434000142, 22.137447436000116 ], [ 92.169774406000101, 22.137533999000084 ], [ 92.16987186199998, 22.137647833000074 ], [ 92.169928514000048, 22.137787040000148 ], [ 92.170026351000104, 22.137925699000164 ], [ 92.170083439000166, 22.138053614000171 ], [ 92.170180895000101, 22.138167447000058 ], [ 92.170445216000189, 22.138457395999978 ], [ 92.170598930000097, 22.138644977000126 ], [ 92.17065622500013, 22.138786431000142 ], [ 92.170631479000065, 22.13898992999998 ], [ 92.170593029000088, 22.139168779000158 ], [ 92.17060969400012, 22.139346895000131 ], [ 92.170668337000109, 22.139576374 ], [ 92.170780470000011, 22.139778050000189 ], [ 92.170865572000139, 22.139955255000189 ], [ 92.170868307000092, 22.140133555000034 ], [ 92.17084340800011, 22.140287393000165 ], [ 92.170824490000143, 22.140362427000127 ], [ 92.170805756000163, 22.140436734000161 ], [ 92.170766920000176, 22.140672174000088 ], [ 92.170728261000079, 22.140837482000109 ], [ 92.170730615000082, 22.140990956 ], [ 92.170967759000177, 22.141048751000085 ], [ 92.171358219000126, 22.141070642000045 ], [ 92.171701785000153, 22.141115731000127 ], [ 92.171692891000134, 22.14124678100012 ], [ 92.171696805000067, 22.141501817000062 ], [ 92.171592875000044, 22.14183504600004 ], [ 92.17146537800005, 22.142448507000097 ], [ 92.171100373000115, 22.143652064000094 ], [ 92.171080144000143, 22.144110591000128 ], [ 92.171084853000082, 22.144417541000109 ], [ 92.171199346000037, 22.144772691000185 ], [ 92.171312885000134, 22.145026271 ], [ 92.17164685900002, 22.14535366500013 ], [ 92.17175979600006, 22.145607249000136 ], [ 92.171734515000196, 22.145736261000138 ], [ 92.171661288000109, 22.145894551000083 ], [ 92.171628385000133, 22.14596567600006 ], [ 92.17149582900015, 22.146249619000173 ], [ 92.171281853000039, 22.146557220000147 ], [ 92.17093000300008, 22.146841827000117 ], [ 92.170791450000081, 22.146861370000067 ], [ 92.17032912500008, 22.146926580000127 ], [ 92.169999477000147, 22.146881303000043 ], [ 92.169478394000123, 22.146836316000133 ], [ 92.169042836000131, 22.146995615000094 ], [ 92.168690029000174, 22.14717864500011 ], [ 92.16803756000013, 22.147494333000111 ], [ 92.167712161999987, 22.147726658000067 ], [ 92.167303471000196, 22.147860763999972 ], [ 92.167056386000127, 22.147787298000139 ], [ 92.166889286000128, 22.147636012000021 ], [ 92.166804789000139, 22.147458797000013 ], [ 92.166746942000088, 22.147281227000065 ], [ 92.166770518000078, 22.147000992000073 ], [ 92.166765438000198, 22.146669216000134 ], [ 92.166761915000166, 22.146439004000115 ], [ 92.16664993400002, 22.146286987000053 ], [ 92.166402659000084, 22.146240609000131 ], [ 92.165881581000178, 22.146195608000028 ], [ 92.165199124000083, 22.146333345000187 ], [ 92.164409349000039, 22.146623752000153 ], [ 92.164317012000083, 22.146660625000095 ], [ 92.163720391000197, 22.146898874000158 ], [ 92.163619949000065, 22.146938982999984 ], [ 92.163293632000148, 22.147071987000174 ], [ 92.163104960000169, 22.147252825000066 ], [ 92.16299884700004, 22.147484494000139 ], [ 92.162864689000116, 22.147664610999982 ], [ 92.162868963000108, 22.147944477000067 ], [ 92.162955423000142, 22.14825034200004 ], [ 92.163014440000154, 22.148504648000142 ], [ 92.163077509000118, 22.149063659000149 ], [ 92.163310059000196, 22.1499296880001 ], [ 92.163454746000184, 22.15043794900015 ], [ 92.163530922000064, 22.150810456000158 ], [ 92.163543141000105, 22.150870207000025 ], [ 92.163602921000063, 22.151174168000068 ], [ 92.163606061000166, 22.151379553000083 ], [ 92.163474245000089, 22.151713145000144 ], [ 92.163258877000032, 22.151971093000157 ], [ 92.162905635000129, 22.152127029000098 ], [ 92.162796417000152, 22.15215556600009 ], [ 92.162579494000056, 22.152311951000115 ], [ 92.16230802400014, 22.152466798000034 ], [ 92.161980141000129, 22.152498237000088 ], [ 92.161872057000039, 22.15260125400016 ], [ 92.161821060000193, 22.152832190000083 ], [ 92.161877128000185, 22.152933032000078 ], [ 92.161959884000112, 22.152956767000035 ], [ 92.162153257000057, 22.153082875000166 ], [ 92.162403269000151, 22.153307561000076 ], [ 92.162516420000145, 22.153536318000079 ], [ 92.162659146000067, 22.153915934000054 ], [ 92.162801526000123, 22.154272979000041 ], [ 92.162943490000146, 22.154602938000039 ], [ 92.163019303000112, 22.154893739000045 ], [ 92.163088942000115, 22.155160853000098 ], [ 92.162984000000108, 22.155469256000174 ], [ 92.162924999000154, 22.155559637000067 ], [ 92.162850209000169, 22.15567420300016 ], [ 92.162716836000072, 22.155906231000131 ], [ 92.162611856000069, 22.156212378000191 ], [ 92.162533790000168, 22.156495595000081 ], [ 92.162510813000154, 22.156775819000188 ], [ 92.162514712000188, 22.15703086000002 ], [ 92.16265291100018, 22.157238803000098 ], [ 92.162682763000134, 22.157283721000113 ], [ 92.162960076000104, 22.157510299000023 ], [ 92.163266013000111, 22.157786161999979 ], [ 92.163571758999979, 22.158089116000042 ], [ 92.163712557999986, 22.158342337000079 ], [ 92.163770975000148, 22.158596653000188 ], [ 92.163774462000163, 22.158824608000145 ], [ 92.163723469000104, 22.159055544000068 ], [ 92.163644991000183, 22.159311675000026 ], [ 92.163485908999974, 22.159645631000103 ], [ 92.163352912999983, 22.159902487000068 ], [ 92.163057690000187, 22.160287912000058 ], [ 92.162815465000108, 22.16057330600006 ], [ 92.162682052000036, 22.160803078000072 ], [ 92.16268439800001, 22.160956553000062 ], [ 92.162687918000131, 22.161186765000082 ], [ 92.162690267000073, 22.161340238999969 ], [ 92.162693752000109, 22.161568195000029 ], [ 92.162642757000071, 22.16179913000002 ], [ 92.162455803000057, 22.162133453000081 ], [ 92.162369919000014, 22.162301643000148 ], [ 92.162349304000031, 22.162340295000149 ], [ 92.16216061300014, 22.16252113500019 ], [ 92.161861103000035, 22.162626692000117 ], [ 92.161561594000034, 22.162732250000147 ], [ 92.161443823000127, 22.162785522000092 ], [ 92.161098869, 22.162941556000078 ], [ 92.160476899000059, 22.163435152000034 ], [ 92.159903245000066, 22.16379226700019 ], [ 92.15947280000006, 22.164060228000096 ], [ 92.159297997000067, 22.164161392000096 ], [ 92.159209949000058, 22.164212347000159 ], [ 92.159172046000037, 22.164234282000109 ], [ 92.159065607000173, 22.164295881000101 ], [ 92.158885094000084, 22.164496927000073 ], [ 92.158742727000117, 22.164656834000027 ], [ 92.158581474000187, 22.164889228999982 ], [ 92.158420824000018, 22.165121616000135 ], [ 92.158259760000021, 22.165326919000165 ], [ 92.158042433999981, 22.165458472000125 ], [ 92.157689567000034, 22.165641482000183 ], [ 92.157624313000156, 22.165703463000057 ], [ 92.157554594000146, 22.16576968600009 ], [ 92.157557315000076, 22.165947988000141 ], [ 92.157561999000109, 22.166254938000122 ], [ 92.157539008000072, 22.166535165000141 ], [ 92.157576777000088, 22.167223186000115 ], [ 92.15769110500014, 22.16752868400016 ], [ 92.157753031000141, 22.168013213000052 ], [ 92.157737786000041, 22.16812352900007 ], [ 92.157654272000059, 22.168727874000069 ], [ 92.157658542000036, 22.169007739000051 ], [ 92.157716804000074, 22.169212395000102 ], [ 92.158048621000091, 22.169436003000158 ], [ 92.158380094000051, 22.169637039000065 ], [ 92.158710589000123, 22.169734245000143 ], [ 92.159095227000137, 22.169805902000121 ], [ 92.159371387000078, 22.169955750000099 ], [ 92.159486368000103, 22.170031024000082 ], [ 92.159675567000193, 22.170154887000137 ], [ 92.159898157000157, 22.17040702700001 ], [ 92.160038395000015, 22.170583504000149 ], [ 92.160096054000121, 22.170788168000058 ], [ 92.160248539000179, 22.171039540000038 ], [ 92.160264503000064, 22.171065857000031 ], [ 92.160517686000162, 22.171495928000127 ], [ 92.160686928000132, 22.171825527000181 ], [ 92.160938940000051, 22.172178861000077 ], [ 92.161272735000182, 22.172531107000111 ], [ 92.161578737000127, 22.172809227000187 ], [ 92.161800162000077, 22.172984628000052 ], [ 92.162214797000161, 22.173234214999979 ], [ 92.162494074999984, 22.173587183000052 ], [ 92.162772976000099, 22.17391532400012 ], [ 92.163077964000081, 22.174166365000019 ], [ 92.163382387000127, 22.174340660000155 ], [ 92.16365894200004, 22.174515324000026 ], [ 92.163992750000091, 22.174867564000067 ], [ 92.164215957000181, 22.17511969100002 ], [ 92.164442883000106, 22.175653944000089 ], [ 92.164374013000099, 22.176000829000145 ], [ 92.164366939000047, 22.176036460000148 ], [ 92.16430082, 22.176150211000049 ], [ 92.164243213000134, 22.176187095000103 ], [ 92.164189846000056, 22.176302933000045 ], [ 92.164109996000036, 22.176430410000023 ], [ 92.164057237000179, 22.176546239000118 ], [ 92.163937953000072, 22.176789369000176 ], [ 92.163847523000072, 22.177135958000179 ], [ 92.163782762000153, 22.177378364000162 ], [ 92.163771352000083, 22.177543308000111 ], [ 92.163777610000068, 22.177951821000079 ], [ 92.16368264800019, 22.178002746000118 ], [ 92.16353240300009, 22.178004741 ], [ 92.163450238000166, 22.177981000000102 ], [ 92.16329859300015, 22.177931092000051 ], [ 92.163217604000067, 22.177984089000063 ], [ 92.163164426000151, 22.178072836000069 ], [ 92.163152079000099, 22.178176843000017 ], [ 92.163222094000105, 22.17827749700001 ], [ 92.163291898000182, 22.178364610000017 ], [ 92.163415675000067, 22.178414885 ], [ 92.16349805100009, 22.178452169000082 ], [ 92.163554147000127, 22.178514633000077 ], [ 92.16359608700003, 22.178602114000171 ], [ 92.163625320000051, 22.17873040000012 ], [ 92.163669419000087, 22.178919439000026 ], [ 92.163562926000054, 22.179087905000131 ], [ 92.163454620000152, 22.179177381000045 ], [ 92.163332812000192, 22.17925575300012 ], [ 92.163209621000078, 22.179243844000155 ], [ 92.163032094000187, 22.179284577000033 ], [ 92.162910113000123, 22.179351663999967 ], [ 92.162788856000134, 22.179466145000163 ], [ 92.162762770000143, 22.179543244000058 ], [ 92.162764152000079, 22.17963352300012 ], [ 92.162767055000188, 22.179823110000086 ], [ 92.162769402000151, 22.17997658400003 ], [ 92.162744075000091, 22.180103337000105 ], [ 92.162731903000122, 22.180218628000148 ], [ 92.162816058000089, 22.180332638000152 ], [ 92.162844986000152, 22.180440869000165 ], [ 92.16284684600015, 22.180562487000088 ], [ 92.162849368000195, 22.180727248000096 ], [ 92.162892708000015, 22.180866632000118 ], [ 92.16296114700009, 22.180904100000191 ], [ 92.163070803000096, 22.180902644000071 ], [ 92.163289717000112, 22.18091328100013 ], [ 92.163439760000188, 22.180897744 ], [ 92.163616491000141, 22.180805098000178 ], [ 92.163765978000185, 22.180753451000044 ], [ 92.16388913600008, 22.180763100999968 ], [ 92.16400017300009, 22.180851921000055 ], [ 92.16408389999998, 22.180977225000106 ], [ 92.164194920000114, 22.181104425000171 ], [ 92.164306511000063, 22.18122935800011 ], [ 92.164432228000067, 22.181406024000125 ], [ 92.164502659000107, 22.181533761000139 ], [ 92.164532239000039, 22.18168461700003 ], [ 92.16456612200011, 22.18175761800012 ], [ 92.164603050000153, 22.181837180000116 ], [ 92.164672101000065, 22.181874639000114 ], [ 92.164725827000098, 22.181822005000186 ], [ 92.16477900700005, 22.181733257000133 ], [ 92.164793166000095, 22.181654161000154 ], [ 92.164804120999975, 22.181592964000174 ], [ 92.164980682000134, 22.181489031000183 ], [ 92.165099040000143, 22.18146178600017 ], [ 92.165157605000104, 22.181448304000071 ], [ 92.165204928000037, 22.181466533000105 ], [ 92.165253914000175, 22.181485401000032 ], [ 92.165269580000029, 22.18159806400007 ], [ 92.165257997000083, 22.181751721000069 ], [ 92.165191683000103, 22.181892565000169 ], [ 92.165153063000105, 22.182021751000036 ], [ 92.165168120000033, 22.182134424000026 ], [ 92.16518343700011, 22.182224518 ], [ 92.165212049000161, 22.18231217500005 ], [ 92.165186934000133, 22.182452471000147 ], [ 92.165189112000121, 22.182594660000063 ], [ 92.165258714000061, 22.182668230000161 ], [ 92.165300482000134, 22.182744427000159 ], [ 92.165385023999988, 22.182883264000168 ], [ 92.165454053000133, 22.182959099000129 ], [ 92.165468954, 22.183022109000035 ], [ 92.165415987000188, 22.183124397000142 ], [ 92.165349117000176, 22.183229128 ], [ 92.165227859000083, 22.183343612000044 ], [ 92.165133140000137, 22.183410338000101 ], [ 92.164915570000062, 22.183487722000109 ], [ 92.164752561000171, 22.183566644000052 ], [ 92.164520126000014, 22.183583278000185 ], [ 92.164342611000166, 22.183585637000078 ], [ 92.164219624000054, 22.183587272000125 ], [ 92.164179602000104, 22.183664555000064 ], [ 92.164194508000094, 22.183727566000016 ], [ 92.164264903000173, 22.183853045000035 ], [ 92.164403192000123, 22.183979881000027 ], [ 92.16459539900012, 22.184026991000053 ], [ 92.164828459000034, 22.184050982000144 ], [ 92.165143067000145, 22.184058088000029 ], [ 92.165376129000094, 22.184082077000141 ], [ 92.165404743000124, 22.184169736 ], [ 92.165350784, 22.184247207000112 ], [ 92.165228974000058, 22.184325579000017 ], [ 92.164984349000179, 22.184416870000064 ], [ 92.164860774000147, 22.184380137000119 ], [ 92.164709934000086, 22.184343767000144 ], [ 92.164532230000134, 22.184373218000189 ], [ 92.164369827000144, 22.184452130000125 ], [ 92.164180521000105, 22.184594606000189 ], [ 92.164099681000152, 22.184697263000089 ], [ 92.164006861000132, 22.184888123000064 ], [ 92.163968412000031, 22.185028592000037 ], [ 92.163943274000076, 22.185207266000077 ], [ 92.163959771000123, 22.1853740950001 ], [ 92.164015852000034, 22.185474936 ], [ 92.16411292700019, 22.185561684000106 ], [ 92.16426591100003, 22.185737988000085 ], [ 92.164267293000194, 22.185828268000137 ], [ 92.164144686000043, 22.185854729000084 ], [ 92.163993843000128, 22.185818358000176 ], [ 92.16388382100007, 22.185756611000159 ], [ 92.163718287000052, 22.185670770000058 ], [ 92.163513075000139, 22.185684784000159 ], [ 92.163281825000183, 22.185739776999981 ], [ 92.163159427000153, 22.185779780000189 ], [ 92.163064876000078, 22.185857788000078 ], [ 92.162970497000174, 22.185947081999984 ], [ 92.162848684000096, 22.186025454000116 ], [ 92.162658582, 22.186116017000018 ], [ 92.162522071000183, 22.18614492 ], [ 92.162371404000055, 22.186119830999985 ], [ 92.162329033000049, 22.186043642000186 ], [ 92.162327097000059, 22.185917249000113 ], [ 92.162379859000168, 22.185801420000018 ], [ 92.162378515000057, 22.185713397000143 ], [ 92.16230925800005, 22.185662397000158 ], [ 92.162186269000131, 22.185664030000055 ], [ 92.16213215800019, 22.185691838000025 ], [ 92.162079563000191, 22.185818953000137 ], [ 92.161985772000151, 22.185946615000034 ], [ 92.161933215000147, 22.186075985000116 ], [ 92.161907108000037, 22.186191462000124 ], [ 92.161909838000042, 22.186369761000094 ], [ 92.161912946000143, 22.186572889 ], [ 92.16190251900008, 22.186762653000073 ], [ 92.161891519000051, 22.186954679000166 ], [ 92.161963301000128, 22.187170440000159 ], [ 92.162004706000118, 22.187183436000169 ], [ 92.162169066000047, 22.187192542000048 ], [ 92.162319149000098, 22.187179261000097 ], [ 92.162496665000049, 22.187176904000125 ], [ 92.162688290000176, 22.187185647000092 ], [ 92.162729904000059, 22.187212182000053 ], [ 92.162731632000032, 22.187325031000057 ], [ 92.16267983500012, 22.187504055000147 ], [ 92.162626084000181, 22.187595066000085 ], [ 92.162435218000041, 22.187635979000049 ], [ 92.162311052000064, 22.187560874000098 ], [ 92.162214360000064, 22.187498950000133 ], [ 92.162090953000018, 22.187473500000181 ], [ 92.161927352000077, 22.187514047000093 ], [ 92.161778479000134, 22.187606321999965 ], [ 92.16162919300001, 22.187671512000065 ], [ 92.161485348000099, 22.18774031300012 ], [ 92.161357881000129, 22.187801530000115 ], [ 92.161303748000194, 22.187867714000106 ], [ 92.161251362000144, 22.188008370000034 ], [ 92.161199355000178, 22.188173853000137 ], [ 92.161107150000078, 22.188405335000084 ], [ 92.161027067000134, 22.188557646000163 ], [ 92.160948003000158, 22.18873703200012 ], [ 92.160840483000129, 22.188878420000094 ], [ 92.160746307000181, 22.188981256000034 ], [ 92.160529938000138, 22.18913763200004 ], [ 92.160546393000118, 22.18930220600015 ], [ 92.160575831000074, 22.189444034000132 ], [ 92.160592081000175, 22.189595066000038 ], [ 92.160581080999975, 22.189787095000042 ], [ 92.160528107000061, 22.189889381000114 ], [ 92.160365088000162, 22.189968298 ], [ 92.16009242400014, 22.190010291000192 ], [ 92.159955497000112, 22.190012106999973 ], [ 92.159819914000138, 22.190101946000027 ], [ 92.159767146000036, 22.190217776000054 ], [ 92.159742231000052, 22.190371611000046 ], [ 92.159730814000056, 22.190536556000154 ], [ 92.159720006000043, 22.190701492000073 ], [ 92.159643473000017, 22.191086270000142 ], [ 92.159701511000037, 22.191275126000107 ], [ 92.159798791000128, 22.191375420999975 ], [ 92.159909026000093, 22.191450710000083 ], [ 92.15999318300004, 22.191564723 ], [ 92.16000827400012, 22.191679652 ], [ 92.159981977000143, 22.191743209000037 ], [ 92.159914099000048, 22.191782486000022 ], [ 92.159778362000111, 22.191822663000039 ], [ 92.159669282000152, 22.191862487000151 ], [ 92.159519405000083, 22.191889305000075 ], [ 92.159381715000052, 22.191841469 ], [ 92.15932580600014, 22.191751914000122 ], [ 92.159296778000055, 22.19163716900016 ], [ 92.159267584000133, 22.191511140000102 ], [ 92.159170679000169, 22.191435673000171 ], [ 92.159061395000037, 22.191461952000111 ], [ 92.158939782000175, 22.191553863000024 ], [ 92.158913688000155, 22.191630960999987 ], [ 92.158914863000177, 22.191707699000119 ], [ 92.158958377000033, 22.191858369000158 ], [ 92.158891462000099, 22.191960842000015 ], [ 92.158741185000167, 22.192001211000104 ], [ 92.158604102000083, 22.191953366000121 ], [ 92.158412054000053, 22.191917535000073 ], [ 92.158312730000148, 22.191953163 ], [ 92.15830453000018, 22.192058923000047 ], [ 92.158305703, 22.19213565900003 ], [ 92.158280368000135, 22.192262411 ], [ 92.158131488000095, 22.19235468100004 ], [ 92.158022790000132, 22.192419331000053 ], [ 92.157970193000153, 22.192546444000186 ], [ 92.157876599000019, 22.192687647000014 ], [ 92.157782250000139, 22.192779193000149 ], [ 92.15766101100013, 22.192895930000134 ], [ 92.157524841000054, 22.192947400000094 ], [ 92.157388514000047, 22.192949206000094 ], [ 92.157292024000071, 22.192900819999977 ], [ 92.15722238799998, 22.192824990000133 ], [ 92.157180016000041, 22.192748799000128 ], [ 92.157123346000162, 22.192609588000039 ], [ 92.157079423000141, 22.192431834000104 ], [ 92.157064337000179, 22.192316903000062 ], [ 92.156967812000062, 22.192266261000157 ], [ 92.156899346000102, 22.192267169000047 ], [ 92.156790679000096, 22.192334073000097 ], [ 92.156682587000034, 22.192398714000035 ], [ 92.156628816000079, 22.192449089000036 ], [ 92.156506798000123, 22.192554548000146 ], [ 92.156453820000195, 22.192656834000047 ], [ 92.156414930000153, 22.192808597000067 ], [ 92.156377059000135, 22.192987436000067 ], [ 92.156325460000062, 22.19318000200019 ], [ 92.156232655999986, 22.193373115000099 ], [ 92.156125507000127, 22.193539326000064 ], [ 92.15600502500007, 22.193705715000078 ], [ 92.155910675000086, 22.193797262000089 ], [ 92.15572017500017, 22.193862993000096 ], [ 92.155501449000155, 22.193865889000165 ], [ 92.155267994000098, 22.193817059000025 ], [ 92.154966918000071, 22.193784925000045 ], [ 92.154680101000054, 22.193813553000098 ], [ 92.154297176000114, 22.193818622000094 ], [ 92.154051565000088, 22.19384670300019 ], [ 92.153861064000068, 22.193912432000047 ], [ 92.153697867000176, 22.1939800560001 ], [ 92.153536394000184, 22.194081520000168 ], [ 92.153516124000134, 22.194063727000014 ], [ 92.152792567, 22.194025891000081 ], [ 92.1520697320002, 22.194035449000182 ] ] ] } }
]
}
